0	0	0	0	0	0
0	0	64	15	11	62
0	0	128	30	22	122
0	0	192	45	33	185
0	0	256	60	44	247
0	0	320	75	55	308
0	0	384	90	66	368
0	0	448	105	77	430
0	0	512	119	87	488
0	0	576	135	98	552
0	0	640	150	109	613
0	0	704	165	120	674
0	0	768	179	131	733
0	0	832	193	141	793
0	0	896	208	152	853
0	0	960	223	163	914
0	0	1023	237	173	973
0	64	0	32	62	19
0	64	64	35	64	64
0	64	128	43	66	123
0	64	192	54	69	185
0	64	256	67	75	247
0	64	320	80	81	308
0	64	384	94	88	369
0	64	448	108	96	430
0	64	512	122	104	488
0	64	576	137	114	552
0	64	640	152	123	613
0	64	704	166	133	673
0	64	768	181	142	733
0	64	832	196	152	793
0	64	896	210	162	853
0	64	960	224	172	914
0	64	1023	239	182	972
0	128	0	64	124	38
0	128	64	66	126	72
0	128	128	70	128	127
0	128	192	77	129	188
0	128	256	86	132	248
0	128	320	96	135	309
0	128	384	108	139	370
0	128	448	120	144	430
0	128	512	132	149	489
0	128	576	146	156	552
0	128	640	160	162	614
0	128	704	174	169	674
0	128	768	187	176	733
0	128	832	201	184	794
0	128	896	215	192	854
0	128	960	229	200	914
0	128	1023	243	209	973
0	192	0	97	188	58
0	192	64	99	191	83
0	192	128	101	192	133
0	192	192	106	193	192
0	192	256	112	194	251
0	192	320	120	197	311
0	192	384	129	200	372
0	192	448	139	203	432
0	192	512	150	206	491
0	192	576	162	210	554
0	192	640	174	215	615
0	192	704	187	220	675
0	192	768	199	225	734
0	192	832	212	231	795
0	192	896	225	237	854
0	192	960	239	243	915
0	192	1023	252	250	974
0	256	0	128	250	77
0	256	64	130	253	97
0	256	128	132	253	141
0	256	192	135	254	197
0	256	256	140	255	255
0	256	320	146	257	315
0	256	384	154	260	374
0	256	448	162	262	434
0	256	512	171	264	492
0	256	576	181	267	555
0	256	640	192	271	617
0	256	704	203	274	677
0	256	768	215	279	735
0	256	832	227	283	796
0	256	896	239	287	855
0	256	960	251	292	915
0	256	1023	264	298	974
0	320	0	160	312	96
0	320	64	162	316	112
0	320	128	164	317	152
0	320	192	167	317	204
0	320	256	171	319	261
0	320	320	175	320	319
0	320	384	181	321	377
0	320	448	188	323	437
0	320	512	196	325	495
0	320	576	205	328	557
0	320	640	214	330	618
0	320	704	224	333	678
0	320	768	234	336	737
0	320	832	245	340	797
0	320	896	256	343	857
0	320	960	268	347	917
0	320	1023	279	352	977
0	384	0	192	374	115
0	384	64	194	378	129
0	384	128	195	379	164
0	384	192	198	379	213
0	384	256	201	380	267
0	384	320	205	381	324
0	384	384	210	383	382
0	384	448	216	384	441
0	384	512	222	386	498
0	384	576	230	389	561
0	384	640	238	390	621
0	384	704	247	392	681
0	384	768	256	395	739
0	384	832	266	398	800
0	384	896	276	401	859
0	384	960	286	403	918
0	384	1023	297	407	977
0	448	0	223	435	134
0	448	64	225	438	146
0	448	128	227	440	177
0	448	192	229	441	223
0	448	256	231	442	275
0	448	320	235	443	330
0	448	384	239	444	388
0	448	448	244	445	445
0	448	512	250	446	502
0	448	576	257	449	564
0	448	640	264	450	624
0	448	704	271	452	684
0	448	768	280	454	742
0	448	832	288	456	801
0	448	896	297	458	861
0	448	960	307	461	921
0	448	1023	317	464	980
0	512	0	254	494	152
0	512	64	256	499	163
0	512	128	258	500	191
0	512	192	259	501	234
0	512	256	262	502	284
0	512	320	265	503	337
0	512	384	269	504	393
0	512	448	273	505	451
0	512	512	278	506	507
0	512	576	284	508	568
0	512	640	290	509	628
0	512	704	297	510	687
0	512	768	304	512	744
0	512	832	313	515	805
0	512	896	321	517	864
0	512	960	329	519	924
0	512	1023	338	521	982
0	576	0	288	561	172
0	576	64	290	566	182
0	576	128	292	567	207
0	576	192	293	567	247
0	576	256	295	569	295
0	576	320	298	570	347
0	576	384	301	570	401
0	576	448	305	571	457
0	576	512	309	572	512
0	576	576	315	574	573
0	576	640	320	574	632
0	576	704	326	576	691
0	576	768	333	577	748
0	576	832	340	580	808
0	576	896	348	581	867
0	576	960	356	583	927
0	576	1023	364	585	986
0	640	0	319	622	191
0	640	64	322	627	200
0	640	128	323	628	223
0	640	192	324	629	260
0	640	256	326	629	305
0	640	320	329	630	355
0	640	384	332	631	409
0	640	448	335	631	463
0	640	512	339	633	518
0	640	576	344	634	578
0	640	640	349	635	637
0	640	704	354	637	696
0	640	768	360	638	753
0	640	832	367	639	812
0	640	896	373	640	870
0	640	960	381	642	930
0	640	1023	389	644	988
0	704	0	350	683	210
0	704	64	354	689	218
0	704	128	355	690	239
0	704	192	356	690	274
0	704	256	357	691	316
0	704	320	360	692	365
0	704	384	363	693	417
0	704	448	366	694	471
0	704	512	369	695	525
0	704	576	374	697	585
0	704	640	378	697	643
0	704	704	383	698	701
0	704	768	388	699	757
0	704	832	395	701	817
0	704	896	401	701	875
0	704	960	408	703	934
0	704	1023	415	705	993
0	768	0	381	743	228
0	768	64	384	749	236
0	768	128	385	750	255
0	768	192	387	751	288
0	768	256	388	752	329
0	768	320	390	753	376
0	768	384	393	754	427
0	768	448	395	754	480
0	768	512	399	755	533
0	768	576	403	756	591
0	768	640	407	756	649
0	768	704	411	757	706
0	768	768	417	759	763
0	768	832	422	760	821
0	768	896	428	760	880
0	768	960	434	761	939
0	768	1023	441	763	997
0	832	0	411	802	246
0	832	64	415	808	254
0	832	128	416	809	272
0	832	192	417	810	302
0	832	256	418	811	341
0	832	320	420	811	386
0	832	384	423	813	436
0	832	448	425	813	488
0	832	512	428	814	540
0	832	576	432	815	598
0	832	640	436	815	654
0	832	704	440	816	711
0	832	768	444	817	767
0	832	832	450	819	826
0	832	896	455	819	884
0	832	960	461	820	943
0	832	1023	467	822	1001
0	896	0	443	863	265
0	896	64	446	869	272
0	896	128	447	870	289
0	896	192	448	871	317
0	896	256	449	871	354
0	896	320	451	872	398
0	896	384	454	874	446
0	896	448	456	874	496
0	896	512	459	875	548
0	896	576	463	876	605
0	896	640	466	876	661
0	896	704	469	877	718
0	896	768	474	878	773
0	896	832	479	879	831
0	896	896	483	879	889
0	896	960	489	880	947
0	896	1023	495	882	1005
0	960	0	473	922	283
0	960	64	477	929	290
0	960	128	477	930	305
0	960	192	479	931	332
0	960	256	480	932	368
0	960	320	481	932	409
0	960	384	484	933	456
0	960	448	486	934	506
0	960	512	488	934	556
0	960	576	492	936	612
0	960	640	495	936	668
0	960	704	499	936	724
0	960	768	503	937	779
0	960	832	507	939	837
0	960	896	511	938	893
0	960	960	516	939	951
0	960	1023	522	940	1009
0	1023	0	503	980	301
0	1023	64	507	988	307
0	1023	128	507	988	322
0	1023	192	508	989	348
0	1023	256	510	990	381
0	1023	320	511	991	422
0	1023	384	513	992	467
0	1023	448	516	993	516
0	1023	512	518	993	565
0	1023	576	521	994	620
0	1023	640	523	993	675
0	1023	704	527	994	731
0	1023	768	531	995	785
0	1023	832	535	995	842
0	1023	896	538	995	899
0	1023	960	543	995	957
0	1023	1023	548	996	1014
64	0	0	58	16	10
64	0	64	59	19	63
64	0	128	63	26	123
64	0	192	71	36	185
64	0	256	81	46	246
64	0	320	92	56	307
64	0	384	104	67	368
64	0	448	117	77	429
64	0	512	130	88	487
64	0	576	144	99	551
64	0	640	158	110	612
64	0	704	172	121	673
64	0	768	185	131	731
64	0	832	200	142	792
64	0	896	214	152	853
64	0	960	228	163	913
64	0	1023	242	174	973
64	64	0	64	64	21
64	64	64	65	65	65
64	64	128	69	67	124
64	64	192	76	71	185
64	64	256	85	76	246
64	64	320	96	82	307
64	64	384	107	89	368
64	64	448	120	97	429
64	64	512	132	105	487
64	64	576	146	114	551
64	64	640	160	123	612
64	64	704	174	133	673
64	64	768	187	142	731
64	64	832	201	152	792
64	64	896	215	162	852
64	64	960	229	172	913
64	64	1023	243	182	972
64	128	0	83	126	39
64	128	64	84	128	72
64	128	128	87	129	127
64	128	192	93	130	188
64	128	256	100	133	248
64	128	320	109	136	309
64	128	384	119	140	369
64	128	448	130	145	430
64	128	512	142	150	488
64	128	576	155	156	552
64	128	640	167	163	613
64	128	704	180	170	673
64	128	768	194	177	732
64	128	832	207	184	793
64	128	896	220	192	853
64	128	960	234	201	913
64	128	1023	248	209	972
64	192	0	109	190	59
64	192	64	111	192	83
64	192	128	113	192	133
64	192	192	117	194	192
64	192	256	123	195	251
64	192	320	130	198	311
64	192	384	139	201	371
64	192	448	148	204	431
64	192	512	158	207	489
64	192	576	169	211	553
64	192	640	181	216	614
64	192	704	193	221	675
64	192	768	205	226	733
64	192	832	217	232	794
64	192	896	230	237	853
64	192	960	243	244	913
64	192	1023	256	250	973
64	256	0	137	252	78
64	256	64	139	254	97
64	256	128	141	254	141
64	256	192	144	255	197
64	256	256	149	257	255
64	256	320	154	258	314
64	256	384	161	261	374
64	256	448	169	262	433
64	256	512	178	265	491
64	256	576	188	269	555
64	256	640	198	272	615
64	256	704	209	276	676
64	256	768	220	280	734
64	256	832	232	284	794
64	256	896	243	288	854
64	256	960	256	293	915
64	256	1023	268	299	974
64	320	0	167	314	97
64	320	64	169	317	113
64	320	128	171	318	152
64	320	192	173	318	204
64	320	256	177	319	260
64	320	320	182	321	318
64	320	384	188	323	377
64	320	448	194	325	437
64	320	512	202	326	494
64	320	576	211	329	557
64	320	640	220	332	617
64	320	704	229	334	677
64	320	768	239	338	736
64	320	832	250	342	796
64	320	896	260	345	856
64	320	960	272	349	916
64	320	1023	284	353	976
64	384	0	198	376	116
64	384	64	199	379	129
64	384	128	201	379	164
64	384	192	203	381	213
64	384	256	206	381	267
64	384	320	210	382	324
64	384	384	215	384	382
64	384	448	221	386	441
64	384	512	227	387	497
64	384	576	235	389	560
64	384	640	243	392	620
64	384	704	252	394	680
64	384	768	261	396	738
64	384	832	271	400	799
64	384	896	280	402	857
64	384	960	290	405	917
64	384	1023	301	409	977
64	448	0	228	437	134
64	448	64	230	440	146
64	448	128	231	441	177
64	448	192	233	442	223
64	448	256	236	443	275
64	448	320	239	444	330
64	448	384	244	445	387
64	448	448	248	446	445
64	448	512	254	448	501
64	448	576	261	450	563
64	448	640	268	451	623
64	448	704	276	453	683
64	448	768	284	455	741
64	448	832	293	458	801
64	448	896	302	460	860
64	448	960	311	463	920
64	448	1023	321	466	979
64	512	0	258	498	153
64	512	64	260	501	163
64	512	128	261	501	191
64	512	192	263	503	234
64	512	256	266	503	284
64	512	320	269	504	337
64	512	384	273	506	393
64	512	448	277	507	450
64	512	512	282	508	506
64	512	576	288	510	567
64	512	640	294	511	628
64	512	704	301	513	687
64	512	768	308	515	744
64	512	832	317	517	804
64	512	896	324	518	863
64	512	960	333	520	922
64	512	1023	342	523	981
64	576	0	292	564	173
64	576	64	294	568	183
64	576	128	295	569	208
64	576	192	297	569	247
64	576	256	299	570	294
64	576	320	302	571	346
64	576	384	305	572	400
64	576	448	309	573	457
64	576	512	313	574	512
64	576	576	319	576	573
64	576	640	324	577	632
64	576	704	330	578	690
64	576	768	337	579	748
64	576	832	344	582	808
64	576	896	351	583	867
64	576	960	359	585	926
64	576	1023	368	587	985
64	640	0	324	625	192
64	640	64	325	628	200
64	640	128	326	629	223
64	640	192	328	630	260
64	640	256	330	631	305
64	640	320	332	632	355
64	640	384	336	633	408
64	640	448	339	634	463
64	640	512	343	635	518
64	640	576	348	637	578
64	640	640	353	637	637
64	640	704	358	638	695
64	640	768	364	640	753
64	640	832	371	641	811
64	640	896	377	642	870
64	640	960	385	644	929
64	640	1023	392	646	988
64	704	0	355	687	211
64	704	64	357	691	219
64	704	128	358	691	239
64	704	192	359	692	274
64	704	256	361	693	317
64	704	320	363	694	365
64	704	384	366	696	417
64	704	448	369	696	471
64	704	512	372	696	524
64	704	576	377	698	584
64	704	640	382	699	642
64	704	704	387	700	700
64	704	768	392	701	757
64	704	832	398	703	816
64	704	896	404	703	874
64	704	960	411	704	933
64	704	1023	418	707	991
64	768	0	385	746	229
64	768	64	388	751	236
64	768	128	389	752	256
64	768	192	390	752	288
64	768	256	392	754	329
64	768	320	394	755	376
64	768	384	396	755	426
64	768	448	399	756	479
64	768	512	402	757	532
64	768	576	407	758	591
64	768	640	410	759	648
64	768	704	415	759	706
64	768	768	420	760	762
64	768	832	426	762	821
64	768	896	431	763	879
64	768	960	438	764	938
64	768	1023	444	766	997
64	832	0	416	806	247
64	832	64	418	810	254
64	832	128	419	811	272
64	832	192	420	812	302
64	832	256	421	812	341
64	832	320	423	813	386
64	832	384	426	815	436
64	832	448	428	815	487
64	832	512	432	816	539
64	832	576	435	818	597
64	832	640	439	818	654
64	832	704	443	818	711
64	832	768	448	819	767
64	832	832	453	821	825
64	832	896	458	822	883
64	832	960	464	823	942
64	832	1023	471	825	1000
64	896	0	447	867	266
64	896	64	449	871	272
64	896	128	450	872	289
64	896	192	451	873	317
64	896	256	453	873	354
64	896	320	454	874	398
64	896	384	457	875	445
64	896	448	459	876	496
64	896	512	462	876	547
64	896	576	465	878	604
64	896	640	469	879	661
64	896	704	473	879	717
64	896	768	477	880	772
64	896	832	482	882	831
64	896	896	486	881	887
64	896	960	492	882	946
64	896	1023	498	884	1003
64	960	0	477	927	284
64	960	64	480	931	290
64	960	128	480	932	306
64	960	192	482	933	333
64	960	256	483	933	368
64	960	320	485	934	409
64	960	384	487	936	456
64	960	448	489	935	505
64	960	512	491	936	555
64	960	576	495	937	611
64	960	640	498	937	667
64	960	704	502	939	723
64	960	768	506	940	778
64	960	832	510	941	835
64	960	896	515	941	892
64	960	960	519	941	950
64	960	1023	525	943	1008
64	1023	0	507	985	302
64	1023	64	510	990	308
64	1023	128	510	990	322
64	1023	192	511	991	348
64	1023	256	513	992	381
64	1023	320	514	993	422
64	1023	384	516	994	467
64	1023	448	518	994	515
64	1023	512	521	995	564
64	1023	576	524	996	620
64	1023	640	527	996	674
64	1023	704	530	996	729
64	1023	768	534	998	785
64	1023	832	538	998	841
64	1023	896	542	998	898
64	1023	960	546	999	956
64	1023	1023	552	999	1014
128	0	0	115	32	19
128	0	64	115	33	64
128	0	128	117	37	123
128	0	192	121	44	185
128	0	256	126	53	246
128	0	320	133	62	307
128	0	384	141	71	368
128	0	448	150	81	429
128	0	512	160	91	487
128	0	576	172	102	551
128	0	640	183	112	612
128	0	704	195	123	673
128	0	768	206	133	731
128	0	832	219	143	792
128	0	896	232	154	852
128	0	960	245	164	912
128	0	1023	258	175	971
128	64	0	117	69	26
128	64	64	118	70	66
128	64	128	120	72	124
128	64	192	124	75	186
128	64	256	129	80	246
128	64	320	135	86	307
128	64	384	144	92	368
128	64	448	152	100	429
128	64	512	162	108	488
128	64	576	174	117	551
128	64	640	185	126	612
128	64	704	196	135	673
128	64	768	208	144	732
128	64	832	221	154	792
128	64	896	233	163	852
128	64	960	246	173	912
128	64	1023	258	184	971
128	128	0	128	128	42
128	128	64	129	130	73
128	128	128	130	131	127
128	128	192	134	133	188
128	128	256	139	135	248
128	128	320	145	138	309
128	128	384	152	142	369
128	128	448	161	147	430
128	128	512	170	152	488
128	128	576	180	158	551
128	128	640	191	164	613
128	128	704	203	171	673
128	128	768	214	179	732
128	128	832	226	186	793
128	128	896	238	193	852
128	128	960	250	202	912
128	128	1023	263	210	972
128	192	0	145	192	60
128	192	64	146	194	85
128	192	128	148	194	134
128	192	192	151	195	192
128	192	256	155	197	251
128	192	320	161	199	311
128	192	384	167	202	371
128	192	448	174	205	431
128	192	512	183	208	489
128	192	576	193	213	553
128	192	640	203	217	614
128	192	704	213	222	674
128	192	768	224	227	733
128	192	832	235	233	793
128	192	896	247	238	853
128	192	960	259	245	913
128	192	1023	271	252	972
128	256	0	167	253	79
128	256	64	167	254	98
128	256	128	169	256	142
128	256	192	172	257	198
128	256	256	175	258	255
128	256	320	180	259	314
128	256	384	186	262	374
128	256	448	193	263	433
128	256	512	200	266	492
128	256	576	209	270	555
128	256	640	218	273	615
128	256	704	228	276	676
128	256	768	238	281	734
128	256	832	248	285	794
128	256	896	259	289	854
128	256	960	270	294	914
128	256	1023	282	300	974
128	320	0	191	316	98
128	320	64	193	318	113
128	320	128	194	318	152
128	320	192	196	319	205
128	320	256	199	320	260
128	320	320	204	322	318
128	320	384	209	324	377
128	320	448	215	325	437
128	320	512	221	327	494
128	320	576	230	330	557
128	320	640	237	333	618
128	320	704	246	335	677
128	320	768	255	338	735
128	320	832	265	342	796
128	320	896	275	346	856
128	320	960	285	349	915
128	320	1023	296	354	974
128	384	0	218	377	117
128	384	64	219	379	130
128	384	128	220	380	164
128	384	192	222	381	213
128	384	256	225	382	267
128	384	320	229	383	324
128	384	384	233	385	382
128	384	448	238	386	440
128	384	512	244	388	497
128	384	576	252	390	560
128	384	640	259	392	620
128	384	704	267	394	680
128	384	768	275	397	738
128	384	832	284	400	798
128	384	896	293	402	857
128	384	960	303	405	917
128	384	1023	313	410	976
128	448	0	245	438	135
128	448	64	247	441	147
128	448	128	248	442	178
128	448	192	250	442	223
128	448	256	252	443	275
128	448	320	255	444	330
128	448	384	260	446	387
128	448	448	264	447	445
128	448	512	269	448	501
128	448	576	276	451	563
128	448	640	282	452	623
128	448	704	289	453	682
128	448	768	297	456	740
128	448	832	305	459	801
128	448	896	314	461	860
128	448	960	323	464	920
128	448	1023	332	467	979
128	512	0	274	498	154
128	512	64	275	501	164
128	512	128	276	502	191
128	512	192	278	503	234
128	512	256	280	504	284
128	512	320	283	505	337
128	512	384	286	506	393
128	512	448	290	506	450
128	512	512	295	508	506
128	512	576	301	510	567
128	512	640	307	511	627
128	512	704	313	512	686
128	512	768	321	515	744
128	512	832	328	517	803
128	512	896	335	518	863
128	512	960	344	520	922
128	512	1023	353	523	981
128	576	0	305	565	174
128	576	64	307	568	183
128	576	128	308	568	208
128	576	192	310	570	247
128	576	256	311	570	294
128	576	320	314	571	346
128	576	384	318	573	401
128	576	448	321	573	457
128	576	512	325	574	511
128	576	576	331	576	572
128	576	640	336	577	632
128	576	704	341	578	690
128	576	768	348	580	748
128	576	832	355	582	807
128	576	896	361	583	866
128	576	960	369	584	925
128	576	1023	377	587	984
128	640	0	335	625	192
128	640	64	337	629	201
128	640	128	338	630	223
128	640	192	339	630	260
128	640	256	341	632	305
128	640	320	344	633	355
128	640	384	346	633	408
128	640	448	350	634	463
128	640	512	354	635	518
128	640	576	358	637	578
128	640	640	363	637	636
128	640	704	368	638	694
128	640	768	374	640	751
128	640	832	381	642	811
128	640	896	387	643	870
128	640	960	394	645	929
128	640	1023	401	647	988
128	704	0	366	688	211
128	704	64	367	691	219
128	704	128	368	692	240
128	704	192	369	693	274
128	704	256	371	693	317
128	704	320	374	695	365
128	704	384	376	696	417
128	704	448	379	695	471
128	704	512	382	697	524
128	704	576	387	699	584
128	704	640	391	699	642
128	704	704	396	700	700
128	704	768	402	702	757
128	704	832	407	702	815
128	704	896	413	703	874
128	704	960	419	705	933
128	704	1023	426	707	991
128	768	0	395	747	230
128	768	64	397	751	237
128	768	128	398	752	256
128	768	192	399	753	288
128	768	256	401	753	329
128	768	320	403	754	376
128	768	384	406	756	426
128	768	448	408	756	479
128	768	512	412	757	532
128	768	576	416	759	591
128	768	640	420	759	648
128	768	704	424	760	706
128	768	768	429	761	762
128	768	832	435	763	821
128	768	896	440	764	880
128	768	960	446	765	938
128	768	1023	452	767	997
128	832	0	425	807	248
128	832	64	427	811	254
128	832	128	427	811	272
128	832	192	429	813	303
128	832	256	430	813	341
128	832	320	432	814	386
128	832	384	435	815	436
128	832	448	437	816	488
128	832	512	440	816	539
128	832	576	444	818	597
128	832	640	448	818	654
128	832	704	452	819	711
128	832	768	456	820	767
128	832	832	462	822	826
128	832	896	466	821	882
128	832	960	471	822	941
128	832	1023	478	824	999
128	896	0	455	868	266
128	896	64	457	872	273
128	896	128	458	872	289
128	896	192	459	873	318
128	896	256	460	874	354
128	896	320	462	875	398
128	896	384	465	876	446
128	896	448	467	876	496
128	896	512	469	877	547
128	896	576	473	878	604
128	896	640	476	878	660
128	896	704	480	880	717
128	896	768	485	881	773
128	896	832	489	881	830
128	896	896	494	882	887
128	896	960	499	883	946
128	896	1023	505	884	1003
128	960	0	485	928	285
128	960	64	487	931	291
128	960	128	488	932	306
128	960	192	488	932	333
128	960	256	490	934	368
128	960	320	492	935	410
128	960	384	494	935	455
128	960	448	496	936	505
128	960	512	499	937	555
128	960	576	502	938	611
128	960	640	505	938	667
128	960	704	508	938	722
128	960	768	513	941	778
128	960	832	517	941	835
128	960	896	521	941	893
128	960	960	526	942	951
128	960	1023	532	944	1008
128	1023	0	514	985	303
128	1023	64	516	989	308
128	1023	128	517	990	322
128	1023	192	518	991	348
128	1023	256	520	992	382
128	1023	320	521	993	422
128	1023	384	523	994	466
128	1023	448	525	994	515
128	1023	512	528	995	564
128	1023	576	531	996	620
128	1023	640	533	996	674
128	1023	704	536	996	729
128	1023	768	540	997	784
128	1023	832	545	999	841
128	1023	896	548	998	898
128	1023	960	553	999	956
128	1023	1023	558	1000	1014
192	0	0	173	49	29
192	0	64	173	49	67
192	0	128	174	52	124
192	0	192	177	57	186
192	0	256	180	63	247
192	0	320	185	71	308
192	0	384	190	79	368
192	0	448	197	88	429
192	0	512	204	97	487
192	0	576	213	107	551
192	0	640	221	117	612
192	0	704	231	127	673
192	0	768	241	137	731
192	0	832	251	147	791
192	0	896	262	157	851
192	0	960	273	167	912
192	0	1023	284	178	972
192	64	0	175	77	34
192	64	64	175	78	69
192	64	128	176	79	125
192	64	192	179	82	187
192	64	256	182	87	247
192	64	320	187	92	308
192	64	384	192	98	369
192	64	448	198	105	429
192	64	512	206	112	487
192	64	576	214	121	551
192	64	640	223	130	612
192	64	704	232	139	673
192	64	768	242	148	732
192	64	832	253	157	792
192	64	896	263	167	851
192	64	960	274	176	912
192	64	1023	286	186	972
192	128	0	182	133	47
192	128	64	182	134	76
192	128	128	183	135	129
192	128	192	185	137	189
192	128	256	189	139	249
192	128	320	193	142	309
192	128	384	198	146	370
192	128	448	204	150	430
192	128	512	211	155	488
192	128	576	220	161	552
192	128	640	228	167	613
192	128	704	237	174	673
192	128	768	247	181	732
192	128	832	257	188	792
192	128	896	267	196	852
192	128	960	278	204	913
192	128	1023	289	212	972
192	192	0	193	194	64
192	192	64	194	196	86
192	192	128	195	197	135
192	192	192	197	197	192
192	192	256	200	199	252
192	192	320	205	202	312
192	192	384	209	204	371
192	192	448	215	207	431
192	192	512	222	210	489
192	192	576	230	215	553
192	192	640	238	219	614
192	192	704	246	224	674
192	192	768	255	229	732
192	192	832	265	235	793
192	192	896	275	240	853
192	192	960	286	247	913
192	192	1023	296	254	973
192	256	0	209	255	81
192	256	64	210	257	100
192	256	128	211	257	143
192	256	192	213	258	198
192	256	256	216	259	255
192	256	320	219	261	314
192	256	384	224	263	374
192	256	448	230	265	434
192	256	512	236	268	492
192	256	576	243	271	555
192	256	640	251	274	615
192	256	704	259	278	675
192	256	768	267	282	734
192	256	832	277	287	795
192	256	896	286	291	855
192	256	960	296	296	915
192	256	1023	307	301	974
192	320	0	229	317	100
192	320	64	230	320	115
192	320	128	231	320	153
192	320	192	233	321	205
192	320	256	235	322	261
192	320	320	239	323	319
192	320	384	243	325	377
192	320	448	248	326	436
192	320	512	253	329	494
192	320	576	260	331	557
192	320	640	267	334	617
192	320	704	275	337	678
192	320	768	283	340	736
192	320	832	291	343	795
192	320	896	300	346	855
192	320	960	310	350	915
192	320	1023	320	355	975
192	384	0	250	378	118
192	384	64	252	381	131
192	384	128	253	381	165
192	384	192	254	382	214
192	384	256	256	382	267
192	384	320	260	384	324
192	384	384	264	386	382
192	384	448	268	387	441
192	384	512	273	389	497
192	384	576	280	391	560
192	384	640	286	393	620
192	384	704	293	395	679
192	384	768	300	398	738
192	384	832	309	401	798
192	384	896	317	404	857
192	384	960	326	407	917
192	384	1023	335	410	977
192	448	0	274	439	136
192	448	64	276	442	148
192	448	128	276	442	178
192	448	192	278	443	224
192	448	256	280	444	275
192	448	320	283	445	330
192	448	384	287	447	387
192	448	448	291	448	445
192	448	512	295	449	501
192	448	576	301	451	563
192	448	640	307	453	623
192	448	704	314	455	683
192	448	768	320	457	741
192	448	832	328	459	800
192	448	896	335	461	859
192	448	960	344	464	919
192	448	1023	352	467	978
192	512	0	299	499	155
192	512	64	301	502	165
192	512	128	302	503	192
192	512	192	303	503	235
192	512	256	305	504	284
192	512	320	307	505	337
192	512	384	311	506	393
192	512	448	315	508	450
192	512	512	319	509	506
192	512	576	325	511	567
192	512	640	329	512	627
192	512	704	335	513	686
192	512	768	341	515	743
192	512	832	349	518	803
192	512	896	356	519	862
192	512	960	364	521	922
192	512	1023	372	524	981
192	576	0	329	566	175
192	576	64	330	569	184
192	576	128	331	569	208
192	576	192	332	570	248
192	576	256	334	571	295
192	576	320	336	572	346
192	576	384	339	573	401
192	576	448	342	574	456
192	576	512	346	575	512
192	576	576	352	577	572
192	576	640	356	577	631
192	576	704	361	578	690
192	576	768	368	581	748
192	576	832	374	582	806
192	576	896	380	584	866
192	576	960	387	585	925
192	576	1023	395	588	984
192	640	0	356	626	193
192	640	64	358	630	202
192	640	128	358	630	224
192	640	192	360	631	261
192	640	256	361	631	305
192	640	320	363	632	355
192	640	384	366	634	408
192	640	448	369	634	463
192	640	512	373	636	518
192	640	576	378	637	578
192	640	640	382	638	636
192	640	704	387	639	695
192	640	768	392	640	752
192	640	832	399	643	811
192	640	896	404	644	870
192	640	960	411	645	929
192	640	1023	418	647	987
192	704	0	384	688	212
192	704	64	386	691	219
192	704	128	387	692	240
192	704	192	388	692	274
192	704	256	390	694	317
192	704	320	392	695	365
192	704	384	394	695	417
192	704	448	397	696	471
192	704	512	400	697	524
192	704	576	405	699	584
192	704	640	408	699	642
192	704	704	413	700	699
192	704	768	418	701	756
192	704	832	424	703	815
192	704	896	429	704	874
192	704	960	435	705	933
192	704	1023	442	708	991
192	768	0	413	748	230
192	768	64	414	752	237
192	768	128	415	752	256
192	768	192	416	753	289
192	768	256	418	754	329
192	768	320	420	755	376
192	768	384	422	756	426
192	768	448	425	756	479
192	768	512	428	757	532
192	768	576	432	759	590
192	768	640	435	759	648
192	768	704	440	760	706
192	768	768	444	762	762
192	768	832	449	762	820
192	768	896	454	763	878
192	768	960	460	764	937
192	768	1023	466	766	996
192	832	0	441	807	249
192	832	64	442	810	255
192	832	128	443	812	273
192	832	192	444	812	303
192	832	256	445	813	341
192	832	320	447	814	386
192	832	384	450	815	435
192	832	448	452	815	487
192	832	512	455	816	539
192	832	576	459	818	597
192	832	640	462	817	653
192	832	704	465	818	710
192	832	768	471	820	767
192	832	832	475	821	825
192	832	896	480	822	882
192	832	960	485	823	941
192	832	1023	491	824	999
192	896	0	470	867	267
192	896	64	472	871	273
192	896	128	472	872	289
192	896	192	473	872	318
192	896	256	475	874	354
192	896	320	476	874	397
192	896	384	479	875	445
192	896	448	481	876	496
192	896	512	484	877	547
192	896	576	487	878	604
192	896	640	490	878	660
192	896	704	493	878	716
192	896	768	498	880	771
192	896	832	503	882	830
192	896	896	507	882	887
192	896	960	512	883	946
192	896	1023	518	885	1003
192	960	0	499	928	285
192	960	64	501	931	291
192	960	128	501	932	306
192	960	192	502	933	333
192	960	256	503	933	368
192	960	320	505	934	409
192	960	384	507	935	456
192	960	448	509	936	505
192	960	512	512	937	555
192	960	576	515	939	612
192	960	640	518	938	667
192	960	704	521	939	722
192	960	768	525	940	777
192	960	832	530	941	835
192	960	896	534	942	892
192	960	960	539	942	951
192	960	1023	544	944	1008
192	1023	0	527	986	303
192	1023	64	529	990	309
192	1023	128	530	991	323
192	1023	192	530	991	348
192	1023	256	532	992	382
192	1023	320	533	992	422
192	1023	384	535	993	466
192	1023	448	537	994	515
192	1023	512	540	995	564
192	1023	576	543	997	620
192	1023	640	546	996	674
192	1023	704	549	996	729
192	1023	768	552	997	784
192	1023	832	557	999	841
192	1023	896	560	999	898
192	1023	960	565	999	956
192	1023	1023	569	1000	1013
256	0	0	229	64	38
256	0	64	229	65	71
256	0	128	230	67	126
256	0	192	231	70	187
256	0	256	233	75	247
256	0	320	237	81	307
256	0	384	241	88	368
256	0	448	246	96	429
256	0	512	252	104	487
256	0	576	259	114	551
256	0	640	265	123	612
256	0	704	273	132	672
256	0	768	281	142	731
256	0	832	290	152	792
256	0	896	299	161	852
256	0	960	308	172	912
256	0	1023	318	182	971
256	64	0	230	87	41
256	64	64	230	88	73
256	64	128	231	89	127
256	64	192	232	92	188
256	64	256	235	95	248
256	64	320	238	100	308
256	64	384	243	106	368
256	64	448	248	112	429
256	64	512	253	119	487
256	64	576	260	127	551
256	64	640	267	135	612
256	64	704	274	144	672
256	64	768	282	152	731
256	64	832	291	161	792
256	64	896	300	171	852
256	64	960	310	180	912
256	64	1023	319	190	971
256	128	0	235	138	52
256	128	64	235	139	79
256	128	128	235	140	130
256	128	192	237	141	189
256	128	256	240	144	249
256	128	320	243	147	309
256	128	384	247	151	370
256	128	448	252	155	430
256	128	512	258	159	488
256	128	576	264	166	552
256	128	640	271	171	613
256	128	704	278	178	673
256	128	768	286	185	731
256	128	832	295	192	792
256	128	896	303	200	852
256	128	960	313	207	912
256	128	1023	322	215	971
256	192	0	244	198	68
256	192	64	244	199	89
256	192	128	244	199	136
256	192	192	246	201	193
256	192	256	249	202	252
256	192	320	252	205	312
256	192	384	256	207	372
256	192	448	260	210	431
256	192	512	265	213	489
256	192	576	272	218	552
256	192	640	279	222	613
256	192	704	286	227	674
256	192	768	294	232	733
256	192	832	302	237	793
256	192	896	310	243	852
256	192	960	319	249	913
256	192	1023	329	255	972
256	256	0	256	257	84
256	256	64	256	259	102
256	256	128	257	259	144
256	256	192	259	261	199
256	256	256	261	262	256
256	256	320	264	263	315
256	256	384	268	265	374
256	256	448	272	267	433
256	256	512	277	270	491
256	256	576	283	273	554
256	256	640	289	276	615
256	256	704	296	280	675
256	256	768	304	284	734
256	256	832	311	288	794
256	256	896	319	292	853
256	256	960	328	297	914
256	256	1023	338	303	973
256	320	0	272	319	102
256	320	64	272	321	117
256	320	128	273	322	155
256	320	192	274	322	206
256	320	256	276	323	261
256	320	320	279	324	319
256	320	384	283	326	377
256	320	448	287	328	436
256	320	512	292	330	494
256	320	576	298	333	557
256	320	640	304	335	617
256	320	704	310	338	677
256	320	768	317	341	735
256	320	832	325	345	796
256	320	896	333	348	855
256	320	960	341	352	916
256	320	1023	350	357	975
256	384	0	290	380	120
256	384	64	291	382	133
256	384	128	291	382	166
256	384	192	293	384	215
256	384	256	295	384	268
256	384	320	297	386	324
256	384	384	301	387	382
256	384	448	304	388	440
256	384	512	309	390	497
256	384	576	315	392	559
256	384	640	320	394	619
256	384	704	326	397	680
256	384	768	333	399	738
256	384	832	339	402	797
256	384	896	347	404	857
256	384	960	355	407	916
256	384	1023	363	411	976
256	448	0	310	440	138
256	448	64	311	443	149
256	448	128	312	444	179
256	448	192	313	444	224
256	448	256	315	445	275
256	448	320	317	446	330
256	448	384	320	447	387
256	448	448	324	449	445
256	448	512	328	450	501
256	448	576	334	452	563
256	448	640	338	453	623
256	448	704	344	455	682
256	448	768	350	457	740
256	448	832	357	460	800
256	448	896	364	462	859
256	448	960	371	465	919
256	448	1023	379	468	978
256	512	0	332	500	156
256	512	64	333	503	166
256	512	128	333	503	193
256	512	192	335	504	235
256	512	256	337	505	284
256	512	320	339	506	338
256	512	384	342	507	393
256	512	448	345	508	450
256	512	512	349	509	506
256	512	576	354	511	567
256	512	640	358	512	626
256	512	704	364	514	686
256	512	768	370	516	743
256	512	832	376	518	803
256	512	896	382	519	862
256	512	960	389	522	921
256	512	1023	397	525	981
256	576	0	358	566	176
256	576	64	359	570	185
256	576	128	360	570	209
256	576	192	361	571	248
256	576	256	363	571	295
256	576	320	365	572	346
256	576	384	368	574	401
256	576	448	371	574	457
256	576	512	375	576	512
256	576	576	379	578	572
256	576	640	383	578	631
256	576	704	388	579	690
256	576	768	393	581	747
256	576	832	400	584	807
256	576	896	405	585	866
256	576	960	412	587	925
256	576	1023	419	589	984
256	640	0	383	628	194
256	640	64	384	630	202
256	640	128	385	631	225
256	640	192	386	631	261
256	640	256	388	632	306
256	640	320	390	634	356
256	640	384	392	634	408
256	640	448	395	635	463
256	640	512	399	636	518
256	640	576	403	638	577
256	640	640	407	638	636
256	640	704	411	639	694
256	640	768	417	642	752
256	640	832	422	643	810
256	640	896	427	644	869
256	640	960	433	645	928
256	640	1023	440	648	987
256	704	0	410	689	213
256	704	64	411	692	221
256	704	128	411	692	241
256	704	192	413	694	275
256	704	256	414	694	317
256	704	320	416	695	366
256	704	384	419	696	417
256	704	448	421	697	471
256	704	512	424	698	524
256	704	576	428	699	584
256	704	640	432	699	642
256	704	704	436	701	700
256	704	768	441	702	757
256	704	832	446	703	815
256	704	896	451	704	873
256	704	960	456	705	932
256	704	1023	463	708	991
256	768	0	436	749	231
256	768	64	437	752	238
256	768	128	438	753	257
256	768	192	439	753	289
256	768	256	440	754	329
256	768	320	442	755	376
256	768	384	445	756	426
256	768	448	447	756	479
256	768	512	450	758	532
256	768	576	454	759	590
256	768	640	457	759	648
256	768	704	461	760	705
256	768	768	465	761	761
256	768	832	471	763	821
256	768	896	475	764	879
256	768	960	481	765	938
256	768	1023	487	767	996
256	832	0	462	808	249
256	832	64	464	812	256
256	832	128	464	811	273
256	832	192	465	813	303
256	832	256	466	813	342
256	832	320	468	814	386
256	832	384	471	815	435
256	832	448	473	816	487
256	832	512	476	817	539
256	832	576	479	818	597
256	832	640	482	818	654
256	832	704	486	819	711
256	832	768	490	820	766
256	832	832	495	822	825
256	832	896	500	822	883
256	832	960	504	822	940
256	832	1023	510	824	999
256	896	0	490	868	268
256	896	64	492	872	274
256	896	128	492	872	290
256	896	192	493	873	318
256	896	256	494	874	355
256	896	320	496	875	398
256	896	384	498	876	445
256	896	448	500	876	496
256	896	512	503	877	547
256	896	576	506	878	603
256	896	640	508	878	659
256	896	704	513	880	717
256	896	768	517	881	772
256	896	832	521	881	829
256	896	896	525	882	887
256	896	960	530	883	945
256	896	1023	535	885	1003
256	960	0	518	928	286
256	960	64	519	932	292
256	960	128	520	933	307
256	960	192	521	933	334
256	960	256	522	934	368
256	960	320	524	935	410
256	960	384	526	936	456
256	960	448	527	936	505
256	960	512	529	937	555
256	960	576	533	938	611
256	960	640	535	938	666
256	960	704	538	938	722
256	960	768	543	941	778
256	960	832	547	941	835
256	960	896	551	941	892
256	960	960	555	942	950
256	960	1023	560	944	1008
256	1023	0	545	987	304
256	1023	64	546	990	309
256	1023	128	547	991	323
256	1023	192	548	992	349
256	1023	256	549	992	382
256	1023	320	551	993	422
256	1023	384	553	995	467
256	1023	448	554	994	515
256	1023	512	557	995	564
256	1023	576	560	996	619
256	1023	640	562	996	674
256	1023	704	565	996	729
256	1023	768	569	999	784
256	1023	832	573	999	841
256	1023	896	576	998	898
256	1023	960	580	999	956
256	1023	1023	585	999	1013
320	0	0	284	80	47
320	0	64	283	80	75
320	0	128	284	81	128
320	0	192	285	84	188
320	0	256	287	88	248
320	0	320	290	93	308
320	0	384	294	99	369
320	0	448	297	106	429
320	0	512	302	113	487
320	0	576	307	122	551
320	0	640	313	130	612
320	0	704	319	139	672
320	0	768	326	148	732
320	0	832	333	157	792
320	0	896	340	167	852
320	0	960	348	176	912
320	0	1023	357	186	971
320	64	0	285	98	50
320	64	64	284	99	77
320	64	128	285	100	129
320	64	192	286	102	189
320	64	256	289	106	249
320	64	320	291	110	309
320	64	384	295	115	369
320	64	448	298	121	429
320	64	512	303	127	488
320	64	576	309	134	551
320	64	640	314	142	612
320	64	704	320	150	672
320	64	768	327	158	732
320	64	832	334	167	791
320	64	896	341	176	852
320	64	960	350	185	912
320	64	1023	358	195	971
320	128	0	288	145	59
320	128	64	288	146	83
320	128	128	289	147	132
320	128	192	290	148	191
320	128	256	292	150	250
320	128	320	295	153	310
320	128	384	298	157	370
320	128	448	302	161	430
320	128	512	306	165	488
320	128	576	312	171	552
320	128	640	317	177	613
320	128	704	323	183	673
320	128	768	330	189	731
320	128	832	337	196	792
320	128	896	344	204	852
320	128	960	353	212	912
320	128	1023	361	220	971
320	192	0	296	202	73
320	192	64	295	204	93
320	192	128	296	204	138
320	192	192	297	205	195
320	192	256	299	207	253
320	192	320	302	209	312
320	192	384	305	211	372
320	192	448	309	214	432
320	192	512	313	218	490
320	192	576	319	222	553
320	192	640	324	226	614
320	192	704	330	230	674
320	192	768	336	236	732
320	192	832	343	241	793
320	192	896	351	247	853
320	192	960	359	253	914
320	192	1023	367	259	972
320	256	0	306	260	88
320	256	64	306	262	105
320	256	128	306	263	146
320	256	192	307	264	200
320	256	256	309	265	257
320	256	320	312	266	315
320	256	384	315	269	375
320	256	448	318	271	434
320	256	512	323	273	492
320	256	576	328	277	555
320	256	640	333	279	616
320	256	704	338	283	675
320	256	768	345	287	734
320	256	832	352	292	794
320	256	896	359	296	854
320	256	960	366	300	914
320	256	1023	374	305	973
320	320	0	318	322	105
320	320	64	318	323	119
320	320	128	319	324	157
320	320	192	321	325	208
320	320	256	323	326	263
320	320	320	325	327	320
320	320	384	328	329	378
320	320	448	331	331	437
320	320	512	335	333	495
320	320	576	340	335	557
320	320	640	345	337	617
320	320	704	350	340	677
320	320	768	357	344	736
320	320	832	363	347	796
320	320	896	369	350	855
320	320	960	377	354	915
320	320	1023	385	359	975
320	384	0	334	382	123
320	384	64	334	384	135
320	384	128	335	385	168
320	384	192	336	386	216
320	384	256	337	386	269
320	384	320	340	387	325
320	384	384	343	389	382
320	384	448	346	390	441
320	384	512	350	392	498
320	384	576	355	395	560
320	384	640	359	396	620
320	384	704	364	398	680
320	384	768	370	401	738
320	384	832	377	404	798
320	384	896	383	407	858
320	384	960	390	410	917
320	384	1023	398	414	977
320	448	0	351	443	140
320	448	64	352	445	151
320	448	128	352	445	181
320	448	192	354	446	226
320	448	256	355	447	277
320	448	320	357	448	331
320	448	384	360	449	388
320	448	448	363	450	445
320	448	512	367	452	502
320	448	576	371	454	563
320	448	640	376	455	623
320	448	704	381	457	683
320	448	768	386	460	741
320	448	832	392	462	800
320	448	896	398	464	859
320	448	960	404	466	919
320	448	1023	412	470	978
320	512	0	370	502	158
320	512	64	371	505	168
320	512	128	372	505	195
320	512	192	372	506	236
320	512	256	374	506	285
320	512	320	376	507	338
320	512	384	379	509	394
320	512	448	382	510	450
320	512	512	385	511	506
320	512	576	390	513	568
320	512	640	394	514	627
320	512	704	398	515	686
320	512	768	403	517	744
320	512	832	409	520	804
320	512	896	415	522	863
320	512	960	421	524	922
320	512	1023	429	527	982
320	576	0	393	568	178
320	576	64	394	571	186
320	576	128	395	572	211
320	576	192	395	572	249
320	576	256	397	573	296
320	576	320	399	574	347
320	576	384	402	575	401
320	576	448	404	575	457
320	576	512	407	577	512
320	576	576	412	578	572
320	576	640	415	579	631
320	576	704	420	580	690
320	576	768	425	583	748
320	576	832	430	584	807
320	576	896	436	585	866
320	576	960	442	587	925
320	576	1023	448	590	984
320	640	0	416	629	196
320	640	64	417	632	204
320	640	128	417	632	226
320	640	192	419	633	262
320	640	256	420	633	306
320	640	320	422	634	356
320	640	384	425	636	409
320	640	448	427	636	464
320	640	512	430	637	518
320	640	576	434	639	578
320	640	640	437	640	637
320	640	704	442	641	695
320	640	768	446	642	752
320	640	832	452	645	811
320	640	896	456	645	869
320	640	960	462	646	928
320	640	1023	468	648	987
320	704	0	440	690	214
320	704	64	441	694	222
320	704	128	442	694	242
320	704	192	443	694	276
320	704	256	444	695	318
320	704	320	446	696	366
320	704	384	448	697	418
320	704	448	451	698	471
320	704	512	453	699	525
320	704	576	457	700	584
320	704	640	460	701	642
320	704	704	464	701	700
320	704	768	468	703	756
320	704	832	474	705	816
320	704	896	478	706	874
320	704	960	484	707	933
320	704	1023	489	709	991
320	768	0	465	750	233
320	768	64	466	754	240
320	768	128	466	754	258
320	768	192	467	755	290
320	768	256	469	755	330
320	768	320	470	756	377
320	768	384	473	757	427
320	768	448	474	757	479
320	768	512	477	759	532
320	768	576	481	760	591
320	768	640	484	760	648
320	768	704	488	762	706
320	768	768	492	763	762
320	768	832	496	764	820
320	768	896	501	764	878
320	768	960	506	765	937
320	768	1023	511	768	995
320	832	0	489	809	250
320	832	64	490	812	257
320	832	128	491	813	274
320	832	192	492	813	304
320	832	256	493	814	343
320	832	320	495	815	387
320	832	384	497	816	436
320	832	448	499	817	488
320	832	512	501	817	539
320	832	576	505	819	597
320	832	640	507	819	654
320	832	704	511	819	710
320	832	768	515	820	766
320	832	832	519	822	825
320	832	896	523	823	882
320	832	960	528	824	941
320	832	1023	534	826	999
320	896	0	515	869	269
320	896	64	517	873	275
320	896	128	517	874	291
320	896	192	518	874	319
320	896	256	519	874	355
320	896	320	520	875	398
320	896	384	523	877	446
320	896	448	525	877	496
320	896	512	527	878	547
320	896	576	531	880	604
320	896	640	533	880	660
320	896	704	536	880	716
320	896	768	540	881	772
320	896	832	544	883	830
320	896	896	548	883	887
320	896	960	552	884	946
320	896	1023	558	886	1003
320	960	0	541	929	287
320	960	64	543	933	293
320	960	128	543	933	308
320	960	192	544	934	334
320	960	256	545	934	369
320	960	320	546	935	410
320	960	384	548	936	456
320	960	448	550	937	506
320	960	512	552	937	555
320	960	576	556	939	611
320	960	640	558	939	667
320	960	704	561	940	723
320	960	768	565	941	778
320	960	832	569	943	836
320	960	896	572	941	892
320	960	960	576	942	950
320	960	1023	581	944	1007
320	1023	0	567	987	305
320	1023	64	569	991	310
320	1023	128	569	992	324
320	1023	192	570	992	349
320	1023	256	571	992	382
320	1023	320	572	993	422
320	1023	384	574	994	467
320	1023	448	576	995	515
320	1023	512	578	995	564
320	1023	576	581	997	619
320	1023	640	584	998	675
320	1023	704	587	997	730
320	1023	768	590	998	784
320	1023	832	594	1000	841
320	1023	896	596	998	897
320	1023	960	600	999	955
320	1023	1023	605	1000	1012
384	0	0	341	95	56
384	0	64	340	95	81
384	0	128	340	96	131
384	0	192	341	99	190
384	0	256	343	102	249
384	0	320	345	107	309
384	0	384	348	112	370
384	0	448	351	118	430
384	0	512	355	124	488
384	0	576	360	132	552
384	0	640	364	140	613
384	0	704	369	148	673
384	0	768	375	156	732
384	0	832	381	165	792
384	0	896	388	174	852
384	0	960	394	183	912
384	0	1023	401	193	971
384	64	0	341	111	59
384	64	64	341	111	83
384	64	128	341	112	132
384	64	192	342	114	191
384	64	256	344	117	250
384	64	320	346	121	310
384	64	384	349	126	370
384	64	448	352	131	430
384	64	512	356	137	488
384	64	576	361	143	552
384	64	640	365	151	613
384	64	704	370	158	673
384	64	768	376	166	732
384	64	832	382	174	792
384	64	896	388	183	852
384	64	960	394	191	912
384	64	1023	402	200	971
384	128	0	345	153	66
384	128	64	344	154	88
384	128	128	344	155	135
384	128	192	346	156	193
384	128	256	347	158	251
384	128	320	349	161	311
384	128	384	352	164	371
384	128	448	355	168	431
384	128	512	358	172	488
384	128	576	363	178	552
384	128	640	368	183	614
384	128	704	373	189	674
384	128	768	378	196	732
384	128	832	385	203	793
384	128	896	391	209	852
384	128	960	397	217	912
384	128	1023	405	224	971
384	192	0	351	208	79
384	192	64	350	209	97
384	192	128	350	210	141
384	192	192	352	211	197
384	192	256	353	212	254
384	192	320	355	214	313
384	192	384	358	217	373
384	192	448	361	219	432
384	192	512	364	223	490
384	192	576	369	227	553
384	192	640	373	231	614
384	192	704	378	235	675
384	192	768	384	241	733
384	192	832	390	246	793
384	192	896	396	251	853
384	192	960	402	257	913
384	192	1023	410	263	972
384	256	0	359	265	93
384	256	64	358	266	109
384	256	128	359	267	149
384	256	192	360	268	202
384	256	256	361	269	258
384	256	320	363	271	317
384	256	384	366	273	376
384	256	448	369	275	435
384	256	512	373	277	492
384	256	576	377	280	555
384	256	640	381	283	615
384	256	704	386	286	675
384	256	768	392	291	734
384	256	832	397	295	794
384	256	896	403	299	854
384	256	960	410	304	915
384	256	1023	417	309	973
384	320	0	369	325	109
384	320	64	369	327	123
384	320	128	369	327	159
384	320	192	371	328	209
384	320	256	372	329	263
384	320	320	374	330	321
384	320	384	377	332	379
384	320	448	379	334	438
384	320	512	383	335	494
384	320	576	387	338	557
384	320	640	392	341	618
384	320	704	396	343	678
384	320	768	401	347	736
384	320	832	407	350	796
384	320	896	412	353	855
384	320	960	419	357	915
384	320	1023	425	361	974
384	384	0	382	385	126
384	384	64	382	387	138
384	384	128	383	387	170
384	384	192	384	388	218
384	384	256	385	389	270
384	384	320	387	390	326
384	384	384	390	392	383
384	384	448	392	393	441
384	384	512	396	395	498
384	384	576	400	397	560
384	384	640	404	399	620
384	384	704	408	401	680
384	384	768	414	404	738
384	384	832	419	406	798
384	384	896	424	409	857
384	384	960	430	412	917
384	384	1023	437	416	977
384	448	0	397	445	143
384	448	64	397	447	154
384	448	128	398	448	183
384	448	192	399	448	227
384	448	256	400	449	278
384	448	320	402	450	332
384	448	384	405	451	388
384	448	448	407	452	446
384	448	512	411	454	502
384	448	576	415	456	564
384	448	640	418	458	624
384	448	704	422	459	683
384	448	768	427	461	740
384	448	832	433	464	801
384	448	896	438	466	860
384	448	960	444	469	920
384	448	1023	451	472	979
384	512	0	414	504	161
384	512	64	414	506	170
384	512	128	415	507	197
384	512	192	416	508	238
384	512	256	417	509	287
384	512	320	419	509	339
384	512	384	421	511	395
384	512	448	423	511	451
384	512	512	427	513	506
384	512	576	431	515	568
384	512	640	434	516	627
384	512	704	438	517	686
384	512	768	443	520	744
384	512	832	448	521	803
384	512	896	453	523	862
384	512	960	459	525	922
384	512	1023	465	528	981
384	576	0	435	570	180
384	576	64	435	573	189
384	576	128	435	573	212
384	576	192	436	574	251
384	576	256	438	574	297
384	576	320	439	575	348
384	576	384	442	577	402
384	576	448	444	577	458
384	576	512	447	578	512
384	576	576	450	580	572
384	576	640	454	581	632
384	576	704	458	582	691
384	576	768	462	584	748
384	576	832	468	587	808
384	576	896	471	587	865
384	576	960	476	588	925
384	576	1023	483	591	983
384	640	0	454	630	198
384	640	64	455	633	206
384	640	128	456	634	228
384	640	192	456	634	264
384	640	256	458	635	308
384	640	320	459	635	357
384	640	384	462	637	409
384	640	448	464	637	464
384	640	512	467	638	518
384	640	576	471	640	578
384	640	640	473	641	637
384	640	704	477	642	695
384	640	768	481	643	752
384	640	832	486	645	811
384	640	896	491	646	870
384	640	960	496	648	929
384	640	1023	501	650	988
384	704	0	476	691	216
384	704	64	478	695	224
384	704	128	478	695	244
384	704	192	479	696	277
384	704	256	480	697	319
384	704	320	482	697	367
384	704	384	484	699	418
384	704	448	486	699	472
384	704	512	488	700	525
384	704	576	492	702	584
384	704	640	495	702	642
384	704	704	499	703	701
384	704	768	503	705	757
384	704	832	507	706	815
384	704	896	511	706	874
384	704	960	516	708	933
384	704	1023	521	710	991
384	768	0	499	751	234
384	768	64	500	755	241
384	768	128	501	756	260
384	768	192	501	756	291
384	768	256	502	756	331
384	768	320	504	757	377
384	768	384	506	758	428
384	768	448	508	759	480
384	768	512	511	760	533
384	768	576	514	762	591
384	768	640	517	762	649
384	768	704	520	762	706
384	768	768	524	764	762
384	768	832	529	765	821
384	768	896	532	766	879
384	768	960	537	767	938
384	768	1023	542	769	996
384	832	0	522	810	252
384	832	64	523	814	258
384	832	128	523	814	276
384	832	192	524	814	305
384	832	256	525	815	343
384	832	320	527	816	388
384	832	384	529	817	437
384	832	448	531	818	488
384	832	512	533	818	540
384	832	576	536	820	597
384	832	640	539	821	654
384	832	704	542	821	711
384	832	768	545	822	767
384	832	832	550	824	826
384	832	896	553	823	882
384	832	960	557	825	941
384	832	1023	563	826	999
384	896	0	546	871	270
384	896	64	547	875	276
384	896	128	548	875	292
384	896	192	549	876	320
384	896	256	549	876	356
384	896	320	551	877	399
384	896	384	553	878	447
384	896	448	555	878	497
384	896	512	557	879	547
384	896	576	560	880	604
384	896	640	562	880	660
384	896	704	565	880	716
384	896	768	569	883	773
384	896	832	573	883	830
384	896	896	576	883	887
384	896	960	580	885	946
384	896	1023	585	886	1003
384	960	0	570	930	288
384	960	64	571	934	294
384	960	128	572	934	309
384	960	192	572	934	335
384	960	256	574	936	370
384	960	320	575	937	411
384	960	384	577	937	457
384	960	448	578	937	506
384	960	512	581	939	556
384	960	576	584	940	612
384	960	640	586	940	667
384	960	704	589	940	723
384	960	768	592	941	777
384	960	832	596	943	835
384	960	896	599	943	892
384	960	960	603	944	951
384	960	1023	608	946	1008
384	1023	0	595	988	306
384	1023	64	597	992	311
384	1023	128	597	993	325
384	1023	192	597	993	350
384	1023	256	599	994	384
384	1023	320	600	995	423
384	1023	384	602	995	468
384	1023	448	603	996	516
384	1023	512	605	997	565
384	1023	576	608	998	620
384	1023	640	610	998	675
384	1023	704	613	998	730
384	1023	768	616	999	784
384	1023	832	620	1000	841
384	1023	896	623	1000	898
384	1023	960	627	1001	956
384	1023	1023	630	1001	1013
448	0	0	395	111	65
448	0	64	395	111	87
448	0	128	395	112	135
448	0	192	396	113	192
448	0	256	397	116	251
448	0	320	399	120	310
448	0	384	402	125	371
448	0	448	404	130	431
448	0	512	407	136	489
448	0	576	411	143	552
448	0	640	415	150	613
448	0	704	419	158	673
448	0	768	424	165	732
448	0	832	430	173	792
448	0	896	435	182	852
448	0	960	441	191	913
448	0	1023	447	199	971
448	64	0	396	124	67
448	64	64	396	125	89
448	64	128	396	125	136
448	64	192	397	127	193
448	64	256	398	129	251
448	64	320	400	133	311
448	64	384	402	137	371
448	64	448	405	142	431
448	64	512	408	147	489
448	64	576	412	153	552
448	64	640	416	160	613
448	64	704	420	167	673
448	64	768	425	174	732
448	64	832	430	182	792
448	64	896	436	190	852
448	64	960	442	198	913
448	64	1023	447	207	971
448	128	0	399	162	74
448	128	64	398	163	94
448	128	128	398	164	139
448	128	192	399	165	195
448	128	256	400	167	253
448	128	320	402	170	312
448	128	384	405	173	372
448	128	448	408	177	432
448	128	512	410	180	489
448	128	576	414	185	552
448	128	640	418	191	614
448	128	704	423	196	674
448	128	768	427	203	732
448	128	832	433	209	793
448	128	896	438	215	852
448	128	960	443	223	912
448	128	1023	450	230	972
448	192	0	404	214	85
448	192	64	403	216	102
448	192	128	403	216	144
448	192	192	404	217	199
448	192	256	406	219	256
448	192	320	407	221	314
448	192	384	410	223	374
448	192	448	412	225	433
448	192	512	415	229	491
448	192	576	419	233	554
448	192	640	423	236	614
448	192	704	427	241	675
448	192	768	432	246	733
448	192	832	437	251	793
448	192	896	442	256	853
448	192	960	448	262	913
448	192	1023	454	268	972
448	256	0	411	270	98
448	256	64	410	271	113
448	256	128	410	272	152
448	256	192	411	273	204
448	256	256	413	274	260
448	256	320	414	275	318
448	256	384	417	277	376
448	256	448	419	279	435
448	256	512	422	282	493
448	256	576	426	285	555
448	256	640	429	288	616
448	256	704	433	291	676
448	256	768	439	295	735
448	256	832	444	299	795
448	256	896	449	304	854
448	256	960	454	308	914
448	256	1023	461	313	974
448	320	0	420	329	114
448	320	64	420	331	127
448	320	128	420	331	162
448	320	192	421	332	211
448	320	256	422	333	265
448	320	320	424	334	322
448	320	384	426	336	380
448	320	448	429	338	439
448	320	512	432	340	496
448	320	576	436	342	558
448	320	640	439	344	618
448	320	704	443	347	678
448	320	768	447	350	736
448	320	832	453	354	796
448	320	896	457	357	856
448	320	960	462	360	915
448	320	1023	469	364	975
448	384	0	431	388	130
448	384	64	430	390	141
448	384	128	431	390	173
448	384	192	432	391	220
448	384	256	433	392	272
448	384	320	435	393	327
448	384	384	437	395	384
448	384	448	439	396	442
448	384	512	442	398	499
448	384	576	446	400	561
448	384	640	449	401	621
448	384	704	453	403	680
448	384	768	458	407	739
448	384	832	462	409	798
448	384	896	467	412	857
448	384	960	473	415	917
448	384	1023	479	418	977
448	448	0	444	447	146
448	448	64	444	450	157
448	448	128	444	450	185
448	448	192	445	451	229
448	448	256	446	451	279
448	448	320	448	452	333
448	448	384	450	454	389
448	448	448	452	455	447
448	448	512	456	457	503
448	448	576	459	459	564
448	448	640	462	460	624
448	448	704	466	462	683
448	448	768	470	464	741
448	448	832	475	467	801
448	448	896	480	469	860
448	448	960	485	471	920
448	448	1023	491	475	979
448	512	0	459	506	163
448	512	64	459	510	173
448	512	128	459	509	199
448	512	192	460	510	240
448	512	256	462	511	288
448	512	320	463	512	340
448	512	384	466	513	395
448	512	448	467	514	452
448	512	512	470	515	507
448	512	576	474	517	568
448	512	640	477	518	628
448	512	704	480	519	686
448	512	768	485	522	745
448	512	832	489	523	803
448	512	896	493	525	863
448	512	960	498	527	922
448	512	1023	504	530	981
448	576	0	477	572	183
448	576	64	478	575	191
448	576	128	478	575	214
448	576	192	479	576	253
448	576	256	480	576	298
448	576	320	481	577	349
448	576	384	484	578	403
448	576	448	486	579	458
448	576	512	488	580	513
448	576	576	491	582	573
448	576	640	495	583	633
448	576	704	498	584	691
448	576	768	502	586	748
448	576	832	507	588	808
448	576	896	510	588	866
448	576	960	515	590	925
448	576	1023	520	593	984
448	640	0	495	632	200
448	640	64	496	635	208
448	640	128	497	636	230
448	640	192	497	636	265
448	640	256	498	637	309
448	640	320	500	638	358
448	640	384	502	638	410
448	640	448	504	639	465
448	640	512	506	640	519
448	640	576	510	642	579
448	640	640	512	643	637
448	640	704	516	643	695
448	640	768	519	645	752
448	640	832	524	647	811
448	640	896	528	648	870
448	640	960	532	650	929
448	640	1023	538	652	988
448	704	0	515	693	218
448	704	64	516	697	225
448	704	128	516	697	245
448	704	192	517	697	279
448	704	256	518	698	320
448	704	320	520	699	368
448	704	384	522	700	419
448	704	448	523	700	472
448	704	512	526	701	526
448	704	576	529	703	585
448	704	640	532	703	643
448	704	704	535	705	701
448	704	768	539	706	757
448	704	832	543	707	816
448	704	896	546	707	874
448	704	960	551	709	933
448	704	1023	556	711	991
448	768	0	536	752	236
448	768	64	537	756	243
448	768	128	538	757	261
448	768	192	538	757	292
448	768	256	539	757	332
448	768	320	540	758	378
448	768	384	543	760	428
448	768	448	544	760	481
448	768	512	547	761	533
448	768	576	550	763	592
448	768	640	552	763	649
448	768	704	555	763	706
448	768	768	559	765	762
448	768	832	563	767	821
448	768	896	566	767	879
448	768	960	571	768	938
448	768	1023	576	771	996
448	832	0	557	812	254
448	832	64	558	815	260
448	832	128	558	815	277
448	832	192	559	816	307
448	832	256	560	816	344
448	832	320	561	817	389
448	832	384	563	818	437
448	832	448	565	819	489
448	832	512	567	819	540
448	832	576	570	821	598
448	832	640	573	822	655
448	832	704	575	822	712
448	832	768	579	823	767
448	832	832	583	825	826
448	832	896	585	824	882
448	832	960	589	826	941
448	832	1023	595	828	999
448	896	0	580	872	272
448	896	64	581	876	278
448	896	128	581	876	294
448	896	192	582	877	322
448	896	256	582	877	357
448	896	320	584	878	400
448	896	384	586	879	447
448	896	448	587	879	497
448	896	512	589	880	548
448	896	576	592	881	605
448	896	640	594	881	660
448	896	704	598	883	718
448	896	768	601	884	773
448	896	832	604	884	830
448	896	896	607	884	887
448	896	960	611	885	945
448	896	1023	616	887	1003
448	960	0	602	932	290
448	960	64	603	935	295
448	960	128	604	935	310
448	960	192	604	936	336
448	960	256	605	937	371
448	960	320	607	937	412
448	960	384	609	939	458
448	960	448	609	938	506
448	960	512	612	939	556
448	960	576	615	941	612
448	960	640	617	940	667
448	960	704	619	941	723
448	960	768	623	943	779
448	960	832	626	944	835
448	960	896	629	944	892
448	960	960	633	945	951
448	960	1023	638	947	1008
448	1023	0	625	989	307
448	1023	64	627	993	313
448	1023	128	627	994	327
448	1023	192	627	994	351
448	1023	256	629	995	384
448	1023	320	630	995	424
448	1023	384	631	996	468
448	1023	448	633	996	516
448	1023	512	635	997	565
448	1023	576	638	999	620
448	1023	640	639	998	674
448	1023	704	642	998	730
448	1023	768	644	999	784
448	1023	832	648	1001	841
448	1023	896	651	1001	898
448	1023	960	654	1001	956
448	1023	1023	658	1001	1013
512	0	0	449	125	74
512	0	64	448	126	94
512	0	128	448	126	139
512	0	192	449	128	195
512	0	256	450	130	253
512	0	320	451	134	312
512	0	384	454	138	372
512	0	448	456	143	431
512	0	512	459	147	489
512	0	576	462	154	552
512	0	640	465	160	613
512	0	704	469	167	674
512	0	768	473	174	732
512	0	832	478	182	793
512	0	896	483	190	853
512	0	960	488	198	913
512	0	1023	494	207	973
512	64	0	449	137	76
512	64	64	448	137	95
512	64	128	449	138	140
512	64	192	449	140	196
512	64	256	450	142	253
512	64	320	452	145	312
512	64	384	454	149	372
512	64	448	456	153	432
512	64	512	459	158	490
512	64	576	463	164	553
512	64	640	466	170	613
512	64	704	469	176	673
512	64	768	474	183	732
512	64	832	479	190	793
512	64	896	484	198	853
512	64	960	489	206	913
512	64	1023	495	214	973
512	128	0	451	172	82
512	128	64	451	173	100
512	128	128	451	173	142
512	128	192	452	175	198
512	128	256	453	176	255
512	128	320	454	179	313
512	128	384	457	182	373
512	128	448	459	185	433
512	128	512	462	189	490
512	128	576	466	194	554
512	128	640	468	199	614
512	128	704	472	205	674
512	128	768	476	210	733
512	128	832	481	216	794
512	128	896	486	223	854
512	128	960	490	230	912
512	128	1023	496	237	972
512	192	0	456	222	92
512	192	64	455	223	108
512	192	128	455	223	148
512	192	192	456	224	201
512	192	256	457	226	258
512	192	320	459	227	316
512	192	384	461	230	375
512	192	448	463	232	434
512	192	512	466	235	492
512	192	576	469	239	554
512	192	640	472	243	615
512	192	704	476	247	675
512	192	768	480	252	734
512	192	832	485	257	794
512	192	896	489	262	853
512	192	960	494	267	913
512	192	1023	500	273	973
512	256	0	462	275	104
512	256	64	461	277	118
512	256	128	462	277	156
512	256	192	463	278	207
512	256	256	464	279	262
512	256	320	465	281	319
512	256	384	467	283	378
512	256	448	469	285	436
512	256	512	472	287	494
512	256	576	475	290	556
512	256	640	478	293	617
512	256	704	481	296	676
512	256	768	486	300	735
512	256	832	491	304	795
512	256	896	495	308	855
512	256	960	500	313	915
512	256	1023	506	318	974
512	320	0	470	333	118
512	320	64	470	335	131
512	320	128	470	336	165
512	320	192	470	336	213
512	320	256	471	337	267
512	320	320	473	338	323
512	320	384	475	340	381
512	320	448	477	342	439
512	320	512	480	344	496
512	320	576	484	346	559
512	320	640	486	348	619
512	320	704	490	351	679
512	320	768	494	354	737
512	320	832	499	358	797
512	320	896	503	361	857
512	320	960	508	365	917
512	320	1023	513	369	976
512	384	0	480	392	134
512	384	64	480	394	145
512	384	128	480	394	176
512	384	192	481	395	222
512	384	256	482	396	273
512	384	320	483	397	328
512	384	384	485	398	385
512	384	448	487	399	443
512	384	512	489	401	499
512	384	576	493	403	561
512	384	640	496	405	621
512	384	704	499	407	681
512	384	768	503	410	739
512	384	832	507	412	798
512	384	896	511	415	858
512	384	960	516	418	918
512	384	1023	522	422	977
512	448	0	491	450	150
512	448	64	491	453	160
512	448	128	492	453	188
512	448	192	492	454	231
512	448	256	493	454	281
512	448	320	494	455	334
512	448	384	497	457	390
512	448	448	498	458	447
512	448	512	501	459	503
512	448	576	505	461	565
512	448	640	507	463	624
512	448	704	510	464	683
512	448	768	514	467	741
512	448	832	519	470	801
512	448	896	523	471	861
512	448	960	527	474	920
512	448	1023	533	477	979
512	512	0	505	509	167
512	512	64	505	512	176
512	512	128	505	512	201
512	512	192	506	513	242
512	512	256	507	513	289
512	512	320	508	514	341
512	512	384	510	515	396
512	512	448	512	516	452
512	512	512	514	517	508
512	512	576	518	519	569
512	512	640	520	520	628
512	512	704	524	522	688
512	512	768	527	524	745
512	512	832	531	526	804
512	512	896	535	527	863
512	512	960	540	530	923
512	512	1023	545	532	982
512	576	0	521	574	185
512	576	64	522	577	194
512	576	128	522	578	217
512	576	192	522	578	254
512	576	256	523	578	300
512	576	320	525	579	350
512	576	384	527	581	404
512	576	448	529	581	459
512	576	512	531	583	514
512	576	576	534	585	574
512	576	640	537	585	633
512	576	704	540	586	691
512	576	768	543	588	749
512	576	832	548	590	808
512	576	896	551	591	867
512	576	960	556	593	926
512	576	1023	560	595	984
512	640	0	538	635	203
512	640	64	538	637	210
512	640	128	539	638	232
512	640	192	539	638	267
512	640	256	540	639	310
512	640	320	542	640	359
512	640	384	543	640	411
512	640	448	545	641	466
512	640	512	547	642	520
512	640	576	551	644	579
512	640	640	553	644	638
512	640	704	556	645	696
512	640	768	560	648	753
512	640	832	564	649	812
512	640	896	567	650	870
512	640	960	571	652	930
512	640	1023	576	654	988
512	704	0	557	696	221
512	704	64	557	699	228
512	704	128	557	699	247
512	704	192	558	699	280
512	704	256	559	700	322
512	704	320	560	701	369
512	704	384	562	702	420
512	704	448	564	703	474
512	704	512	566	703	526
512	704	576	569	705	585
512	704	640	571	705	643
512	704	704	574	707	701
512	704	768	577	708	758
512	704	832	581	709	816
512	704	896	584	709	874
512	704	960	588	711	933
512	704	1023	593	713	992
512	768	0	575	754	238
512	768	64	576	758	245
512	768	128	576	759	263
512	768	192	577	759	294
512	768	256	578	759	334
512	768	320	579	760	379
512	768	384	581	761	429
512	768	448	583	762	482
512	768	512	585	763	534
512	768	576	588	764	592
512	768	640	590	765	650
512	768	704	592	765	707
512	768	768	596	766	763
512	768	832	600	768	822
512	768	896	603	769	880
512	768	960	607	770	939
512	768	1023	612	772	997
512	832	0	595	813	256
512	832	64	595	817	262
512	832	128	595	817	279
512	832	192	596	818	308
512	832	256	597	818	346
512	832	320	598	819	390
512	832	384	600	820	438
512	832	448	602	820	490
512	832	512	604	821	541
512	832	576	607	823	599
512	832	640	609	823	655
512	832	704	611	824	712
512	832	768	615	825	768
512	832	832	619	827	826
512	832	896	622	827	884
512	832	960	624	827	942
512	832	1023	629	829	1000
512	896	0	616	873	274
512	896	64	617	877	280
512	896	128	617	878	295
512	896	192	617	878	323
512	896	256	618	878	359
512	896	320	619	879	401
512	896	384	621	880	448
512	896	448	622	880	498
512	896	512	624	881	548
512	896	576	627	882	605
512	896	640	629	882	661
512	896	704	632	884	718
512	896	768	635	885	773
512	896	832	638	886	830
512	896	896	641	886	888
512	896	960	644	887	946
512	896	1023	649	889	1004
512	960	0	637	933	291
512	960	64	638	936	297
512	960	128	638	937	312
512	960	192	639	938	338
512	960	256	640	938	372
512	960	320	641	939	413
512	960	384	643	940	459
512	960	448	643	939	507
512	960	512	646	941	557
512	960	576	648	942	613
512	960	640	650	942	668
512	960	704	652	942	723
512	960	768	656	945	779
512	960	832	659	945	836
512	960	896	662	945	893
512	960	960	665	946	951
512	960	1023	669	948	1008
512	1023	0	659	992	309
512	1023	64	659	994	314
512	1023	128	659	995	328
512	1023	192	660	995	353
512	1023	256	661	996	386
512	1023	320	663	997	425
512	1023	384	664	998	469
512	1023	448	665	997	517
512	1023	512	667	998	566
512	1023	576	670	1000	621
512	1023	640	671	999	675
512	1023	704	673	999	730
512	1023	768	677	1001	785
512	1023	832	679	1002	841
512	1023	896	682	1002	898
512	1023	960	685	1002	956
512	1023	1023	689	1002	1014
576	0	0	509	142	84
576	0	64	508	142	101
576	0	128	509	143	144
576	0	192	509	144	198
576	0	256	510	146	255
576	0	320	511	149	314
576	0	384	513	153	373
576	0	448	515	157	433
576	0	512	517	161	490
576	0	576	521	167	553
576	0	640	523	173	614
576	0	704	526	179	674
576	0	768	530	186	733
576	0	832	534	193	793
576	0	896	538	201	853
576	0	960	542	208	913
576	0	1023	548	216	973
576	64	0	509	152	85
576	64	64	509	152	102
576	64	128	509	153	145
576	64	192	509	154	199
576	64	256	511	157	256
576	64	320	512	159	314
576	64	384	514	163	373
576	64	448	516	166	433
576	64	512	518	171	491
576	64	576	521	176	553
576	64	640	523	182	614
576	64	704	527	188	674
576	64	768	531	194	733
576	64	832	535	201	794
576	64	896	539	208	853
576	64	960	543	216	913
576	64	1023	548	224	972
576	128	0	511	184	91
576	128	64	511	185	107
576	128	128	511	185	147
576	128	192	511	186	201
576	128	256	512	188	257
576	128	320	513	190	315
576	128	384	516	193	374
576	128	448	517	196	434
576	128	512	520	200	491
576	128	576	523	204	554
576	128	640	526	209	615
576	128	704	529	214	675
576	128	768	532	219	733
576	128	832	537	225	794
576	128	896	540	231	854
576	128	960	545	238	914
576	128	1023	550	245	973
576	192	0	515	230	99
576	192	64	514	232	114
576	192	128	514	232	152
576	192	192	515	233	204
576	192	256	516	234	260
576	192	320	517	236	317
576	192	384	520	238	376
576	192	448	521	241	435
576	192	512	523	243	492
576	192	576	527	247	555
576	192	640	529	251	616
576	192	704	533	255	676
576	192	768	536	259	734
576	192	832	541	264	795
576	192	896	543	269	854
576	192	960	548	274	914
576	192	1023	553	281	973
576	256	0	521	282	111
576	256	64	520	284	124
576	256	128	520	284	160
576	256	192	521	285	210
576	256	256	521	286	264
576	256	320	523	287	321
576	256	384	525	289	379
576	256	448	527	291	438
576	256	512	529	293	494
576	256	576	532	296	557
576	256	640	534	299	617
576	256	704	538	302	678
576	256	768	541	306	736
576	256	832	545	310	795
576	256	896	549	314	855
576	256	960	553	318	915
576	256	1023	558	323	974
576	320	0	527	338	124
576	320	64	527	341	136
576	320	128	527	341	169
576	320	192	527	342	216
576	320	256	528	342	269
576	320	320	530	344	325
576	320	384	532	345	382
576	320	448	533	347	440
576	320	512	536	349	497
576	320	576	539	351	559
576	320	640	541	354	619
576	320	704	544	356	679
576	320	768	548	359	737
576	320	832	552	363	797
576	320	896	556	366	857
576	320	960	560	369	917
576	320	1023	565	374	976
576	384	0	536	396	139
576	384	64	536	398	150
576	384	128	536	399	180
576	384	192	537	399	225
576	384	256	537	400	275
576	384	320	539	401	330
576	384	384	541	403	386
576	384	448	543	404	445
576	384	512	544	405	500
576	384	576	548	408	562
576	384	640	550	410	623
576	384	704	553	412	682
576	384	768	557	414	740
576	384	832	561	417	800
576	384	896	563	419	858
576	384	960	567	422	918
576	384	1023	573	426	977
576	448	0	546	454	155
576	448	64	546	457	164
576	448	128	546	457	192
576	448	192	546	457	234
576	448	256	548	459	283
576	448	320	549	460	336
576	448	384	551	461	391
576	448	448	553	462	449
576	448	512	555	463	504
576	448	576	558	465	566
576	448	640	560	466	625
576	448	704	563	468	684
576	448	768	567	471	743
576	448	832	571	473	802
576	448	896	574	475	861
576	448	960	578	477	920
576	448	1023	583	481	980
576	512	0	558	512	171
576	512	64	558	515	179
576	512	128	558	515	204
576	512	192	559	516	244
576	512	256	560	517	291
576	512	320	561	517	343
576	512	384	563	519	398
576	512	448	565	520	454
576	512	512	566	520	509
576	512	576	569	523	570
576	512	640	572	524	629
576	512	704	575	525	688
576	512	768	578	527	746
576	512	832	582	530	805
576	512	896	584	530	863
576	512	960	589	533	923
576	512	1023	593	535	982
576	576	0	573	577	189
576	576	64	573	580	197
576	576	128	573	581	220
576	576	192	574	581	257
576	576	256	574	581	302
576	576	320	576	582	352
576	576	384	578	583	405
576	576	448	579	584	460
576	576	512	581	585	515
576	576	576	584	587	575
576	576	640	586	588	633
576	576	704	589	589	692
576	576	768	592	591	749
576	576	832	596	593	808
576	576	896	599	594	867
576	576	960	603	596	927
576	576	1023	608	598	985
576	640	0	588	637	206
576	640	64	589	640	213
576	640	128	588	640	234
576	640	192	589	641	269
576	640	256	590	641	312
576	640	320	591	642	361
576	640	384	593	643	413
576	640	448	594	643	467
576	640	512	596	644	520
576	640	576	599	646	580
576	640	640	601	647	638
576	640	704	603	648	696
576	640	768	608	650	754
576	640	832	611	651	812
576	640	896	614	652	871
576	640	960	618	654	930
576	640	1023	622	656	989
576	704	0	605	698	224
576	704	64	605	701	231
576	704	128	605	701	250
576	704	192	606	702	283
576	704	256	607	702	324
576	704	320	608	703	371
576	704	384	610	704	421
576	704	448	611	705	475
576	704	512	613	706	528
576	704	576	616	708	587
576	704	640	618	708	644
576	704	704	621	708	702
576	704	768	623	710	758
576	704	832	628	712	817
576	704	896	630	713	876
576	704	960	633	713	934
576	704	1023	638	715	992
576	768	0	622	756	241
576	768	64	623	760	248
576	768	128	623	761	266
576	768	192	623	761	296
576	768	256	625	762	336
576	768	320	626	762	381
576	768	384	627	763	430
576	768	448	628	763	483
576	768	512	631	765	535
576	768	576	633	766	593
576	768	640	635	766	650
576	768	704	637	767	707
576	768	768	640	768	763
576	768	832	644	770	822
576	768	896	647	771	880
576	768	960	651	772	939
576	768	1023	655	774	997
576	832	0	640	815	258
576	832	64	640	819	264
576	832	128	641	819	281
576	832	192	641	819	310
576	832	256	642	820	347
576	832	320	643	820	391
576	832	384	645	822	440
576	832	448	646	822	490
576	832	512	648	823	542
576	832	576	651	825	599
576	832	640	652	825	656
576	832	704	654	825	712
576	832	768	657	826	768
576	832	832	661	828	827
576	832	896	664	829	884
576	832	960	667	830	943
576	832	1023	671	832	1001
576	896	0	659	875	276
576	896	64	660	879	282
576	896	128	660	879	297
576	896	192	660	880	325
576	896	256	661	880	360
576	896	320	662	880	402
576	896	384	664	882	449
576	896	448	665	882	499
576	896	512	667	883	549
576	896	576	669	884	606
576	896	640	672	885	662
576	896	704	674	885	718
576	896	768	676	886	774
576	896	832	680	888	831
576	896	896	682	887	888
576	896	960	685	888	946
576	896	1023	689	890	1004
576	960	0	679	934	294
576	960	64	680	939	299
576	960	128	679	938	313
576	960	192	680	939	339
576	960	256	681	939	373
576	960	320	682	940	414
576	960	384	684	942	460
576	960	448	684	941	508
576	960	512	686	942	558
576	960	576	689	943	613
576	960	640	690	943	668
576	960	704	693	945	725
576	960	768	696	946	779
576	960	832	699	946	836
576	960	896	701	946	893
576	960	960	704	947	951
576	960	1023	708	949	1009
576	1023	0	699	993	311
576	1023	64	700	997	316
576	1023	128	700	996	330
576	1023	192	701	997	354
576	1023	256	701	998	387
576	1023	320	702	998	426
576	1023	384	704	999	470
576	1023	448	704	998	518
576	1023	512	707	1000	566
576	1023	576	709	1001	621
576	1023	640	710	1001	676
576	1023	704	713	1002	731
576	1023	768	716	1003	786
576	1023	832	718	1003	842
576	1023	896	720	1003	899
576	1023	960	723	1003	957
576	1023	1023	727	1003	1014
640	0	0	563	157	93
640	0	64	562	157	109
640	0	128	562	157	149
640	0	192	562	159	202
640	0	256	563	161	258
640	0	320	565	163	316
640	0	384	566	166	375
640	0	448	568	170	434
640	0	512	570	174	491
640	0	576	573	180	554
640	0	640	575	185	615
640	0	704	577	191	675
640	0	768	582	198	734
640	0	832	585	204	794
640	0	896	588	211	854
640	0	960	592	218	914
640	0	1023	597	226	974
640	64	0	564	166	94
640	64	64	562	166	110
640	64	128	563	167	149
640	64	192	563	168	202
640	64	256	564	170	258
640	64	320	565	172	316
640	64	384	567	175	375
640	64	448	568	179	434
640	64	512	570	183	492
640	64	576	574	188	555
640	64	640	575	193	615
640	64	704	578	199	675
640	64	768	582	205	734
640	64	832	585	211	794
640	64	896	589	218	854
640	64	960	593	225	914
640	64	1023	597	233	973
640	128	0	565	195	99
640	128	64	564	196	114
640	128	128	564	196	152
640	128	192	564	197	204
640	128	256	566	199	260
640	128	320	566	201	317
640	128	384	568	204	376
640	128	448	570	207	435
640	128	512	572	210	492
640	128	576	575	214	555
640	128	640	577	219	616
640	128	704	580	223	676
640	128	768	583	229	734
640	128	832	587	234	794
640	128	896	590	240	854
640	128	960	594	247	914
640	128	1023	599	253	974
640	192	0	568	239	107
640	192	64	568	240	121
640	192	128	568	241	157
640	192	192	568	242	208
640	192	256	569	243	262
640	192	320	570	244	319
640	192	384	572	247	378
640	192	448	573	249	437
640	192	512	576	252	494
640	192	576	579	256	557
640	192	640	580	259	617
640	192	704	583	263	677
640	192	768	586	267	735
640	192	832	591	272	795
640	192	896	594	276	855
640	192	960	598	282	915
640	192	1023	602	288	975
640	256	0	573	289	117
640	256	64	573	291	130
640	256	128	572	291	164
640	256	192	573	292	213
640	256	256	574	293	266
640	256	320	575	294	323
640	256	384	577	296	381
640	256	448	578	298	439
640	256	512	580	300	496
640	256	576	583	303	558
640	256	640	586	306	619
640	256	704	588	309	679
640	256	768	591	313	737
640	256	832	596	317	797
640	256	896	598	320	856
640	256	960	602	324	916
640	256	1023	606	329	975
640	320	0	579	344	130
640	320	64	579	347	142
640	320	128	579	347	173
640	320	192	579	347	219
640	320	256	580	349	272
640	320	320	582	350	327
640	320	384	583	351	384
640	320	448	585	353	442
640	320	512	587	354	498
640	320	576	590	357	560
640	320	640	592	359	620
640	320	704	594	361	680
640	320	768	597	364	738
640	320	832	601	368	798
640	320	896	605	371	858
640	320	960	608	374	918
640	320	1023	613	379	977
640	384	0	587	401	144
640	384	64	587	404	155
640	384	128	587	404	184
640	384	192	588	405	228
640	384	256	588	405	278
640	384	320	589	406	332
640	384	384	591	408	388
640	384	448	593	409	446
640	384	512	595	410	502
640	384	576	598	413	564
640	384	640	600	414	623
640	384	704	602	416	682
640	384	768	605	419	740
640	384	832	609	422	800
640	384	896	612	424	860
640	384	960	615	426	919
640	384	1023	620	430	978
640	448	0	597	459	159
640	448	64	596	461	168
640	448	128	596	461	195
640	448	192	597	462	237
640	448	256	598	463	285
640	448	320	599	464	338
640	448	384	601	465	394
640	448	448	602	466	450
640	448	512	604	467	505
640	448	576	606	469	567
640	448	640	608	470	626
640	448	704	611	472	685
640	448	768	615	475	744
640	448	832	618	477	802
640	448	896	621	479	862
640	448	960	624	481	921
640	448	1023	629	485	980
640	512	0	607	516	175
640	512	64	607	519	184
640	512	128	607	520	208
640	512	192	608	520	247
640	512	256	608	520	294
640	512	320	609	521	345
640	512	384	611	522	399
640	512	448	613	523	455
640	512	512	615	525	510
640	512	576	618	527	571
640	512	640	619	527	630
640	512	704	622	529	689
640	512	768	625	531	746
640	512	832	629	533	806
640	512	896	632	535	865
640	512	960	635	537	925
640	512	1023	639	539	982
640	576	0	620	580	192
640	576	64	620	583	200
640	576	128	621	584	223
640	576	192	621	584	259
640	576	256	622	585	304
640	576	320	623	586	354
640	576	384	624	586	406
640	576	448	626	587	461
640	576	512	628	589	516
640	576	576	631	590	576
640	576	640	632	591	634
640	576	704	635	592	693
640	576	768	638	594	750
640	576	832	641	596	809
640	576	896	644	597	868
640	576	960	648	599	927
640	576	1023	652	601	986
640	640	0	635	640	209
640	640	64	635	643	217
640	640	128	635	643	237
640	640	192	635	644	272
640	640	256	636	645	314
640	640	320	637	645	362
640	640	384	639	646	414
640	640	448	640	646	468
640	640	512	642	648	522
640	640	576	645	649	581
640	640	640	646	649	639
640	640	704	649	651	698
640	640	768	652	653	755
640	640	832	655	654	813
640	640	896	657	655	871
640	640	960	661	657	931
640	640	1023	665	659	989
640	704	0	650	700	227
640	704	64	650	704	233
640	704	128	651	705	253
640	704	192	651	705	285
640	704	256	652	705	326
640	704	320	653	706	372
640	704	384	654	707	423
640	704	448	655	707	476
640	704	512	658	708	529
640	704	576	660	710	588
640	704	640	662	710	645
640	704	704	664	711	703
640	704	768	667	712	759
640	704	832	671	715	818
640	704	896	673	715	876
640	704	960	676	716	935
640	704	1023	681	719	994
640	768	0	667	760	244
640	768	64	667	763	250
640	768	128	667	763	268
640	768	192	668	764	299
640	768	256	668	764	337
640	768	320	669	765	383
640	768	384	671	766	432
640	768	448	672	766	484
640	768	512	674	767	536
640	768	576	676	769	594
640	768	640	678	769	651
640	768	704	680	769	708
640	768	768	684	772	765
640	768	832	686	772	823
640	768	896	689	773	881
640	768	960	692	774	939
640	768	1023	696	776	998
640	832	0	683	818	261
640	832	64	683	821	267
640	832	128	683	822	283
640	832	192	683	822	312
640	832	256	685	823	350
640	832	320	685	822	393
640	832	384	687	824	441
640	832	448	688	824	492
640	832	512	690	825	543
640	832	576	692	827	600
640	832	640	694	827	657
640	832	704	696	827	713
640	832	768	699	829	769
640	832	832	702	831	827
640	832	896	705	831	885
640	832	960	708	832	944
640	832	1023	711	834	1001
640	896	0	701	878	278
640	896	64	701	881	284
640	896	128	701	882	300
640	896	192	701	882	327
640	896	256	702	882	362
640	896	320	703	883	404
640	896	384	705	884	451
640	896	448	706	885	501
640	896	512	708	886	551
640	896	576	711	887	608
640	896	640	712	887	663
640	896	704	714	887	719
640	896	768	716	888	774
640	896	832	720	890	832
640	896	896	722	891	889
640	896	960	725	892	948
640	896	1023	729	893	1006
640	960	0	719	937	296
640	960	64	720	941	301
640	960	128	719	941	316
640	960	192	720	942	342
640	960	256	720	942	375
640	960	320	722	942	416
640	960	384	723	943	461
640	960	448	724	944	510
640	960	512	725	944	559
640	960	576	728	945	614
640	960	640	730	946	670
640	960	704	732	947	726
640	960	768	734	948	780
640	960	832	738	950	838
640	960	896	739	948	894
640	960	960	742	949	952
640	960	1023	746	951	1009
640	1023	0	738	995	313
640	1023	64	739	999	318
640	1023	128	738	998	332
640	1023	192	739	999	356
640	1023	256	740	1000	389
640	1023	320	741	1000	428
640	1023	384	742	1001	472
640	1023	448	744	1002	520
640	1023	512	745	1001	567
640	1023	576	747	1003	622
640	1023	640	748	1002	677
640	1023	704	751	1004	732
640	1023	768	753	1005	787
640	1023	832	755	1005	843
640	1023	896	758	1005	900
640	1023	960	760	1005	957
640	1023	1023	763	1005	1015
704	0	0	618	172	102
704	0	64	617	172	116
704	0	128	617	173	154
704	0	192	617	174	205
704	0	256	618	176	260
704	0	320	619	178	318
704	0	384	621	181	376
704	0	448	622	184	435
704	0	512	624	188	492
704	0	576	627	193	555
704	0	640	629	197	616
704	0	704	632	203	676
704	0	768	635	209	734
704	0	832	637	215	794
704	0	896	640	221	854
704	0	960	644	229	914
704	0	1023	648	236	974
704	64	0	618	181	103
704	64	64	618	181	117
704	64	128	618	181	154
704	64	192	618	182	206
704	64	256	619	184	261
704	64	320	620	186	318
704	64	384	622	189	377
704	64	448	623	192	435
704	64	512	625	196	493
704	64	576	628	200	555
704	64	640	629	205	616
704	64	704	632	211	676
704	64	768	636	216	735
704	64	832	638	222	794
704	64	896	641	228	854
704	64	960	644	235	914
704	64	1023	649	242	973
704	128	0	620	207	107
704	128	64	619	208	121
704	128	128	619	208	157
704	128	192	620	209	208
704	128	256	620	211	262
704	128	320	621	213	319
704	128	384	623	215	378
704	128	448	624	218	436
704	128	512	626	221	493
704	128	576	629	225	556
704	128	640	631	229	616
704	128	704	633	233	676
704	128	768	637	239	735
704	128	832	640	244	795
704	128	896	642	250	854
704	128	960	646	256	915
704	128	1023	650	262	974
704	192	0	623	248	114
704	192	64	622	250	127
704	192	128	622	250	162
704	192	192	622	251	211
704	192	256	624	252	265
704	192	320	625	254	322
704	192	384	626	256	379
704	192	448	627	258	438
704	192	512	629	261	495
704	192	576	632	264	557
704	192	640	634	267	617
704	192	704	636	271	677
704	192	768	639	275	735
704	192	832	643	280	795
704	192	896	645	284	855
704	192	960	649	290	916
704	192	1023	653	295	975
704	256	0	627	296	124
704	256	64	627	298	136
704	256	128	627	299	169
704	256	192	627	299	216
704	256	256	627	300	269
704	256	320	628	301	324
704	256	384	630	303	382
704	256	448	632	305	440
704	256	512	634	307	497
704	256	576	637	310	559
704	256	640	638	313	619
704	256	704	640	316	679
704	256	768	643	319	737
704	256	832	647	323	797
704	256	896	650	327	857
704	256	960	654	331	917
704	256	1023	658	336	976
704	320	0	633	350	136
704	320	64	632	353	147
704	320	128	632	353	177
704	320	192	633	354	223
704	320	256	633	354	274
704	320	320	635	355	329
704	320	384	636	357	385
704	320	448	637	358	443
704	320	512	639	360	499
704	320	576	642	363	561
704	320	640	643	364	621
704	320	704	646	368	681
704	320	768	650	370	739
704	320	832	652	373	798
704	320	896	655	376	857
704	320	960	658	380	918
704	320	1023	663	384	977
704	384	0	640	406	149
704	384	64	639	408	160
704	384	128	640	409	187
704	384	192	640	409	231
704	384	256	641	410	280
704	384	320	642	411	334
704	384	384	643	412	390
704	384	448	644	413	447
704	384	512	647	415	503
704	384	576	649	417	564
704	384	640	651	419	624
704	384	704	653	421	683
704	384	768	656	423	741
704	384	832	659	426	800
704	384	896	662	428	860
704	384	960	666	431	920
704	384	1023	670	435	979
704	448	0	649	463	164
704	448	64	648	465	173
704	448	128	648	465	199
704	448	192	649	466	240
704	448	256	650	467	288
704	448	320	651	468	340
704	448	384	652	469	395
704	448	448	654	470	451
704	448	512	655	471	506
704	448	576	658	473	567
704	448	640	660	475	627
704	448	704	662	477	686
704	448	768	665	479	744
704	448	832	669	482	804
704	448	896	670	482	862
704	448	960	673	485	922
704	448	1023	678	489	981
704	512	0	658	520	179
704	512	64	658	523	187
704	512	128	658	523	211
704	512	192	658	523	250
704	512	256	660	524	296
704	512	320	660	525	347
704	512	384	662	526	401
704	512	448	663	527	456
704	512	512	665	528	511
704	512	576	668	530	572
704	512	640	669	531	631
704	512	704	671	532	689
704	512	768	674	534	747
704	512	832	678	536	806
704	512	896	680	538	865
704	512	960	684	540	925
704	512	1023	687	543	983
704	576	0	671	584	196
704	576	64	671	587	204
704	576	128	671	587	226
704	576	192	671	588	262
704	576	256	672	588	306
704	576	320	673	589	356
704	576	384	674	590	408
704	576	448	675	590	463
704	576	512	677	591	517
704	576	576	680	593	577
704	576	640	681	594	635
704	576	704	684	596	694
704	576	768	687	597	751
704	576	832	689	599	809
704	576	896	692	600	868
704	576	960	695	601	928
704	576	1023	699	604	986
704	640	0	683	642	213
704	640	64	683	645	220
704	640	128	684	646	240
704	640	192	684	646	274
704	640	256	684	647	316
704	640	320	686	648	364
704	640	384	687	648	415
704	640	448	688	649	469
704	640	512	690	650	523
704	640	576	693	652	582
704	640	640	694	652	640
704	640	704	696	653	698
704	640	768	699	655	755
704	640	832	702	657	814
704	640	896	705	658	872
704	640	960	708	660	931
704	640	1023	712	662	990
704	704	0	697	702	230
704	704	64	697	706	236
704	704	128	698	706	255
704	704	192	698	706	287
704	704	256	699	708	328
704	704	320	700	708	374
704	704	384	701	709	424
704	704	448	702	709	477
704	704	512	704	710	529
704	704	576	707	712	588
704	704	640	708	712	645
704	704	704	710	713	703
704	704	768	713	714	759
704	704	832	716	716	818
704	704	896	718	717	876
704	704	960	721	718	935
704	704	1023	725	720	994
704	768	0	713	761	247
704	768	64	713	765	253
704	768	128	713	765	270
704	768	192	713	766	301
704	768	256	714	766	339
704	768	320	715	767	384
704	768	384	717	768	433
704	768	448	718	768	485
704	768	512	719	769	537
704	768	576	721	770	594
704	768	640	724	771	652
704	768	704	726	772	709
704	768	768	728	773	765
704	768	832	732	775	824
704	768	896	732	774	880
704	768	960	736	776	940
704	768	1023	739	778	998
704	832	0	728	820	263
704	832	64	728	823	269
704	832	128	728	823	286
704	832	192	729	824	314
704	832	256	729	824	351
704	832	320	730	825	394
704	832	384	732	826	442
704	832	448	732	826	492
704	832	512	734	827	544
704	832	576	737	828	601
704	832	640	738	828	657
704	832	704	739	829	713
704	832	768	743	831	770
704	832	832	746	832	827
704	832	896	748	832	885
704	832	960	750	833	943
704	832	1023	754	835	1001
704	896	0	744	879	281
704	896	64	745	883	286
704	896	128	745	884	302
704	896	192	745	884	329
704	896	256	746	885	364
704	896	320	747	885	406
704	896	384	748	886	452
704	896	448	749	886	501
704	896	512	751	887	551
704	896	576	753	888	608
704	896	640	755	888	663
704	896	704	756	889	719
704	896	768	759	890	774
704	896	832	762	892	832
704	896	896	764	892	890
704	896	960	767	893	948
704	896	1023	771	895	1006
704	960	0	761	938	298
704	960	64	762	942	304
704	960	128	762	943	318
704	960	192	762	942	343
704	960	256	763	943	377
704	960	320	764	943	417
704	960	384	765	945	462
704	960	448	766	945	511
704	960	512	768	946	560
704	960	576	771	948	616
704	960	640	772	947	670
704	960	704	773	948	726
704	960	768	775	949	780
704	960	832	779	951	838
704	960	896	781	951	895
704	960	960	784	952	953
704	960	1023	787	954	1011
704	1023	0	779	996	315
704	1023	64	780	1000	320
704	1023	128	781	1001	334
704	1023	192	780	1000	358
704	1023	256	781	1001	390
704	1023	320	781	1001	429
704	1023	384	783	1002	473
704	1023	448	784	1003	520
704	1023	512	786	1004	569
704	1023	576	789	1005	624
704	1023	640	789	1005	678
704	1023	704	791	1005	733
704	1023	768	793	1006	787
704	1023	832	797	1007	844
704	1023	896	799	1007	900
704	1023	960	801	1007	958
704	1023	1023	804	1007	1016
768	0	0	673	187	111
768	0	64	672	187	124
768	0	128	672	188	160
768	0	192	672	189	209
768	0	256	673	190	263
768	0	320	674	192	320
768	0	384	675	195	378
768	0	448	676	198	437
768	0	512	679	202	494
768	0	576	681	206	557
768	0	640	683	211	617
768	0	704	685	216	677
768	0	768	687	221	735
768	0	832	691	227	796
768	0	896	693	233	855
768	0	960	697	240	916
768	0	1023	700	246	974
768	64	0	673	195	112
768	64	64	673	195	125
768	64	128	673	195	160
768	64	192	673	196	210
768	64	256	673	198	264
768	64	320	674	200	320
768	64	384	676	202	378
768	64	448	677	206	437
768	64	512	679	209	494
768	64	576	682	213	557
768	64	640	683	217	617
768	64	704	685	222	677
768	64	768	687	228	735
768	64	832	691	233	795
768	64	896	694	239	855
768	64	960	697	246	916
768	64	1023	700	252	974
768	128	0	675	219	116
768	128	64	674	220	128
768	128	128	673	220	163
768	128	192	674	221	212
768	128	256	675	223	265
768	128	320	676	224	322
768	128	384	677	227	379
768	128	448	678	229	438
768	128	512	680	232	494
768	128	576	682	236	557
768	128	640	685	240	618
768	128	704	687	244	677
768	128	768	689	249	736
768	128	832	693	254	796
768	128	896	694	259	855
768	128	960	698	265	915
768	128	1023	702	271	975
768	192	0	677	259	123
768	192	64	677	260	135
768	192	128	676	260	167
768	192	192	677	261	215
768	192	256	677	262	268
768	192	320	678	263	324
768	192	384	680	265	381
768	192	448	681	267	439
768	192	512	682	270	496
768	192	576	685	273	558
768	192	640	686	276	618
768	192	704	690	280	679
768	192	768	692	284	736
768	192	832	695	288	796
768	192	896	697	293	855
768	192	960	700	297	916
768	192	1023	704	303	975
768	256	0	681	305	132
768	256	64	680	306	142
768	256	128	680	307	174
768	256	192	681	307	220
768	256	256	681	308	272
768	256	320	683	310	327
768	256	384	684	311	384
768	256	448	685	313	442
768	256	512	687	315	498
768	256	576	689	318	560
768	256	640	691	320	620
768	256	704	693	323	679
768	256	768	696	327	738
768	256	832	699	330	798
768	256	896	701	334	857
768	256	960	704	338	917
768	256	1023	708	343	976
768	320	0	686	357	143
768	320	64	686	359	153
768	320	128	685	359	182
768	320	192	686	360	226
768	320	256	686	361	277
768	320	320	688	362	331
768	320	384	689	363	387
768	320	448	690	365	444
768	320	512	692	367	501
768	320	576	695	369	563
768	320	640	696	371	622
768	320	704	698	373	681
768	320	768	701	376	739
768	320	832	704	380	799
768	320	896	707	382	859
768	320	960	709	385	918
768	320	1023	713	390	977
768	384	0	693	411	155
768	384	64	692	413	165
768	384	128	692	414	192
768	384	192	693	415	234
768	384	256	693	415	283
768	384	320	694	416	336
768	384	384	696	418	391
768	384	448	697	419	448
768	384	512	698	420	503
768	384	576	701	422	565
768	384	640	702	424	624
768	384	704	704	426	683
768	384	768	708	429	742
768	384	832	710	431	801
768	384	896	712	434	860
768	384	960	715	437	920
768	384	1023	719	440	979
768	448	0	700	467	169
768	448	64	700	470	178
768	448	128	700	471	203
768	448	192	700	471	243
768	448	256	701	471	290
768	448	320	702	472	342
768	448	384	704	474	397
768	448	448	705	475	453
768	448	512	707	476	508
768	448	576	709	478	569
768	448	640	710	479	628
768	448	704	712	481	687
768	448	768	715	483	744
768	448	832	718	486	804
768	448	896	721	488	863
768	448	960	724	490	923
768	448	1023	728	493	982
768	512	0	709	524	184
768	512	64	709	527	192
768	512	128	709	527	215
768	512	192	710	528	253
768	512	256	710	528	298
768	512	320	711	529	349
768	512	384	713	530	402
768	512	448	713	530	458
768	512	512	715	531	512
768	512	576	718	534	573
768	512	640	719	534	631
768	512	704	720	535	689
768	512	768	724	538	748
768	512	832	727	540	806
768	512	896	729	541	865
768	512	960	732	543	925
768	512	1023	736	546	984
768	576	0	721	587	201
768	576	64	720	590	208
768	576	128	720	590	229
768	576	192	721	591	265
768	576	256	721	591	308
768	576	320	722	592	357
768	576	384	724	593	410
768	576	448	725	594	464
768	576	512	726	594	518
768	576	576	729	597	578
768	576	640	731	597	636
768	576	704	732	598	694
768	576	768	735	600	751
768	576	832	739	603	811
768	576	896	739	603	868
768	576	960	742	604	928
768	576	1023	746	607	986
768	640	0	732	645	216
768	640	64	732	648	224
768	640	128	732	649	243
768	640	192	732	649	277
768	640	256	734	650	319
768	640	320	735	651	366
768	640	384	736	651	417
768	640	448	737	652	470
768	640	512	738	653	524
768	640	576	741	655	583
768	640	640	742	655	641
768	640	704	744	656	698
768	640	768	746	658	755
768	640	832	750	660	814
768	640	896	752	661	873
768	640	960	755	662	932
768	640	1023	758	665	991
768	704	0	746	706	233
768	704	64	746	709	240
768	704	128	746	709	258
768	704	192	746	710	290
768	704	256	747	710	330
768	704	320	748	711	376
768	704	384	749	712	426
768	704	448	750	712	478
768	704	512	751	712	530
768	704	576	754	714	589
768	704	640	755	714	646
768	704	704	758	716	704
768	704	768	760	718	760
768	704	832	762	718	818
768	704	896	764	719	876
768	704	960	767	721	936
768	704	1023	771	723	994
768	768	0	760	764	250
768	768	64	760	767	256
768	768	128	760	768	274
768	768	192	761	768	303
768	768	256	761	768	341
768	768	320	762	769	386
768	768	384	763	770	435
768	768	448	764	771	486
768	768	512	766	772	538
768	768	576	769	773	596
768	768	640	770	773	652
768	768	704	771	774	709
768	768	768	774	775	765
768	768	832	777	777	824
768	768	896	779	778	882
768	768	960	782	779	941
768	768	1023	785	781	999
768	832	0	774	822	266
768	832	64	774	826	272
768	832	128	774	826	288
768	832	192	775	826	317
768	832	256	775	826	353
768	832	320	776	827	396
768	832	384	777	828	444
768	832	448	778	828	494
768	832	512	779	828	544
768	832	576	782	830	601
768	832	640	784	831	658
768	832	704	785	832	715
768	832	768	788	833	770
768	832	832	791	835	828
768	832	896	792	834	885
768	832	960	794	835	944
768	832	1023	798	837	1002
768	896	0	790	882	284
768	896	64	790	885	289
768	896	128	789	885	304
768	896	192	790	886	331
768	896	256	791	886	366
768	896	320	792	887	407
768	896	384	793	888	453
768	896	448	793	887	502
768	896	512	795	888	552
768	896	576	797	890	609
768	896	640	798	890	664
768	896	704	801	892	721
768	896	768	803	892	776
768	896	832	805	893	832
768	896	896	807	893	890
768	896	960	810	894	948
768	896	1023	813	896	1006
768	960	0	806	941	301
768	960	64	805	944	306
768	960	128	806	944	320
768	960	192	806	945	345
768	960	256	807	946	379
768	960	320	808	946	419
768	960	384	810	947	464
768	960	448	809	946	512
768	960	512	811	948	561
768	960	576	814	949	616
768	960	640	815	949	671
768	960	704	816	949	726
768	960	768	820	952	782
768	960	832	822	952	838
768	960	896	823	952	895
768	960	960	826	953	953
768	960	1023	829	955	1011
768	1023	0	823	998	318
768	1023	64	823	1002	323
768	1023	128	823	1003	336
768	1023	192	823	1002	360
768	1023	256	824	1004	392
768	1023	320	825	1004	431
768	1023	384	826	1004	474
768	1023	448	827	1004	521
768	1023	512	828	1005	570
768	1023	576	831	1006	624
768	1023	640	831	1006	678
768	1023	704	833	1006	733
768	1023	768	835	1007	787
768	1023	832	838	1009	844
768	1023	896	840	1008	901
768	1023	960	842	1009	959
768	1023	1023	845	1009	1016
832	0	0	727	202	120
832	0	64	726	202	132
832	0	128	726	203	165
832	0	192	726	203	213
832	0	256	727	205	267
832	0	320	728	207	323
832	0	384	729	209	380
832	0	448	730	212	438
832	0	512	732	215	495
832	0	576	734	219	558
832	0	640	735	224	618
832	0	704	737	228	677
832	0	768	740	233	736
832	0	832	743	239	796
832	0	896	745	245	856
832	0	960	748	251	916
832	0	1023	752	257	975
832	64	0	727	209	121
832	64	64	726	209	132
832	64	128	726	210	166
832	64	192	726	210	214
832	64	256	727	212	267
832	64	320	729	214	323
832	64	384	729	216	380
832	64	448	730	219	439
832	64	512	732	222	496
832	64	576	734	226	558
832	64	640	736	230	618
832	64	704	737	235	677
832	64	768	740	239	736
832	64	832	743	245	796
832	64	896	746	250	856
832	64	960	749	257	916
832	64	1023	752	263	975
832	128	0	729	232	124
832	128	64	728	233	136
832	128	128	727	233	168
832	128	192	728	234	216
832	128	256	728	235	268
832	128	320	729	236	324
832	128	384	731	239	381
832	128	448	732	241	440
832	128	512	733	244	496
832	128	576	736	248	558
832	128	640	737	251	619
832	128	704	739	255	678
832	128	768	742	260	736
832	128	832	745	265	797
832	128	896	747	270	856
832	128	960	750	275	917
832	128	1023	754	281	976
832	192	0	731	269	131
832	192	64	730	270	141
832	192	128	731	270	173
832	192	192	731	271	219
832	192	256	731	272	271
832	192	320	732	274	326
832	192	384	733	275	383
832	192	448	734	278	441
832	192	512	736	280	498
832	192	576	739	283	560
832	192	640	740	286	620
832	192	704	742	289	680
832	192	768	744	293	737
832	192	832	748	298	798
832	192	896	750	302	857
832	192	960	752	307	917
832	192	1023	755	311	976
832	256	0	735	313	139
832	256	64	734	315	149
832	256	128	734	315	179
832	256	192	734	316	224
832	256	256	735	317	275
832	256	320	736	318	329
832	256	384	737	320	386
832	256	448	738	321	444
832	256	512	739	323	499
832	256	576	741	326	561
832	256	640	744	328	622
832	256	704	745	331	681
832	256	768	748	335	739
832	256	832	751	339	799
832	256	896	752	341	858
832	256	960	755	346	918
832	256	1023	759	350	977
832	320	0	739	364	149
832	320	64	738	366	159
832	320	128	739	367	187
832	320	192	739	367	230
832	320	256	740	368	280
832	320	320	741	369	334
832	320	384	742	371	389
832	320	448	742	372	446
832	320	512	744	373	502
832	320	576	747	376	563
832	320	640	748	378	623
832	320	704	750	380	682
832	320	768	752	383	740
832	320	832	755	386	800
832	320	896	758	389	859
832	320	960	761	392	920
832	320	1023	764	396	978
832	384	0	745	417	161
832	384	64	745	420	171
832	384	128	744	420	196
832	384	192	745	421	238
832	384	256	746	421	286
832	384	320	746	422	338
832	384	384	748	424	393
832	384	448	749	425	450
832	384	512	750	426	505
832	384	576	753	429	567
832	384	640	754	430	626
832	384	704	756	432	685
832	384	768	758	434	742
832	384	832	762	437	803
832	384	896	763	439	861
832	384	960	765	442	921
832	384	1023	769	445	980
832	448	0	753	473	175
832	448	64	752	475	183
832	448	128	752	476	207
832	448	192	753	476	247
832	448	256	753	477	293
832	448	320	754	478	345
832	448	384	756	479	399
832	448	448	756	479	454
832	448	512	757	481	509
832	448	576	760	483	570
832	448	640	761	484	629
832	448	704	762	485	687
832	448	768	766	488	746
832	448	832	768	490	805
832	448	896	770	492	864
832	448	960	773	495	923
832	448	1023	776	498	982
832	512	0	761	528	189
832	512	64	760	531	197
832	512	128	760	531	219
832	512	192	760	532	256
832	512	256	761	532	301
832	512	320	762	533	351
832	512	384	763	534	404
832	512	448	765	535	460
832	512	512	766	537	514
832	512	576	769	539	574
832	512	640	770	539	633
832	512	704	771	541	691
832	512	768	774	542	748
832	512	832	777	545	808
832	512	896	779	546	867
832	512	960	781	548	925
832	512	1023	784	550	984
832	576	0	771	591	205
832	576	64	771	594	213
832	576	128	771	595	233
832	576	192	771	595	268
832	576	256	772	596	311
832	576	320	772	596	359
832	576	384	774	597	411
832	576	448	775	598	466
832	576	512	776	599	519
832	576	576	779	601	579
832	576	640	780	601	637
832	576	704	782	602	695
832	576	768	784	604	752
832	576	832	787	606	811
832	576	896	789	607	870
832	576	960	792	609	929
832	576	1023	795	612	988
832	640	0	782	649	221
832	640	64	782	653	228
832	640	128	782	653	247
832	640	192	782	653	280
832	640	256	783	654	321
832	640	320	784	654	368
832	640	384	785	655	419
832	640	448	786	655	472
832	640	512	787	657	525
832	640	576	789	658	584
832	640	640	790	658	642
832	640	704	793	661	700
832	640	768	796	662	757
832	640	832	798	663	815
832	640	896	799	664	873
832	640	960	802	665	932
832	640	1023	805	668	991
832	704	0	795	708	237
832	704	64	794	712	244
832	704	128	795	713	262
832	704	192	794	713	293
832	704	256	795	713	332
832	704	320	796	714	378
832	704	384	798	715	427
832	704	448	798	715	480
832	704	512	800	716	532
832	704	576	802	718	591
832	704	640	803	718	648
832	704	704	805	719	705
832	704	768	808	721	761
832	704	832	811	722	820
832	704	896	812	723	878
832	704	960	815	725	937
832	704	1023	818	726	996
832	768	0	809	767	253
832	768	64	808	771	260
832	768	128	808	771	276
832	768	192	809	772	306
832	768	256	809	772	344
832	768	320	810	773	389
832	768	384	812	774	437
832	768	448	812	773	488
832	768	512	813	775	540
832	768	576	815	776	597
832	768	640	816	776	653
832	768	704	818	776	710
832	768	768	821	779	767
832	768	832	823	779	824
832	768	896	825	780	882
832	768	960	827	781	941
832	768	1023	831	783	999
832	832	0	821	824	270
832	832	64	820	828	275
832	832	128	821	829	291
832	832	192	821	829	319
832	832	256	821	829	355
832	832	320	822	830	398
832	832	384	823	830	445
832	832	448	825	831	496
832	832	512	826	832	546
832	832	576	828	834	603
832	832	640	829	834	659
832	832	704	831	834	715
832	832	768	833	835	771
832	832	832	836	837	829
832	832	896	838	838	887
832	832	960	841	839	945
832	832	1023	844	841	1003
832	896	0	835	884	287
832	896	64	836	888	292
832	896	128	836	889	307
832	896	192	836	888	333
832	896	256	836	888	368
832	896	320	837	889	409
832	896	384	838	890	455
832	896	448	839	891	504
832	896	512	841	892	554
832	896	576	843	893	610
832	896	640	844	893	665
832	896	704	846	893	721
832	896	768	848	895	776
832	896	832	851	897	834
832	896	896	852	897	892
832	896	960	855	898	950
832	896	1023	857	898	1007
832	960	0	851	943	304
832	960	64	851	947	309
832	960	128	850	946	323
832	960	192	851	947	348
832	960	256	851	948	381
832	960	320	852	948	421
832	960	384	854	949	465
832	960	448	855	950	514
832	960	512	855	949	562
832	960	576	857	951	617
832	960	640	859	952	672
832	960	704	861	952	728
832	960	768	863	953	782
832	960	832	865	954	839
832	960	896	866	954	896
832	960	960	869	955	954
832	960	1023	872	957	1011
832	1023	0	867	1000	320
832	1023	64	867	1005	326
832	1023	128	866	1004	338
832	1023	192	867	1005	363
832	1023	256	868	1005	394
832	1023	320	868	1006	433
832	1023	384	870	1007	476
832	1023	448	870	1006	522
832	1023	512	871	1007	571
832	1023	576	873	1008	625
832	1023	640	874	1008	679
832	1023	704	877	1009	734
832	1023	768	879	1010	788
832	1023	832	880	1010	845
832	1023	896	882	1010	901
832	1023	960	884	1011	959
832	1023	1023	887	1011	1016
896	0	0	779	217	129
896	0	64	778	216	140
896	0	128	778	217	171
896	0	192	778	218	218
896	0	256	779	219	270
896	0	320	780	221	325
896	0	384	781	223	383
896	0	448	782	226	441
896	0	512	783	228	497
896	0	576	785	232	559
896	0	640	787	237	620
896	0	704	789	241	679
896	0	768	791	246	737
896	0	832	793	251	797
896	0	896	795	256	857
896	0	960	798	262	917
896	0	1023	802	268	976
896	64	0	780	223	129
896	64	64	779	223	140
896	64	128	778	223	172
896	64	192	779	224	219
896	64	256	779	225	271
896	64	320	780	227	326
896	64	384	782	230	383
896	64	448	783	232	441
896	64	512	783	235	497
896	64	576	786	239	559
896	64	640	788	243	620
896	64	704	789	247	679
896	64	768	792	252	738
896	64	832	794	256	797
896	64	896	796	261	856
896	64	960	799	267	917
896	64	1023	802	274	976
896	128	0	781	244	133
896	128	64	780	245	143
896	128	128	780	245	174
896	128	192	780	246	220
896	128	256	781	247	272
896	128	320	781	249	327
896	128	384	783	251	384
896	128	448	783	253	442
896	128	512	785	255	498
896	128	576	787	259	560
896	128	640	788	262	620
896	128	704	791	267	680
896	128	768	793	271	738
896	128	832	795	275	797
896	128	896	797	280	857
896	128	960	800	285	917
896	128	1023	803	291	977
896	192	0	784	280	138
896	192	64	782	280	149
896	192	128	782	281	178
896	192	192	783	282	224
896	192	256	783	283	274
896	192	320	784	284	329
896	192	384	785	286	386
896	192	448	785	287	443
896	192	512	787	290	499
896	192	576	789	293	561
896	192	640	790	296	621
896	192	704	792	299	680
896	192	768	795	303	739
896	192	832	797	307	798
896	192	896	799	311	858
896	192	960	802	315	918
896	192	1023	806	321	977
896	256	0	786	322	146
896	256	64	785	323	156
896	256	128	786	324	185
896	256	192	786	324	228
896	256	256	787	325	278
896	256	320	787	326	332
896	256	384	788	328	388
896	256	448	789	329	445
896	256	512	791	331	501
896	256	576	793	334	563
896	256	640	794	336	623
896	256	704	795	339	682
896	256	768	798	342	740
896	256	832	801	346	800
896	256	896	803	350	859
896	256	960	805	354	919
896	256	1023	809	358	979
896	320	0	791	372	156
896	320	64	790	374	166
896	320	128	790	374	193
896	320	192	790	375	234
896	320	256	790	375	283
896	320	320	791	376	336
896	320	384	793	378	391
896	320	448	794	379	449
896	320	512	795	380	503
896	320	576	797	383	564
896	320	640	798	384	624
896	320	704	801	387	684
896	320	768	803	390	742
896	320	832	805	393	801
896	320	896	807	395	860
896	320	960	809	399	920
896	320	1023	813	403	979
896	384	0	796	423	168
896	384	64	795	426	176
896	384	128	795	426	202
896	384	192	796	427	242
896	384	256	797	428	289
896	384	320	798	429	341
896	384	384	798	430	395
896	384	448	799	431	452
896	384	512	801	432	507
896	384	576	803	434	568
896	384	640	804	436	627
896	384	704	805	438	686
896	384	768	807	440	743
896	384	832	811	443	803
896	384	896	813	445	862
896	384	960	815	448	922
896	384	1023	818	452	981
896	448	0	803	478	180
896	448	64	802	481	189
896	448	128	802	481	212
896	448	192	803	482	250
896	448	256	803	482	296
896	448	320	804	483	347
896	448	384	805	484	401
896	448	448	806	485	456
896	448	512	807	486	511
896	448	576	810	489	572
896	448	640	811	490	631
896	448	704	813	491	689
896	448	768	815	493	746
896	448	832	818	496	806
896	448	896	820	498	865
896	448	960	821	499	924
896	448	1023	825	503	983
896	512	0	811	534	194
896	512	64	810	536	202
896	512	128	810	536	224
896	512	192	810	537	260
896	512	256	811	538	304
896	512	320	812	538	354
896	512	384	813	539	406
896	512	448	814	540	461
896	512	512	815	541	515
896	512	576	818	543	575
896	512	640	818	543	634
896	512	704	820	545	692
896	512	768	823	548	750
896	512	832	825	549	809
896	512	896	827	551	868
896	512	960	829	553	927
896	512	1023	833	555	986
896	576	0	821	595	210
896	576	64	820	599	217
896	576	128	820	599	237
896	576	192	820	599	272
896	576	256	821	600	314
896	576	320	821	600	362
896	576	384	823	601	414
896	576	448	823	602	467
896	576	512	825	603	521
896	576	576	827	604	580
896	576	640	828	605	638
896	576	704	830	607	697
896	576	768	832	608	753
896	576	832	835	610	812
896	576	896	836	611	870
896	576	960	838	613	930
896	576	1023	842	615	989
896	640	0	831	653	225
896	640	64	830	656	232
896	640	128	830	657	251
896	640	192	830	657	283
896	640	256	831	657	324
896	640	320	832	658	371
896	640	384	833	659	421
896	640	448	834	660	474
896	640	512	836	661	527
896	640	576	838	662	586
896	640	640	839	663	643
896	640	704	840	664	701
896	640	768	843	665	757
896	640	832	846	668	816
896	640	896	847	668	875
896	640	960	849	670	934
896	640	1023	853	672	993
896	704	0	843	713	241
896	704	64	842	715	248
896	704	128	842	716	265
896	704	192	843	717	296
896	704	256	843	717	335
896	704	320	844	718	381
896	704	384	845	719	430
896	704	448	845	718	481
896	704	512	847	720	534
896	704	576	849	721	592
896	704	640	850	721	649
896	704	704	851	722	706
896	704	768	855	724	763
896	704	832	856	725	821
896	704	896	858	726	879
896	704	960	861	727	938
896	704	1023	864	729	996
896	768	0	855	770	257
896	768	64	855	774	263
896	768	128	855	774	280
896	768	192	855	775	309
896	768	256	855	775	346
896	768	320	856	775	390
896	768	384	858	777	439
896	768	448	859	777	490
896	768	512	859	777	541
896	768	576	861	779	598
896	768	640	863	780	655
896	768	704	865	780	712
896	768	768	867	782	768
896	768	832	870	784	826
896	768	896	870	783	883
896	768	960	873	784	942
896	768	1023	875	786	1000
896	832	0	867	828	273
896	832	64	867	832	279
896	832	128	866	831	295
896	832	192	867	832	322
896	832	256	868	832	358
896	832	320	869	833	400
896	832	384	870	834	448
896	832	448	870	833	497
896	832	512	871	835	548
896	832	576	874	836	604
896	832	640	874	836	660
896	832	704	877	838	717
896	832	768	879	839	773
896	832	832	881	840	830
896	832	896	882	840	887
896	832	960	885	841	946
896	832	1023	888	843	1004
896	896	0	882	888	290
896	896	64	880	890	295
896	896	128	881	891	310
896	896	192	881	891	336
896	896	256	882	892	371
896	896	320	883	893	412
896	896	384	883	893	457
896	896	448	884	893	506
896	896	512	885	894	556
896	896	576	888	896	612
896	896	640	888	895	666
896	896	704	890	896	722
896	896	768	893	898	778
896	896	832	895	899	835
896	896	896	896	899	892
896	896	960	898	900	950
896	896	1023	902	902	1008
896	960	0	895	945	306
896	960	64	895	949	312
896	960	128	896	950	326
896	960	192	895	950	351
896	960	256	895	950	383
896	960	320	896	950	423
896	960	384	898	952	467
896	960	448	899	952	515
896	960	512	900	953	564
896	960	576	902	955	619
896	960	640	903	954	673
896	960	704	904	955	728
896	960	768	906	956	783
896	960	832	909	957	840
896	960	896	910	957	897
896	960	960	913	958	956
896	960	1023	916	960	1013
896	1023	0	911	1003	323
896	1023	64	910	1007	328
896	1023	128	911	1008	342
896	1023	192	911	1008	365
896	1023	256	911	1007	396
896	1023	320	911	1008	434
896	1023	384	913	1009	477
896	1023	448	914	1009	525
896	1023	512	915	1010	573
896	1023	576	917	1012	627
896	1023	640	918	1011	681
896	1023	704	919	1011	735
896	1023	768	921	1012	789
896	1023	832	924	1014	846
896	1023	896	925	1013	903
896	1023	960	927	1014	961
896	1023	1023	930	1014	1018
960	0	0	833	231	137
960	0	64	831	231	148
960	0	128	832	232	178
960	0	192	832	232	223
960	0	256	832	233	274
960	0	320	833	235	329
960	0	384	834	237	385
960	0	448	835	240	443
960	0	512	836	243	499
960	0	576	839	246	561
960	0	640	839	250	621
960	0	704	841	254	680
960	0	768	843	258	738
960	0	832	846	264	799
960	0	896	848	269	858
960	0	960	851	274	919
960	0	1023	854	280	978
960	64	0	833	237	138
960	64	64	831	237	148
960	64	128	832	238	178
960	64	192	832	239	223
960	64	256	832	240	274
960	64	320	833	241	329
960	64	384	834	243	385
960	64	448	835	246	443
960	64	512	837	249	500
960	64	576	839	252	561
960	64	640	840	255	621
960	64	704	842	260	681
960	64	768	844	264	738
960	64	832	847	269	799
960	64	896	849	274	859
960	64	960	851	279	919
960	64	1023	854	286	978
960	128	0	834	257	141
960	128	64	833	258	151
960	128	128	833	258	180
960	128	192	833	259	225
960	128	256	834	260	276
960	128	320	834	261	330
960	128	384	836	263	386
960	128	448	837	266	444
960	128	512	838	268	500
960	128	576	840	271	562
960	128	640	841	274	622
960	128	704	843	278	681
960	128	768	845	282	739
960	128	832	848	287	800
960	128	896	850	291	859
960	128	960	851	296	918
960	128	1023	854	302	977
960	192	0	836	291	147
960	192	64	835	292	156
960	192	128	835	292	185
960	192	192	835	293	228
960	192	256	836	293	278
960	192	320	837	295	332
960	192	384	838	297	388
960	192	448	838	298	445
960	192	512	840	300	501
960	192	576	842	303	563
960	192	640	843	306	622
960	192	704	845	309	682
960	192	768	847	313	740
960	192	832	849	317	800
960	192	896	851	320	859
960	192	960	853	325	919
960	192	1023	857	330	978
960	256	0	840	332	154
960	256	64	838	333	163
960	256	128	838	333	190
960	256	192	839	334	233
960	256	256	839	335	282
960	256	320	840	336	335
960	256	384	842	338	391
960	256	448	841	339	447
960	256	512	843	341	503
960	256	576	845	343	564
960	256	640	846	345	624
960	256	704	847	348	683
960	256	768	851	352	742
960	256	832	852	355	801
960	256	896	854	358	860
960	256	960	857	362	920
960	256	1023	860	367	980
960	320	0	844	380	164
960	320	64	842	382	172
960	320	128	843	382	198
960	320	192	842	382	239
960	320	256	843	383	287
960	320	320	844	384	339
960	320	384	845	386	394
960	320	448	846	387	451
960	320	512	848	389	506
960	320	576	850	391	567
960	320	640	850	393	626
960	320	704	852	395	685
960	320	768	854	398	743
960	320	832	857	401	803
960	320	896	859	403	862
960	320	960	861	407	922
960	320	1023	865	411	981
960	384	0	849	431	174
960	384	64	848	433	183
960	384	128	848	433	207
960	384	192	848	434	246
960	384	256	848	435	293
960	384	320	849	436	344
960	384	384	851	437	398
960	384	448	851	438	454
960	384	512	852	439	509
960	384	576	854	441	570
960	384	640	855	442	628
960	384	704	858	445	688
960	384	768	860	447	746
960	384	832	862	449	804
960	384	896	863	452	863
960	384	960	866	455	924
960	384	1023	869	458	983
960	448	0	855	484	187
960	448	64	854	487	194
960	448	128	854	488	217
960	448	192	854	488	255
960	448	256	855	488	300
960	448	320	855	489	350
960	448	384	856	490	403
960	448	448	857	491	458
960	448	512	859	492	513
960	448	576	861	494	573
960	448	640	862	495	632
960	448	704	863	497	690
960	448	768	866	499	748
960	448	832	868	502	807
960	448	896	870	503	866
960	448	960	873	506	926
960	448	1023	876	509	985
960	512	0	863	539	200
960	512	64	862	542	207
960	512	128	862	542	229
960	512	192	862	543	264
960	512	256	862	543	308
960	512	320	863	544	357
960	512	384	865	545	409
960	512	448	864	545	463
960	512	512	866	546	517
960	512	576	868	548	577
960	512	640	869	549	635
960	512	704	871	551	694
960	512	768	874	553	751
960	512	832	875	554	810
960	512	896	877	556	869
960	512	960	879	558	928
960	512	1023	883	561	987
960	576	0	872	600	215
960	576	64	871	604	222
960	576	128	871	604	242
960	576	192	871	604	276
960	576	256	871	605	317
960	576	320	872	605	365
960	576	384	874	607	416
960	576	448	875	607	470
960	576	512	876	609	523
960	576	576	878	610	583
960	576	640	879	611	640
960	576	704	880	612	698
960	576	768	882	613	755
960	576	832	885	616	814
960	576	896	887	617	873
960	576	960	889	619	932
960	576	1023	891	620	990
960	640	0	882	658	230
960	640	64	881	661	237
960	640	128	881	661	255
960	640	192	881	662	287
960	640	256	882	663	327
960	640	320	883	663	374
960	640	384	883	664	424
960	640	448	884	664	476
960	640	512	885	665	529
960	640	576	887	667	588
960	640	640	888	667	645
960	640	704	889	668	702
960	640	768	893	670	760
960	640	832	895	672	818
960	640	896	896	672	876
960	640	960	898	674	935
960	640	1023	901	676	994
960	704	0	892	717	246
960	704	64	892	720	252
960	704	128	892	720	269
960	704	192	892	721	300
960	704	256	893	721	338
960	704	320	893	722	383
960	704	384	895	723	432
960	704	448	896	723	484
960	704	512	896	723	535
960	704	576	898	725	593
960	704	640	899	725	650
960	704	704	901	727	708
960	704	768	903	728	764
960	704	832	905	729	822
960	704	896	907	730	880
960	704	960	909	731	939
960	704	1023	912	733	997
960	768	0	904	774	261
960	768	64	904	778	267
960	768	128	904	779	284
960	768	192	904	778	312
960	768	256	905	779	349
960	768	320	905	779	393
960	768	384	906	781	441
960	768	448	907	781	492
960	768	512	909	782	543
960	768	576	911	783	600
960	768	640	911	783	657
960	768	704	912	784	713
960	768	768	915	785	769
960	768	832	918	787	828
960	768	896	919	787	885
960	768	960	921	789	944
960	768	1023	924	791	1002
960	832	0	916	831	277
960	832	64	916	835	283
960	832	128	915	835	298
960	832	192	915	836	325
960	832	256	915	836	361
960	832	320	916	836	403
960	832	384	918	838	450
960	832	448	919	838	500
960	832	512	920	839	550
960	832	576	922	841	607
960	832	640	923	841	662
960	832	704	924	841	719
960	832	768	926	842	774
960	832	832	929	844	832
960	832	896	930	844	890
960	832	960	931	844	947
960	832	1023	934	846	1005
960	896	0	929	890	294
960	896	64	929	895	299
960	896	128	928	894	313
960	896	192	929	895	339
960	896	256	929	895	373
960	896	320	930	896	414
960	896	384	931	897	459
960	896	448	931	896	507
960	896	512	932	897	557
960	896	576	934	899	613
960	896	640	935	898	668
960	896	704	937	900	724
960	896	768	939	901	779
960	896	832	940	901	836
960	896	896	942	902	893
960	896	960	944	903	951
960	896	1023	947	905	1010
960	960	0	942	949	310
960	960	64	941	952	315
960	960	128	941	953	329
960	960	192	942	953	354
960	960	256	943	954	386
960	960	320	943	954	425
960	960	384	945	956	470
960	960	448	944	955	517
960	960	512	946	956	566
960	960	576	948	957	620
960	960	640	949	957	675
960	960	704	949	957	730
960	960	768	953	960	785
960	960	832	954	960	841
960	960	896	956	960	898
960	960	960	958	961	956
960	960	1023	961	963	1014
960	1023	0	957	1006	327
960	1023	64	956	1010	331
960	1023	128	956	1010	345
960	1023	192	957	1012	368
960	1023	256	957	1012	399
960	1023	320	958	1012	437
960	1023	384	959	1013	480
960	1023	448	959	1012	526
960	1023	512	960	1013	574
960	1023	576	962	1014	628
960	1023	640	963	1013	682
960	1023	704	964	1014	737
960	1023	768	967	1016	791
960	1023	832	968	1016	847
960	1023	896	970	1016	904
960	1023	960	972	1016	962
960	1023	1023	974	1016	1019
1023	0	0	888	246	146
1023	0	64	886	246	156
1023	0	128	886	246	184
1023	0	192	886	247	228
1023	0	256	886	248	278
1023	0	320	888	250	332
1023	0	384	889	252	388
1023	0	448	890	254	445
1023	0	512	890	257	501
1023	0	576	892	260	562
1023	0	640	894	264	623
1023	0	704	895	268	682
1023	0	768	897	272	740
1023	0	832	900	277	800
1023	0	896	900	281	859
1023	0	960	903	287	919
1023	0	1023	906	292	978
1023	64	0	888	252	147
1023	64	64	886	252	156
1023	64	128	886	252	185
1023	64	192	887	253	228
1023	64	256	887	254	278
1023	64	320	888	255	332
1023	64	384	889	257	388
1023	64	448	890	260	446
1023	64	512	890	262	501
1023	64	576	892	265	563
1023	64	640	894	269	623
1023	64	704	896	273	682
1023	64	768	898	277	740
1023	64	832	901	282	801
1023	64	896	901	286	859
1023	64	960	903	291	919
1023	64	1023	906	297	978
1023	128	0	889	270	150
1023	128	64	888	271	159
1023	128	128	887	271	187
1023	128	192	888	272	230
1023	128	256	888	273	279
1023	128	320	889	274	333
1023	128	384	890	276	389
1023	128	448	891	278	446
1023	128	512	892	280	502
1023	128	576	894	284	563
1023	128	640	894	286	623
1023	128	704	897	290	683
1023	128	768	899	294	741
1023	128	832	900	298	800
1023	128	896	902	303	859
1023	128	960	904	307	920
1023	128	1023	908	313	979
1023	192	0	891	302	155
1023	192	64	889	303	164
1023	192	128	889	303	191
1023	192	192	890	304	233
1023	192	256	890	305	282
1023	192	320	891	306	335
1023	192	384	893	308	391
1023	192	448	892	309	447
1023	192	512	894	311	503
1023	192	576	896	314	565
1023	192	640	896	317	624
1023	192	704	898	320	683
1023	192	768	901	323	742
1023	192	832	903	327	801
1023	192	896	904	331	860
1023	192	960	907	335	921
1023	192	1023	910	340	980
1023	256	0	893	341	162
1023	256	64	892	343	171
1023	256	128	892	343	197
1023	256	192	892	343	238
1023	256	256	894	345	286
1023	256	320	894	346	339
1023	256	384	895	347	393
1023	256	448	896	348	450
1023	256	512	897	350	505
1023	256	576	899	353	567
1023	256	640	900	355	626
1023	256	704	901	358	685
1023	256	768	903	360	742
1023	256	832	906	364	802
1023	256	896	908	367	862
1023	256	960	910	371	922
1023	256	1023	913	375	981
1023	320	0	897	388	171
1023	320	64	896	390	179
1023	320	128	896	390	204
1023	320	192	896	391	243
1023	320	256	897	391	290
1023	320	320	897	392	342
1023	320	384	899	394	397
1023	320	448	900	395	453
1023	320	512	900	396	507
1023	320	576	902	398	568
1023	320	640	903	401	628
1023	320	704	905	403	687
1023	320	768	907	405	744
1023	320	832	909	408	803
1023	320	896	910	411	862
1023	320	960	913	414	923
1023	320	1023	916	418	982
1023	384	0	902	438	181
1023	384	64	901	440	189
1023	384	128	901	440	212
1023	384	192	901	441	251
1023	384	256	902	442	296
1023	384	320	903	443	347
1023	384	384	903	444	400
1023	384	448	904	445	456
1023	384	512	905	446	511
1023	384	576	907	448	571
1023	384	640	908	449	630
1023	384	704	909	451	689
1023	384	768	913	454	747
1023	384	832	914	456	806
1023	384	896	916	458	865
1023	384	960	918	461	925
1023	384	1023	921	465	984
1023	448	0	908	490	193
1023	448	64	907	493	200
1023	448	128	907	494	222
1023	448	192	907	494	259
1023	448	256	907	494	303
1023	448	320	908	495	353
1023	448	384	910	497	406
1023	448	448	910	497	461
1023	448	512	912	499	515
1023	448	576	914	501	575
1023	448	640	914	502	633
1023	448	704	916	503	692
1023	448	768	918	505	749
1023	448	832	921	508	809
1023	448	896	922	509	867
1023	448	960	923	511	927
1023	448	1023	926	514	986
1023	512	0	915	545	206
1023	512	64	914	547	213
1023	512	128	914	547	233
1023	512	192	914	548	268
1023	512	256	915	549	311
1023	512	320	916	549	360
1023	512	384	917	551	412
1023	512	448	917	550	465
1023	512	512	918	552	519
1023	512	576	920	553	579
1023	512	640	921	554	637
1023	512	704	922	555	695
1023	512	768	925	558	753
1023	512	832	927	560	811
1023	512	896	928	561	870
1023	512	960	931	563	929
1023	512	1023	933	566	988
1023	576	0	923	605	220
1023	576	64	923	608	227
1023	576	128	922	608	246
1023	576	192	923	609	279
1023	576	256	923	609	321
1023	576	320	924	610	368
1023	576	384	926	611	419
1023	576	448	926	612	472
1023	576	512	926	612	524
1023	576	576	928	614	583
1023	576	640	929	614	641
1023	576	704	932	616	700
1023	576	768	934	618	756
1023	576	832	935	619	814
1023	576	896	936	620	873
1023	576	960	939	622	932
1023	576	1023	941	624	991
1023	640	0	932	661	235
1023	640	64	932	665	241
1023	640	128	932	666	259
1023	640	192	932	665	290
1023	640	256	932	666	330
1023	640	320	933	666	376
1023	640	384	934	668	426
1023	640	448	935	668	478
1023	640	512	936	669	531
1023	640	576	938	671	589
1023	640	640	939	671	646
1023	640	704	940	672	703
1023	640	768	942	674	760
1023	640	832	945	676	819
1023	640	896	946	676	877
1023	640	960	948	678	936
1023	640	1023	951	681	995
1023	704	0	943	720	250
1023	704	64	942	724	256
1023	704	128	942	724	273
1023	704	192	943	725	303
1023	704	256	943	725	341
1023	704	320	944	726	386
1023	704	384	945	727	434
1023	704	448	945	726	485
1023	704	512	947	728	537
1023	704	576	948	729	595
1023	704	640	949	729	651
1023	704	704	950	730	709
1023	704	768	953	732	765
1023	704	832	955	733	823
1023	704	896	956	734	881
1023	704	960	958	735	940
1023	704	1023	961	737	999
1023	768	0	954	777	265
1023	768	64	954	781	272
1023	768	128	953	781	287
1023	768	192	954	782	316
1023	768	256	954	782	352
1023	768	320	955	783	396
1023	768	384	956	784	443
1023	768	448	957	784	494
1023	768	512	958	785	545
1023	768	576	960	787	602
1023	768	640	961	787	658
1023	768	704	962	787	715
1023	768	768	964	789	770
1023	768	832	967	791	829
1023	768	896	968	791	887
1023	768	960	969	791	944
1023	768	1023	972	793	1003
1023	832	0	965	835	281
1023	832	64	965	839	287
1023	832	128	964	838	302
1023	832	192	965	840	329
1023	832	256	965	839	364
1023	832	320	966	840	406
1023	832	384	967	841	452
1023	832	448	967	841	501
1023	832	512	968	842	551
1023	832	576	970	843	607
1023	832	640	970	843	663
1023	832	704	973	845	720
1023	832	768	975	846	775
1023	832	832	977	846	832
1023	832	896	978	847	890
1023	832	960	980	848	949
1023	832	1023	983	850	1007
1023	896	0	978	894	298
1023	896	64	976	896	303
1023	896	128	976	897	317
1023	896	192	977	898	343
1023	896	256	977	899	376
1023	896	320	978	899	416
1023	896	384	980	900	462
1023	896	448	979	900	510
1023	896	512	981	900	559
1023	896	576	982	902	614
1023	896	640	983	901	669
1023	896	704	984	902	725
1023	896	768	988	905	781
1023	896	832	989	905	837
1023	896	896	990	905	895
1023	896	960	992	906	953
1023	896	1023	995	908	1011
1023	960	0	989	951	313
1023	960	64	989	955	319
1023	960	128	989	956	332
1023	960	192	989	956	356
1023	960	256	991	958	389
1023	960	320	990	957	427
1023	960	384	991	958	471
1023	960	448	992	958	519
1023	960	512	994	959	567
1023	960	576	996	961	622
1023	960	640	996	960	676
1023	960	704	997	961	731
1023	960	768	999	961	785
1023	960	832	1002	963	843
1023	960	896	1003	964	900
1023	960	960	1005	965	958
1023	960	1023	1007	966	1016
1023	1023	0	1003	1009	330
1023	1023	64	1003	1013	335
1023	1023	128	1004	1014	348
1023	1023	192	1003	1014	371
1023	1023	256	1003	1014	401
1023	1023	320	1004	1014	439
1023	1023	384	1005	1015	482
1023	1023	448	1006	1016	529
1023	1023	512	1008	1017	577
1023	1023	576	1009	1018	631
1023	1023	640	1010	1018	684
1023	1023	704	1011	1018	739
1023	1023	768	1013	1019	793
1023	1023	832	1015	1021	849
1023	1023	896	1016	1021	906
1023	1023	960	1018	1022	965
1023	1023	1023	1023	1023	1023
