0	0	0	0	0	0
0	0	64	7	0	64
0	0	128	13	0	125
0	0	192	20	0	188
0	0	256	27	0	251
0	0	320	34	0	314
0	0	384	40	0	375
0	0	448	47	0	438
0	0	512	53	0	497
0	0	576	60	0	562
0	0	640	66	0	625
0	0	704	73	0	687
0	0	768	79	0	747
0	0	832	85	0	808
0	0	896	91	0	869
0	0	960	98	0	931
0	0	1023	104	0	992
0	64	0	3	64	1
0	64	64	7	65	64
0	64	128	13	65	125
0	64	192	20	64	188
0	64	256	26	64	251
0	64	320	33	63	313
0	64	384	39	63	375
0	64	448	46	62	438
0	64	512	53	61	497
0	64	576	60	60	562
0	64	640	67	59	624
0	64	704	72	58	686
0	64	768	79	57	746
0	64	832	86	54	808
0	64	896	92	52	869
0	64	960	97	51	931
0	64	1023	105	50	991
0	128	0	6	128	3
0	128	64	8	130	64
0	128	128	14	130	125
0	128	192	20	130	189
0	128	256	27	130	251
0	128	320	33	129	313
0	128	384	39	130	375
0	128	448	46	129	438
0	128	512	52	129	497
0	128	576	59	128	562
0	128	640	66	128	624
0	128	704	73	127	686
0	128	768	79	127	746
0	128	832	84	126	808
0	128	896	91	125	869
0	128	960	98	125	931
0	128	1023	104	125	991
0	192	0	8	194	5
0	192	64	10	196	64
0	192	128	15	197	125
0	192	192	21	196	189
0	192	256	27	196	251
0	192	320	33	196	314
0	192	384	40	197	376
0	192	448	46	196	438
0	192	512	53	196	498
0	192	576	60	196	562
0	192	640	67	195	625
0	192	704	73	195	687
0	192	768	78	195	746
0	192	832	85	194	809
0	192	896	91	194	869
0	192	960	98	193	931
0	192	1023	104	193	991
0	256	0	11	257	7
0	256	64	13	260	64
0	256	128	17	260	125
0	256	192	22	260	189
0	256	256	28	260	251
0	256	320	34	260	314
0	256	384	40	261	376
0	256	448	47	260	438
0	256	512	53	260	497
0	256	576	59	260	562
0	256	640	66	260	625
0	256	704	72	259	687
0	256	768	78	259	747
0	256	832	85	259	809
0	256	896	92	257	869
0	256	960	98	257	930
0	256	1023	104	257	991
0	320	0	14	321	8
0	320	64	15	325	64
0	320	128	19	326	125
0	320	192	23	325	189
0	320	256	29	326	252
0	320	320	35	326	314
0	320	384	41	326	376
0	320	448	47	326	438
0	320	512	53	326	498
0	320	576	60	326	562
0	320	640	66	325	625
0	320	704	73	325	686
0	320	768	79	325	747
0	320	832	85	325	808
0	320	896	91	324	870
0	320	960	98	323	931
0	320	1023	104	323	992
0	384	0	17	385	11
0	384	64	18	389	64
0	384	128	21	389	125
0	384	192	25	389	189
0	384	256	30	389	252
0	384	320	36	390	314
0	384	384	42	390	376
0	384	448	48	390	438
0	384	512	54	390	498
0	384	576	60	390	563
0	384	640	67	390	625
0	384	704	73	389	687
0	384	768	79	389	747
0	384	832	86	389	809
0	384	896	92	388	870
0	384	960	98	386	931
0	384	1023	104	387	992
0	448	0	19	448	12
0	448	64	20	451	65
0	448	128	23	452	126
0	448	192	27	453	190
0	448	256	32	453	252
0	448	320	37	453	314
0	448	384	43	454	377
0	448	448	49	453	438
0	448	512	55	453	498
0	448	576	61	454	563
0	448	640	67	453	626
0	448	704	74	452	687
0	448	768	80	453	748
0	448	832	86	452	809
0	448	896	92	451	870
0	448	960	99	451	932
0	448	1023	105	451	993
0	512	0	22	509	14
0	512	64	23	514	65
0	512	128	25	515	126
0	512	192	29	515	190
0	512	256	33	515	252
0	512	320	39	515	315
0	512	384	44	516	377
0	512	448	50	516	439
0	512	512	56	516	499
0	512	576	62	516	564
0	512	640	68	515	626
0	512	704	74	515	688
0	512	768	80	515	748
0	512	832	87	515	810
0	512	896	93	514	871
0	512	960	99	513	933
0	512	1023	105	512	993
0	576	0	25	577	15
0	576	64	26	582	65
0	576	128	28	583	126
0	576	192	31	583	190
0	576	256	35	584	253
0	576	320	40	585	315
0	576	384	45	584	377
0	576	448	51	584	439
0	576	512	57	584	499
0	576	576	63	585	564
0	576	640	69	584	626
0	576	704	75	583	688
0	576	768	81	583	748
0	576	832	87	584	810
0	576	896	93	582	872
0	576	960	100	582	933
0	576	1023	106	582	994
0	640	0	28	640	13
0	640	64	28	645	65
0	640	128	30	646	126
0	640	192	33	647	190
0	640	256	37	647	253
0	640	320	42	647	316
0	640	384	47	648	378
0	640	448	52	647	440
0	640	512	58	647	500
0	640	576	64	648	565
0	640	640	70	647	627
0	640	704	77	647	690
0	640	768	82	647	749
0	640	832	88	646	811
0	640	896	95	645	872
0	640	960	100	644	934
0	640	1023	106	644	994
0	704	0	30	703	14
0	704	64	31	709	65
0	704	128	33	710	126
0	704	192	35	710	191
0	704	256	39	710	253
0	704	320	44	711	316
0	704	384	49	712	379
0	704	448	54	711	441
0	704	512	59	712	501
0	704	576	65	712	566
0	704	640	71	711	628
0	704	704	77	711	690
0	704	768	83	710	750
0	704	832	89	711	812
0	704	896	96	710	874
0	704	960	101	709	935
0	704	1023	107	709	996
0	768	0	33	765	15
0	768	64	34	770	66
0	768	128	35	772	127
0	768	192	38	772	191
0	768	256	41	773	254
0	768	320	45	773	317
0	768	384	50	774	380
0	768	448	55	773	442
0	768	512	60	774	502
0	768	576	67	774	567
0	768	640	72	773	629
0	768	704	78	772	691
0	768	768	84	773	752
0	768	832	90	773	813
0	768	896	97	771	875
0	768	960	103	771	936
0	768	1023	108	771	997
0	832	0	36	825	14
0	832	64	36	832	66
0	832	128	38	833	127
0	832	192	40	833	191
0	832	256	43	834	254
0	832	320	47	834	317
0	832	384	52	835	379
0	832	448	57	834	442
0	832	512	62	835	502
0	832	576	67	835	567
0	832	640	73	834	630
0	832	704	79	833	691
0	832	768	85	833	751
0	832	832	91	834	814
0	832	896	96	833	875
0	832	960	103	832	937
0	832	1023	109	832	998
0	896	0	38	888	13
0	896	64	39	895	66
0	896	128	40	896	127
0	896	192	44	896	191
0	896	256	47	896	254
0	896	320	50	897	317
0	896	384	54	898	380
0	896	448	60	898	442
0	896	512	64	898	502
0	896	576	71	898	567
0	896	640	76	897	630
0	896	704	82	897	692
0	896	768	89	897	752
0	896	832	95	897	814
0	896	896	99	896	876
0	896	960	106	895	937
0	896	1023	112	896	999
0	960	0	41	949	12
0	960	64	41	956	66
0	960	128	43	957	127
0	960	192	45	958	192
0	960	256	48	958	254
0	960	320	51	958	317
0	960	384	55	959	380
0	960	448	60	960	443
0	960	512	65	959	502
0	960	576	70	960	567
0	960	640	76	959	631
0	960	704	82	959	693
0	960	768	88	959	753
0	960	832	93	959	815
0	960	896	98	957	875
0	960	960	104	956	938
0	960	1023	110	956	999
0	1023	0	43	1009	11
0	1023	64	44	1016	67
0	1023	128	45	1017	127
0	1023	192	47	1018	192
0	1023	256	51	1018	255
0	1023	320	53	1019	318
0	1023	384	57	1020	380
0	1023	448	62	1020	443
0	1023	512	67	1019	503
0	1023	576	72	1020	568
0	1023	640	79	1018	631
0	1023	704	83	1019	693
0	1023	768	91	1018	754
0	1023	832	94	1017	815
0	1023	896	100	1016	876
0	1023	960	105	1015	939
0	1023	1023	112	1014	1000
64	0	0	65	0	1
64	0	64	64	0	63
64	0	128	65	0	125
64	0	192	66	0	188
64	0	256	68	0	250
64	0	320	71	0	313
64	0	384	74	0	375
64	0	448	77	0	437
64	0	512	81	0	497
64	0	576	86	0	561
64	0	640	90	0	624
64	0	704	95	0	686
64	0	768	99	0	745
64	0	832	105	0	807
64	0	896	109	0	869
64	0	960	114	0	930
64	0	1023	120	0	991
64	64	0	64	64	2
64	64	64	64	65	63
64	64	128	64	65	125
64	64	192	66	65	188
64	64	256	68	64	250
64	64	320	70	64	313
64	64	384	73	63	375
64	64	448	76	63	437
64	64	512	81	61	496
64	64	576	86	60	561
64	64	640	90	59	623
64	64	704	95	58	685
64	64	768	99	57	745
64	64	832	104	54	807
64	64	896	110	52	868
64	64	960	114	50	930
64	64	1023	119	49	991
64	128	0	63	129	2
64	128	64	63	130	63
64	128	128	64	131	125
64	128	192	65	130	188
64	128	256	67	130	250
64	128	320	70	130	313
64	128	384	73	130	375
64	128	448	76	130	437
64	128	512	81	129	497
64	128	576	85	129	561
64	128	640	89	128	624
64	128	704	94	128	685
64	128	768	99	127	745
64	128	832	104	127	808
64	128	896	108	126	868
64	128	960	114	125	930
64	128	1023	119	125	990
64	192	0	62	195	4
64	192	64	62	197	64
64	192	128	63	197	124
64	192	192	65	197	188
64	192	256	67	197	251
64	192	320	70	197	313
64	192	384	73	197	375
64	192	448	76	197	437
64	192	512	80	197	496
64	192	576	85	197	561
64	192	640	89	196	624
64	192	704	94	196	686
64	192	768	99	195	746
64	192	832	103	195	807
64	192	896	108	194	868
64	192	960	114	193	929
64	192	1023	119	193	990
64	256	0	61	259	7
64	256	64	61	261	64
64	256	128	62	261	125
64	256	192	64	261	189
64	256	256	66	261	251
64	256	320	69	262	313
64	256	384	72	262	375
64	256	448	75	261	437
64	256	512	80	261	497
64	256	576	85	261	562
64	256	640	89	261	624
64	256	704	93	260	686
64	256	768	98	261	746
64	256	832	104	260	807
64	256	896	108	259	868
64	256	960	113	258	930
64	256	1023	120	258	991
64	320	0	61	323	8
64	320	64	61	326	64
64	320	128	62	327	125
64	320	192	63	326	188
64	320	256	66	327	251
64	320	320	69	327	313
64	320	384	72	327	375
64	320	448	76	327	437
64	320	512	81	327	497
64	320	576	85	327	562
64	320	640	89	327	624
64	320	704	94	326	686
64	320	768	99	326	745
64	320	832	103	326	807
64	320	896	108	325	869
64	320	960	114	325	930
64	320	1023	120	325	991
64	384	0	60	387	11
64	384	64	60	390	64
64	384	128	61	390	125
64	384	192	63	391	189
64	384	256	65	391	251
64	384	320	68	391	313
64	384	384	72	392	376
64	384	448	76	391	438
64	384	512	80	391	497
64	384	576	85	391	562
64	384	640	89	391	625
64	384	704	94	391	687
64	384	768	99	390	746
64	384	832	105	391	808
64	384	896	109	389	869
64	384	960	114	389	930
64	384	1023	118	389	991
64	448	0	59	450	13
64	448	64	59	453	65
64	448	128	60	454	125
64	448	192	62	454	189
64	448	256	65	455	252
64	448	320	68	455	314
64	448	384	71	455	376
64	448	448	74	455	438
64	448	512	80	455	497
64	448	576	84	455	562
64	448	640	88	454	625
64	448	704	93	454	687
64	448	768	98	454	746
64	448	832	104	454	809
64	448	896	109	453	870
64	448	960	114	453	931
64	448	1023	118	453	992
64	512	0	59	512	13
64	512	64	59	516	65
64	512	128	60	516	125
64	512	192	62	516	189
64	512	256	64	517	252
64	512	320	67	517	314
64	512	384	71	518	377
64	512	448	75	518	439
64	512	512	80	517	498
64	512	576	84	518	563
64	512	640	89	517	626
64	512	704	93	517	688
64	512	768	99	517	748
64	512	832	104	517	810
64	512	896	108	515	870
64	512	960	114	515	931
64	512	1023	119	515	992
64	576	0	61	581	15
64	576	64	61	584	65
64	576	128	62	585	126
64	576	192	64	585	190
64	576	256	67	585	252
64	576	320	69	586	314
64	576	384	72	586	377
64	576	448	76	586	439
64	576	512	81	586	499
64	576	576	86	587	564
64	576	640	91	586	626
64	576	704	95	585	688
64	576	768	101	585	748
64	576	832	106	586	810
64	576	896	110	585	871
64	576	960	114	584	933
64	576	1023	119	584	993
64	640	0	65	644	12
64	640	64	65	646	65
64	640	128	65	647	126
64	640	192	67	648	190
64	640	256	69	649	253
64	640	320	73	649	315
64	640	384	76	650	377
64	640	448	79	649	439
64	640	512	84	649	499
64	640	576	88	650	564
64	640	640	93	649	627
64	640	704	98	649	688
64	640	768	102	649	749
64	640	832	108	648	810
64	640	896	113	647	871
64	640	960	118	647	933
64	640	1023	121	647	994
64	704	0	66	707	9
64	704	64	66	711	65
64	704	128	66	711	126
64	704	192	69	712	190
64	704	256	71	712	253
64	704	320	73	713	316
64	704	384	76	714	378
64	704	448	80	713	440
64	704	512	84	713	499
64	704	576	90	714	565
64	704	640	93	713	628
64	704	704	98	713	689
64	704	768	102	713	749
64	704	832	108	713	812
64	704	896	112	711	872
64	704	960	118	711	934
64	704	1023	122	711	995
64	768	0	69	768	11
64	768	64	69	772	65
64	768	128	69	774	127
64	768	192	70	774	191
64	768	256	73	775	254
64	768	320	75	775	316
64	768	384	78	776	379
64	768	448	81	776	441
64	768	512	86	776	501
64	768	576	91	776	566
64	768	640	94	775	629
64	768	704	99	775	690
64	768	768	104	775	750
64	768	832	110	775	813
64	768	896	114	774	874
64	768	960	119	773	936
64	768	1023	123	774	997
64	832	0	69	829	15
64	832	64	69	834	66
64	832	128	70	835	127
64	832	192	71	835	191
64	832	256	74	835	253
64	832	320	76	836	316
64	832	384	78	837	379
64	832	448	81	837	441
64	832	512	86	837	501
64	832	576	90	838	566
64	832	640	95	836	629
64	832	704	100	836	691
64	832	768	105	836	751
64	832	832	108	837	813
64	832	896	113	835	874
64	832	960	118	835	936
64	832	1023	124	835	997
64	896	0	74	892	10
64	896	64	75	896	65
64	896	128	76	897	126
64	896	192	76	898	191
64	896	256	78	898	253
64	896	320	81	899	316
64	896	384	84	899	379
64	896	448	86	900	441
64	896	512	89	899	501
64	896	576	95	900	566
64	896	640	98	900	629
64	896	704	103	899	691
64	896	768	108	899	751
64	896	832	112	900	813
64	896	896	117	897	874
64	896	960	123	897	936
64	896	1023	127	897	997
64	960	0	74	954	11
64	960	64	74	958	66
64	960	128	75	959	127
64	960	192	75	960	191
64	960	256	78	960	254
64	960	320	80	961	317
64	960	384	83	961	379
64	960	448	85	961	441
64	960	512	89	961	501
64	960	576	93	961	566
64	960	640	98	961	629
64	960	704	102	961	692
64	960	768	106	961	752
64	960	832	112	961	813
64	960	896	117	960	875
64	960	960	122	959	936
64	960	1023	124	959	998
64	1023	0	77	1014	11
64	1023	64	75	1019	66
64	1023	128	76	1019	127
64	1023	192	79	1020	191
64	1023	256	79	1020	254
64	1023	320	81	1021	317
64	1023	384	84	1022	380
64	1023	448	89	1021	442
64	1023	512	92	1021	502
64	1023	576	96	1022	567
64	1023	640	100	1021	630
64	1023	704	103	1020	692
64	1023	768	107	1021	753
64	1023	832	112	1020	814
64	1023	896	116	1019	876
64	1023	960	122	1018	938
64	1023	1023	127	1018	999
128	0	0	128	2	3
128	0	64	128	0	63
128	0	128	128	0	125
128	0	192	128	0	188
128	0	256	129	0	250
128	0	320	131	0	313
128	0	384	132	0	375
128	0	448	133	0	436
128	0	512	136	0	496
128	0	576	139	0	561
128	0	640	141	0	624
128	0	704	143	0	686
128	0	768	146	0	744
128	0	832	150	0	807
128	0	896	153	0	868
128	0	960	156	0	929
128	0	1023	160	0	989
128	64	0	128	65	3
128	64	64	127	65	63
128	64	128	128	65	124
128	64	192	128	65	188
128	64	256	129	64	250
128	64	320	130	64	313
128	64	384	132	63	375
128	64	448	133	63	437
128	64	512	136	61	497
128	64	576	138	60	561
128	64	640	141	59	624
128	64	704	143	58	686
128	64	768	146	57	745
128	64	832	149	54	807
128	64	896	153	51	868
128	64	960	156	49	929
128	64	1023	159	51	989
128	128	0	127	129	3
128	128	64	127	131	63
128	128	128	127	130	124
128	128	192	128	130	188
128	128	256	129	130	250
128	128	320	130	130	313
128	128	384	132	130	375
128	128	448	134	130	437
128	128	512	135	129	496
128	128	576	138	129	561
128	128	640	141	128	624
128	128	704	144	128	685
128	128	768	146	128	745
128	128	832	150	127	807
128	128	896	152	125	868
128	128	960	156	125	929
128	128	1023	159	124	990
128	192	0	127	196	4
128	192	64	127	197	64
128	192	128	127	197	125
128	192	192	128	197	189
128	192	256	129	197	251
128	192	320	130	197	313
128	192	384	132	197	375
128	192	448	133	197	436
128	192	512	136	197	496
128	192	576	138	197	561
128	192	640	141	196	624
128	192	704	143	196	686
128	192	768	146	196	745
128	192	832	149	195	806
128	192	896	153	194	868
128	192	960	155	194	929
128	192	1023	159	194	990
128	256	0	127	259	7
128	256	64	126	261	64
128	256	128	127	261	125
128	256	192	128	261	189
128	256	256	129	262	251
128	256	320	130	262	313
128	256	384	132	262	375
128	256	448	133	261	437
128	256	512	136	261	497
128	256	576	138	262	561
128	256	640	140	261	624
128	256	704	144	260	685
128	256	768	146	261	746
128	256	832	150	260	807
128	256	896	153	259	868
128	256	960	156	258	930
128	256	1023	159	258	991
128	320	0	126	324	9
128	320	64	126	326	64
128	320	128	126	326	125
128	320	192	127	327	188
128	320	256	128	327	251
128	320	320	130	327	313
128	320	384	132	327	375
128	320	448	133	327	437
128	320	512	136	327	496
128	320	576	139	328	562
128	320	640	140	327	624
128	320	704	143	326	686
128	320	768	147	326	745
128	320	832	149	326	807
128	320	896	152	326	869
128	320	960	155	324	929
128	320	1023	159	324	990
128	384	0	126	388	10
128	384	64	126	389	64
128	384	128	126	390	125
128	384	192	127	391	189
128	384	256	128	391	251
128	384	320	130	391	313
128	384	384	131	391	375
128	384	448	133	391	437
128	384	512	135	391	497
128	384	576	138	391	562
128	384	640	140	391	624
128	384	704	143	390	686
128	384	768	146	391	746
128	384	832	149	390	807
128	384	896	153	389	868
128	384	960	156	389	930
128	384	1023	159	389	990
128	448	0	126	450	11
128	448	64	126	453	64
128	448	128	126	454	125
128	448	192	127	454	189
128	448	256	128	454	251
128	448	320	129	454	313
128	448	384	131	455	376
128	448	448	133	455	438
128	448	512	135	455	497
128	448	576	138	455	562
128	448	640	141	454	624
128	448	704	143	454	686
128	448	768	146	454	746
128	448	832	149	454	808
128	448	896	153	453	869
128	448	960	156	453	931
128	448	1023	159	453	992
128	512	0	126	512	12
128	512	64	126	515	64
128	512	128	126	516	125
128	512	192	127	516	189
128	512	256	128	517	252
128	512	320	130	517	314
128	512	384	131	517	376
128	512	448	133	517	438
128	512	512	135	517	498
128	512	576	139	518	563
128	512	640	141	517	625
128	512	704	143	516	687
128	512	768	147	517	747
128	512	832	150	516	808
128	512	896	152	515	870
128	512	960	156	515	931
128	512	1023	160	515	992
128	576	0	127	581	15
128	576	64	127	584	65
128	576	128	127	584	125
128	576	192	128	585	189
128	576	256	129	585	252
128	576	320	130	586	314
128	576	384	132	586	377
128	576	448	134	586	439
128	576	512	136	586	498
128	576	576	139	586	563
128	576	640	142	586	626
128	576	704	144	586	688
128	576	768	147	586	747
128	576	832	151	586	809
128	576	896	153	584	870
128	576	960	157	583	931
128	576	1023	160	584	992
128	640	0	129	643	13
128	640	64	129	647	65
128	640	128	129	648	126
128	640	192	130	648	190
128	640	256	131	649	252
128	640	320	132	649	315
128	640	384	134	649	377
128	640	448	135	649	439
128	640	512	138	649	499
128	640	576	140	650	564
128	640	640	143	649	626
128	640	704	146	648	688
128	640	768	148	648	748
128	640	832	152	649	810
128	640	896	156	648	871
128	640	960	158	647	933
128	640	1023	162	647	994
128	704	0	130	708	11
128	704	64	129	711	65
128	704	128	129	711	126
128	704	192	130	712	190
128	704	256	131	712	253
128	704	320	132	713	316
128	704	384	135	714	378
128	704	448	136	713	439
128	704	512	138	713	499
128	704	576	142	714	565
128	704	640	143	713	627
128	704	704	147	713	689
128	704	768	149	713	749
128	704	832	153	712	811
128	704	896	156	711	872
128	704	960	158	711	934
128	704	1023	161	711	994
128	768	0	131	769	11
128	768	64	130	773	66
128	768	128	131	774	127
128	768	192	132	774	191
128	768	256	132	774	253
128	768	320	134	775	316
128	768	384	136	776	379
128	768	448	137	775	441
128	768	512	140	776	501
128	768	576	143	777	566
128	768	640	145	775	628
128	768	704	148	775	690
128	768	768	151	775	750
128	768	832	154	776	813
128	768	896	156	775	874
128	768	960	160	774	936
128	768	1023	162	774	997
128	832	0	132	831	13
128	832	64	131	834	65
128	832	128	131	834	126
128	832	192	132	836	191
128	832	256	133	836	253
128	832	320	135	836	316
128	832	384	136	837	379
128	832	448	138	837	441
128	832	512	140	837	501
128	832	576	143	837	566
128	832	640	145	837	629
128	832	704	148	837	691
128	832	768	150	837	751
128	832	832	155	837	813
128	832	896	157	835	873
128	832	960	161	834	935
128	832	1023	164	834	996
128	896	0	134	893	10
128	896	64	133	897	66
128	896	128	134	897	127
128	896	192	134	898	191
128	896	256	135	898	253
128	896	320	137	899	316
128	896	384	138	900	379
128	896	448	140	900	441
128	896	512	142	899	501
128	896	576	145	900	566
128	896	640	147	899	628
128	896	704	149	899	691
128	896	768	153	900	751
128	896	832	155	899	813
128	896	896	158	898	874
128	896	960	163	897	936
128	896	1023	166	898	996
128	960	0	134	954	11
128	960	64	133	958	66
128	960	128	134	959	127
128	960	192	134	959	191
128	960	256	135	960	254
128	960	320	137	961	317
128	960	384	138	961	378
128	960	448	139	961	441
128	960	512	141	961	501
128	960	576	145	962	566
128	960	640	147	961	629
128	960	704	149	960	691
128	960	768	153	962	752
128	960	832	155	961	813
128	960	896	158	960	875
128	960	960	161	959	936
128	960	1023	164	959	997
128	1023	0	134	1014	17
128	1023	64	135	1018	65
128	1023	128	135	1019	126
128	1023	192	136	1019	191
128	1023	256	137	1020	254
128	1023	320	137	1021	317
128	1023	384	139	1021	379
128	1023	448	140	1021	442
128	1023	512	144	1022	502
128	1023	576	146	1022	567
128	1023	640	147	1021	630
128	1023	704	150	1020	692
128	1023	768	153	1020	752
128	1023	832	156	1021	814
128	1023	896	160	1019	876
128	1023	960	163	1018	938
128	1023	1023	166	1018	999
192	0	0	193	6	4
192	0	64	193	0	64
192	0	128	193	0	124
192	0	192	193	0	188
192	0	256	194	0	250
192	0	320	195	0	313
192	0	384	196	0	375
192	0	448	196	0	436
192	0	512	198	0	496
192	0	576	200	0	561
192	0	640	201	0	623
192	0	704	203	0	685
192	0	768	205	0	745
192	0	832	206	0	806
192	0	896	208	0	867
192	0	960	210	0	929
192	0	1023	213	0	990
192	64	0	193	65	5
192	64	64	193	65	63
192	64	128	193	65	124
192	64	192	193	65	188
192	64	256	194	64	250
192	64	320	195	64	313
192	64	384	196	64	375
192	64	448	196	62	436
192	64	512	198	61	496
192	64	576	199	61	561
192	64	640	201	59	623
192	64	704	203	59	685
192	64	768	204	58	745
192	64	832	207	53	807
192	64	896	208	54	867
192	64	960	211	50	929
192	64	1023	213	48	990
192	128	0	193	130	5
192	128	64	192	130	63
192	128	128	193	131	124
192	128	192	193	131	188
192	128	256	194	131	251
192	128	320	194	130	313
192	128	384	195	130	375
192	128	448	196	130	436
192	128	512	198	129	496
192	128	576	200	129	561
192	128	640	201	128	623
192	128	704	202	128	685
192	128	768	205	127	745
192	128	832	206	127	806
192	128	896	208	126	867
192	128	960	211	125	929
192	128	1023	213	124	990
192	192	0	193	195	7
192	192	64	192	197	64
192	192	128	192	197	125
192	192	192	193	197	188
192	192	256	194	197	251
192	192	320	194	197	313
192	192	384	195	197	374
192	192	448	196	197	436
192	192	512	198	197	496
192	192	576	200	197	561
192	192	640	201	196	623
192	192	704	202	196	685
192	192	768	204	196	744
192	192	832	207	195	806
192	192	896	209	194	868
192	192	960	211	194	929
192	192	1023	213	194	990
192	256	0	193	259	8
192	256	64	192	261	64
192	256	128	192	261	125
192	256	192	193	261	188
192	256	256	193	261	250
192	256	320	194	261	313
192	256	384	195	262	375
192	256	448	196	262	437
192	256	512	198	261	496
192	256	576	200	261	561
192	256	640	201	261	623
192	256	704	203	260	685
192	256	768	205	260	745
192	256	832	207	260	807
192	256	896	209	259	869
192	256	960	211	259	930
192	256	1023	214	259	991
192	320	0	193	324	9
192	320	64	192	326	64
192	320	128	192	326	125
192	320	192	193	327	189
192	320	256	194	327	251
192	320	320	194	327	313
192	320	384	196	327	375
192	320	448	196	327	437
192	320	512	198	327	496
192	320	576	200	327	561
192	320	640	201	327	624
192	320	704	203	327	686
192	320	768	204	326	746
192	320	832	207	326	807
192	320	896	209	325	868
192	320	960	211	324	929
192	320	1023	214	324	990
192	384	0	192	387	11
192	384	64	192	390	64
192	384	128	192	390	125
192	384	192	192	390	188
192	384	256	193	390	250
192	384	320	194	390	313
192	384	384	195	391	375
192	384	448	196	391	437
192	384	512	198	391	497
192	384	576	200	391	561
192	384	640	201	391	624
192	384	704	202	390	685
192	384	768	205	390	745
192	384	832	207	390	807
192	384	896	209	389	868
192	384	960	211	389	930
192	384	1023	213	389	991
192	448	0	192	450	12
192	448	64	192	453	65
192	448	128	192	453	125
192	448	192	193	454	189
192	448	256	193	454	251
192	448	320	194	454	313
192	448	384	195	455	376
192	448	448	196	455	438
192	448	512	198	454	497
192	448	576	199	455	562
192	448	640	201	455	625
192	448	704	203	454	686
192	448	768	205	454	746
192	448	832	207	453	807
192	448	896	208	453	868
192	448	960	211	452	930
192	448	1023	213	452	991
192	512	0	192	512	14
192	512	64	192	515	65
192	512	128	192	516	125
192	512	192	193	516	189
192	512	256	194	517	252
192	512	320	194	516	313
192	512	384	195	517	376
192	512	448	196	517	438
192	512	512	198	517	497
192	512	576	200	518	562
192	512	640	201	517	625
192	512	704	203	516	686
192	512	768	205	516	746
192	512	832	208	516	808
192	512	896	209	515	869
192	512	960	211	515	931
192	512	1023	213	515	992
192	576	0	193	581	15
192	576	64	193	584	65
192	576	128	193	585	126
192	576	192	193	585	189
192	576	256	194	586	252
192	576	320	195	586	314
192	576	384	196	586	376
192	576	448	197	586	438
192	576	512	199	586	498
192	576	576	201	587	563
192	576	640	202	586	625
192	576	704	204	585	687
192	576	768	206	586	747
192	576	832	208	585	808
192	576	896	210	584	870
192	576	960	212	584	931
192	576	1023	215	584	992
192	640	0	194	644	15
192	640	64	194	647	65
192	640	128	194	648	126
192	640	192	195	648	190
192	640	256	195	648	252
192	640	320	196	648	314
192	640	384	197	649	377
192	640	448	199	649	439
192	640	512	200	649	499
192	640	576	202	650	564
192	640	640	203	649	626
192	640	704	205	648	688
192	640	768	207	648	748
192	640	832	210	649	810
192	640	896	211	648	871
192	640	960	213	647	933
192	640	1023	215	646	992
192	704	0	195	707	12
192	704	64	195	711	65
192	704	128	195	711	126
192	704	192	195	711	190
192	704	256	196	712	253
192	704	320	197	713	315
192	704	384	197	713	377
192	704	448	199	713	439
192	704	512	200	713	499
192	704	576	202	714	564
192	704	640	203	712	627
192	704	704	206	712	688
192	704	768	207	712	748
192	704	832	210	712	810
192	704	896	211	711	872
192	704	960	214	711	934
192	704	1023	216	711	994
192	768	0	196	769	13
192	768	64	196	773	65
192	768	128	196	773	126
192	768	192	196	774	191
192	768	256	197	774	253
192	768	320	198	775	316
192	768	384	199	775	378
192	768	448	199	775	441
192	768	512	201	775	500
192	768	576	203	776	565
192	768	640	204	775	628
192	768	704	207	775	690
192	768	768	208	775	750
192	768	832	211	774	812
192	768	896	212	773	873
192	768	960	214	773	935
192	768	1023	217	773	995
192	832	0	196	830	14
192	832	64	196	833	66
192	832	128	196	834	126
192	832	192	197	835	191
192	832	256	197	835	253
192	832	320	198	836	316
192	832	384	199	837	378
192	832	448	200	836	440
192	832	512	202	836	500
192	832	576	203	837	565
192	832	640	205	836	628
192	832	704	206	835	689
192	832	768	209	836	751
192	832	832	211	836	812
192	832	896	212	835	873
192	832	960	215	834	935
192	832	1023	217	834	996
192	896	0	198	892	11
192	896	64	198	896	65
192	896	128	197	897	126
192	896	192	198	897	190
192	896	256	199	898	253
192	896	320	199	898	316
192	896	384	200	899	378
192	896	448	202	898	440
192	896	512	203	899	501
192	896	576	205	899	565
192	896	640	206	898	628
192	896	704	208	898	690
192	896	768	210	898	750
192	896	832	213	899	813
192	896	896	214	898	874
192	896	960	216	897	936
192	896	1023	219	897	996
192	960	0	197	954	18
192	960	64	198	958	66
192	960	128	197	959	127
192	960	192	198	959	191
192	960	256	198	959	253
192	960	320	199	960	316
192	960	384	200	960	378
192	960	448	201	961	441
192	960	512	203	961	501
192	960	576	205	962	566
192	960	640	206	961	629
192	960	704	208	960	691
192	960	768	210	960	751
192	960	832	212	961	813
192	960	896	214	960	874
192	960	960	216	959	936
192	960	1023	219	960	997
192	1023	0	199	1014	12
192	1023	64	198	1018	66
192	1023	128	199	1019	126
192	1023	192	199	1019	191
192	1023	256	199	1019	254
192	1023	320	200	1020	316
192	1023	384	201	1021	379
192	1023	448	203	1021	441
192	1023	512	204	1021	502
192	1023	576	206	1022	567
192	1023	640	207	1021	630
192	1023	704	209	1020	691
192	1023	768	211	1020	752
192	1023	832	213	1021	814
192	1023	896	214	1019	875
192	1023	960	217	1018	938
192	1023	1023	219	1018	999
256	0	0	255	8	6
256	0	64	255	5	63
256	0	128	255	0	124
256	0	192	255	0	188
256	0	256	255	0	250
256	0	320	256	0	312
256	0	384	257	0	374
256	0	448	258	0	436
256	0	512	259	0	496
256	0	576	260	0	560
256	0	640	260	0	623
256	0	704	262	0	684
256	0	768	263	0	744
256	0	832	265	0	807
256	0	896	266	0	868
256	0	960	267	0	929
256	0	1023	269	0	989
256	64	0	255	65	6
256	64	64	255	65	63
256	64	128	255	65	124
256	64	192	255	65	188
256	64	256	255	64	250
256	64	320	256	64	312
256	64	384	257	64	374
256	64	448	257	63	436
256	64	512	259	62	495
256	64	576	260	60	560
256	64	640	261	59	623
256	64	704	262	58	684
256	64	768	263	56	744
256	64	832	265	54	807
256	64	896	266	54	867
256	64	960	268	50	929
256	64	1023	270	51	989
256	128	0	255	129	6
256	128	64	255	131	63
256	128	128	254	130	124
256	128	192	255	130	188
256	128	256	255	130	250
256	128	320	256	130	312
256	128	384	257	130	374
256	128	448	257	130	436
256	128	512	259	129	496
256	128	576	260	129	561
256	128	640	261	128	623
256	128	704	262	128	685
256	128	768	263	128	744
256	128	832	265	127	806
256	128	896	266	126	867
256	128	960	267	124	928
256	128	1023	269	125	988
256	192	0	255	195	6
256	192	64	255	197	63
256	192	128	254	197	124
256	192	192	255	197	188
256	192	256	255	197	250
256	192	320	256	197	312
256	192	384	257	197	374
256	192	448	257	197	436
256	192	512	258	197	495
256	192	576	260	196	560
256	192	640	260	196	623
256	192	704	262	196	685
256	192	768	263	195	745
256	192	832	265	195	806
256	192	896	265	194	866
256	192	960	267	193	929
256	192	1023	269	193	989
256	256	0	255	259	7
256	256	64	254	260	63
256	256	128	254	261	124
256	256	192	255	261	188
256	256	256	255	261	250
256	256	320	256	261	313
256	256	384	257	261	375
256	256	448	257	261	436
256	256	512	258	261	496
256	256	576	260	261	561
256	256	640	260	260	623
256	256	704	261	260	685
256	256	768	263	260	745
256	256	832	265	259	806
256	256	896	266	259	867
256	256	960	268	258	929
256	256	1023	269	258	989
256	320	0	255	324	9
256	320	64	254	326	64
256	320	128	254	326	124
256	320	192	255	326	188
256	320	256	255	326	250
256	320	320	256	326	312
256	320	384	257	327	374
256	320	448	257	327	436
256	320	512	259	327	496
256	320	576	260	327	561
256	320	640	261	326	623
256	320	704	262	326	685
256	320	768	263	326	745
256	320	832	265	326	807
256	320	896	267	325	868
256	320	960	268	325	929
256	320	1023	270	324	990
256	384	0	255	387	11
256	384	64	254	390	64
256	384	128	254	390	125
256	384	192	255	390	188
256	384	256	255	390	250
256	384	320	256	391	313
256	384	384	257	391	375
256	384	448	257	390	436
256	384	512	259	391	496
256	384	576	260	391	561
256	384	640	261	390	623
256	384	704	262	390	685
256	384	768	263	390	745
256	384	832	265	389	806
256	384	896	266	389	868
256	384	960	268	388	929
256	384	1023	269	388	990
256	448	0	255	450	12
256	448	64	254	453	64
256	448	128	255	453	125
256	448	192	255	453	188
256	448	256	255	453	251
256	448	320	256	454	313
256	448	384	257	454	375
256	448	448	258	454	437
256	448	512	259	454	497
256	448	576	260	455	561
256	448	640	261	454	624
256	448	704	262	453	685
256	448	768	263	453	745
256	448	832	265	454	807
256	448	896	266	453	868
256	448	960	268	452	930
256	448	1023	269	452	990
256	512	0	255	512	13
256	512	64	255	515	64
256	512	128	255	515	125
256	512	192	255	516	189
256	512	256	256	516	251
256	512	320	256	516	313
256	512	384	257	517	375
256	512	448	258	516	437
256	512	512	259	516	497
256	512	576	260	517	562
256	512	640	261	516	624
256	512	704	263	516	686
256	512	768	264	516	746
256	512	832	265	516	808
256	512	896	267	514	869
256	512	960	268	514	930
256	512	1023	270	515	991
256	576	0	256	581	14
256	576	64	255	584	65
256	576	128	255	584	125
256	576	192	256	584	189
256	576	256	256	585	251
256	576	320	257	585	314
256	576	384	258	586	376
256	576	448	259	586	438
256	576	512	260	586	498
256	576	576	261	586	563
256	576	640	262	586	625
256	576	704	263	585	687
256	576	768	265	585	747
256	576	832	267	586	809
256	576	896	268	584	870
256	576	960	269	584	932
256	576	1023	271	584	992
256	640	0	257	644	11
256	640	64	256	647	65
256	640	128	257	647	126
256	640	192	257	647	189
256	640	256	258	648	252
256	640	320	258	649	314
256	640	384	259	648	376
256	640	448	259	648	438
256	640	512	261	649	498
256	640	576	262	649	563
256	640	640	263	648	626
256	640	704	264	648	687
256	640	768	266	649	748
256	640	832	267	648	809
256	640	896	268	647	870
256	640	960	270	647	932
256	640	1023	272	647	993
256	704	0	258	707	10
256	704	64	257	711	65
256	704	128	257	711	126
256	704	192	257	712	190
256	704	256	258	712	252
256	704	320	259	712	315
256	704	384	260	713	377
256	704	448	260	713	439
256	704	512	261	713	499
256	704	576	263	713	564
256	704	640	263	712	626
256	704	704	265	712	689
256	704	768	266	712	749
256	704	832	268	712	810
256	704	896	269	711	871
256	704	960	270	710	933
256	704	1023	272	711	994
256	768	0	258	769	14
256	768	64	258	773	65
256	768	128	258	773	126
256	768	192	258	773	190
256	768	256	259	774	253
256	768	320	259	774	315
256	768	384	260	775	378
256	768	448	261	774	440
256	768	512	263	775	500
256	768	576	264	776	565
256	768	640	264	775	628
256	768	704	265	774	689
256	768	768	267	774	749
256	768	832	269	775	812
256	768	896	269	773	873
256	768	960	272	773	935
256	768	1023	273	773	996
256	832	0	259	830	17
256	832	64	259	834	65
256	832	128	258	834	126
256	832	192	259	834	190
256	832	256	259	835	253
256	832	320	259	835	315
256	832	384	261	836	378
256	832	448	261	836	440
256	832	512	262	836	500
256	832	576	264	837	565
256	832	640	265	836	628
256	832	704	266	835	690
256	832	768	267	835	750
256	832	832	269	836	812
256	832	896	271	835	873
256	832	960	271	833	934
256	832	1023	273	834	995
256	896	0	260	892	13
256	896	64	260	896	65
256	896	128	259	896	126
256	896	192	260	897	190
256	896	256	260	897	253
256	896	320	261	898	315
256	896	384	262	899	378
256	896	448	262	898	440
256	896	512	264	898	500
256	896	576	265	899	565
256	896	640	265	898	627
256	896	704	267	899	690
256	896	768	268	899	750
256	896	832	270	898	812
256	896	896	271	897	873
256	896	960	272	897	935
256	896	1023	275	897	996
256	960	0	260	954	12
256	960	64	259	958	66
256	960	128	259	958	126
256	960	192	260	959	190
256	960	256	260	959	253
256	960	320	261	960	316
256	960	384	262	961	378
256	960	448	262	960	440
256	960	512	263	960	500
256	960	576	264	961	565
256	960	640	265	960	628
256	960	704	266	959	690
256	960	768	269	961	751
256	960	832	270	960	813
256	960	896	271	959	874
256	960	960	272	958	936
256	960	1023	273	959	997
256	1023	0	261	1015	13
256	1023	64	260	1018	66
256	1023	128	260	1018	127
256	1023	192	260	1020	191
256	1023	256	261	1020	254
256	1023	320	262	1020	317
256	1023	384	263	1021	379
256	1023	448	263	1020	441
256	1023	512	264	1021	501
256	1023	576	266	1021	566
256	1023	640	266	1020	629
256	1023	704	268	1019	691
256	1023	768	270	1021	752
256	1023	832	270	1020	814
256	1023	896	271	1018	875
256	1023	960	273	1018	937
256	1023	1023	275	1017	998
320	0	0	317	10	7
320	0	64	316	7	63
320	0	128	316	0	124
320	0	192	316	0	188
320	0	256	316	0	250
320	0	320	317	0	312
320	0	384	318	0	374
320	0	448	318	0	436
320	0	512	319	0	495
320	0	576	320	0	560
320	0	640	320	0	623
320	0	704	321	0	684
320	0	768	323	0	745
320	0	832	323	0	806
320	0	896	324	0	867
320	0	960	325	0	929
320	0	1023	327	0	989
320	64	0	317	65	7
320	64	64	315	65	63
320	64	128	316	65	124
320	64	192	316	65	188
320	64	256	316	65	250
320	64	320	317	64	312
320	64	384	318	64	374
320	64	448	318	63	436
320	64	512	319	62	495
320	64	576	320	60	560
320	64	640	320	60	622
320	64	704	321	59	684
320	64	768	323	57	745
320	64	832	323	56	805
320	64	896	324	53	867
320	64	960	325	51	929
320	64	1023	327	52	989
320	128	0	316	129	7
320	128	64	316	131	63
320	128	128	316	131	124
320	128	192	316	130	188
320	128	256	316	130	250
320	128	320	317	130	312
320	128	384	317	130	374
320	128	448	318	130	436
320	128	512	319	129	495
320	128	576	320	129	560
320	128	640	320	128	623
320	128	704	321	128	684
320	128	768	322	127	744
320	128	832	324	126	806
320	128	896	324	126	867
320	128	960	326	125	928
320	128	1023	327	125	989
320	192	0	316	195	8
320	192	64	316	197	64
320	192	128	316	197	124
320	192	192	316	197	188
320	192	256	316	197	250
320	192	320	317	197	312
320	192	384	317	197	374
320	192	448	318	197	436
320	192	512	319	197	496
320	192	576	320	197	560
320	192	640	321	196	623
320	192	704	321	196	684
320	192	768	322	196	744
320	192	832	324	195	806
320	192	896	324	194	867
320	192	960	326	194	929
320	192	1023	327	194	989
320	256	0	316	259	9
320	256	64	316	261	64
320	256	128	316	261	125
320	256	192	316	261	188
320	256	256	316	261	250
320	256	320	317	261	312
320	256	384	318	261	374
320	256	448	318	261	436
320	256	512	319	261	496
320	256	576	320	261	561
320	256	640	321	261	623
320	256	704	321	260	685
320	256	768	322	260	744
320	256	832	324	260	807
320	256	896	325	259	868
320	256	960	325	258	928
320	256	1023	327	258	989
320	320	0	316	324	10
320	320	64	316	326	64
320	320	128	316	326	125
320	320	192	316	327	188
320	320	256	317	327	251
320	320	320	317	327	313
320	320	384	318	327	375
320	320	448	318	327	436
320	320	512	319	327	496
320	320	576	320	327	561
320	320	640	321	326	623
320	320	704	321	326	685
320	320	768	323	326	745
320	320	832	324	326	806
320	320	896	324	325	867
320	320	960	326	324	929
320	320	1023	327	324	990
320	384	0	317	387	12
320	384	64	316	390	64
320	384	128	316	390	125
320	384	192	316	390	188
320	384	256	317	390	250
320	384	320	317	390	313
320	384	384	318	391	375
320	384	448	318	391	436
320	384	512	319	391	496
320	384	576	321	391	561
320	384	640	321	391	624
320	384	704	322	390	685
320	384	768	323	390	745
320	384	832	325	390	807
320	384	896	325	389	868
320	384	960	326	389	930
320	384	1023	328	389	991
320	448	0	317	451	12
320	448	64	316	453	64
320	448	128	316	453	125
320	448	192	317	454	189
320	448	256	317	454	251
320	448	320	317	454	313
320	448	384	318	455	375
320	448	448	318	454	437
320	448	512	320	454	496
320	448	576	321	455	561
320	448	640	321	454	624
320	448	704	322	454	686
320	448	768	323	454	746
320	448	832	324	454	807
320	448	896	325	452	868
320	448	960	326	452	929
320	448	1023	327	452	990
320	512	0	317	512	14
320	512	64	316	515	65
320	512	128	317	516	125
320	512	192	317	516	189
320	512	256	317	516	251
320	512	320	318	516	313
320	512	384	319	517	375
320	512	448	319	517	437
320	512	512	320	517	497
320	512	576	321	517	562
320	512	640	321	516	624
320	512	704	322	516	686
320	512	768	323	516	746
320	512	832	325	516	808
320	512	896	326	515	869
320	512	960	326	515	931
320	512	1023	329	515	992
320	576	0	318	581	15
320	576	64	317	584	65
320	576	128	317	585	125
320	576	192	317	584	189
320	576	256	318	585	251
320	576	320	319	586	314
320	576	384	319	585	376
320	576	448	320	585	438
320	576	512	320	585	497
320	576	576	322	586	562
320	576	640	322	585	625
320	576	704	323	585	686
320	576	768	325	586	747
320	576	832	325	585	808
320	576	896	326	584	869
320	576	960	327	583	931
320	576	1023	329	584	992
320	640	0	319	644	15
320	640	64	318	647	65
320	640	128	318	647	126
320	640	192	318	648	189
320	640	256	319	648	252
320	640	320	319	648	314
320	640	384	320	649	376
320	640	448	321	649	439
320	640	512	321	648	498
320	640	576	322	649	563
320	640	640	323	649	626
320	640	704	324	648	688
320	640	768	325	648	748
320	640	832	327	649	810
320	640	896	326	647	870
320	640	960	328	646	932
320	640	1023	329	646	992
320	704	0	319	707	16
320	704	64	319	711	65
320	704	128	319	711	126
320	704	192	319	711	190
320	704	256	319	712	252
320	704	320	320	712	315
320	704	384	321	713	377
320	704	448	321	713	439
320	704	512	322	713	499
320	704	576	323	713	564
320	704	640	324	712	626
320	704	704	325	712	688
320	704	768	326	712	748
320	704	832	327	713	810
320	704	896	328	711	872
320	704	960	329	711	933
320	704	1023	330	711	994
320	768	0	321	769	13
320	768	64	320	773	65
320	768	128	320	773	126
320	768	192	320	774	190
320	768	256	321	774	253
320	768	320	321	774	315
320	768	384	322	775	378
320	768	448	322	774	440
320	768	512	323	775	500
320	768	576	324	775	565
320	768	640	325	774	627
320	768	704	326	775	690
320	768	768	327	775	750
320	768	832	328	774	811
320	768	896	329	773	872
320	768	960	330	773	934
320	768	1023	331	773	995
320	832	0	320	830	13
320	832	64	320	834	65
320	832	128	320	835	126
320	832	192	320	834	190
320	832	256	321	835	253
320	832	320	321	836	316
320	832	384	322	836	378
320	832	448	322	836	440
320	832	512	323	836	500
320	832	576	324	837	565
320	832	640	325	835	627
320	832	704	325	835	689
320	832	768	327	835	749
320	832	832	328	835	811
320	832	896	329	834	873
320	832	960	330	834	934
320	832	1023	332	834	995
320	896	0	321	892	15
320	896	64	321	896	65
320	896	128	321	897	126
320	896	192	321	897	190
320	896	256	321	897	253
320	896	320	322	898	315
320	896	384	323	899	378
320	896	448	323	898	440
320	896	512	324	899	500
320	896	576	325	900	565
320	896	640	326	899	628
320	896	704	326	898	690
320	896	768	328	898	750
320	896	832	329	899	812
320	896	896	330	898	873
320	896	960	330	897	935
320	896	1023	332	897	996
320	960	0	321	954	17
320	960	64	321	958	66
320	960	128	321	958	127
320	960	192	321	959	191
320	960	256	321	959	253
320	960	320	322	959	316
320	960	384	323	960	378
320	960	448	323	960	441
320	960	512	324	960	500
320	960	576	325	961	565
320	960	640	325	961	628
320	960	704	327	960	690
320	960	768	328	960	750
320	960	832	330	961	813
320	960	896	329	958	873
320	960	960	330	958	935
320	960	1023	331	959	996
320	1023	0	322	1014	14
320	1023	64	322	1019	66
320	1023	128	322	1019	127
320	1023	192	322	1019	191
320	1023	256	322	1019	254
320	1023	320	323	1020	316
320	1023	384	324	1020	378
320	1023	448	324	1020	441
320	1023	512	324	1020	501
320	1023	576	326	1021	566
320	1023	640	327	1021	629
320	1023	704	327	1020	691
320	1023	768	328	1020	751
320	1023	832	330	1020	814
320	1023	896	330	1018	874
320	1023	960	332	1017	937
320	1023	1023	333	1016	997
384	0	0	380	7	9
384	0	64	379	0	64
384	0	128	379	0	124
384	0	192	379	0	188
384	0	256	379	0	250
384	0	320	380	0	312
384	0	384	381	0	374
384	0	448	381	0	436
384	0	512	382	0	495
384	0	576	383	0	560
384	0	640	383	0	623
384	0	704	383	0	684
384	0	768	384	0	744
384	0	832	385	0	806
384	0	896	386	0	867
384	0	960	386	0	928
384	0	1023	387	0	988
384	64	0	380	65	9
384	64	64	379	65	64
384	64	128	379	65	124
384	64	192	379	65	188
384	64	256	379	64	250
384	64	320	380	64	312
384	64	384	381	63	374
384	64	448	381	62	436
384	64	512	382	62	495
384	64	576	383	60	560
384	64	640	383	59	623
384	64	704	383	58	685
384	64	768	384	57	744
384	64	832	385	55	806
384	64	896	386	54	867
384	64	960	386	51	928
384	64	1023	387	50	988
384	128	0	380	129	9
384	128	64	379	131	64
384	128	128	379	130	124
384	128	192	379	131	188
384	128	256	379	130	250
384	128	320	380	130	312
384	128	384	381	130	374
384	128	448	381	130	436
384	128	512	381	129	495
384	128	576	382	129	560
384	128	640	383	128	623
384	128	704	383	128	684
384	128	768	384	128	744
384	128	832	385	127	806
384	128	896	385	125	867
384	128	960	386	125	928
384	128	1023	388	125	989
384	192	0	380	196	10
384	192	64	379	197	64
384	192	128	379	197	124
384	192	192	379	197	188
384	192	256	380	197	250
384	192	320	380	197	312
384	192	384	381	197	374
384	192	448	381	197	436
384	192	512	381	197	495
384	192	576	382	197	560
384	192	640	383	196	623
384	192	704	384	196	685
384	192	768	384	196	744
384	192	832	385	195	806
384	192	896	385	194	867
384	192	960	386	194	928
384	192	1023	387	194	989
384	256	0	380	259	10
384	256	64	379	261	64
384	256	128	379	261	125
384	256	192	380	261	188
384	256	256	380	261	250
384	256	320	380	261	313
384	256	384	381	262	374
384	256	448	381	261	436
384	256	512	382	261	496
384	256	576	382	261	560
384	256	640	383	260	622
384	256	704	383	260	684
384	256	768	385	260	745
384	256	832	385	260	806
384	256	896	385	259	867
384	256	960	386	258	929
384	256	1023	388	258	989
384	320	0	380	324	12
384	320	64	379	326	64
384	320	128	379	326	124
384	320	192	379	327	188
384	320	256	379	326	250
384	320	320	380	327	312
384	320	384	381	327	374
384	320	448	381	327	436
384	320	512	381	326	495
384	320	576	382	327	560
384	320	640	383	326	623
384	320	704	383	326	685
384	320	768	384	326	744
384	320	832	386	326	807
384	320	896	385	324	867
384	320	960	386	324	929
384	320	1023	387	324	989
384	384	0	380	388	14
384	384	64	379	390	64
384	384	128	379	390	125
384	384	192	380	390	188
384	384	256	380	391	251
384	384	320	380	391	313
384	384	384	381	391	375
384	384	448	381	391	436
384	384	512	382	391	496
384	384	576	383	391	561
384	384	640	383	390	623
384	384	704	384	390	685
384	384	768	385	390	745
384	384	832	386	390	807
384	384	896	386	389	868
384	384	960	387	389	929
384	384	1023	388	388	990
384	448	0	380	451	14
384	448	64	380	453	65
384	448	128	380	454	125
384	448	192	380	454	188
384	448	256	380	454	251
384	448	320	380	454	313
384	448	384	381	454	375
384	448	448	381	454	437
384	448	512	382	454	497
384	448	576	384	455	561
384	448	640	384	454	624
384	448	704	384	454	685
384	448	768	385	454	745
384	448	832	386	454	807
384	448	896	387	453	869
384	448	960	387	453	930
384	448	1023	389	453	991
384	512	0	381	513	15
384	512	64	380	515	65
384	512	128	380	516	125
384	512	192	380	516	189
384	512	256	381	516	251
384	512	320	381	516	313
384	512	384	382	517	375
384	512	448	382	516	437
384	512	512	382	517	497
384	512	576	384	517	562
384	512	640	384	516	624
384	512	704	385	516	686
384	512	768	386	517	746
384	512	832	386	516	807
384	512	896	387	515	869
384	512	960	388	514	930
384	512	1023	389	515	991
384	576	0	382	581	17
384	576	64	381	585	65
384	576	128	380	584	125
384	576	192	381	585	189
384	576	256	381	585	251
384	576	320	382	585	314
384	576	384	382	586	376
384	576	448	383	586	438
384	576	512	383	585	497
384	576	576	384	586	562
384	576	640	385	586	625
384	576	704	385	585	687
384	576	768	386	585	746
384	576	832	388	586	809
384	576	896	387	584	869
384	576	960	387	583	930
384	576	1023	389	583	991
384	640	0	382	643	16
384	640	64	381	647	65
384	640	128	382	648	126
384	640	192	381	647	189
384	640	256	382	648	252
384	640	320	382	648	314
384	640	384	383	648	376
384	640	448	383	648	438
384	640	512	384	649	498
384	640	576	385	649	563
384	640	640	385	648	625
384	640	704	386	648	687
384	640	768	387	648	747
384	640	832	388	648	809
384	640	896	388	647	870
384	640	960	389	647	932
384	640	1023	390	647	993
384	704	0	383	707	15
384	704	64	382	711	65
384	704	128	382	711	126
384	704	192	382	712	190
384	704	256	383	712	252
384	704	320	383	712	315
384	704	384	384	713	377
384	704	448	384	712	439
384	704	512	385	713	499
384	704	576	386	713	564
384	704	640	386	712	626
384	704	704	387	712	688
384	704	768	388	713	749
384	704	832	389	712	810
384	704	896	389	711	871
384	704	960	390	710	933
384	704	1023	391	711	994
384	768	0	384	769	15
384	768	64	384	773	65
384	768	128	384	774	127
384	768	192	384	773	190
384	768	256	384	773	253
384	768	320	384	774	315
384	768	384	385	775	378
384	768	448	385	775	440
384	768	512	386	775	500
384	768	576	387	776	565
384	768	640	387	775	628
384	768	704	388	774	689
384	768	768	389	774	749
384	768	832	390	775	812
384	768	896	390	774	873
384	768	960	391	773	935
384	768	1023	392	774	996
384	832	0	384	831	18
384	832	64	384	834	66
384	832	128	383	834	127
384	832	192	384	834	190
384	832	256	384	835	253
384	832	320	384	835	315
384	832	384	385	836	378
384	832	448	385	836	440
384	832	512	386	836	500
384	832	576	387	836	565
384	832	640	388	836	628
384	832	704	388	836	690
384	832	768	389	836	750
384	832	832	390	836	812
384	832	896	390	834	872
384	832	960	391	834	934
384	832	1023	392	834	995
384	896	0	385	893	13
384	896	64	385	897	65
384	896	128	384	897	126
384	896	192	385	898	190
384	896	256	385	898	253
384	896	320	385	898	316
384	896	384	386	899	378
384	896	448	386	898	440
384	896	512	387	898	500
384	896	576	388	899	565
384	896	640	388	898	627
384	896	704	388	898	689
384	896	768	390	899	750
384	896	832	391	898	811
384	896	896	391	897	873
384	896	960	392	897	935
384	896	1023	393	897	996
384	960	0	385	954	16
384	960	64	384	958	66
384	960	128	384	959	126
384	960	192	384	958	190
384	960	256	385	960	253
384	960	320	385	960	316
384	960	384	385	960	378
384	960	448	386	960	440
384	960	512	387	960	500
384	960	576	388	961	565
384	960	640	388	960	628
384	960	704	389	960	690
384	960	768	389	960	750
384	960	832	391	960	812
384	960	896	391	959	874
384	960	960	392	959	936
384	960	1023	393	959	997
384	1023	0	386	1014	14
384	1023	64	385	1019	66
384	1023	128	385	1019	127
384	1023	192	385	1019	191
384	1023	256	386	1020	254
384	1023	320	386	1021	316
384	1023	384	387	1021	379
384	1023	448	387	1020	441
384	1023	512	387	1021	501
384	1023	576	389	1021	566
384	1023	640	389	1021	629
384	1023	704	389	1020	691
384	1023	768	390	1019	751
384	1023	832	391	1020	813
384	1023	896	392	1019	875
384	1023	960	393	1018	937
384	1023	1023	394	1017	998
448	0	0	441	8	11
448	0	64	440	2	64
448	0	128	440	0	124
448	0	192	440	0	188
448	0	256	440	0	250
448	0	320	440	0	312
448	0	384	441	0	374
448	0	448	441	0	436
448	0	512	442	0	495
448	0	576	443	0	560
448	0	640	443	0	623
448	0	704	443	0	684
448	0	768	444	0	744
448	0	832	445	0	806
448	0	896	445	0	867
448	0	960	446	0	929
448	0	1023	446	0	989
448	64	0	441	65	12
448	64	64	440	66	64
448	64	128	440	65	124
448	64	192	440	65	188
448	64	256	440	65	250
448	64	320	440	64	312
448	64	384	441	63	374
448	64	448	441	63	436
448	64	512	442	62	495
448	64	576	443	60	560
448	64	640	443	59	622
448	64	704	443	58	684
448	64	768	444	57	744
448	64	832	445	56	806
448	64	896	445	53	867
448	64	960	446	50	929
448	64	1023	446	53	988
448	128	0	441	129	10
448	128	64	440	131	64
448	128	128	440	130	124
448	128	192	440	131	188
448	128	256	440	130	250
448	128	320	441	130	312
448	128	384	442	130	374
448	128	448	442	130	436
448	128	512	442	129	495
448	128	576	443	129	560
448	128	640	443	129	623
448	128	704	444	128	684
448	128	768	444	128	744
448	128	832	446	126	806
448	128	896	445	125	866
448	128	960	445	126	928
448	128	1023	447	124	989
448	192	0	441	196	12
448	192	64	440	197	64
448	192	128	440	197	124
448	192	192	440	197	188
448	192	256	440	197	250
448	192	320	441	197	312
448	192	384	441	197	374
448	192	448	441	197	435
448	192	512	442	197	495
448	192	576	443	197	560
448	192	640	443	196	622
448	192	704	444	196	685
448	192	768	445	196	744
448	192	832	445	195	805
448	192	896	445	194	866
448	192	960	446	194	928
448	192	1023	447	193	989
448	256	0	441	259	12
448	256	64	440	261	64
448	256	128	440	261	125
448	256	192	440	261	188
448	256	256	440	261	250
448	256	320	441	261	312
448	256	384	442	262	374
448	256	448	441	261	436
448	256	512	442	261	496
448	256	576	443	261	560
448	256	640	443	260	622
448	256	704	443	260	684
448	256	768	445	260	745
448	256	832	445	260	806
448	256	896	445	259	867
448	256	960	446	259	929
448	256	1023	447	259	989
448	320	0	441	324	13
448	320	64	441	327	64
448	320	128	440	326	125
448	320	192	440	327	188
448	320	256	440	327	250
448	320	320	441	327	312
448	320	384	442	327	374
448	320	448	442	327	436
448	320	512	443	327	496
448	320	576	444	327	561
448	320	640	443	327	623
448	320	704	444	326	685
448	320	768	445	326	744
448	320	832	446	326	806
448	320	896	446	325	868
448	320	960	445	324	928
448	320	1023	447	324	989
448	384	0	441	387	15
448	384	64	440	390	64
448	384	128	440	390	125
448	384	192	441	390	188
448	384	256	441	391	251
448	384	320	441	390	312
448	384	384	442	391	375
448	384	448	442	391	436
448	384	512	443	391	496
448	384	576	444	391	561
448	384	640	443	390	623
448	384	704	444	390	684
448	384	768	445	390	745
448	384	832	445	390	806
448	384	896	446	389	867
448	384	960	446	388	929
448	384	1023	447	388	990
448	448	0	441	450	16
448	448	64	441	453	65
448	448	128	441	454	125
448	448	192	441	454	188
448	448	256	441	453	250
448	448	320	441	454	313
448	448	384	442	454	375
448	448	448	442	454	437
448	448	512	443	454	496
448	448	576	444	455	561
448	448	640	444	454	624
448	448	704	444	453	685
448	448	768	445	454	745
448	448	832	446	454	807
448	448	896	446	453	868
448	448	960	447	452	930
448	448	1023	448	453	990
448	512	0	443	513	17
448	512	64	442	516	65
448	512	128	441	516	125
448	512	192	441	516	189
448	512	256	442	516	251
448	512	320	442	516	313
448	512	384	443	517	375
448	512	448	443	516	437
448	512	512	444	517	497
448	512	576	444	517	562
448	512	640	445	516	624
448	512	704	444	516	685
448	512	768	446	516	746
448	512	832	447	516	807
448	512	896	447	515	869
448	512	960	447	514	930
448	512	1023	448	515	991
448	576	0	443	581	19
448	576	64	442	585	65
448	576	128	442	584	125
448	576	192	442	585	189
448	576	256	442	585	251
448	576	320	443	585	314
448	576	384	443	586	376
448	576	448	444	586	438
448	576	512	444	585	497
448	576	576	445	586	562
448	576	640	446	586	625
448	576	704	446	585	687
448	576	768	446	585	746
448	576	832	448	586	809
448	576	896	447	583	869
448	576	960	447	583	931
448	576	1023	448	583	991
448	640	0	443	643	16
448	640	64	443	647	65
448	640	128	443	648	126
448	640	192	443	647	189
448	640	256	443	648	252
448	640	320	444	648	314
448	640	384	444	649	376
448	640	448	444	649	438
448	640	512	445	649	498
448	640	576	446	649	563
448	640	640	446	648	625
448	640	704	446	648	687
448	640	768	447	648	747
448	640	832	448	648	809
448	640	896	448	647	870
448	640	960	449	647	932
448	640	1023	450	647	993
448	704	0	444	707	16
448	704	64	444	711	65
448	704	128	444	711	126
448	704	192	444	712	190
448	704	256	444	712	252
448	704	320	444	712	315
448	704	384	445	713	377
448	704	448	445	712	439
448	704	512	446	712	498
448	704	576	447	713	564
448	704	640	447	712	626
448	704	704	447	712	688
448	704	768	448	712	748
448	704	832	449	712	810
448	704	896	449	710	871
448	704	960	449	710	932
448	704	1023	450	710	993
448	768	0	446	769	16
448	768	64	445	773	66
448	768	128	445	773	127
448	768	192	445	773	190
448	768	256	445	773	253
448	768	320	445	774	315
448	768	384	446	775	378
448	768	448	446	774	440
448	768	512	447	775	500
448	768	576	448	775	565
448	768	640	448	774	627
448	768	704	448	774	689
448	768	768	449	774	749
448	768	832	450	774	811
448	768	896	450	773	873
448	768	960	451	773	935
448	768	1023	452	773	995
448	832	0	446	831	18
448	832	64	445	834	66
448	832	128	445	834	126
448	832	192	445	835	190
448	832	256	445	835	253
448	832	320	445	835	315
448	832	384	446	836	378
448	832	448	447	836	440
448	832	512	447	836	500
448	832	576	448	836	565
448	832	640	448	836	628
448	832	704	448	836	689
448	832	768	449	836	750
448	832	832	450	836	812
448	832	896	450	834	872
448	832	960	450	833	934
448	832	1023	452	834	995
448	896	0	447	893	15
448	896	64	446	897	65
448	896	128	446	897	127
448	896	192	446	898	191
448	896	256	446	897	253
448	896	320	446	898	315
448	896	384	447	899	378
448	896	448	447	898	440
448	896	512	447	898	500
448	896	576	448	899	565
448	896	640	448	898	627
448	896	704	449	899	690
448	896	768	450	898	750
448	896	832	450	898	811
448	896	896	450	897	873
448	896	960	451	896	934
448	896	1023	452	897	996
448	960	0	447	955	19
448	960	64	446	958	66
448	960	128	445	958	126
448	960	192	445	959	190
448	960	256	446	959	253
448	960	320	446	960	316
448	960	384	447	961	378
448	960	448	446	959	440
448	960	512	447	960	500
448	960	576	448	961	565
448	960	640	448	960	628
448	960	704	448	959	689
448	960	768	450	961	750
448	960	832	451	960	812
448	960	896	450	959	873
448	960	960	452	959	936
448	960	1023	453	959	996
448	1023	0	447	1014	15
448	1023	64	446	1019	65
448	1023	128	446	1019	127
448	1023	192	446	1019	191
448	1023	256	447	1019	253
448	1023	320	447	1020	316
448	1023	384	448	1020	378
448	1023	448	447	1019	440
448	1023	512	448	1020	501
448	1023	576	449	1021	566
448	1023	640	449	1020	628
448	1023	704	449	1019	690
448	1023	768	450	1019	751
448	1023	832	452	1019	813
448	1023	896	451	1018	874
448	1023	960	452	1017	936
448	1023	1023	453	1016	998
512	0	0	500	5	13
512	0	64	499	9	64
512	0	128	499	0	124
512	0	192	499	0	188
512	0	256	499	0	250
512	0	320	500	0	312
512	0	384	500	0	374
512	0	448	500	0	435
512	0	512	501	0	495
512	0	576	502	0	560
512	0	640	502	0	622
512	0	704	502	0	684
512	0	768	502	0	744
512	0	832	503	0	806
512	0	896	504	0	867
512	0	960	504	0	929
512	0	1023	505	0	989
512	64	0	500	65	13
512	64	64	499	65	64
512	64	128	499	65	125
512	64	192	499	65	188
512	64	256	499	64	250
512	64	320	499	64	312
512	64	384	500	63	374
512	64	448	500	63	436
512	64	512	501	61	495
512	64	576	502	60	560
512	64	640	502	60	622
512	64	704	502	59	684
512	64	768	502	58	744
512	64	832	504	54	806
512	64	896	504	53	867
512	64	960	504	50	929
512	64	1023	505	49	990
512	128	0	500	129	13
512	128	64	499	131	64
512	128	128	499	130	124
512	128	192	499	131	188
512	128	256	499	130	250
512	128	320	500	130	312
512	128	384	501	130	374
512	128	448	500	130	436
512	128	512	501	130	495
512	128	576	502	129	560
512	128	640	502	129	622
512	128	704	502	129	684
512	128	768	503	127	744
512	128	832	504	126	806
512	128	896	504	125	867
512	128	960	503	125	927
512	128	1023	504	126	988
512	192	0	501	196	15
512	192	64	500	197	64
512	192	128	499	197	124
512	192	192	500	197	188
512	192	256	499	197	250
512	192	320	500	197	312
512	192	384	500	197	374
512	192	448	500	197	435
512	192	512	501	197	495
512	192	576	502	197	560
512	192	640	502	196	622
512	192	704	502	196	684
512	192	768	503	196	744
512	192	832	503	195	805
512	192	896	503	194	867
512	192	960	504	194	928
512	192	1023	505	193	989
512	256	0	501	259	16
512	256	64	499	261	64
512	256	128	500	261	125
512	256	192	500	261	188
512	256	256	500	262	250
512	256	320	500	261	312
512	256	384	501	262	374
512	256	448	501	261	436
512	256	512	502	261	496
512	256	576	502	261	560
512	256	640	502	260	622
512	256	704	502	260	684
512	256	768	504	260	745
512	256	832	504	259	806
512	256	896	504	259	867
512	256	960	504	258	929
512	256	1023	505	258	989
512	320	0	501	324	15
512	320	64	500	327	65
512	320	128	500	327	125
512	320	192	500	327	188
512	320	256	499	327	250
512	320	320	500	327	312
512	320	384	501	327	374
512	320	448	501	327	436
512	320	512	502	327	496
512	320	576	503	327	560
512	320	640	502	326	623
512	320	704	503	326	685
512	320	768	503	326	744
512	320	832	504	326	807
512	320	896	504	325	868
512	320	960	505	325	929
512	320	1023	505	325	990
512	384	0	501	388	17
512	384	64	500	390	65
512	384	128	500	390	125
512	384	192	500	391	188
512	384	256	500	391	250
512	384	320	500	391	313
512	384	384	501	391	374
512	384	448	501	390	436
512	384	512	501	391	496
512	384	576	503	391	561
512	384	640	502	390	623
512	384	704	503	390	685
512	384	768	504	390	745
512	384	832	504	390	806
512	384	896	504	389	867
512	384	960	504	388	929
512	384	1023	505	388	990
512	448	0	501	450	17
512	448	64	500	453	65
512	448	128	500	454	125
512	448	192	500	454	188
512	448	256	500	454	250
512	448	320	500	454	313
512	448	384	501	454	375
512	448	448	501	454	437
512	448	512	502	454	496
512	448	576	503	455	561
512	448	640	503	454	623
512	448	704	503	453	685
512	448	768	503	453	745
512	448	832	505	454	807
512	448	896	505	453	868
512	448	960	505	452	930
512	448	1023	506	453	991
512	512	0	502	513	17
512	512	64	501	516	65
512	512	128	501	516	125
512	512	192	501	516	189
512	512	256	501	516	251
512	512	320	501	516	313
512	512	384	502	517	375
512	512	448	502	516	437
512	512	512	503	517	497
512	512	576	504	517	561
512	512	640	503	516	624
512	512	704	504	516	686
512	512	768	505	516	746
512	512	832	505	515	807
512	512	896	505	514	868
512	512	960	505	514	930
512	512	1023	506	514	991
512	576	0	503	581	17
512	576	64	502	585	66
512	576	128	502	585	126
512	576	192	501	585	189
512	576	256	501	585	251
512	576	320	502	585	313
512	576	384	503	586	375
512	576	448	503	586	438
512	576	512	504	586	497
512	576	576	504	586	562
512	576	640	504	586	625
512	576	704	504	585	686
512	576	768	505	585	746
512	576	832	506	585	808
512	576	896	506	584	870
512	576	960	507	584	931
512	576	1023	507	583	991
512	640	0	504	644	19
512	640	64	502	647	66
512	640	128	502	648	126
512	640	192	502	647	189
512	640	256	503	648	252
512	640	320	503	648	314
512	640	384	503	648	376
512	640	448	504	648	438
512	640	512	504	648	498
512	640	576	505	649	563
512	640	640	505	648	625
512	640	704	505	648	687
512	640	768	507	649	748
512	640	832	507	648	809
512	640	896	507	647	870
512	640	960	507	647	932
512	640	1023	508	647	993
512	704	0	505	708	18
512	704	64	504	711	65
512	704	128	503	711	126
512	704	192	503	712	190
512	704	256	504	712	252
512	704	320	504	712	315
512	704	384	505	713	377
512	704	448	505	713	439
512	704	512	505	712	498
512	704	576	506	713	563
512	704	640	506	712	626
512	704	704	506	712	688
512	704	768	507	712	748
512	704	832	507	712	809
512	704	896	507	711	871
512	704	960	508	710	933
512	704	1023	509	710	993
512	768	0	505	769	17
512	768	64	505	773	66
512	768	128	505	774	126
512	768	192	505	774	190
512	768	256	504	774	253
512	768	320	505	774	315
512	768	384	506	775	377
512	768	448	506	774	440
512	768	512	507	775	500
512	768	576	507	775	565
512	768	640	507	775	627
512	768	704	507	774	689
512	768	768	508	774	749
512	768	832	509	775	811
512	768	896	509	774	873
512	768	960	509	773	935
512	768	1023	510	773	996
512	832	0	506	831	21
512	832	64	505	834	66
512	832	128	504	834	126
512	832	192	505	835	190
512	832	256	505	835	253
512	832	320	505	835	315
512	832	384	506	836	378
512	832	448	506	836	440
512	832	512	507	836	500
512	832	576	508	837	565
512	832	640	507	836	628
512	832	704	508	835	689
512	832	768	508	836	749
512	832	832	509	836	812
512	832	896	509	835	873
512	832	960	509	833	934
512	832	1023	510	833	995
512	896	0	506	893	16
512	896	64	506	897	65
512	896	128	505	897	126
512	896	192	505	898	191
512	896	256	505	898	253
512	896	320	506	898	315
512	896	384	506	899	378
512	896	448	506	898	440
512	896	512	507	898	500
512	896	576	508	899	565
512	896	640	507	898	627
512	896	704	508	898	690
512	896	768	509	899	750
512	896	832	509	898	811
512	896	896	509	897	873
512	896	960	509	896	935
512	896	1023	511	897	996
512	960	0	507	955	16
512	960	64	505	958	66
512	960	128	505	959	126
512	960	192	506	960	191
512	960	256	506	960	253
512	960	320	506	960	316
512	960	384	507	961	378
512	960	448	506	960	440
512	960	512	507	960	500
512	960	576	508	961	565
512	960	640	508	960	628
512	960	704	508	959	690
512	960	768	509	961	751
512	960	832	510	960	812
512	960	896	510	959	873
512	960	960	510	959	936
512	960	1023	511	959	996
512	1023	0	508	1015	19
512	1023	64	506	1018	66
512	1023	128	506	1018	126
512	1023	192	506	1019	191
512	1023	256	506	1020	254
512	1023	320	507	1020	316
512	1023	384	507	1021	378
512	1023	448	507	1019	441
512	1023	512	507	1020	501
512	1023	576	508	1021	566
512	1023	640	508	1019	628
512	1023	704	508	1019	690
512	1023	768	510	1020	751
512	1023	832	510	1019	813
512	1023	896	510	1018	874
512	1023	960	510	1017	936
512	1023	1023	512	1016	998
576	0	0	567	0	13
576	0	64	566	0	64
576	0	128	567	0	125
576	0	192	566	0	188
576	0	256	567	0	250
576	0	320	566	0	312
576	0	384	567	0	374
576	0	448	567	0	435
576	0	512	568	0	495
576	0	576	569	0	560
576	0	640	569	0	622
576	0	704	569	0	684
576	0	768	569	0	744
576	0	832	570	0	806
576	0	896	570	0	867
576	0	960	570	0	928
576	0	1023	571	0	989
576	64	0	567	64	13
576	64	64	566	65	64
576	64	128	567	65	125
576	64	192	566	64	188
576	64	256	567	64	250
576	64	320	567	63	312
576	64	384	567	63	373
576	64	448	567	62	436
576	64	512	568	61	495
576	64	576	569	59	560
576	64	640	568	59	622
576	64	704	569	57	684
576	64	768	569	55	744
576	64	832	570	53	806
576	64	896	570	53	867
576	64	960	570	52	928
576	64	1023	571	51	989
576	128	0	567	129	14
576	128	64	567	130	64
576	128	128	566	130	124
576	128	192	566	130	188
576	128	256	566	130	250
576	128	320	566	130	312
576	128	384	567	130	374
576	128	448	567	129	435
576	128	512	568	129	495
576	128	576	569	129	560
576	128	640	569	128	622
576	128	704	569	128	684
576	128	768	569	127	743
576	128	832	570	126	806
576	128	896	570	125	867
576	128	960	570	125	929
576	128	1023	571	124	989
576	192	0	567	195	14
576	192	64	567	197	64
576	192	128	566	197	124
576	192	192	566	197	188
576	192	256	566	197	250
576	192	320	567	197	312
576	192	384	568	197	374
576	192	448	567	197	436
576	192	512	568	196	495
576	192	576	569	196	560
576	192	640	569	196	622
576	192	704	569	196	684
576	192	768	570	195	744
576	192	832	571	195	806
576	192	896	570	193	866
576	192	960	570	193	928
576	192	1023	570	194	988
576	256	0	568	259	14
576	256	64	567	261	65
576	256	128	566	261	125
576	256	192	567	261	188
576	256	256	567	261	250
576	256	320	567	261	312
576	256	384	568	261	374
576	256	448	568	261	436
576	256	512	568	261	495
576	256	576	569	261	560
576	256	640	569	260	622
576	256	704	569	260	685
576	256	768	570	260	744
576	256	832	570	259	805
576	256	896	570	259	867
576	256	960	570	258	928
576	256	1023	571	258	989
576	320	0	568	324	17
576	320	64	567	326	65
576	320	128	567	326	125
576	320	192	566	326	188
576	320	256	566	326	250
576	320	320	567	326	312
576	320	384	567	327	374
576	320	448	567	327	436
576	320	512	568	327	495
576	320	576	569	327	560
576	320	640	569	326	623
576	320	704	569	326	684
576	320	768	569	326	744
576	320	832	571	326	806
576	320	896	570	325	867
576	320	960	571	324	929
576	320	1023	572	324	989
576	384	0	568	387	17
576	384	64	567	390	65
576	384	128	567	390	125
576	384	192	567	391	188
576	384	256	567	390	250
576	384	320	567	390	312
576	384	384	568	391	374
576	384	448	569	391	437
576	384	512	569	391	496
576	384	576	569	391	560
576	384	640	570	391	623
576	384	704	570	390	685
576	384	768	570	390	745
576	384	832	571	390	807
576	384	896	570	388	867
576	384	960	570	388	928
576	384	1023	571	388	990
576	448	0	569	451	17
576	448	64	567	453	65
576	448	128	567	454	125
576	448	192	567	453	188
576	448	256	568	454	251
576	448	320	568	454	313
576	448	384	568	454	374
576	448	448	568	454	437
576	448	512	569	454	496
576	448	576	570	455	561
576	448	640	570	454	623
576	448	704	570	453	685
576	448	768	571	454	746
576	448	832	571	454	807
576	448	896	571	452	868
576	448	960	571	452	929
576	448	1023	572	452	990
576	512	0	569	513	19
576	512	64	568	516	65
576	512	128	568	515	125
576	512	192	568	516	189
576	512	256	568	516	251
576	512	320	569	516	313
576	512	384	569	517	375
576	512	448	569	517	437
576	512	512	569	516	496
576	512	576	570	517	561
576	512	640	571	517	624
576	512	704	571	516	686
576	512	768	571	516	746
576	512	832	572	516	808
576	512	896	571	514	868
576	512	960	571	514	930
576	512	1023	572	514	991
576	576	0	570	581	19
576	576	64	569	585	66
576	576	128	569	585	126
576	576	192	569	585	189
576	576	256	568	585	251
576	576	320	569	585	313
576	576	384	570	585	375
576	576	448	570	585	437
576	576	512	570	585	497
576	576	576	571	586	562
576	576	640	571	585	624
576	576	704	571	585	686
576	576	768	571	585	746
576	576	832	572	585	808
576	576	896	572	584	869
576	576	960	572	583	931
576	576	1023	573	584	992
576	640	0	571	644	19
576	640	64	570	648	65
576	640	128	570	648	126
576	640	192	570	648	189
576	640	256	570	648	252
576	640	320	570	648	314
576	640	384	571	649	376
576	640	448	571	648	438
576	640	512	571	648	497
576	640	576	572	649	562
576	640	640	572	648	625
576	640	704	572	647	687
576	640	768	573	649	747
576	640	832	573	648	809
576	640	896	573	647	870
576	640	960	573	647	932
576	640	1023	575	647	993
576	704	0	572	708	19
576	704	64	571	711	66
576	704	128	571	711	126
576	704	192	571	712	190
576	704	256	571	712	252
576	704	320	571	712	315
576	704	384	572	713	376
576	704	448	572	713	439
576	704	512	573	713	499
576	704	576	573	714	564
576	704	640	573	712	626
576	704	704	573	712	688
576	704	768	574	712	748
576	704	832	575	713	810
576	704	896	575	712	872
576	704	960	574	710	933
576	704	1023	575	710	993
576	768	0	573	769	20
576	768	64	572	773	66
576	768	128	572	774	127
576	768	192	572	773	190
576	768	256	572	774	253
576	768	320	573	774	315
576	768	384	573	775	377
576	768	448	573	774	440
576	768	512	574	775	500
576	768	576	574	775	565
576	768	640	574	774	627
576	768	704	574	774	689
576	768	768	574	774	749
576	768	832	576	774	811
576	768	896	575	773	873
576	768	960	576	773	935
576	768	1023	576	773	995
576	832	0	573	831	17
576	832	64	572	835	67
576	832	128	572	835	126
576	832	192	572	835	190
576	832	256	572	835	253
576	832	320	572	835	315
576	832	384	573	836	378
576	832	448	573	835	440
576	832	512	574	836	500
576	832	576	574	836	565
576	832	640	574	835	627
576	832	704	574	835	689
576	832	768	575	835	749
576	832	832	576	836	812
576	832	896	575	835	873
576	832	960	576	834	935
576	832	1023	576	834	996
576	896	0	573	893	17
576	896	64	573	897	65
576	896	128	572	897	126
576	896	192	573	897	190
576	896	256	572	897	253
576	896	320	573	897	315
576	896	384	573	898	378
576	896	448	574	898	440
576	896	512	574	898	499
576	896	576	574	898	564
576	896	640	575	898	628
576	896	704	575	898	689
576	896	768	575	898	750
576	896	832	576	899	812
576	896	896	575	896	872
576	896	960	575	896	934
576	896	1023	576	896	995
576	960	0	574	954	22
576	960	64	573	959	65
576	960	128	572	959	126
576	960	192	573	959	190
576	960	256	572	959	253
576	960	320	573	960	315
576	960	384	574	961	378
576	960	448	573	960	440
576	960	512	574	960	500
576	960	576	575	961	565
576	960	640	574	960	627
576	960	704	575	960	690
576	960	768	575	960	750
576	960	832	576	960	812
576	960	896	575	958	873
576	960	960	576	958	935
576	960	1023	576	959	996
576	1023	0	575	1015	17
576	1023	64	574	1019	67
576	1023	128	573	1019	127
576	1023	192	574	1020	191
576	1023	256	574	1020	253
576	1023	320	574	1020	316
576	1023	384	574	1021	378
576	1023	448	574	1019	440
576	1023	512	575	1020	500
576	1023	576	575	1021	565
576	1023	640	575	1019	628
576	1023	704	576	1020	691
576	1023	768	576	1020	751
576	1023	832	577	1019	813
576	1023	896	576	1018	874
576	1023	960	577	1017	937
576	1023	1023	577	1016	998
640	0	0	628	0	15
640	0	64	626	0	65
640	0	128	626	0	125
640	0	192	626	0	188
640	0	256	626	0	250
640	0	320	627	0	312
640	0	384	627	0	374
640	0	448	627	0	436
640	0	512	627	0	495
640	0	576	628	0	560
640	0	640	628	0	622
640	0	704	627	0	684
640	0	768	629	0	744
640	0	832	629	0	806
640	0	896	629	0	867
640	0	960	629	0	929
640	0	1023	630	0	989
640	64	0	628	64	16
640	64	64	626	64	65
640	64	128	626	64	125
640	64	192	626	64	188
640	64	256	626	63	250
640	64	320	627	63	312
640	64	384	627	62	374
640	64	448	627	63	436
640	64	512	628	60	495
640	64	576	629	59	560
640	64	640	628	58	622
640	64	704	628	57	684
640	64	768	629	57	745
640	64	832	629	54	806
640	64	896	629	52	867
640	64	960	629	49	929
640	64	1023	630	53	989
640	128	0	627	129	16
640	128	64	626	131	65
640	128	128	626	130	125
640	128	192	626	130	188
640	128	256	627	130	250
640	128	320	626	130	312
640	128	384	627	130	374
640	128	448	627	130	436
640	128	512	627	129	495
640	128	576	628	129	560
640	128	640	628	128	622
640	128	704	628	128	684
640	128	768	628	127	743
640	128	832	630	127	806
640	128	896	629	126	867
640	128	960	629	125	929
640	128	1023	631	124	990
640	192	0	628	195	17
640	192	64	627	197	65
640	192	128	626	197	125
640	192	192	626	197	188
640	192	256	626	197	250
640	192	320	627	197	312
640	192	384	627	197	374
640	192	448	627	197	436
640	192	512	628	197	496
640	192	576	629	197	560
640	192	640	628	196	623
640	192	704	628	196	684
640	192	768	629	196	744
640	192	832	630	195	806
640	192	896	629	194	867
640	192	960	630	193	929
640	192	1023	630	194	990
640	256	0	628	259	15
640	256	64	627	261	65
640	256	128	626	261	125
640	256	192	627	261	188
640	256	256	627	261	250
640	256	320	627	261	312
640	256	384	628	262	374
640	256	448	628	261	436
640	256	512	628	261	495
640	256	576	629	261	560
640	256	640	629	261	623
640	256	704	629	260	685
640	256	768	629	260	744
640	256	832	630	260	807
640	256	896	629	259	867
640	256	960	629	258	929
640	256	1023	630	258	989
640	320	0	628	324	17
640	320	64	627	327	65
640	320	128	627	327	125
640	320	192	626	327	188
640	320	256	627	327	251
640	320	320	627	327	313
640	320	384	627	327	374
640	320	448	628	327	436
640	320	512	628	327	496
640	320	576	629	327	560
640	320	640	629	326	623
640	320	704	628	326	684
640	320	768	629	326	744
640	320	832	630	326	806
640	320	896	630	325	868
640	320	960	630	325	929
640	320	1023	631	324	990
640	384	0	629	388	19
640	384	64	628	391	65
640	384	128	627	391	125
640	384	192	627	391	189
640	384	256	627	391	250
640	384	320	628	391	313
640	384	384	628	391	375
640	384	448	628	391	437
640	384	512	629	391	496
640	384	576	630	391	561
640	384	640	629	391	624
640	384	704	629	390	685
640	384	768	629	390	745
640	384	832	630	390	807
640	384	896	630	389	868
640	384	960	629	388	929
640	384	1023	630	388	990
640	448	0	629	451	19
640	448	64	627	454	65
640	448	128	627	454	126
640	448	192	628	454	189
640	448	256	628	454	251
640	448	320	628	455	313
640	448	384	629	455	375
640	448	448	628	454	437
640	448	512	629	454	496
640	448	576	629	455	561
640	448	640	629	454	623
640	448	704	629	453	685
640	448	768	630	454	746
640	448	832	630	453	807
640	448	896	630	453	868
640	448	960	630	452	930
640	448	1023	631	452	991
640	512	0	629	513	21
640	512	64	629	516	66
640	512	128	628	517	126
640	512	192	628	516	189
640	512	256	628	516	251
640	512	320	628	517	313
640	512	384	629	517	375
640	512	448	629	517	437
640	512	512	630	517	497
640	512	576	631	518	562
640	512	640	630	517	624
640	512	704	630	516	686
640	512	768	631	516	746
640	512	832	632	516	808
640	512	896	631	516	869
640	512	960	631	515	931
640	512	1023	631	514	991
640	576	0	630	581	22
640	576	64	629	585	66
640	576	128	629	585	126
640	576	192	628	585	189
640	576	256	629	586	251
640	576	320	630	586	314
640	576	384	629	586	375
640	576	448	629	585	437
640	576	512	630	586	497
640	576	576	631	586	562
640	576	640	630	585	624
640	576	704	630	585	686
640	576	768	631	585	746
640	576	832	632	585	808
640	576	896	632	584	870
640	576	960	632	584	931
640	576	1023	633	584	992
640	640	0	631	644	19
640	640	64	630	648	66
640	640	128	630	648	126
640	640	192	630	648	190
640	640	256	630	649	252
640	640	320	630	648	314
640	640	384	631	649	376
640	640	448	630	648	438
640	640	512	631	649	498
640	640	576	632	649	563
640	640	640	631	648	625
640	640	704	632	649	687
640	640	768	633	649	747
640	640	832	633	648	809
640	640	896	632	647	870
640	640	960	633	647	932
640	640	1023	633	647	993
640	704	0	632	708	18
640	704	64	631	712	66
640	704	128	631	712	127
640	704	192	631	712	190
640	704	256	631	712	252
640	704	320	631	712	315
640	704	384	632	713	377
640	704	448	632	713	439
640	704	512	632	713	499
640	704	576	633	714	564
640	704	640	633	713	626
640	704	704	633	712	688
640	704	768	633	712	748
640	704	832	634	713	811
640	704	896	634	712	872
640	704	960	634	711	933
640	704	1023	635	711	995
640	768	0	634	771	19
640	768	64	632	774	66
640	768	128	632	774	127
640	768	192	633	775	190
640	768	256	632	774	253
640	768	320	633	775	316
640	768	384	633	776	378
640	768	448	633	775	440
640	768	512	633	775	500
640	768	576	634	776	565
640	768	640	634	775	627
640	768	704	634	774	689
640	768	768	635	775	750
640	768	832	635	774	811
640	768	896	635	774	873
640	768	960	635	773	934
640	768	1023	636	773	996
640	832	0	634	831	17
640	832	64	633	835	67
640	832	128	632	835	127
640	832	192	632	835	191
640	832	256	633	836	253
640	832	320	632	835	315
640	832	384	633	836	378
640	832	448	633	836	440
640	832	512	633	836	500
640	832	576	634	837	565
640	832	640	634	836	627
640	832	704	634	835	689
640	832	768	634	835	749
640	832	832	636	836	812
640	832	896	635	835	873
640	832	960	636	834	935
640	832	1023	636	835	996
640	896	0	634	894	17
640	896	64	633	897	66
640	896	128	633	898	127
640	896	192	633	898	190
640	896	256	633	898	253
640	896	320	633	898	315
640	896	384	633	899	378
640	896	448	634	899	440
640	896	512	634	899	500
640	896	576	635	900	565
640	896	640	635	899	628
640	896	704	635	898	690
640	896	768	635	898	750
640	896	832	636	899	812
640	896	896	636	898	873
640	896	960	636	898	936
640	896	1023	637	898	997
640	960	0	634	955	23
640	960	64	633	960	67
640	960	128	633	959	127
640	960	192	633	960	191
640	960	256	633	960	253
640	960	320	633	960	316
640	960	384	634	961	378
640	960	448	634	961	440
640	960	512	634	960	500
640	960	576	634	961	565
640	960	640	635	961	628
640	960	704	635	961	690
640	960	768	635	960	750
640	960	832	636	961	813
640	960	896	635	959	873
640	960	960	635	958	936
640	960	1023	636	959	996
640	1023	0	635	1015	21
640	1023	64	634	1020	67
640	1023	128	633	1019	127
640	1023	192	634	1020	191
640	1023	256	634	1020	253
640	1023	320	634	1020	316
640	1023	384	635	1021	379
640	1023	448	635	1021	441
640	1023	512	635	1020	500
640	1023	576	635	1021	566
640	1023	640	635	1020	628
640	1023	704	636	1020	691
640	1023	768	636	1020	751
640	1023	832	636	1019	813
640	1023	896	636	1018	875
640	1023	960	636	1017	937
640	1023	1023	637	1016	998
704	0	0	689	0	17
704	0	64	688	0	64
704	0	128	687	0	124
704	0	192	688	0	188
704	0	256	688	0	250
704	0	320	688	0	312
704	0	384	689	0	373
704	0	448	688	0	435
704	0	512	689	0	495
704	0	576	690	0	559
704	0	640	689	0	622
704	0	704	690	0	684
704	0	768	690	0	744
704	0	832	690	0	805
704	0	896	690	0	866
704	0	960	690	0	928
704	0	1023	691	0	989
704	64	0	689	63	16
704	64	64	688	64	64
704	64	128	688	63	124
704	64	192	688	63	188
704	64	256	688	63	250
704	64	320	688	63	312
704	64	384	689	62	374
704	64	448	688	61	435
704	64	512	689	59	495
704	64	576	690	58	560
704	64	640	690	57	622
704	64	704	690	57	684
704	64	768	691	54	744
704	64	832	691	52	805
704	64	896	690	51	866
704	64	960	690	51	928
704	64	1023	691	50	989
704	128	0	690	129	16
704	128	64	688	130	65
704	128	128	688	130	124
704	128	192	688	130	188
704	128	256	688	130	250
704	128	320	688	130	312
704	128	384	689	130	374
704	128	448	688	129	435
704	128	512	689	129	495
704	128	576	690	128	559
704	128	640	689	127	622
704	128	704	689	127	683
704	128	768	691	127	744
704	128	832	690	126	805
704	128	896	690	126	866
704	128	960	690	125	928
704	128	1023	691	125	989
704	192	0	689	195	16
704	192	64	688	197	65
704	192	128	688	197	125
704	192	192	688	197	188
704	192	256	688	197	250
704	192	320	689	197	312
704	192	384	689	197	374
704	192	448	689	197	435
704	192	512	689	196	495
704	192	576	690	196	560
704	192	640	689	196	622
704	192	704	690	195	684
704	192	768	690	195	743
704	192	832	691	195	805
704	192	896	690	194	867
704	192	960	691	194	929
704	192	1023	691	193	989
704	256	0	689	259	16
704	256	64	689	261	65
704	256	128	688	261	125
704	256	192	688	261	188
704	256	256	688	261	250
704	256	320	688	261	312
704	256	384	689	261	374
704	256	448	689	261	436
704	256	512	690	261	495
704	256	576	691	261	560
704	256	640	690	260	623
704	256	704	690	260	684
704	256	768	690	260	744
704	256	832	692	259	806
704	256	896	691	259	867
704	256	960	691	258	929
704	256	1023	692	258	990
704	320	0	690	324	19
704	320	64	689	326	65
704	320	128	688	327	125
704	320	192	688	327	188
704	320	256	688	327	250
704	320	320	689	327	312
704	320	384	689	327	374
704	320	448	689	327	436
704	320	512	689	326	495
704	320	576	690	327	560
704	320	640	690	326	622
704	320	704	690	326	684
704	320	768	691	326	745
704	320	832	691	325	806
704	320	896	690	324	867
704	320	960	691	324	929
704	320	1023	692	324	990
704	384	0	690	387	18
704	384	64	689	390	65
704	384	128	689	390	125
704	384	192	689	390	188
704	384	256	689	391	250
704	384	320	689	390	312
704	384	384	689	391	374
704	384	448	689	390	436
704	384	512	690	391	496
704	384	576	691	391	561
704	384	640	690	390	623
704	384	704	690	389	684
704	384	768	691	389	744
704	384	832	691	390	806
704	384	896	691	389	868
704	384	960	691	388	930
704	384	1023	692	389	990
704	448	0	691	451	19
704	448	64	690	454	65
704	448	128	689	453	125
704	448	192	689	454	189
704	448	256	690	454	251
704	448	320	690	454	313
704	448	384	690	454	375
704	448	448	690	454	437
704	448	512	690	454	496
704	448	576	691	454	561
704	448	640	691	454	624
704	448	704	691	454	685
704	448	768	692	454	745
704	448	832	693	454	807
704	448	896	691	452	868
704	448	960	691	452	930
704	448	1023	692	452	990
704	512	0	691	513	17
704	512	64	690	516	66
704	512	128	690	516	125
704	512	192	690	516	189
704	512	256	691	517	251
704	512	320	690	516	313
704	512	384	691	517	375
704	512	448	691	516	437
704	512	512	691	517	497
704	512	576	692	517	561
704	512	640	692	516	624
704	512	704	691	516	685
704	512	768	692	516	745
704	512	832	693	516	808
704	512	896	692	515	869
704	512	960	693	515	931
704	512	1023	693	515	991
704	576	0	692	582	19
704	576	64	691	585	66
704	576	128	691	585	126
704	576	192	691	585	189
704	576	256	691	585	251
704	576	320	691	585	314
704	576	384	692	586	375
704	576	448	691	585	437
704	576	512	692	585	497
704	576	576	692	586	562
704	576	640	692	585	624
704	576	704	693	585	687
704	576	768	693	585	746
704	576	832	693	584	808
704	576	896	693	583	869
704	576	960	693	583	931
704	576	1023	693	583	991
704	640	0	693	644	17
704	640	64	692	647	66
704	640	128	692	648	126
704	640	192	692	648	189
704	640	256	692	648	251
704	640	320	692	648	314
704	640	384	692	648	376
704	640	448	692	648	438
704	640	512	693	649	498
704	640	576	694	649	563
704	640	640	693	648	625
704	640	704	693	648	687
704	640	768	694	648	747
704	640	832	695	648	809
704	640	896	694	647	870
704	640	960	694	647	932
704	640	1023	695	647	993
704	704	0	693	707	21
704	704	64	693	711	66
704	704	128	692	711	126
704	704	192	692	711	189
704	704	256	693	712	252
704	704	320	693	712	314
704	704	384	693	712	376
704	704	448	693	712	438
704	704	512	694	712	498
704	704	576	695	713	563
704	704	640	694	712	626
704	704	704	694	711	687
704	704	768	694	711	747
704	704	832	695	712	810
704	704	896	695	711	871
704	704	960	695	710	933
704	704	1023	696	710	994
704	768	0	695	770	21
704	768	64	695	774	66
704	768	128	694	774	126
704	768	192	694	774	190
704	768	256	694	774	253
704	768	320	694	774	315
704	768	384	695	775	377
704	768	448	695	775	440
704	768	512	695	774	499
704	768	576	695	774	564
704	768	640	696	775	627
704	768	704	696	774	689
704	768	768	696	774	749
704	768	832	697	775	811
704	768	896	696	772	872
704	768	960	696	772	934
704	768	1023	697	772	995
704	832	0	696	831	19
704	832	64	694	834	66
704	832	128	694	834	127
704	832	192	694	835	190
704	832	256	694	835	253
704	832	320	695	835	315
704	832	384	695	836	378
704	832	448	694	835	439
704	832	512	695	835	499
704	832	576	696	836	564
704	832	640	695	835	627
704	832	704	695	834	688
704	832	768	697	836	749
704	832	832	697	835	811
704	832	896	696	834	872
704	832	960	696	834	934
704	832	1023	697	834	995
704	896	0	696	893	20
704	896	64	695	897	66
704	896	128	695	898	126
704	896	192	694	897	190
704	896	256	695	898	253
704	896	320	695	898	315
704	896	384	695	898	377
704	896	448	695	898	439
704	896	512	696	898	499
704	896	576	697	899	564
704	896	640	696	898	627
704	896	704	696	898	689
704	896	768	696	898	749
704	896	832	697	898	811
704	896	896	697	897	873
704	896	960	697	897	935
704	896	1023	698	897	996
704	960	0	696	954	20
704	960	64	695	959	67
704	960	128	695	959	127
704	960	192	695	959	190
704	960	256	695	959	253
704	960	320	695	959	315
704	960	384	695	960	378
704	960	448	695	960	440
704	960	512	696	960	500
704	960	576	697	961	565
704	960	640	696	960	628
704	960	704	696	960	690
704	960	768	696	959	750
704	960	832	698	960	812
704	960	896	697	959	874
704	960	960	697	959	936
704	960	1023	698	959	997
704	1023	0	697	1015	23
704	1023	64	696	1019	66
704	1023	128	696	1020	127
704	1023	192	695	1019	191
704	1023	256	695	1019	253
704	1023	320	695	1019	316
704	1023	384	696	1020	378
704	1023	448	696	1020	440
704	1023	512	697	1021	501
704	1023	576	698	1022	566
704	1023	640	697	1020	628
704	1023	704	697	1019	690
704	1023	768	698	1019	751
704	1023	832	698	1020	813
704	1023	896	698	1019	875
704	1023	960	698	1018	937
704	1023	1023	699	1016	998
768	0	0	751	0	18
768	0	64	749	0	65
768	0	128	749	0	125
768	0	192	749	0	188
768	0	256	749	0	250
768	0	320	749	0	312
768	0	384	749	0	373
768	0	448	749	0	435
768	0	512	750	0	495
768	0	576	751	0	560
768	0	640	751	0	622
768	0	704	751	0	684
768	0	768	751	0	744
768	0	832	752	0	806
768	0	896	751	0	867
768	0	960	752	0	929
768	0	1023	751	0	989
768	64	0	750	62	19
768	64	64	749	62	65
768	64	128	749	62	125
768	64	192	749	62	188
768	64	256	749	61	250
768	64	320	749	61	312
768	64	384	750	61	374
768	64	448	749	61	435
768	64	512	750	58	495
768	64	576	751	56	560
768	64	640	751	55	622
768	64	704	750	56	683
768	64	768	750	56	743
768	64	832	752	52	806
768	64	896	751	49	867
768	64	960	751	46	929
768	64	1023	751	46	988
768	128	0	751	128	19
768	128	64	749	129	65
768	128	128	748	129	125
768	128	192	749	129	188
768	128	256	749	129	250
768	128	320	749	129	312
768	128	384	750	129	374
768	128	448	750	129	436
768	128	512	750	128	494
768	128	576	750	128	559
768	128	640	751	127	622
768	128	704	751	127	684
768	128	768	751	126	744
768	128	832	752	126	806
768	128	896	750	124	866
768	128	960	751	124	928
768	128	1023	751	124	989
768	192	0	750	195	18
768	192	64	749	197	65
768	192	128	749	196	125
768	192	192	749	197	188
768	192	256	749	197	250
768	192	320	749	197	312
768	192	384	750	197	374
768	192	448	749	196	435
768	192	512	750	196	495
768	192	576	750	196	559
768	192	640	750	195	622
768	192	704	751	196	684
768	192	768	751	195	744
768	192	832	751	194	805
768	192	896	751	194	866
768	192	960	751	193	928
768	192	1023	752	193	989
768	256	0	751	258	19
768	256	64	749	260	65
768	256	128	749	261	125
768	256	192	749	261	188
768	256	256	749	261	250
768	256	320	750	261	312
768	256	384	751	261	374
768	256	448	750	260	436
768	256	512	750	260	495
768	256	576	751	260	560
768	256	640	750	260	622
768	256	704	750	260	684
768	256	768	752	260	744
768	256	832	752	259	806
768	256	896	751	258	867
768	256	960	751	258	928
768	256	1023	752	258	989
768	320	0	751	324	19
768	320	64	750	326	65
768	320	128	749	326	125
768	320	192	750	326	188
768	320	256	749	326	250
768	320	320	750	326	312
768	320	384	750	327	374
768	320	448	750	326	436
768	320	512	751	326	495
768	320	576	752	327	560
768	320	640	751	326	622
768	320	704	751	326	684
768	320	768	751	325	744
768	320	832	752	326	806
768	320	896	752	324	867
768	320	960	751	324	928
768	320	1023	752	324	989
768	384	0	751	387	19
768	384	64	750	390	65
768	384	128	750	390	125
768	384	192	750	390	189
768	384	256	750	390	250
768	384	320	750	390	312
768	384	384	751	391	374
768	384	448	750	390	436
768	384	512	750	390	495
768	384	576	751	390	560
768	384	640	751	390	622
768	384	704	750	389	684
768	384	768	752	390	745
768	384	832	752	389	806
768	384	896	752	389	867
768	384	960	751	388	929
768	384	1023	752	388	990
768	448	0	751	450	23
768	448	64	750	453	66
768	448	128	750	454	126
768	448	192	750	454	189
768	448	256	750	454	250
768	448	320	750	454	313
768	448	384	751	454	374
768	448	448	751	454	436
768	448	512	752	454	496
768	448	576	752	454	561
768	448	640	752	453	623
768	448	704	752	453	685
768	448	768	752	453	744
768	448	832	753	453	807
768	448	896	752	453	868
768	448	960	753	452	930
768	448	1023	754	452	991
768	512	0	752	512	21
768	512	64	751	516	66
768	512	128	751	516	125
768	512	192	751	516	189
768	512	256	751	516	251
768	512	320	751	516	313
768	512	384	752	516	375
768	512	448	751	516	437
768	512	512	751	516	496
768	512	576	753	516	561
768	512	640	752	515	623
768	512	704	752	515	685
768	512	768	753	516	746
768	512	832	753	515	807
768	512	896	753	514	868
768	512	960	753	514	930
768	512	1023	754	514	991
768	576	0	753	581	23
768	576	64	752	584	66
768	576	128	751	584	125
768	576	192	751	585	189
768	576	256	751	585	251
768	576	320	752	585	313
768	576	384	752	585	375
768	576	448	752	585	437
768	576	512	752	585	496
768	576	576	754	586	562
768	576	640	753	585	624
768	576	704	753	584	686
768	576	768	754	584	746
768	576	832	755	585	808
768	576	896	753	583	868
768	576	960	753	582	930
768	576	1023	754	583	991
768	640	0	753	643	20
768	640	64	752	647	67
768	640	128	752	647	126
768	640	192	752	647	189
768	640	256	753	648	252
768	640	320	753	648	314
768	640	384	753	648	375
768	640	448	753	648	437
768	640	512	753	648	497
768	640	576	755	649	562
768	640	640	754	648	624
768	640	704	753	647	686
768	640	768	754	647	746
768	640	832	755	648	809
768	640	896	755	647	870
768	640	960	755	646	932
768	640	1023	755	646	993
768	704	0	755	708	21
768	704	64	754	712	66
768	704	128	754	711	126
768	704	192	754	712	190
768	704	256	753	711	252
768	704	320	754	712	314
768	704	384	755	712	376
768	704	448	754	711	438
768	704	512	754	711	498
768	704	576	755	712	563
768	704	640	754	711	625
768	704	704	755	712	688
768	704	768	756	712	748
768	704	832	756	711	809
768	704	896	755	710	870
768	704	960	755	710	932
768	704	1023	756	710	993
768	768	0	757	769	19
768	768	64	755	773	66
768	768	128	755	774	127
768	768	192	755	774	190
768	768	256	755	773	252
768	768	320	755	774	315
768	768	384	755	774	377
768	768	448	756	774	439
768	768	512	756	774	499
768	768	576	757	775	564
768	768	640	757	774	627
768	768	704	756	773	689
768	768	768	757	773	748
768	768	832	758	774	811
768	768	896	757	773	872
768	768	960	757	772	934
768	768	1023	758	773	995
768	832	0	757	830	24
768	832	64	756	835	67
768	832	128	755	834	126
768	832	192	755	835	190
768	832	256	755	834	253
768	832	320	755	834	315
768	832	384	756	835	377
768	832	448	756	835	440
768	832	512	755	834	498
768	832	576	756	835	564
768	832	640	757	835	627
768	832	704	757	835	689
768	832	768	757	835	749
768	832	832	758	835	811
768	832	896	756	833	872
768	832	960	757	833	934
768	832	1023	757	833	995
768	896	0	758	893	20
768	896	64	756	897	67
768	896	128	755	897	127
768	896	192	756	898	191
768	896	256	756	897	253
768	896	320	756	898	315
768	896	384	757	899	377
768	896	448	756	897	439
768	896	512	756	898	499
768	896	576	757	898	564
768	896	640	756	897	627
768	896	704	757	898	689
768	896	768	758	898	749
768	896	832	758	897	811
768	896	896	757	896	872
768	896	960	757	896	934
768	896	1023	758	896	996
768	960	0	758	955	23
768	960	64	756	958	66
768	960	128	756	959	127
768	960	192	756	959	190
768	960	256	756	960	253
768	960	320	757	960	316
768	960	384	757	961	378
768	960	448	756	959	440
768	960	512	757	960	500
768	960	576	758	961	565
768	960	640	757	960	627
768	960	704	757	959	689
768	960	768	759	961	751
768	960	832	758	960	812
768	960	896	758	959	873
768	960	960	758	958	936
768	960	1023	759	959	997
768	1023	0	758	1015	20
768	1023	64	757	1019	67
768	1023	128	757	1020	127
768	1023	192	756	1019	190
768	1023	256	757	1020	254
768	1023	320	758	1021	316
768	1023	384	757	1020	378
768	1023	448	757	1020	440
768	1023	512	758	1020	500
768	1023	576	759	1021	565
768	1023	640	758	1020	628
768	1023	704	758	1019	690
768	1023	768	758	1019	750
768	1023	832	759	1019	813
768	1023	896	759	1018	874
768	1023	960	759	1017	937
768	1023	1023	760	1016	998
832	0	0	810	0	19
832	0	64	809	0	65
832	0	128	809	0	125
832	0	192	809	0	188
832	0	256	809	0	250
832	0	320	810	0	312
832	0	384	810	0	373
832	0	448	809	0	435
832	0	512	810	0	495
832	0	576	811	0	560
832	0	640	810	0	622
832	0	704	810	0	683
832	0	768	811	0	743
832	0	832	811	0	805
832	0	896	811	0	867
832	0	960	811	0	929
832	0	1023	812	0	989
832	64	0	810	61	19
832	64	64	809	62	65
832	64	128	809	62	124
832	64	192	809	61	188
832	64	256	809	61	250
832	64	320	810	60	312
832	64	384	810	60	373
832	64	448	809	60	435
832	64	512	810	56	495
832	64	576	811	57	559
832	64	640	810	55	622
832	64	704	810	54	683
832	64	768	811	51	743
832	64	832	812	50	805
832	64	896	811	47	867
832	64	960	811	47	929
832	64	1023	812	46	989
832	128	0	811	128	19
832	128	64	810	129	65
832	128	128	809	129	125
832	128	192	809	129	188
832	128	256	809	129	250
832	128	320	809	129	312
832	128	384	810	128	373
832	128	448	810	128	435
832	128	512	810	128	495
832	128	576	811	128	560
832	128	640	810	127	622
832	128	704	810	126	684
832	128	768	811	126	743
832	128	832	812	125	806
832	128	896	811	124	867
832	128	960	811	124	929
832	128	1023	812	123	990
832	192	0	811	195	21
832	192	64	810	196	65
832	192	128	810	196	125
832	192	192	810	196	188
832	192	256	809	196	250
832	192	320	809	196	312
832	192	384	810	196	374
832	192	448	810	196	435
832	192	512	811	196	495
832	192	576	811	196	560
832	192	640	811	195	622
832	192	704	811	195	684
832	192	768	811	195	744
832	192	832	812	194	806
832	192	896	812	193	867
832	192	960	811	193	929
832	192	1023	811	192	989
832	256	0	811	258	19
832	256	64	810	261	65
832	256	128	810	261	125
832	256	192	809	261	188
832	256	256	810	260	250
832	256	320	810	260	312
832	256	384	811	261	374
832	256	448	810	260	436
832	256	512	810	260	495
832	256	576	811	260	559
832	256	640	811	260	623
832	256	704	811	259	684
832	256	768	812	259	744
832	256	832	813	259	807
832	256	896	811	258	867
832	256	960	811	258	928
832	256	1023	812	257	989
832	320	0	811	323	19
832	320	64	810	326	65
832	320	128	810	326	125
832	320	192	810	326	188
832	320	256	810	327	250
832	320	320	811	327	312
832	320	384	810	327	374
832	320	448	810	326	436
832	320	512	811	326	495
832	320	576	811	326	560
832	320	640	811	326	622
832	320	704	811	325	684
832	320	768	811	325	744
832	320	832	812	325	806
832	320	896	812	324	867
832	320	960	812	324	929
832	320	1023	812	324	990
832	384	0	812	387	20
832	384	64	810	390	66
832	384	128	810	390	125
832	384	192	810	390	188
832	384	256	810	390	250
832	384	320	810	390	312
832	384	384	811	390	374
832	384	448	811	390	436
832	384	512	810	390	495
832	384	576	812	391	560
832	384	640	812	390	623
832	384	704	811	389	685
832	384	768	812	389	744
832	384	832	813	389	807
832	384	896	811	388	867
832	384	960	811	388	929
832	384	1023	812	387	990
832	448	0	812	451	22
832	448	64	811	453	65
832	448	128	810	454	125
832	448	192	811	454	189
832	448	256	811	454	251
832	448	320	811	454	313
832	448	384	812	454	375
832	448	448	811	453	436
832	448	512	811	453	496
832	448	576	812	454	560
832	448	640	811	453	623
832	448	704	811	453	684
832	448	768	813	453	745
832	448	832	813	453	807
832	448	896	812	452	868
832	448	960	812	452	930
832	448	1023	813	452	991
832	512	0	813	512	23
832	512	64	812	516	66
832	512	128	811	515	125
832	512	192	811	516	189
832	512	256	811	516	251
832	512	320	811	516	313
832	512	384	812	516	375
832	512	448	812	516	437
832	512	512	812	516	496
832	512	576	813	517	561
832	512	640	813	516	624
832	512	704	813	516	686
832	512	768	813	515	745
832	512	832	814	516	808
832	512	896	813	515	869
832	512	960	812	513	930
832	512	1023	813	514	991
832	576	0	813	581	21
832	576	64	812	584	67
832	576	128	812	585	126
832	576	192	812	585	189
832	576	256	812	585	251
832	576	320	812	585	313
832	576	384	812	585	375
832	576	448	812	585	437
832	576	512	813	585	497
832	576	576	814	585	562
832	576	640	813	585	624
832	576	704	813	584	686
832	576	768	814	584	746
832	576	832	814	585	808
832	576	896	814	583	869
832	576	960	814	583	931
832	576	1023	814	583	992
832	640	0	815	644	22
832	640	64	814	648	66
832	640	128	813	647	126
832	640	192	813	648	189
832	640	256	813	648	251
832	640	320	813	648	314
832	640	384	814	648	376
832	640	448	813	648	437
832	640	512	814	648	497
832	640	576	814	648	562
832	640	640	814	647	624
832	640	704	815	648	687
832	640	768	815	648	747
832	640	832	815	647	808
832	640	896	814	646	870
832	640	960	814	646	932
832	640	1023	815	646	992
832	704	0	815	707	20
832	704	64	814	711	66
832	704	128	814	712	126
832	704	192	814	711	190
832	704	256	814	712	252
832	704	320	814	712	314
832	704	384	815	712	376
832	704	448	815	712	438
832	704	512	815	712	498
832	704	576	816	713	563
832	704	640	816	712	626
832	704	704	816	712	688
832	704	768	816	712	748
832	704	832	817	712	810
832	704	896	816	711	871
832	704	960	816	710	933
832	704	1023	817	710	994
832	768	0	818	770	20
832	768	64	816	773	67
832	768	128	816	773	126
832	768	192	816	775	190
832	768	256	816	774	253
832	768	320	816	775	315
832	768	384	817	775	378
832	768	448	816	774	439
832	768	512	817	774	499
832	768	576	817	775	564
832	768	640	816	774	627
832	768	704	816	773	688
832	768	768	818	774	749
832	768	832	818	773	811
832	768	896	817	773	872
832	768	960	817	772	934
832	768	1023	818	772	995
832	832	0	817	830	24
832	832	64	816	834	67
832	832	128	816	835	127
832	832	192	816	835	190
832	832	256	815	834	252
832	832	320	815	835	315
832	832	384	816	835	377
832	832	448	816	835	439
832	832	512	817	835	499
832	832	576	817	836	564
832	832	640	817	835	627
832	832	704	817	835	689
832	832	768	817	835	749
832	832	832	818	835	811
832	832	896	817	834	873
832	832	960	818	834	935
832	832	1023	818	834	996
832	896	0	818	893	21
832	896	64	816	897	67
832	896	128	817	898	126
832	896	192	816	898	190
832	896	256	816	897	252
832	896	320	816	898	315
832	896	384	817	898	377
832	896	448	817	898	440
832	896	512	817	899	500
832	896	576	818	899	565
832	896	640	818	898	627
832	896	704	817	898	689
832	896	768	818	898	749
832	896	832	819	898	811
832	896	896	818	897	873
832	896	960	818	897	935
832	896	1023	818	896	996
832	960	0	818	955	21
832	960	64	817	959	66
832	960	128	816	959	127
832	960	192	816	960	191
832	960	256	816	960	253
832	960	320	817	960	315
832	960	384	817	960	377
832	960	448	817	960	440
832	960	512	817	959	499
832	960	576	818	960	564
832	960	640	818	960	628
832	960	704	818	960	690
832	960	768	818	960	750
832	960	832	818	959	811
832	960	896	818	958	873
832	960	960	818	958	935
832	960	1023	818	958	996
832	1023	0	819	1015	22
832	1023	64	818	1020	67
832	1023	128	817	1019	126
832	1023	192	818	1020	191
832	1023	256	817	1020	253
832	1023	320	818	1020	316
832	1023	384	818	1021	378
832	1023	448	817	1019	440
832	1023	512	818	1020	500
832	1023	576	819	1020	565
832	1023	640	818	1019	628
832	1023	704	819	1020	690
832	1023	768	819	1020	751
832	1023	832	819	1019	812
832	1023	896	819	1018	874
832	1023	960	819	1017	937
832	1023	1023	820	1015	998
896	0	0	869	0	20
896	0	64	868	0	66
896	0	128	867	0	125
896	0	192	867	0	188
896	0	256	867	0	250
896	0	320	867	0	312
896	0	384	868	0	374
896	0	448	868	0	436
896	0	512	868	0	495
896	0	576	869	0	559
896	0	640	869	0	623
896	0	704	869	0	684
896	0	768	869	0	744
896	0	832	869	0	805
896	0	896	868	0	867
896	0	960	869	0	929
896	0	1023	870	0	990
896	64	0	869	58	21
896	64	64	868	60	65
896	64	128	867	60	125
896	64	192	868	59	188
896	64	256	868	58	250
896	64	320	868	58	312
896	64	384	868	58	374
896	64	448	868	57	436
896	64	512	868	55	495
896	64	576	869	54	559
896	64	640	869	53	622
896	64	704	869	52	684
896	64	768	869	51	744
896	64	832	869	47	805
896	64	896	868	45	867
896	64	960	869	40	928
896	64	1023	870	42	990
896	128	0	869	127	20
896	128	64	868	128	66
896	128	128	867	129	125
896	128	192	868	129	188
896	128	256	868	128	250
896	128	320	868	128	312
896	128	384	869	128	374
896	128	448	868	127	435
896	128	512	868	127	495
896	128	576	869	127	559
896	128	640	868	126	622
896	128	704	869	126	684
896	128	768	870	125	744
896	128	832	869	124	805
896	128	896	869	123	867
896	128	960	869	123	929
896	128	1023	870	123	990
896	192	0	870	195	21
896	192	64	868	196	66
896	192	128	868	196	125
896	192	192	868	196	189
896	192	256	868	196	250
896	192	320	868	196	312
896	192	384	869	196	374
896	192	448	867	196	435
896	192	512	868	195	495
896	192	576	869	195	560
896	192	640	868	195	622
896	192	704	868	194	684
896	192	768	870	194	745
896	192	832	869	194	806
896	192	896	869	193	867
896	192	960	869	192	929
896	192	1023	870	192	990
896	256	0	869	258	24
896	256	64	868	260	65
896	256	128	868	261	125
896	256	192	868	260	188
896	256	256	868	260	250
896	256	320	868	260	312
896	256	384	868	260	374
896	256	448	868	260	436
896	256	512	869	260	495
896	256	576	870	260	560
896	256	640	869	259	622
896	256	704	868	259	684
896	256	768	869	259	744
896	256	832	870	259	806
896	256	896	870	258	867
896	256	960	869	258	929
896	256	1023	870	257	990
896	320	0	870	323	21
896	320	64	868	326	66
896	320	128	868	326	125
896	320	192	868	326	188
896	320	256	868	326	250
896	320	320	868	326	312
896	320	384	869	326	374
896	320	448	869	326	436
896	320	512	868	326	495
896	320	576	869	326	560
896	320	640	868	325	622
896	320	704	869	325	685
896	320	768	870	325	745
896	320	832	870	325	806
896	320	896	869	324	867
896	320	960	869	323	929
896	320	1023	870	323	990
896	384	0	869	387	23
896	384	64	868	390	66
896	384	128	868	390	126
896	384	192	868	390	189
896	384	256	869	390	251
896	384	320	869	391	313
896	384	384	869	390	374
896	384	448	868	390	436
896	384	512	869	390	496
896	384	576	870	390	560
896	384	640	869	389	623
896	384	704	869	389	684
896	384	768	869	389	744
896	384	832	870	389	806
896	384	896	870	388	868
896	384	960	870	388	930
896	384	1023	870	388	990
896	448	0	870	450	23
896	448	64	869	453	67
896	448	128	869	453	125
896	448	192	869	454	189
896	448	256	869	454	251
896	448	320	869	454	313
896	448	384	869	454	374
896	448	448	869	454	437
896	448	512	869	453	496
896	448	576	871	455	561
896	448	640	870	454	624
896	448	704	870	453	685
896	448	768	870	453	745
896	448	832	871	453	807
896	448	896	871	452	869
896	448	960	870	451	929
896	448	1023	870	451	991
896	512	0	872	513	23
896	512	64	870	515	67
896	512	128	870	516	126
896	512	192	869	516	189
896	512	256	870	516	251
896	512	320	870	516	313
896	512	384	870	516	375
896	512	448	870	516	437
896	512	512	870	516	496
896	512	576	871	517	561
896	512	640	870	515	624
896	512	704	870	515	685
896	512	768	872	516	746
896	512	832	871	515	807
896	512	896	871	514	869
896	512	960	871	514	931
896	512	1023	872	514	992
896	576	0	872	581	23
896	576	64	871	585	67
896	576	128	870	584	126
896	576	192	870	585	189
896	576	256	870	585	251
896	576	320	870	585	313
896	576	384	871	586	375
896	576	448	870	585	437
896	576	512	871	585	497
896	576	576	871	585	561
896	576	640	871	584	624
896	576	704	872	585	686
896	576	768	872	585	746
896	576	832	872	584	808
896	576	896	871	583	869
896	576	960	871	583	931
896	576	1023	872	583	992
896	640	0	873	644	22
896	640	64	871	647	66
896	640	128	871	648	126
896	640	192	871	647	189
896	640	256	871	648	252
896	640	320	871	648	314
896	640	384	872	648	376
896	640	448	872	648	438
896	640	512	872	648	497
896	640	576	873	649	562
896	640	640	873	648	625
896	640	704	872	648	687
896	640	768	873	648	747
896	640	832	874	648	809
896	640	896	873	647	871
896	640	960	873	647	932
896	640	1023	874	647	994
896	704	0	875	708	25
896	704	64	873	711	67
896	704	128	872	711	126
896	704	192	873	712	190
896	704	256	873	712	252
896	704	320	873	712	315
896	704	384	874	713	377
896	704	448	873	712	438
896	704	512	873	712	498
896	704	576	874	713	563
896	704	640	873	712	626
896	704	704	873	711	688
896	704	768	875	712	748
896	704	832	874	712	810
896	704	896	874	710	871
896	704	960	874	710	933
896	704	1023	874	710	994
896	768	0	876	769	22
896	768	64	874	773	67
896	768	128	874	773	127
896	768	192	874	774	190
896	768	256	874	774	253
896	768	320	874	774	315
896	768	384	875	775	377
896	768	448	875	775	440
896	768	512	874	774	499
896	768	576	875	774	564
896	768	640	876	775	627
896	768	704	875	774	689
896	768	768	876	774	749
896	768	832	877	775	812
896	768	896	875	772	872
896	768	960	875	772	934
896	768	1023	875	772	995
896	832	0	876	831	26
896	832	64	875	835	67
896	832	128	874	834	127
896	832	192	874	835	191
896	832	256	874	835	253
896	832	320	874	835	315
896	832	384	875	836	378
896	832	448	874	835	439
896	832	512	874	835	499
896	832	576	875	836	564
896	832	640	874	835	627
896	832	704	876	836	690
896	832	768	876	835	750
896	832	832	876	835	811
896	832	896	875	834	872
896	832	960	875	833	935
896	832	1023	876	834	996
896	896	0	877	894	26
896	896	64	875	897	66
896	896	128	875	898	127
896	896	192	874	898	190
896	896	256	875	899	253
896	896	320	875	899	315
896	896	384	875	898	377
896	896	448	875	898	440
896	896	512	875	898	500
896	896	576	876	899	565
896	896	640	875	898	627
896	896	704	875	897	689
896	896	768	877	899	750
896	896	832	877	898	811
896	896	896	876	897	873
896	896	960	876	897	935
896	896	1023	877	897	996
896	960	0	877	954	25
896	960	64	875	959	68
896	960	128	875	960	127
896	960	192	875	959	191
896	960	256	874	959	253
896	960	320	875	959	315
896	960	384	875	960	377
896	960	448	875	960	440
896	960	512	876	961	500
896	960	576	877	962	565
896	960	640	876	960	628
896	960	704	876	960	689
896	960	768	876	960	750
896	960	832	877	960	812
896	960	896	877	959	874
896	960	960	877	959	936
896	960	1023	877	959	998
896	1023	0	878	1015	23
896	1023	64	876	1020	68
896	1023	128	877	1021	128
896	1023	192	876	1020	191
896	1023	256	876	1020	253
896	1023	320	876	1020	316
896	1023	384	876	1020	378
896	1023	448	876	1020	440
896	1023	512	877	1021	501
896	1023	576	878	1021	566
896	1023	640	877	1020	628
896	1023	704	877	1019	690
896	1023	768	877	1019	751
896	1023	832	878	1020	813
896	1023	896	878	1019	875
896	1023	960	878	1017	938
896	1023	1023	878	1016	999
960	0	0	929	0	22
960	0	64	927	0	66
960	0	128	927	0	125
960	0	192	927	0	188
960	0	256	927	0	250
960	0	320	927	0	312
960	0	384	927	0	374
960	0	448	928	0	436
960	0	512	928	0	495
960	0	576	929	0	560
960	0	640	928	0	622
960	0	704	928	0	684
960	0	768	928	0	744
960	0	832	929	0	806
960	0	896	929	0	868
960	0	960	929	0	930
960	0	1023	929	0	991
960	64	0	929	58	22
960	64	64	927	59	66
960	64	128	927	59	125
960	64	192	927	60	188
960	64	256	927	58	250
960	64	320	927	58	312
960	64	384	927	57	374
960	64	448	927	57	436
960	64	512	928	56	495
960	64	576	929	53	560
960	64	640	928	51	622
960	64	704	928	51	684
960	64	768	928	51	744
960	64	832	929	47	806
960	64	896	929	43	868
960	64	960	929	44	929
960	64	1023	929	45	990
960	128	0	928	127	22
960	128	64	928	128	66
960	128	128	927	128	125
960	128	192	927	128	188
960	128	256	927	128	250
960	128	320	927	127	312
960	128	384	928	128	374
960	128	448	928	128	436
960	128	512	928	127	496
960	128	576	929	127	560
960	128	640	928	126	623
960	128	704	928	125	684
960	128	768	929	125	744
960	128	832	930	124	807
960	128	896	929	123	868
960	128	960	928	121	929
960	128	1023	929	122	990
960	192	0	929	194	22
960	192	64	928	196	66
960	192	128	927	196	125
960	192	192	927	196	188
960	192	256	927	196	250
960	192	320	927	196	312
960	192	384	928	196	374
960	192	448	927	196	436
960	192	512	928	195	495
960	192	576	929	195	560
960	192	640	928	194	622
960	192	704	928	194	685
960	192	768	929	194	744
960	192	832	929	193	806
960	192	896	928	192	867
960	192	960	928	192	929
960	192	1023	929	192	990
960	256	0	930	258	22
960	256	64	928	260	67
960	256	128	927	260	125
960	256	192	928	260	189
960	256	256	928	260	250
960	256	320	928	260	313
960	256	384	929	261	375
960	256	448	927	260	436
960	256	512	928	260	495
960	256	576	929	260	560
960	256	640	928	259	622
960	256	704	928	259	684
960	256	768	929	260	745
960	256	832	929	259	806
960	256	896	929	258	868
960	256	960	928	258	930
960	256	1023	929	258	990
960	320	0	929	323	25
960	320	64	928	326	66
960	320	128	928	327	126
960	320	192	927	326	188
960	320	256	927	326	250
960	320	320	927	326	312
960	320	384	928	326	374
960	320	448	928	326	436
960	320	512	929	327	496
960	320	576	929	327	561
960	320	640	929	326	623
960	320	704	928	325	685
960	320	768	929	325	744
960	320	832	930	325	807
960	320	896	929	324	868
960	320	960	929	324	930
960	320	1023	930	324	991
960	384	0	930	387	23
960	384	64	929	390	67
960	384	128	928	390	126
960	384	192	928	390	189
960	384	256	928	390	251
960	384	320	928	390	313
960	384	384	929	391	375
960	384	448	928	390	436
960	384	512	928	390	496
960	384	576	929	391	560
960	384	640	929	389	623
960	384	704	929	390	685
960	384	768	930	390	745
960	384	832	929	389	806
960	384	896	929	389	868
960	384	960	929	388	930
960	384	1023	930	388	991
960	448	0	930	450	25
960	448	64	929	453	67
960	448	128	929	454	126
960	448	192	929	454	189
960	448	256	928	454	251
960	448	320	928	454	313
960	448	384	929	454	374
960	448	448	929	454	437
960	448	512	929	454	496
960	448	576	930	454	561
960	448	640	929	453	623
960	448	704	929	453	685
960	448	768	930	453	745
960	448	832	930	453	807
960	448	896	930	452	869
960	448	960	930	452	931
960	448	1023	931	452	992
960	512	0	931	513	23
960	512	64	930	516	67
960	512	128	929	516	126
960	512	192	930	517	189
960	512	256	929	517	251
960	512	320	930	517	314
960	512	384	931	517	375
960	512	448	929	516	437
960	512	512	930	516	497
960	512	576	931	517	561
960	512	640	930	516	624
960	512	704	931	516	686
960	512	768	931	516	746
960	512	832	931	516	808
960	512	896	930	515	869
960	512	960	930	514	931
960	512	1023	931	514	992
960	576	0	932	581	26
960	576	64	930	585	67
960	576	128	931	586	126
960	576	192	930	585	190
960	576	256	930	585	252
960	576	320	930	585	314
960	576	384	931	586	376
960	576	448	931	586	438
960	576	512	932	586	498
960	576	576	932	586	562
960	576	640	931	586	625
960	576	704	931	585	687
960	576	768	932	585	747
960	576	832	933	585	809
960	576	896	932	584	871
960	576	960	932	584	932
960	576	1023	931	583	992
960	640	0	933	645	22
960	640	64	932	648	67
960	640	128	931	648	126
960	640	192	931	648	190
960	640	256	932	649	252
960	640	320	932	649	314
960	640	384	932	649	376
960	640	448	931	649	438
960	640	512	932	649	498
960	640	576	933	649	563
960	640	640	932	648	625
960	640	704	932	648	687
960	640	768	933	649	748
960	640	832	933	648	810
960	640	896	932	647	871
960	640	960	932	647	933
960	640	1023	933	647	994
960	704	0	934	708	24
960	704	64	933	712	68
960	704	128	932	712	127
960	704	192	933	713	190
960	704	256	933	712	252
960	704	320	933	713	315
960	704	384	933	713	377
960	704	448	934	713	439
960	704	512	933	712	498
960	704	576	934	713	563
960	704	640	933	712	626
960	704	704	934	713	689
960	704	768	934	712	749
960	704	832	934	712	810
960	704	896	934	711	872
960	704	960	934	710	934
960	704	1023	934	710	995
960	768	0	936	770	25
960	768	64	934	774	69
960	768	128	934	775	127
960	768	192	934	774	191
960	768	256	934	775	253
960	768	320	934	774	315
960	768	384	935	775	378
960	768	448	935	775	440
960	768	512	935	775	500
960	768	576	936	776	565
960	768	640	935	775	627
960	768	704	935	774	689
960	768	768	935	774	749
960	768	832	936	775	812
960	768	896	936	773	873
960	768	960	936	773	936
960	768	1023	936	773	997
960	832	0	936	831	28
960	832	64	935	835	68
960	832	128	934	835	127
960	832	192	934	835	191
960	832	256	934	835	253
960	832	320	934	836	315
960	832	384	935	836	378
960	832	448	935	836	440
960	832	512	935	837	500
960	832	576	936	837	565
960	832	640	935	836	628
960	832	704	935	836	690
960	832	768	935	836	750
960	832	832	937	836	812
960	832	896	936	835	874
960	832	960	935	833	935
960	832	1023	935	834	996
960	896	0	937	894	23
960	896	64	935	898	66
960	896	128	934	898	127
960	896	192	935	899	191
960	896	256	935	899	253
960	896	320	935	899	315
960	896	384	936	900	378
960	896	448	934	898	439
960	896	512	935	898	499
960	896	576	936	899	564
960	896	640	935	898	627
960	896	704	936	899	690
960	896	768	936	899	750
960	896	832	936	898	811
960	896	896	935	897	873
960	896	960	935	897	936
960	896	1023	936	897	997
960	960	0	937	956	24
960	960	64	935	959	69
960	960	128	935	960	127
960	960	192	935	960	191
960	960	256	935	961	253
960	960	320	935	961	316
960	960	384	936	962	378
960	960	448	935	960	440
960	960	512	935	961	500
960	960	576	936	961	565
960	960	640	936	960	628
960	960	704	935	960	690
960	960	768	936	961	751
960	960	832	937	960	812
960	960	896	936	959	874
960	960	960	936	959	936
960	960	1023	937	959	998
960	1023	0	938	1016	24
960	1023	64	936	1020	68
960	1023	128	936	1021	128
960	1023	192	937	1022	191
960	1023	256	936	1021	254
960	1023	320	937	1022	316
960	1023	384	937	1022	379
960	1023	448	936	1021	441
960	1023	512	937	1021	501
960	1023	576	937	1021	566
960	1023	640	936	1020	628
960	1023	704	937	1020	690
960	1023	768	938	1021	752
960	1023	832	938	1020	813
960	1023	896	937	1019	875
960	1023	960	937	1018	938
960	1023	1023	938	1016	999
1023	0	0	990	0	23
1023	0	64	988	0	66
1023	0	128	988	0	125
1023	0	192	988	0	188
1023	0	256	987	0	250
1023	0	320	988	0	312
1023	0	384	989	0	374
1023	0	448	989	0	436
1023	0	512	988	0	495
1023	0	576	989	0	559
1023	0	640	989	0	623
1023	0	704	989	0	684
1023	0	768	989	0	744
1023	0	832	990	0	807
1023	0	896	988	0	867
1023	0	960	988	0	929
1023	0	1023	989	0	990
1023	64	0	989	55	26
1023	64	64	988	57	66
1023	64	128	987	57	125
1023	64	192	988	55	188
1023	64	256	988	55	250
1023	64	320	988	53	312
1023	64	384	989	53	374
1023	64	448	989	54	436
1023	64	512	988	51	495
1023	64	576	989	49	560
1023	64	640	989	48	623
1023	64	704	989	46	685
1023	64	768	989	47	744
1023	64	832	990	44	807
1023	64	896	988	41	867
1023	64	960	989	41	929
1023	64	1023	989	36	990
1023	128	0	990	125	23
1023	128	64	989	127	66
1023	128	128	988	127	125
1023	128	192	988	127	188
1023	128	256	988	127	250
1023	128	320	988	126	312
1023	128	384	989	127	374
1023	128	448	988	126	436
1023	128	512	988	125	495
1023	128	576	989	126	560
1023	128	640	988	124	622
1023	128	704	989	124	685
1023	128	768	989	124	744
1023	128	832	989	124	806
1023	128	896	989	123	867
1023	128	960	989	122	929
1023	128	1023	990	121	990
1023	192	0	990	193	26
1023	192	64	988	195	67
1023	192	128	988	195	125
1023	192	192	988	195	189
1023	192	256	988	195	250
1023	192	320	989	195	312
1023	192	384	989	195	374
1023	192	448	988	194	436
1023	192	512	989	194	495
1023	192	576	990	194	560
1023	192	640	988	194	622
1023	192	704	988	193	684
1023	192	768	990	193	745
1023	192	832	990	193	806
1023	192	896	989	192	867
1023	192	960	989	191	930
1023	192	1023	990	191	991
1023	256	0	990	257	24
1023	256	64	989	260	67
1023	256	128	988	260	125
1023	256	192	988	260	189
1023	256	256	989	260	251
1023	256	320	989	260	313
1023	256	384	989	260	374
1023	256	448	989	260	436
1023	256	512	989	260	496
1023	256	576	990	260	560
1023	256	640	989	259	623
1023	256	704	989	259	685
1023	256	768	989	258	744
1023	256	832	990	258	807
1023	256	896	990	257	868
1023	256	960	990	257	930
1023	256	1023	990	256	991
1023	320	0	990	323	27
1023	320	64	989	326	67
1023	320	128	988	326	125
1023	320	192	988	326	189
1023	320	256	988	326	250
1023	320	320	988	326	312
1023	320	384	989	326	374
1023	320	448	989	326	436
1023	320	512	988	325	495
1023	320	576	989	325	560
1023	320	640	989	325	623
1023	320	704	989	325	685
1023	320	768	990	325	745
1023	320	832	989	324	806
1023	320	896	989	323	867
1023	320	960	989	323	930
1023	320	1023	990	323	991
1023	384	0	991	387	26
1023	384	64	989	389	67
1023	384	128	988	390	126
1023	384	192	988	390	189
1023	384	256	989	390	251
1023	384	320	989	390	313
1023	384	384	989	390	374
1023	384	448	989	390	436
1023	384	512	989	390	496
1023	384	576	990	390	560
1023	384	640	989	389	623
1023	384	704	989	389	685
1023	384	768	991	389	746
1023	384	832	991	389	807
1023	384	896	990	388	868
1023	384	960	990	387	930
1023	384	1023	991	387	991
1023	448	0	991	450	26
1023	448	64	990	453	67
1023	448	128	990	454	126
1023	448	192	989	454	189
1023	448	256	989	453	251
1023	448	320	989	453	313
1023	448	384	990	454	375
1023	448	448	990	454	437
1023	448	512	990	454	496
1023	448	576	991	454	561
1023	448	640	990	453	624
1023	448	704	990	453	686
1023	448	768	990	453	745
1023	448	832	992	453	808
1023	448	896	991	452	869
1023	448	960	990	451	930
1023	448	1023	990	451	992
1023	512	0	992	513	27
1023	512	64	990	516	68
1023	512	128	990	516	126
1023	512	192	990	516	189
1023	512	256	991	516	251
1023	512	320	991	517	313
1023	512	384	991	517	375
1023	512	448	990	516	437
1023	512	512	991	516	497
1023	512	576	991	516	561
1023	512	640	990	516	624
1023	512	704	990	515	685
1023	512	768	992	516	746
1023	512	832	992	515	808
1023	512	896	991	514	869
1023	512	960	991	514	931
1023	512	1023	992	514	992
1023	576	0	993	581	27
1023	576	64	991	585	68
1023	576	128	990	584	126
1023	576	192	991	585	189
1023	576	256	991	585	251
1023	576	320	991	585	313
1023	576	384	992	586	376
1023	576	448	992	586	438
1023	576	512	991	585	497
1023	576	576	992	585	562
1023	576	640	991	584	624
1023	576	704	992	585	687
1023	576	768	992	585	747
1023	576	832	992	584	808
1023	576	896	991	583	870
1023	576	960	991	583	932
1023	576	1023	992	582	993
1023	640	0	993	643	27
1023	640	64	992	647	67
1023	640	128	992	648	126
1023	640	192	991	648	189
1023	640	256	992	648	251
1023	640	320	991	648	314
1023	640	384	992	648	376
1023	640	448	992	648	438
1023	640	512	993	649	498
1023	640	576	993	649	563
1023	640	640	993	648	625
1023	640	704	992	647	687
1023	640	768	993	647	747
1023	640	832	994	648	810
1023	640	896	993	647	871
1023	640	960	993	646	933
1023	640	1023	994	647	994
1023	704	0	995	708	27
1023	704	64	993	711	68
1023	704	128	993	712	127
1023	704	192	994	712	190
1023	704	256	993	712	252
1023	704	320	994	713	315
1023	704	384	994	713	377
1023	704	448	993	712	439
1023	704	512	994	712	498
1023	704	576	994	712	563
1023	704	640	993	712	626
1023	704	704	993	711	688
1023	704	768	995	712	749
1023	704	832	994	712	810
1023	704	896	994	711	872
1023	704	960	994	710	934
1023	704	1023	995	710	996
1023	768	0	997	770	26
1023	768	64	995	774	68
1023	768	128	994	774	127
1023	768	192	995	774	191
1023	768	256	994	774	253
1023	768	320	995	774	315
1023	768	384	995	775	377
1023	768	448	995	775	440
1023	768	512	996	775	500
1023	768	576	996	776	565
1023	768	640	996	775	627
1023	768	704	996	774	689
1023	768	768	996	774	750
1023	768	832	997	775	812
1023	768	896	996	774	874
1023	768	960	995	772	935
1023	768	1023	996	772	997
1023	832	0	997	831	24
1023	832	64	996	836	69
1023	832	128	995	835	127
1023	832	192	995	836	191
1023	832	256	995	836	253
1023	832	320	995	836	315
1023	832	384	996	837	377
1023	832	448	995	835	439
1023	832	512	995	836	499
1023	832	576	996	836	564
1023	832	640	995	835	627
1023	832	704	996	836	690
1023	832	768	996	836	750
1023	832	832	996	835	812
1023	832	896	995	834	873
1023	832	960	995	834	936
1023	832	1023	996	834	997
1023	896	0	998	894	28
1023	896	64	995	897	69
1023	896	128	995	898	128
1023	896	192	996	899	191
1023	896	256	995	899	253
1023	896	320	996	899	315
1023	896	384	996	900	378
1023	896	448	995	898	440
1023	896	512	996	899	499
1023	896	576	996	899	564
1023	896	640	996	898	627
1023	896	704	995	898	689
1023	896	768	997	899	750
1023	896	832	997	899	812
1023	896	896	996	897	874
1023	896	960	996	897	936
1023	896	1023	997	897	998
1023	960	0	997	955	28
1023	960	64	995	960	69
1023	960	128	995	960	128
1023	960	192	995	960	190
1023	960	256	996	961	254
1023	960	320	995	960	315
1023	960	384	996	961	377
1023	960	448	996	961	440
1023	960	512	996	961	500
1023	960	576	997	962	565
1023	960	640	996	961	628
1023	960	704	996	960	690
1023	960	768	996	960	750
1023	960	832	997	961	813
1023	960	896	997	960	875
1023	960	960	997	959	937
1023	960	1023	997	960	998
1023	1023	0	998	1016	25
1023	1023	64	997	1021	69
1023	1023	128	997	1022	128
1023	1023	192	996	1021	191
1023	1023	256	996	1021	253
1023	1023	320	996	1021	316
1023	1023	384	997	1022	378
1023	1023	448	997	1022	441
1023	1023	512	997	1022	501
1023	1023	576	998	1023	566
1023	1023	640	997	1022	629
1023	1023	704	997	1021	691
1023	1023	768	997	1021	752
1023	1023	832	998	1022	814
1023	1023	896	997	1021	876
1023	1023	960	998	1021	939
1023	1023	1023	998	1020	1001
