0	0	0	0	0	0
0	0	64	15	11	64
0	0	128	30	22	125
0	0	192	46	34	188
0	0	256	61	45	251
0	0	320	77	56	313
0	0	384	92	67	375
0	0	448	107	78	437
0	0	512	121	88	497
0	0	576	137	100	562
0	0	640	152	111	624
0	0	704	167	122	686
0	0	768	182	133	746
0	0	832	197	144	807
0	0	896	212	155	868
0	0	960	227	166	930
0	0	1023	241	176	990
0	64	0	17	63	8
0	64	64	23	65	64
0	64	128	34	67	125
0	64	192	48	70	188
0	64	256	63	76	251
0	64	320	78	82	313
0	64	384	92	90	375
0	64	448	108	98	437
0	64	512	122	106	497
0	64	576	138	115	561
0	64	640	153	125	624
0	64	704	168	135	685
0	64	768	183	145	745
0	64	832	198	154	807
0	64	896	212	164	868
0	64	960	227	175	929
0	64	1023	242	185	989
0	128	0	34	126	15
0	128	64	37	128	65
0	128	128	45	129	125
0	128	192	56	131	189
0	128	256	69	134	251
0	128	320	82	137	313
0	128	384	96	141	375
0	128	448	111	146	437
0	128	512	125	151	497
0	128	576	140	158	561
0	128	640	155	164	624
0	128	704	170	171	685
0	128	768	184	179	745
0	128	832	199	187	807
0	128	896	213	195	868
0	128	960	228	203	929
0	128	1023	243	212	990
0	192	0	52	191	23
0	192	64	54	194	67
0	192	128	59	195	126
0	192	192	68	196	189
0	192	256	78	197	251
0	192	320	90	199	314
0	192	384	103	202	376
0	192	448	116	206	438
0	192	512	130	209	497
0	192	576	145	214	562
0	192	640	159	218	624
0	192	704	173	223	686
0	192	768	187	229	746
0	192	832	202	234	808
0	192	896	216	240	868
0	192	960	231	247	930
0	192	1023	245	254	990
0	256	0	69	253	31
0	256	64	71	256	69
0	256	128	75	257	127
0	256	192	81	258	190
0	256	256	90	259	252
0	256	320	100	261	314
0	256	384	112	263	376
0	256	448	124	265	438
0	256	512	136	268	497
0	256	576	150	271	562
0	256	640	164	275	625
0	256	704	178	279	686
0	256	768	191	283	746
0	256	832	206	287	808
0	256	896	220	291	868
0	256	960	234	296	929
0	256	1023	248	302	990
0	320	0	86	317	38
0	320	64	88	320	73
0	320	128	91	321	129
0	320	192	96	322	191
0	320	256	104	323	253
0	320	320	113	325	315
0	320	384	123	326	376
0	320	448	134	328	438
0	320	512	145	330	498
0	320	576	158	333	562
0	320	640	171	335	625
0	320	704	184	338	686
0	320	768	197	341	746
0	320	832	211	345	808
0	320	896	225	348	869
0	320	960	239	353	930
0	320	1023	253	357	991
0	384	0	103	379	46
0	384	64	105	383	77
0	384	128	107	384	131
0	384	192	112	385	193
0	384	256	118	385	254
0	384	320	126	387	316
0	384	384	135	388	377
0	384	448	145	390	439
0	384	512	155	392	499
0	384	576	167	394	563
0	384	640	180	396	625
0	384	704	192	398	687
0	384	768	204	401	747
0	384	832	218	404	809
0	384	896	231	406	869
0	384	960	244	409	930
0	384	1023	258	413	991
0	448	0	120	441	53
0	448	64	122	445	81
0	448	128	124	446	134
0	448	192	128	447	195
0	448	256	133	448	255
0	448	320	140	449	317
0	448	384	148	450	378
0	448	448	157	451	440
0	448	512	166	453	499
0	448	576	178	455	564
0	448	640	189	456	626
0	448	704	201	458	688
0	448	768	213	461	748
0	448	832	225	463	809
0	448	896	238	465	870
0	448	960	251	468	931
0	448	1023	264	471	992
0	512	0	136	501	61
0	512	64	138	507	86
0	512	128	140	507	136
0	512	192	143	508	196
0	512	256	148	509	257
0	512	320	154	510	318
0	512	384	161	511	379
0	512	448	170	512	441
0	512	512	178	514	501
0	512	576	189	515	565
0	512	640	199	516	627
0	512	704	210	518	688
0	512	768	222	520	748
0	512	832	234	522	810
0	512	896	246	524	871
0	512	960	259	526	933
0	512	1023	271	528	992
0	576	0	155	569	69
0	576	64	156	574	91
0	576	128	158	575	140
0	576	192	161	575	198
0	576	256	165	577	259
0	576	320	171	578	320
0	576	384	177	578	381
0	576	448	184	579	442
0	576	512	192	580	501
0	576	576	202	582	566
0	576	640	212	583	628
0	576	704	222	584	689
0	576	768	233	586	749
0	576	832	244	588	811
0	576	896	256	589	872
0	576	960	268	591	933
0	576	1023	280	594	994
0	640	0	172	631	76
0	640	64	173	636	97
0	640	128	175	637	143
0	640	192	178	638	201
0	640	256	181	638	261
0	640	320	186	639	321
0	640	384	192	640	382
0	640	448	198	640	443
0	640	512	206	642	503
0	640	576	215	643	567
0	640	640	224	644	629
0	640	704	234	646	691
0	640	768	244	647	751
0	640	832	255	648	812
0	640	896	266	649	873
0	640	960	277	651	934
0	640	1023	289	653	995
0	704	0	188	693	83
0	704	64	190	699	102
0	704	128	192	700	147
0	704	192	194	700	204
0	704	256	197	701	262
0	704	320	202	702	323
0	704	384	207	703	384
0	704	448	213	704	445
0	704	512	220	705	504
0	704	576	229	706	569
0	704	640	237	707	631
0	704	704	246	707	692
0	704	768	256	709	752
0	704	832	266	711	814
0	704	896	277	711	875
0	704	960	288	713	936
0	704	1023	299	715	997
0	768	0	205	754	90
0	768	64	207	759	108
0	768	128	208	761	151
0	768	192	210	762	207
0	768	256	214	763	265
0	768	320	218	763	326
0	768	384	223	765	387
0	768	448	228	764	447
0	768	512	235	766	506
0	768	576	242	767	570
0	768	640	250	767	632
0	768	704	259	767	694
0	768	768	268	770	754
0	768	832	278	771	815
0	768	896	288	771	876
0	768	960	298	772	938
0	768	1023	309	774	998
0	832	0	221	813	97
0	832	64	223	820	114
0	832	128	224	821	155
0	832	192	226	821	210
0	832	256	229	823	267
0	832	320	233	823	327
0	832	384	238	824	388
0	832	448	243	825	448
0	832	512	249	825	507
0	832	576	256	827	571
0	832	640	264	827	633
0	832	704	272	827	695
0	832	768	280	828	754
0	832	832	290	830	816
0	832	896	299	831	877
0	832	960	309	832	939
0	832	1023	320	834	999
0	896	0	238	875	104
0	896	64	240	882	120
0	896	128	241	883	160
0	896	192	243	883	213
0	896	256	246	883	270
0	896	320	249	885	329
0	896	384	254	886	389
0	896	448	259	887	450
0	896	512	264	887	509
0	896	576	271	889	573
0	896	640	278	889	635
0	896	704	286	889	696
0	896	768	294	890	755
0	896	832	303	892	817
0	896	896	312	892	878
0	896	960	321	893	940
0	896	1023	332	895	1000
0	960	0	254	936	111
0	960	64	256	942	127
0	960	128	257	943	164
0	960	192	259	944	216
0	960	256	262	945	272
0	960	320	265	945	331
0	960	384	269	947	391
0	960	448	274	947	452
0	960	512	279	948	510
0	960	576	285	949	574
0	960	640	292	950	636
0	960	704	299	950	697
0	960	768	307	951	757
0	960	832	315	953	819
0	960	896	323	951	879
0	960	960	333	952	940
0	960	1023	342	954	1001
0	1023	0	270	994	118
0	1023	64	273	1002	133
0	1023	128	274	1002	169
0	1023	192	275	1003	220
0	1023	256	278	1004	275
0	1023	320	281	1005	334
0	1023	384	284	1006	393
0	1023	448	289	1007	454
0	1023	512	294	1007	512
0	1023	576	299	1008	576
0	1023	640	306	1007	637
0	1023	704	313	1009	699
0	1023	768	320	1009	758
0	1023	832	328	1009	820
0	1023	896	336	1009	880
0	1023	960	345	1010	942
0	1023	1023	354	1010	1003
64	0	0	62	9	0
64	0	64	63	14	63
64	0	128	67	24	124
64	0	192	75	34	188
64	0	256	84	45	250
64	0	320	95	56	312
64	0	384	107	67	374
64	0	448	120	78	436
64	0	512	133	89	496
64	0	576	148	100	560
64	0	640	162	111	623
64	0	704	176	122	685
64	0	768	189	133	744
64	0	832	204	144	806
64	0	896	218	155	868
64	0	960	233	166	929
64	0	1023	247	176	990
64	64	0	63	64	7
64	64	64	64	65	64
64	64	128	68	67	125
64	64	192	75	71	188
64	64	256	85	76	250
64	64	320	96	82	312
64	64	384	108	90	374
64	64	448	121	98	436
64	64	512	134	106	496
64	64	576	148	115	561
64	64	640	162	125	623
64	64	704	176	135	685
64	64	768	190	144	744
64	64	832	204	154	806
64	64	896	219	164	867
64	64	960	233	175	929
64	64	1023	247	185	989
64	128	0	68	127	15
64	128	64	69	129	65
64	128	128	73	130	125
64	128	192	80	132	188
64	128	256	89	134	250
64	128	320	99	138	313
64	128	384	111	142	375
64	128	448	123	147	436
64	128	512	136	152	496
64	128	576	150	159	561
64	128	640	164	165	623
64	128	704	177	172	684
64	128	768	191	179	744
64	128	832	206	187	807
64	128	896	220	195	867
64	128	960	234	204	928
64	128	1023	248	212	989
64	192	0	77	192	23
64	192	64	78	194	66
64	192	128	81	195	126
64	192	192	88	196	189
64	192	256	96	198	251
64	192	320	105	200	313
64	192	384	117	203	375
64	192	448	128	206	437
64	192	512	140	210	496
64	192	576	154	214	561
64	192	640	167	219	624
64	192	704	181	224	685
64	192	768	195	229	745
64	192	832	208	235	807
64	192	896	222	241	867
64	192	960	236	247	928
64	192	1023	250	254	989
64	256	0	88	255	31
64	256	64	89	257	69
64	256	128	92	258	127
64	256	192	97	259	190
64	256	256	105	260	252
64	256	320	114	262	314
64	256	384	124	264	376
64	256	448	135	266	437
64	256	512	146	269	496
64	256	576	159	272	561
64	256	640	172	275	623
64	256	704	185	279	686
64	256	768	198	284	745
64	256	832	212	288	806
64	256	896	225	293	867
64	256	960	239	298	929
64	256	1023	254	303	989
64	320	0	101	319	38
64	320	64	102	321	72
64	320	128	105	322	129
64	320	192	109	323	191
64	320	256	116	324	252
64	320	320	124	325	314
64	320	384	133	327	376
64	320	448	144	329	438
64	320	512	155	331	497
64	320	576	167	334	562
64	320	640	179	336	624
64	320	704	192	339	685
64	320	768	204	342	745
64	320	832	217	346	807
64	320	896	230	350	868
64	320	960	244	354	929
64	320	1023	258	358	990
64	384	0	115	382	46
64	384	64	116	384	76
64	384	128	118	385	131
64	384	192	123	386	192
64	384	256	128	387	253
64	384	320	136	388	315
64	384	384	144	390	377
64	384	448	154	391	438
64	384	512	164	392	498
64	384	576	175	395	562
64	384	640	187	397	625
64	384	704	199	399	686
64	384	768	211	402	746
64	384	832	224	406	808
64	384	896	236	407	868
64	384	960	249	411	929
64	384	1023	262	415	990
64	448	0	129	443	54
64	448	64	131	446	81
64	448	128	133	447	133
64	448	192	137	448	194
64	448	256	142	449	255
64	448	320	148	450	316
64	448	384	156	451	377
64	448	448	164	453	439
64	448	512	174	454	498
64	448	576	185	456	563
64	448	640	196	458	625
64	448	704	207	460	687
64	448	768	218	462	746
64	448	832	231	465	809
64	448	896	244	467	869
64	448	960	256	470	931
64	448	1023	269	473	991
64	512	0	145	505	61
64	512	64	146	508	86
64	512	128	148	508	136
64	512	192	151	510	196
64	512	256	156	511	256
64	512	320	162	512	318
64	512	384	169	513	379
64	512	448	177	514	441
64	512	512	185	515	500
64	512	576	195	517	564
64	512	640	206	518	627
64	512	704	216	520	688
64	512	768	228	522	748
64	512	832	240	525	810
64	512	896	251	525	870
64	512	960	263	527	931
64	512	1023	276	530	992
64	576	0	162	572	69
64	576	64	164	576	91
64	576	128	166	577	140
64	576	192	168	577	198
64	576	256	172	578	258
64	576	320	178	579	319
64	576	384	184	580	380
64	576	448	191	581	442
64	576	512	199	582	501
64	576	576	209	584	565
64	576	640	218	585	627
64	576	704	228	586	689
64	576	768	239	588	748
64	576	832	250	590	810
64	576	896	261	591	871
64	576	960	273	593	933
64	576	1023	285	596	993
64	640	0	179	634	76
64	640	64	180	637	97
64	640	128	182	638	143
64	640	192	185	639	201
64	640	256	188	640	260
64	640	320	193	641	321
64	640	384	199	642	382
64	640	448	205	643	443
64	640	512	213	644	502
64	640	576	221	646	567
64	640	640	230	646	629
64	640	704	240	647	690
64	640	768	250	649	750
64	640	832	261	650	811
64	640	896	271	651	872
64	640	960	283	653	933
64	640	1023	294	656	994
64	704	0	196	697	83
64	704	64	197	701	102
64	704	128	198	701	147
64	704	192	201	702	204
64	704	256	204	703	262
64	704	320	208	704	323
64	704	384	214	705	384
64	704	448	220	706	445
64	704	512	226	706	503
64	704	576	235	708	568
64	704	640	243	709	630
64	704	704	252	710	691
64	704	768	261	711	751
64	704	832	272	713	813
64	704	896	281	713	873
64	704	960	293	714	935
64	704	1023	303	717	995
64	768	0	212	757	90
64	768	64	213	761	108
64	768	128	215	763	151
64	768	192	216	763	207
64	768	256	220	764	265
64	768	320	224	765	325
64	768	384	229	766	386
64	768	448	234	767	447
64	768	512	241	767	505
64	768	576	248	769	570
64	768	640	256	769	632
64	768	704	264	770	693
64	768	768	273	771	753
64	768	832	283	773	815
64	768	896	293	774	876
64	768	960	303	775	937
64	768	1023	314	777	998
64	832	0	227	817	98
64	832	64	229	822	114
64	832	128	230	823	155
64	832	192	232	823	209
64	832	256	235	824	267
64	832	320	239	825	326
64	832	384	243	827	387
64	832	448	248	827	448
64	832	512	254	828	507
64	832	576	262	829	571
64	832	640	269	829	633
64	832	704	277	830	694
64	832	768	285	831	754
64	832	832	294	833	815
64	832	896	304	833	876
64	832	960	314	835	938
64	832	1023	324	836	998
64	896	0	245	879	105
64	896	64	246	883	120
64	896	128	247	884	159
64	896	192	249	885	212
64	896	256	252	886	269
64	896	320	255	887	328
64	896	384	259	888	388
64	896	448	264	889	449
64	896	512	269	889	508
64	896	576	277	890	571
64	896	640	283	891	634
64	896	704	291	891	695
64	896	768	299	893	755
64	896	832	308	895	817
64	896	896	316	893	876
64	896	960	326	894	938
64	896	1023	336	896	998
64	960	0	261	940	112
64	960	64	262	944	127
64	960	128	263	945	164
64	960	192	265	946	216
64	960	256	267	947	272
64	960	320	270	948	331
64	960	384	274	949	390
64	960	448	279	949	451
64	960	512	284	950	509
64	960	576	290	951	573
64	960	640	297	951	634
64	960	704	304	952	696
64	960	768	311	953	756
64	960	832	320	954	817
64	960	896	328	954	878
64	960	960	337	955	939
64	960	1023	346	957	1000
64	1023	0	276	999	119
64	1023	64	278	1004	133
64	1023	128	279	1004	169
64	1023	192	281	1005	219
64	1023	256	283	1006	275
64	1023	320	286	1007	333
64	1023	384	290	1008	393
64	1023	448	294	1008	452
64	1023	512	299	1009	511
64	1023	576	305	1010	575
64	1023	640	311	1010	636
64	1023	704	317	1010	697
64	1023	768	325	1012	758
64	1023	832	332	1012	819
64	1023	896	340	1012	880
64	1023	960	349	1013	941
64	1023	1023	358	1014	1002
128	0	0	122	19	0
128	0	64	123	21	63
128	0	128	125	28	124
128	0	192	128	37	188
128	0	256	134	47	250
128	0	320	140	58	312
128	0	384	148	69	374
128	0	448	157	79	436
128	0	512	167	90	496
128	0	576	178	101	561
128	0	640	189	112	623
128	0	704	201	123	685
128	0	768	213	133	743
128	0	832	226	144	806
128	0	896	238	155	867
128	0	960	251	166	928
128	0	1023	264	177	988
128	64	0	123	66	6
128	64	64	123	67	63
128	64	128	125	69	124
128	64	192	129	72	188
128	64	256	134	77	250
128	64	320	141	84	312
128	64	384	149	91	374
128	64	448	158	99	436
128	64	512	168	107	496
128	64	576	179	116	561
128	64	640	190	126	623
128	64	704	202	135	685
128	64	768	213	145	744
128	64	832	226	155	806
128	64	896	239	165	867
128	64	960	252	175	928
128	64	1023	264	186	988
128	128	0	125	128	15
128	128	64	126	130	64
128	128	128	127	131	125
128	128	192	131	133	188
128	128	256	136	135	250
128	128	320	143	139	312
128	128	384	151	143	374
128	128	448	160	148	436
128	128	512	169	152	495
128	128	576	180	159	560
128	128	640	191	166	623
128	128	704	203	172	685
128	128	768	215	180	744
128	128	832	228	188	806
128	128	896	240	195	867
128	128	960	253	204	928
128	128	1023	266	212	989
128	192	0	130	193	23
128	192	64	131	195	67
128	192	128	132	196	126
128	192	192	136	197	189
128	192	256	141	199	251
128	192	320	147	201	313
128	192	384	155	204	375
128	192	448	163	207	436
128	192	512	173	210	496
128	192	576	184	215	561
128	192	640	194	219	623
128	192	704	206	224	685
128	192	768	218	230	744
128	192	832	229	235	806
128	192	896	242	241	867
128	192	960	255	248	928
128	192	1023	267	255	988
128	256	0	136	256	30
128	256	64	137	257	69
128	256	128	139	258	127
128	256	192	142	259	190
128	256	256	147	261	252
128	256	320	153	262	314
128	256	384	160	265	375
128	256	448	168	266	437
128	256	512	178	269	497
128	256	576	188	273	561
128	256	640	198	276	623
128	256	704	210	279	685
128	256	768	221	284	745
128	256	832	233	288	806
128	256	896	246	293	867
128	256	960	258	298	929
128	256	1023	270	304	989
128	320	0	144	319	38
128	320	64	145	322	72
128	320	128	147	322	128
128	320	192	150	323	191
128	320	256	154	324	252
128	320	320	160	326	314
128	320	384	167	328	376
128	320	448	175	329	437
128	320	512	184	331	496
128	320	576	194	334	562
128	320	640	204	337	624
128	320	704	215	340	685
128	320	768	226	343	745
128	320	832	238	347	807
128	320	896	250	350	868
128	320	960	261	354	928
128	320	1023	274	358	989
128	384	0	154	382	46
128	384	64	154	384	76
128	384	128	156	385	131
128	384	192	159	386	192
128	384	256	164	387	253
128	384	320	169	388	315
128	384	384	176	390	376
128	384	448	183	391	438
128	384	512	191	393	497
128	384	576	201	395	562
128	384	640	211	397	624
128	384	704	221	399	686
128	384	768	232	402	746
128	384	832	243	405	807
128	384	896	255	408	868
128	384	960	267	411	929
128	384	1023	279	415	990
128	448	0	165	444	53
128	448	64	165	447	81
128	448	128	167	448	133
128	448	192	170	448	194
128	448	256	174	449	254
128	448	320	179	450	316
128	448	384	185	452	377
128	448	448	192	453	439
128	448	512	200	454	498
128	448	576	209	457	563
128	448	640	219	458	625
128	448	704	229	459	686
128	448	768	239	462	746
128	448	832	250	465	808
128	448	896	262	467	869
128	448	960	273	470	930
128	448	1023	285	473	991
128	512	0	177	505	61
128	512	64	177	507	85
128	512	128	179	509	136
128	512	192	181	509	196
128	512	256	185	511	256
128	512	320	190	512	317
128	512	384	196	513	379
128	512	448	202	513	440
128	512	512	210	515	499
128	512	576	219	517	564
128	512	640	228	518	626
128	512	704	237	519	687
128	512	768	247	522	748
128	512	832	258	524	809
128	512	896	268	525	870
128	512	960	280	528	931
128	512	1023	292	531	992
128	576	0	191	573	69
128	576	64	192	576	91
128	576	128	193	576	139
128	576	192	195	577	198
128	576	256	199	578	258
128	576	320	203	579	319
128	576	384	209	581	380
128	576	448	215	581	441
128	576	512	222	582	500
128	576	576	230	584	565
128	576	640	239	585	627
128	576	704	248	586	689
128	576	768	257	588	748
128	576	832	268	590	810
128	576	896	277	591	870
128	576	960	288	593	932
128	576	1023	300	595	992
128	640	0	205	634	76
128	640	64	206	638	97
128	640	128	207	639	143
128	640	192	209	639	200
128	640	256	213	640	260
128	640	320	217	641	321
128	640	384	222	642	381
128	640	448	227	643	443
128	640	512	234	644	502
128	640	576	242	646	566
128	640	640	250	646	628
128	640	704	258	647	689
128	640	768	267	649	749
128	640	832	277	651	811
128	640	896	287	652	872
128	640	960	298	654	933
128	640	1023	308	656	994
128	704	0	219	698	83
128	704	64	220	701	102
128	704	128	221	701	147
128	704	192	223	702	203
128	704	256	226	703	262
128	704	320	230	704	323
128	704	384	235	705	383
128	704	448	240	705	444
128	704	512	246	706	503
128	704	576	254	708	568
128	704	640	261	708	630
128	704	704	270	710	691
128	704	768	278	711	751
128	704	832	288	712	812
128	704	896	297	713	873
128	704	960	307	715	934
128	704	1023	317	717	995
128	768	0	233	758	90
128	768	64	235	762	108
128	768	128	236	763	151
128	768	192	238	763	206
128	768	256	240	764	264
128	768	320	244	765	325
128	768	384	249	766	385
128	768	448	253	766	446
128	768	512	260	768	505
128	768	576	267	770	570
128	768	640	274	770	632
128	768	704	282	770	693
128	768	768	290	772	753
128	768	832	299	774	815
128	768	896	308	774	876
128	768	960	318	776	937
128	768	1023	327	778	998
128	832	0	248	819	98
128	832	64	249	822	114
128	832	128	250	823	155
128	832	192	252	824	209
128	832	256	254	825	267
128	832	320	258	825	326
128	832	384	262	827	387
128	832	448	267	827	448
128	832	512	272	828	506
128	832	576	279	829	570
128	832	640	286	830	633
128	832	704	293	831	694
128	832	768	301	832	754
128	832	832	310	833	815
128	832	896	318	833	875
128	832	960	328	834	937
128	832	1023	337	836	998
128	896	0	263	880	105
128	896	64	264	884	120
128	896	128	265	884	159
128	896	192	267	885	212
128	896	256	270	886	269
128	896	320	273	887	328
128	896	384	277	888	388
128	896	448	281	889	449
128	896	512	286	889	507
128	896	576	293	890	571
128	896	640	299	890	633
128	896	704	306	892	695
128	896	768	314	893	755
128	896	832	321	894	816
128	896	896	330	894	877
128	896	960	339	895	938
128	896	1023	349	897	998
128	960	0	278	941	112
128	960	64	279	944	127
128	960	128	280	945	164
128	960	192	281	945	216
128	960	256	284	947	272
128	960	320	287	948	331
128	960	384	290	948	390
128	960	448	294	949	450
128	960	512	299	950	509
128	960	576	306	951	573
128	960	640	312	951	634
128	960	704	318	951	695
128	960	768	326	954	756
128	960	832	333	954	817
128	960	896	341	955	878
128	960	960	350	955	939
128	960	1023	359	957	1000
128	1023	0	292	999	119
128	1023	64	294	1003	133
128	1023	128	295	1004	168
128	1023	192	296	1005	219
128	1023	256	299	1006	275
128	1023	320	301	1007	333
128	1023	384	305	1008	392
128	1023	448	309	1008	452
128	1023	512	314	1009	511
128	1023	576	320	1010	575
128	1023	640	325	1010	636
128	1023	704	331	1010	697
128	1023	768	338	1011	757
128	1023	832	346	1013	819
128	1023	896	353	1012	879
128	1023	960	362	1013	941
128	1023	1023	370	1014	1002
192	0	0	185	29	0
192	0	64	185	31	63
192	0	128	186	35	124
192	0	192	188	43	188
192	0	256	192	51	250
192	0	320	196	61	312
192	0	384	202	71	374
192	0	448	208	81	436
192	0	512	215	91	495
192	0	576	223	103	560
192	0	640	232	113	622
192	0	704	242	124	684
192	0	768	251	135	744
192	0	832	261	145	805
192	0	896	272	156	866
192	0	960	282	167	927
192	0	1023	294	178	989
192	64	0	185	69	2
192	64	64	186	70	63
192	64	128	186	72	124
192	64	192	189	75	188
192	64	256	192	80	250
192	64	320	197	86	312
192	64	384	202	93	374
192	64	448	208	101	436
192	64	512	215	108	495
192	64	576	224	118	560
192	64	640	232	127	622
192	64	704	242	137	685
192	64	768	251	147	744
192	64	832	262	156	806
192	64	896	272	166	866
192	64	960	283	176	928
192	64	1023	295	186	989
192	128	0	187	130	14
192	128	64	187	131	64
192	128	128	188	132	125
192	128	192	190	134	188
192	128	256	194	137	250
192	128	320	198	140	313
192	128	384	203	144	374
192	128	448	209	148	436
192	128	512	217	154	496
192	128	576	225	160	560
192	128	640	234	166	623
192	128	704	243	174	684
192	128	768	253	181	745
192	128	832	263	188	805
192	128	896	273	197	866
192	128	960	284	205	928
192	128	1023	296	213	989
192	192	0	189	194	22
192	192	64	190	196	66
192	192	128	191	196	126
192	192	192	193	197	189
192	192	256	197	199	251
192	192	320	201	202	313
192	192	384	206	204	374
192	192	448	212	207	436
192	192	512	219	211	496
192	192	576	228	215	560
192	192	640	236	220	623
192	192	704	245	225	684
192	192	768	254	230	744
192	192	832	265	236	805
192	192	896	275	242	866
192	192	960	286	248	928
192	192	1023	297	255	989
192	256	0	194	256	30
192	256	64	194	258	69
192	256	128	195	259	127
192	256	192	197	260	189
192	256	256	201	261	251
192	256	320	205	263	313
192	256	384	210	265	375
192	256	448	216	267	437
192	256	512	223	270	496
192	256	576	231	273	561
192	256	640	239	276	623
192	256	704	248	280	684
192	256	768	258	284	744
192	256	832	268	289	806
192	256	896	278	293	868
192	256	960	289	299	929
192	256	1023	300	304	990
192	320	0	200	320	38
192	320	64	200	322	72
192	320	128	201	323	128
192	320	192	203	324	191
192	320	256	206	325	252
192	320	320	210	326	314
192	320	384	216	328	376
192	320	448	221	330	437
192	320	512	228	332	496
192	320	576	236	335	561
192	320	640	244	337	623
192	320	704	253	340	685
192	320	768	262	343	745
192	320	832	272	347	806
192	320	896	282	350	867
192	320	960	292	354	929
192	320	1023	304	359	989
192	384	0	206	382	46
192	384	64	206	385	76
192	384	128	207	385	131
192	384	192	209	386	192
192	384	256	212	387	253
192	384	320	216	388	314
192	384	384	222	390	376
192	384	448	227	391	438
192	384	512	234	393	497
192	384	576	242	396	562
192	384	640	249	397	624
192	384	704	258	399	685
192	384	768	267	402	745
192	384	832	277	406	807
192	384	896	286	408	868
192	384	960	297	411	929
192	384	1023	308	415	990
192	448	0	214	444	53
192	448	64	214	447	81
192	448	128	215	447	133
192	448	192	217	449	194
192	448	256	220	449	254
192	448	320	224	451	316
192	448	384	229	452	377
192	448	448	234	453	439
192	448	512	241	454	498
192	448	576	248	457	562
192	448	640	256	458	625
192	448	704	264	460	687
192	448	768	273	462	746
192	448	832	282	464	807
192	448	896	291	467	868
192	448	960	302	469	929
192	448	1023	313	473	990
192	512	0	222	505	61
192	512	64	223	508	85
192	512	128	224	509	136
192	512	192	226	509	195
192	512	256	229	511	256
192	512	320	232	511	317
192	512	384	237	513	378
192	512	448	243	514	440
192	512	512	249	515	499
192	512	576	256	517	564
192	512	640	263	518	626
192	512	704	271	519	687
192	512	768	280	521	747
192	512	832	289	524	809
192	512	896	299	526	869
192	512	960	308	528	931
192	512	1023	318	531	991
192	576	0	234	573	69
192	576	64	234	576	91
192	576	128	235	577	139
192	576	192	237	577	198
192	576	256	240	578	258
192	576	320	244	579	319
192	576	384	248	580	380
192	576	448	253	581	441
192	576	512	259	582	500
192	576	576	266	584	565
192	576	640	273	585	627
192	576	704	280	586	688
192	576	768	289	588	748
192	576	832	298	590	809
192	576	896	307	591	870
192	576	960	316	593	931
192	576	1023	326	596	992
192	640	0	245	634	76
192	640	64	246	638	96
192	640	128	247	639	143
192	640	192	248	639	200
192	640	256	251	640	259
192	640	320	254	641	320
192	640	384	259	642	381
192	640	448	264	643	442
192	640	512	269	644	502
192	640	576	276	646	566
192	640	640	283	646	628
192	640	704	290	647	689
192	640	768	298	649	749
192	640	832	307	651	811
192	640	896	315	652	872
192	640	960	325	654	933
192	640	1023	334	655	993
192	704	0	257	697	83
192	704	64	258	701	102
192	704	128	258	701	146
192	704	192	260	702	203
192	704	256	263	703	262
192	704	320	266	704	322
192	704	384	270	705	383
192	704	448	274	705	444
192	704	512	280	706	503
192	704	576	286	708	567
192	704	640	292	708	629
192	704	704	300	709	690
192	704	768	307	710	750
192	704	832	316	712	812
192	704	896	324	713	873
192	704	960	333	715	934
192	704	1023	343	717	995
192	768	0	269	758	90
192	768	64	270	762	108
192	768	128	270	762	151
192	768	192	272	763	206
192	768	256	275	764	264
192	768	320	278	765	324
192	768	384	282	766	385
192	768	448	286	767	446
192	768	512	291	767	505
192	768	576	297	769	569
192	768	640	303	769	631
192	768	704	310	770	693
192	768	768	318	772	752
192	768	832	326	773	813
192	768	896	333	773	874
192	768	960	342	774	936
192	768	1023	352	777	996
192	832	0	281	818	98
192	832	64	282	821	114
192	832	128	283	823	155
192	832	192	284	823	209
192	832	256	286	824	267
192	832	320	289	825	326
192	832	384	293	826	386
192	832	448	297	826	447
192	832	512	302	827	506
192	832	576	308	829	570
192	832	640	314	828	632
192	832	704	320	829	693
192	832	768	328	832	753
192	832	832	335	832	814
192	832	896	343	833	875
192	832	960	352	834	937
192	832	1023	361	836	997
192	896	0	294	879	105
192	896	64	295	883	120
192	896	128	296	884	159
192	896	192	297	884	212
192	896	256	300	886	269
192	896	320	302	886	328
192	896	384	306	887	388
192	896	448	310	888	448
192	896	512	315	889	507
192	896	576	320	890	571
192	896	640	326	890	633
192	896	704	332	891	694
192	896	768	339	892	753
192	896	832	347	894	816
192	896	896	354	894	876
192	896	960	362	895	938
192	896	1023	371	897	998
192	960	0	307	940	112
192	960	64	308	944	127
192	960	128	309	945	164
192	960	192	311	946	215
192	960	256	312	946	271
192	960	320	315	947	330
192	960	384	318	948	390
192	960	448	322	949	450
192	960	512	327	950	509
192	960	576	332	951	573
192	960	640	337	951	634
192	960	704	343	952	695
192	960	768	350	953	755
192	960	832	358	954	817
192	960	896	365	955	877
192	960	960	373	956	939
192	960	1023	381	957	1000
192	1023	0	321	999	119
192	1023	64	322	1003	133
192	1023	128	323	1004	168
192	1023	192	324	1004	219
192	1023	256	326	1005	274
192	1023	320	328	1006	332
192	1023	384	331	1007	392
192	1023	448	335	1008	452
192	1023	512	339	1009	511
192	1023	576	345	1010	574
192	1023	640	350	1010	636
192	1023	704	355	1010	697
192	1023	768	362	1011	757
192	1023	832	369	1013	818
192	1023	896	376	1012	879
192	1023	960	384	1013	941
192	1023	1023	391	1014	1002
256	0	0	244	39	0
256	0	64	244	40	63
256	0	128	245	43	124
256	0	192	246	49	187
256	0	256	249	56	249
256	0	320	252	65	311
256	0	384	256	75	373
256	0	448	261	84	435
256	0	512	267	94	495
256	0	576	273	105	560
256	0	640	280	115	622
256	0	704	287	126	683
256	0	768	295	136	743
256	0	832	304	147	806
256	0	896	312	157	866
256	0	960	322	168	928
256	0	1023	332	179	988
256	64	0	245	72	0
256	64	64	244	74	63
256	64	128	245	75	124
256	64	192	247	79	188
256	64	256	249	83	250
256	64	320	253	89	312
256	64	384	257	96	374
256	64	448	262	103	436
256	64	512	267	111	495
256	64	576	274	120	560
256	64	640	280	129	622
256	64	704	288	138	683
256	64	768	295	147	743
256	64	832	304	157	805
256	64	896	313	167	866
256	64	960	322	177	928
256	64	1023	332	188	988
256	128	0	246	131	12
256	128	64	246	133	64
256	128	128	246	133	124
256	128	192	248	135	188
256	128	256	250	138	250
256	128	320	254	141	312
256	128	384	258	145	374
256	128	448	262	150	435
256	128	512	268	155	495
256	128	576	275	161	560
256	128	640	281	168	622
256	128	704	289	174	684
256	128	768	296	182	743
256	128	832	305	189	805
256	128	896	313	198	866
256	128	960	323	205	927
256	128	1023	332	214	987
256	192	0	248	195	21
256	192	64	248	197	66
256	192	128	248	197	125
256	192	192	250	199	188
256	192	256	252	200	250
256	192	320	256	202	312
256	192	384	260	205	374
256	192	448	264	208	435
256	192	512	270	212	495
256	192	576	277	216	560
256	192	640	283	220	622
256	192	704	291	226	684
256	192	768	298	231	744
256	192	832	307	236	805
256	192	896	315	243	865
256	192	960	324	249	927
256	192	1023	334	256	988
256	256	0	251	257	29
256	256	64	250	258	68
256	256	128	251	259	126
256	256	192	253	261	189
256	256	256	256	262	251
256	256	320	259	263	313
256	256	384	263	266	375
256	256	448	267	267	436
256	256	512	273	270	495
256	256	576	280	274	560
256	256	640	286	277	622
256	256	704	293	280	684
256	256	768	301	285	744
256	256	832	309	289	805
256	256	896	317	294	866
256	256	960	327	299	928
256	256	1023	336	304	988
256	320	0	255	320	37
256	320	64	255	323	72
256	320	128	256	323	128
256	320	192	257	324	190
256	320	256	260	325	251
256	320	320	263	326	313
256	320	384	267	328	375
256	320	448	271	330	436
256	320	512	277	332	496
256	320	576	283	335	561
256	320	640	290	337	623
256	320	704	297	340	684
256	320	768	304	343	744
256	320	832	313	347	806
256	320	896	321	351	867
256	320	960	330	355	929
256	320	1023	340	359	989
256	384	0	260	383	45
256	384	64	260	385	76
256	384	128	261	386	130
256	384	192	263	387	192
256	384	256	265	387	253
256	384	320	268	389	314
256	384	384	272	390	376
256	384	448	276	391	437
256	384	512	281	393	496
256	384	576	288	396	561
256	384	640	294	397	623
256	384	704	301	400	685
256	384	768	309	403	745
256	384	832	316	405	806
256	384	896	325	408	867
256	384	960	334	411	928
256	384	1023	343	415	989
256	448	0	266	444	53
256	448	64	266	447	80
256	448	128	267	448	133
256	448	192	268	448	193
256	448	256	271	449	254
256	448	320	274	450	315
256	448	384	278	452	376
256	448	448	282	453	438
256	448	512	287	455	498
256	448	576	294	457	562
256	448	640	300	458	624
256	448	704	306	460	686
256	448	768	313	462	745
256	448	832	322	465	807
256	448	896	330	467	868
256	448	960	339	470	929
256	448	1023	348	473	990
256	512	0	273	506	60
256	512	64	273	508	85
256	512	128	274	509	136
256	512	192	276	510	195
256	512	256	278	511	256
256	512	320	281	512	317
256	512	384	285	513	378
256	512	448	288	513	439
256	512	512	294	515	498
256	512	576	300	517	563
256	512	640	306	518	625
256	512	704	313	520	687
256	512	768	320	522	746
256	512	832	327	524	808
256	512	896	335	525	869
256	512	960	344	528	930
256	512	1023	353	531	991
256	576	0	282	573	68
256	576	64	282	576	91
256	576	128	283	577	139
256	576	192	284	577	198
256	576	256	287	578	257
256	576	320	290	579	318
256	576	384	293	580	379
256	576	448	297	581	441
256	576	512	302	583	500
256	576	576	308	584	564
256	576	640	314	585	626
256	576	704	320	586	688
256	576	768	327	588	747
256	576	832	335	591	810
256	576	896	343	592	870
256	576	960	351	594	932
256	576	1023	360	596	992
256	640	0	292	635	75
256	640	64	291	638	96
256	640	128	292	639	143
256	640	192	294	639	200
256	640	256	296	640	259
256	640	320	299	641	320
256	640	384	302	642	381
256	640	448	306	643	442
256	640	512	311	644	501
256	640	576	317	645	565
256	640	640	322	646	627
256	640	704	328	647	689
256	640	768	336	650	749
256	640	832	343	651	810
256	640	896	350	652	871
256	640	960	359	653	932
256	640	1023	367	656	993
256	704	0	301	698	83
256	704	64	302	701	102
256	704	128	302	701	146
256	704	192	304	702	203
256	704	256	306	703	262
256	704	320	308	704	322
256	704	384	312	705	383
256	704	448	316	706	444
256	704	512	320	706	503
256	704	576	326	708	567
256	704	640	331	708	629
256	704	704	337	710	691
256	704	768	344	711	750
256	704	832	351	712	811
256	704	896	358	713	872
256	704	960	366	714	933
256	704	1023	374	717	994
256	768	0	311	758	90
256	768	64	312	762	108
256	768	128	313	763	150
256	768	192	314	763	206
256	768	256	316	764	264
256	768	320	318	764	324
256	768	384	322	766	385
256	768	448	325	766	445
256	768	512	330	767	505
256	768	576	336	769	569
256	768	640	340	769	631
256	768	704	346	770	692
256	768	768	353	771	752
256	768	832	360	773	814
256	768	896	367	774	875
256	768	960	375	775	936
256	768	1023	383	777	997
256	832	0	322	818	98
256	832	64	322	822	114
256	832	128	322	822	155
256	832	192	324	823	209
256	832	256	326	824	266
256	832	320	328	824	326
256	832	384	332	826	386
256	832	448	335	826	447
256	832	512	339	827	506
256	832	576	345	829	570
256	832	640	350	829	632
256	832	704	356	830	693
256	832	768	362	831	752
256	832	832	369	833	814
256	832	896	376	833	875
256	832	960	383	833	936
256	832	1023	391	835	996
256	896	0	333	880	105
256	896	64	334	884	120
256	896	128	334	884	159
256	896	192	336	885	212
256	896	256	337	885	268
256	896	320	340	886	327
256	896	384	343	888	387
256	896	448	346	887	448
256	896	512	351	888	507
256	896	576	355	890	570
256	896	640	360	889	632
256	896	704	366	891	694
256	896	768	372	892	754
256	896	832	378	893	815
256	896	896	385	894	876
256	896	960	393	895	937
256	896	1023	401	897	998
256	960	0	345	941	112
256	960	64	345	944	126
256	960	128	346	945	163
256	960	192	347	946	215
256	960	256	349	946	271
256	960	320	351	947	330
256	960	384	354	949	390
256	960	448	357	948	450
256	960	512	361	949	508
256	960	576	366	951	572
256	960	640	370	951	634
256	960	704	376	951	695
256	960	768	382	953	755
256	960	832	388	954	816
256	960	896	395	954	877
256	960	960	402	955	938
256	960	1023	409	956	999
256	1023	0	357	1000	119
256	1023	64	357	1003	133
256	1023	128	357	1004	168
256	1023	192	359	1005	219
256	1023	256	361	1006	274
256	1023	320	363	1007	332
256	1023	384	366	1008	392
256	1023	448	369	1007	451
256	1023	512	372	1008	510
256	1023	576	377	1010	574
256	1023	640	381	1010	635
256	1023	704	387	1010	696
256	1023	768	393	1012	757
256	1023	832	399	1012	818
256	1023	896	405	1012	879
256	1023	960	412	1012	940
256	1023	1023	419	1013	1001
320	0	0	303	48	0
320	0	64	302	49	62
320	0	128	303	51	124
320	0	192	305	56	187
320	0	256	307	63	249
320	0	320	309	70	311
320	0	384	313	79	373
320	0	448	316	88	435
320	0	512	320	97	495
320	0	576	326	108	559
320	0	640	331	118	622
320	0	704	337	128	683
320	0	768	344	138	744
320	0	832	351	149	805
320	0	896	358	159	866
320	0	960	366	170	927
320	0	1023	374	180	988
320	64	0	303	78	0
320	64	64	303	78	62
320	64	128	303	80	124
320	64	192	305	83	187
320	64	256	307	87	250
320	64	320	309	93	312
320	64	384	313	99	373
320	64	448	316	106	435
320	64	512	321	114	495
320	64	576	326	122	559
320	64	640	331	131	621
320	64	704	337	141	683
320	64	768	344	150	744
320	64	832	351	159	804
320	64	896	358	169	866
320	64	960	366	179	927
320	64	1023	374	189	987
320	128	0	304	134	10
320	128	64	304	135	64
320	128	128	304	136	124
320	128	192	305	138	187
320	128	256	308	140	250
320	128	320	310	144	312
320	128	384	313	147	373
320	128	448	317	152	435
320	128	512	321	157	495
320	128	576	327	163	559
320	128	640	332	169	622
320	128	704	338	176	683
320	128	768	344	183	743
320	128	832	352	191	805
320	128	896	359	199	866
320	128	960	367	207	927
320	128	1023	375	216	988
320	192	0	306	196	20
320	192	64	306	198	66
320	192	128	306	199	125
320	192	192	307	200	188
320	192	256	309	202	250
320	192	320	312	204	312
320	192	384	315	206	374
320	192	448	319	210	436
320	192	512	323	213	495
320	192	576	329	218	560
320	192	640	334	222	622
320	192	704	340	227	684
320	192	768	346	232	743
320	192	832	353	238	805
320	192	896	361	244	866
320	192	960	369	250	928
320	192	1023	377	257	988
320	256	0	308	258	29
320	256	64	308	260	68
320	256	128	309	261	126
320	256	192	310	261	189
320	256	256	312	263	251
320	256	320	314	264	313
320	256	384	318	267	374
320	256	448	321	269	436
320	256	512	326	271	496
320	256	576	331	275	560
320	256	640	336	278	623
320	256	704	342	282	684
320	256	768	348	286	744
320	256	832	356	291	806
320	256	896	363	295	867
320	256	960	370	299	927
320	256	1023	379	305	988
320	320	0	312	321	37
320	320	64	311	323	72
320	320	128	312	324	128
320	320	192	313	325	190
320	320	256	315	326	252
320	320	320	318	328	313
320	320	384	321	330	375
320	320	448	324	331	437
320	320	512	329	333	496
320	320	576	334	336	560
320	320	640	339	338	623
320	320	704	345	341	684
320	320	768	352	345	745
320	320	832	359	348	806
320	320	896	365	351	867
320	320	960	373	355	928
320	320	1023	381	360	989
320	384	0	316	383	45
320	384	64	316	386	76
320	384	128	316	387	130
320	384	192	318	387	192
320	384	256	319	388	253
320	384	320	322	389	314
320	384	384	325	391	376
320	384	448	328	392	437
320	384	512	333	394	497
320	384	576	338	397	561
320	384	640	343	398	624
320	384	704	349	401	685
320	384	768	355	403	745
320	384	832	363	406	807
320	384	896	369	409	868
320	384	960	377	413	929
320	384	1023	385	417	990
320	448	0	321	446	52
320	448	64	321	448	80
320	448	128	321	448	133
320	448	192	323	450	193
320	448	256	324	450	254
320	448	320	327	451	315
320	448	384	330	453	377
320	448	448	333	453	438
320	448	512	338	455	497
320	448	576	343	457	562
320	448	640	348	459	624
320	448	704	354	461	686
320	448	768	360	463	746
320	448	832	366	466	807
320	448	896	373	467	868
320	448	960	381	470	929
320	448	1023	389	474	990
320	512	0	326	506	60
320	512	64	326	509	85
320	512	128	327	510	136
320	512	192	328	510	195
320	512	256	330	511	255
320	512	320	332	512	316
320	512	384	336	513	378
320	512	448	339	514	439
320	512	512	343	516	499
320	512	576	348	518	563
320	512	640	353	519	625
320	512	704	359	520	686
320	512	768	365	522	746
320	512	832	372	525	808
320	512	896	379	526	869
320	512	960	386	529	931
320	512	1023	394	532	991
320	576	0	334	574	68
320	576	64	334	576	91
320	576	128	334	577	139
320	576	192	335	577	197
320	576	256	337	579	257
320	576	320	340	580	318
320	576	384	343	580	379
320	576	448	346	581	440
320	576	512	350	582	499
320	576	576	355	584	564
320	576	640	360	585	626
320	576	704	365	586	687
320	576	768	372	589	748
320	576	832	378	590	809
320	576	896	385	591	870
320	576	960	392	593	931
320	576	1023	400	596	992
320	640	0	342	636	76
320	640	64	342	639	96
320	640	128	342	639	142
320	640	192	343	640	200
320	640	256	345	640	259
320	640	320	347	641	320
320	640	384	351	643	381
320	640	448	354	643	442
320	640	512	357	644	501
320	640	576	362	646	565
320	640	640	367	647	628
320	640	704	373	648	689
320	640	768	379	650	749
320	640	832	385	652	811
320	640	896	391	652	871
320	640	960	398	653	932
320	640	1023	406	656	993
320	704	0	350	698	83
320	704	64	350	702	102
320	704	128	351	702	146
320	704	192	352	702	203
320	704	256	353	703	261
320	704	320	356	704	322
320	704	384	359	705	382
320	704	448	362	706	444
320	704	512	366	707	503
320	704	576	371	709	567
320	704	640	375	709	629
320	704	704	380	710	690
320	704	768	386	711	750
320	704	832	392	713	812
320	704	896	399	714	873
320	704	960	406	715	934
320	704	1023	413	718	994
320	768	0	359	759	90
320	768	64	359	763	108
320	768	128	359	763	150
320	768	192	361	764	206
320	768	256	363	764	264
320	768	320	365	765	324
320	768	384	368	766	385
320	768	448	370	766	445
320	768	512	374	768	504
320	768	576	379	769	568
320	768	640	383	769	630
320	768	704	389	771	692
320	768	768	394	772	752
320	768	832	400	773	813
320	768	896	406	773	874
320	768	960	413	775	935
320	768	1023	420	777	996
320	832	0	367	818	97
320	832	64	368	822	114
320	832	128	368	823	154
320	832	192	369	823	209
320	832	256	371	824	266
320	832	320	373	825	326
320	832	384	376	826	386
320	832	448	379	827	447
320	832	512	382	827	505
320	832	576	387	829	570
320	832	640	391	829	631
320	832	704	396	829	692
320	832	768	402	831	752
320	832	832	408	833	814
320	832	896	414	833	875
320	832	960	421	834	936
320	832	1023	428	836	997
320	896	0	377	880	105
320	896	64	378	884	120
320	896	128	378	885	159
320	896	192	379	885	212
320	896	256	381	885	268
320	896	320	383	886	327
320	896	384	386	888	387
320	896	448	389	888	448
320	896	512	392	889	507
320	896	576	397	891	571
320	896	640	401	891	633
320	896	704	405	891	694
320	896	768	411	892	753
320	896	832	417	894	815
320	896	896	423	894	876
320	896	960	429	895	937
320	896	1023	436	897	998
320	960	0	387	941	112
320	960	64	387	945	127
320	960	128	388	945	163
320	960	192	389	945	215
320	960	256	390	946	271
320	960	320	392	947	330
320	960	384	395	948	389
320	960	448	398	949	450
320	960	512	401	949	508
320	960	576	406	951	572
320	960	640	410	952	634
320	960	704	415	952	695
320	960	768	420	953	755
320	960	832	426	955	816
320	960	896	431	954	876
320	960	960	437	955	938
320	960	1023	444	957	999
320	1023	0	397	1000	119
320	1023	64	398	1004	132
320	1023	128	398	1004	168
320	1023	192	399	1005	219
320	1023	256	401	1005	274
320	1023	320	403	1006	332
320	1023	384	405	1007	391
320	1023	448	408	1008	452
320	1023	512	411	1008	509
320	1023	576	416	1010	573
320	1023	640	420	1011	636
320	1023	704	424	1010	697
320	1023	768	429	1011	756
320	1023	832	435	1013	818
320	1023	896	440	1011	878
320	1023	960	447	1012	940
320	1023	1023	453	1013	1000
384	0	0	364	57	0
384	0	64	363	58	62
384	0	128	363	60	123
384	0	192	365	64	187
384	0	256	366	70	249
384	0	320	368	77	311
384	0	384	371	84	373
384	0	448	374	93	435
384	0	512	378	102	495
384	0	576	382	111	559
384	0	640	387	121	622
384	0	704	391	132	683
384	0	768	397	141	743
384	0	832	403	151	805
384	0	896	409	162	866
384	0	960	415	172	927
384	0	1023	422	183	987
384	64	0	364	83	0
384	64	64	364	84	62
384	64	128	363	85	123
384	64	192	365	88	187
384	64	256	366	92	249
384	64	320	369	97	311
384	64	384	372	103	373
384	64	448	374	110	435
384	64	512	378	117	495
384	64	576	383	126	560
384	64	640	387	134	622
384	64	704	392	143	684
384	64	768	397	152	743
384	64	832	403	162	805
384	64	896	409	171	866
384	64	960	415	181	927
384	64	1023	423	191	987
384	128	0	365	137	5
384	128	64	364	138	63
384	128	128	364	139	124
384	128	192	366	141	188
384	128	256	367	143	249
384	128	320	369	146	312
384	128	384	372	150	374
384	128	448	375	155	436
384	128	512	378	159	494
384	128	576	383	165	559
384	128	640	388	172	622
384	128	704	392	178	684
384	128	768	398	186	743
384	128	832	404	193	805
384	128	896	410	200	865
384	128	960	416	209	927
384	128	1023	424	217	987
384	192	0	366	199	19
384	192	64	366	200	65
384	192	128	366	201	125
384	192	192	367	202	188
384	192	256	369	204	250
384	192	320	371	206	312
384	192	384	374	209	374
384	192	448	376	211	435
384	192	512	380	215	495
384	192	576	384	219	559
384	192	640	389	223	622
384	192	704	394	229	684
384	192	768	399	234	743
384	192	832	405	239	805
384	192	896	411	245	866
384	192	960	417	252	927
384	192	1023	425	259	988
384	256	0	368	260	28
384	256	64	367	261	68
384	256	128	368	262	126
384	256	192	369	263	189
384	256	256	371	264	251
384	256	320	373	266	313
384	256	384	376	268	374
384	256	448	378	270	436
384	256	512	382	273	496
384	256	576	386	276	560
384	256	640	390	279	622
384	256	704	395	282	684
384	256	768	401	287	744
384	256	832	407	291	805
384	256	896	412	296	866
384	256	960	419	301	928
384	256	1023	427	306	988
384	320	0	371	322	36
384	320	64	370	325	71
384	320	128	370	325	128
384	320	192	372	326	190
384	320	256	373	327	251
384	320	320	375	328	313
384	320	384	378	330	375
384	320	448	381	332	436
384	320	512	384	333	495
384	320	576	389	336	560
384	320	640	393	339	623
384	320	704	398	342	684
384	320	768	403	345	744
384	320	832	410	349	806
384	320	896	415	352	866
384	320	960	421	356	928
384	320	1023	428	361	988
384	384	0	374	385	45
384	384	64	374	387	75
384	384	128	374	387	130
384	384	192	375	388	192
384	384	256	377	389	253
384	384	320	379	390	314
384	384	384	382	392	376
384	384	448	384	393	437
384	384	512	388	395	496
384	384	576	393	397	561
384	384	640	397	399	623
384	384	704	401	401	685
384	384	768	407	404	745
384	384	832	413	407	806
384	384	896	418	410	867
384	384	960	425	413	928
384	384	1023	432	417	989
384	448	0	378	446	52
384	448	64	378	449	80
384	448	128	379	450	133
384	448	192	379	450	193
384	448	256	381	451	254
384	448	320	383	452	315
384	448	384	386	453	376
384	448	448	388	454	438
384	448	512	392	456	497
384	448	576	397	458	562
384	448	640	401	460	624
384	448	704	405	461	685
384	448	768	411	464	745
384	448	832	417	466	807
384	448	896	423	468	868
384	448	960	429	471	930
384	448	1023	436	475	990
384	512	0	383	507	60
384	512	64	383	510	85
384	512	128	383	510	135
384	512	192	384	511	195
384	512	256	386	512	256
384	512	320	388	513	317
384	512	384	391	514	378
384	512	448	393	514	439
384	512	512	397	516	498
384	512	576	401	518	563
384	512	640	405	519	625
384	512	704	410	521	686
384	512	768	415	523	747
384	512	832	421	525	807
384	512	896	427	527	869
384	512	960	433	529	930
384	512	1023	440	532	991
384	576	0	390	575	68
384	576	64	389	578	91
384	576	128	389	577	139
384	576	192	391	579	197
384	576	256	392	579	257
384	576	320	394	580	318
384	576	384	397	582	379
384	576	448	400	582	440
384	576	512	403	583	499
384	576	576	407	585	563
384	576	640	411	586	626
384	576	704	416	587	688
384	576	768	421	589	747
384	576	832	427	592	809
384	576	896	432	592	869
384	576	960	438	593	930
384	576	1023	445	596	991
384	640	0	396	636	75
384	640	64	396	639	96
384	640	128	396	640	142
384	640	192	397	640	200
384	640	256	399	641	259
384	640	320	400	641	319
384	640	384	403	643	380
384	640	448	406	643	442
384	640	512	409	644	501
384	640	576	414	646	565
384	640	640	417	647	627
384	640	704	422	648	688
384	640	768	427	649	748
384	640	832	433	652	810
384	640	896	438	652	871
384	640	960	444	654	932
384	640	1023	451	657	993
384	704	0	403	698	83
384	704	64	403	702	102
384	704	128	403	702	146
384	704	192	404	703	203
384	704	256	406	704	261
384	704	320	408	704	322
384	704	384	411	706	382
384	704	448	413	706	443
384	704	512	416	707	502
384	704	576	421	709	567
384	704	640	424	709	629
384	704	704	429	711	690
384	704	768	434	712	750
384	704	832	439	713	811
384	704	896	444	714	872
384	704	960	451	715	934
384	704	1023	457	718	994
384	768	0	411	759	90
384	768	64	411	763	107
384	768	128	411	764	151
384	768	192	412	764	206
384	768	256	413	764	264
384	768	320	416	765	324
384	768	384	418	767	385
384	768	448	421	767	445
384	768	512	424	768	504
384	768	576	428	770	569
384	768	640	432	770	631
384	768	704	436	771	692
384	768	768	441	772	752
384	768	832	447	774	813
384	768	896	452	775	874
384	768	960	458	776	936
384	768	1023	464	778	996
384	832	0	418	820	97
384	832	64	418	823	114
384	832	128	419	823	155
384	832	192	420	824	208
384	832	256	421	824	266
384	832	320	423	825	326
384	832	384	425	826	386
384	832	448	428	827	447
384	832	512	431	827	505
384	832	576	435	829	569
384	832	640	439	830	632
384	832	704	443	831	693
384	832	768	448	832	752
384	832	832	454	834	814
384	832	896	458	833	874
384	832	960	464	834	936
384	832	1023	471	836	997
384	896	0	427	881	104
384	896	64	427	885	120
384	896	128	427	885	159
384	896	192	428	886	212
384	896	256	430	886	268
384	896	320	432	887	328
384	896	384	434	888	388
384	896	448	436	888	448
384	896	512	439	889	506
384	896	576	443	890	570
384	896	640	447	890	632
384	896	704	451	891	693
384	896	768	456	893	754
384	896	832	461	894	814
384	896	896	466	894	875
384	896	960	472	895	937
384	896	1023	478	897	997
384	960	0	435	941	112
384	960	64	435	945	126
384	960	128	436	946	163
384	960	192	436	946	215
384	960	256	438	947	271
384	960	320	440	948	330
384	960	384	442	948	389
384	960	448	444	948	449
384	960	512	448	950	508
384	960	576	452	951	572
384	960	640	455	951	633
384	960	704	459	952	695
384	960	768	463	953	754
384	960	832	469	955	816
384	960	896	474	955	877
384	960	960	480	956	938
384	960	1023	486	957	999
384	1023	0	445	1000	118
384	1023	64	445	1005	132
384	1023	128	445	1005	168
384	1023	192	446	1005	219
384	1023	256	448	1007	274
384	1023	320	449	1007	332
384	1023	384	451	1008	391
384	1023	448	454	1008	451
384	1023	512	456	1009	510
384	1023	576	461	1010	574
384	1023	640	464	1010	635
384	1023	704	468	1010	696
384	1023	768	472	1011	756
384	1023	832	477	1013	818
384	1023	896	482	1013	879
384	1023	960	488	1013	940
384	1023	1023	494	1014	1001
448	0	0	422	66	0
448	0	64	422	67	62
448	0	128	422	69	123
448	0	192	423	72	187
448	0	256	424	77	249
448	0	320	426	83	311
448	0	384	428	91	373
448	0	448	431	98	435
448	0	512	434	106	495
448	0	576	438	116	559
448	0	640	441	125	622
448	0	704	445	135	683
448	0	768	450	145	743
448	0	832	456	154	805
448	0	896	460	165	866
448	0	960	466	175	927
448	0	1023	472	185	987
448	64	0	423	89	0
448	64	64	422	90	62
448	64	128	422	91	123
448	64	192	423	94	187
448	64	256	424	98	249
448	64	320	426	102	311
448	64	384	429	108	373
448	64	448	431	115	435
448	64	512	434	121	494
448	64	576	438	130	559
448	64	640	441	138	621
448	64	704	445	146	683
448	64	768	450	155	743
448	64	832	456	165	805
448	64	896	461	174	866
448	64	960	467	183	928
448	64	1023	472	194	987
448	128	0	423	140	0
448	128	64	423	142	63
448	128	128	422	142	124
448	128	192	424	144	187
448	128	256	425	146	249
448	128	320	427	149	312
448	128	384	429	153	374
448	128	448	432	158	435
448	128	512	434	162	494
448	128	576	438	168	559
448	128	640	442	175	622
448	128	704	446	181	684
448	128	768	451	188	743
448	128	832	457	195	805
448	128	896	461	202	865
448	128	960	466	211	926
448	128	1023	473	219	987
448	192	0	424	201	18
448	192	64	424	203	65
448	192	128	424	203	125
448	192	192	425	204	188
448	192	256	426	206	250
448	192	320	428	208	312
448	192	384	430	211	373
448	192	448	432	213	435
448	192	512	436	217	495
448	192	576	440	221	559
448	192	640	443	225	622
448	192	704	448	231	684
448	192	768	452	236	743
448	192	832	457	241	804
448	192	896	462	247	865
448	192	960	468	253	927
448	192	1023	474	260	987
448	256	0	426	261	27
448	256	64	425	263	67
448	256	128	425	264	126
448	256	192	427	265	189
448	256	256	428	266	250
448	256	320	430	267	312
448	256	384	432	270	374
448	256	448	434	271	436
448	256	512	438	274	495
448	256	576	441	277	560
448	256	640	444	280	622
448	256	704	449	284	683
448	256	768	454	289	744
448	256	832	459	293	805
448	256	896	464	298	866
448	256	960	469	302	927
448	256	1023	476	308	988
448	320	0	428	324	36
448	320	64	428	326	71
448	320	128	428	326	128
448	320	192	429	327	190
448	320	256	430	328	251
448	320	320	432	330	313
448	320	384	435	332	375
448	320	448	437	333	436
448	320	512	440	335	496
448	320	576	444	338	560
448	320	640	447	340	622
448	320	704	451	343	684
448	320	768	456	346	744
448	320	832	461	350	806
448	320	896	466	354	867
448	320	960	471	357	927
448	320	1023	478	362	988
448	384	0	431	385	44
448	384	64	430	388	75
448	384	128	431	388	130
448	384	192	432	389	191
448	384	256	433	390	252
448	384	320	435	391	314
448	384	384	438	393	375
448	384	448	440	394	437
448	384	512	443	396	496
448	384	576	447	398	561
448	384	640	450	400	623
448	384	704	454	402	684
448	384	768	459	405	745
448	384	832	463	408	805
448	384	896	468	410	867
448	384	960	474	414	928
448	384	1023	480	418	989
448	448	0	435	447	52
448	448	64	434	450	80
448	448	128	435	450	132
448	448	192	435	451	193
448	448	256	436	451	253
448	448	320	438	452	315
448	448	384	441	454	376
448	448	448	443	455	438
448	448	512	447	457	497
448	448	576	450	459	562
448	448	640	453	460	624
448	448	704	458	462	685
448	448	768	462	464	745
448	448	832	468	467	807
448	448	896	472	469	868
448	448	960	478	472	929
448	448	1023	484	476	990
448	512	0	439	508	59
448	512	64	439	511	85
448	512	128	439	511	135
448	512	192	440	512	195
448	512	256	441	513	255
448	512	320	443	513	316
448	512	384	445	515	378
448	512	448	447	515	439
448	512	512	451	517	498
448	512	576	454	519	563
448	512	640	458	520	625
448	512	704	461	521	686
448	512	768	467	524	746
448	512	832	471	526	807
448	512	896	476	527	869
448	512	960	481	529	930
448	512	1023	488	533	990
448	576	0	445	575	68
448	576	64	444	578	90
448	576	128	444	578	138
448	576	192	445	579	197
448	576	256	446	580	257
448	576	320	448	581	318
448	576	384	451	582	379
448	576	448	453	583	440
448	576	512	455	583	499
448	576	576	459	585	563
448	576	640	463	587	626
448	576	704	467	588	687
448	576	768	471	590	747
448	576	832	477	592	809
448	576	896	481	592	869
448	576	960	486	594	931
448	576	1023	492	597	991
448	640	0	450	636	75
448	640	64	450	640	96
448	640	128	450	641	142
448	640	192	451	640	200
448	640	256	452	641	259
448	640	320	454	642	320
448	640	384	456	643	380
448	640	448	459	644	442
448	640	512	462	645	501
448	640	576	465	647	565
448	640	640	468	647	627
448	640	704	472	648	688
448	640	768	476	650	748
448	640	832	482	652	810
448	640	896	487	653	871
448	640	960	492	655	932
448	640	1023	498	657	993
448	704	0	456	699	82
448	704	64	456	703	101
448	704	128	457	703	146
448	704	192	457	703	203
448	704	256	459	704	261
448	704	320	460	705	321
448	704	384	463	706	382
448	704	448	464	706	443
448	704	512	468	707	502
448	704	576	472	709	567
448	704	640	474	709	628
448	704	704	478	711	690
448	704	768	483	712	750
448	704	832	487	713	811
448	704	896	492	714	872
448	704	960	497	715	933
448	704	1023	503	718	994
448	768	0	463	760	90
448	768	64	463	763	108
448	768	128	464	764	150
448	768	192	464	764	205
448	768	256	465	764	264
448	768	320	467	765	323
448	768	384	469	767	384
448	768	448	471	767	445
448	768	512	474	768	504
448	768	576	478	770	568
448	768	640	481	770	630
448	768	704	485	771	692
448	768	768	489	772	751
448	768	832	494	774	813
448	768	896	499	775	874
448	768	960	504	776	936
448	768	1023	510	778	996
448	832	0	470	820	97
448	832	64	470	824	114
448	832	128	470	823	154
448	832	192	471	824	208
448	832	256	472	825	266
448	832	320	473	826	325
448	832	384	476	827	386
448	832	448	478	828	447
448	832	512	481	828	505
448	832	576	484	829	569
448	832	640	488	830	631
448	832	704	491	831	693
448	832	768	496	832	752
448	832	832	501	834	814
448	832	896	504	833	874
448	832	960	509	834	936
448	832	1023	515	836	996
448	896	0	478	881	104
448	896	64	477	886	119
448	896	128	478	886	159
448	896	192	478	886	212
448	896	256	479	886	268
448	896	320	481	887	327
448	896	384	483	888	387
448	896	448	485	888	448
448	896	512	488	889	506
448	896	576	491	891	570
448	896	640	494	891	632
448	896	704	499	892	694
448	896	768	503	893	753
448	896	832	507	894	814
448	896	896	511	894	875
448	896	960	516	895	937
448	896	1023	522	897	997
448	960	0	485	942	112
448	960	64	485	945	126
448	960	128	485	946	163
448	960	192	486	946	215
448	960	256	487	947	271
448	960	320	489	948	329
448	960	384	491	950	389
448	960	448	492	949	449
448	960	512	495	950	508
448	960	576	499	951	571
448	960	640	502	951	633
448	960	704	505	952	694
448	960	768	510	954	755
448	960	832	514	954	815
448	960	896	518	955	876
448	960	960	524	956	938
448	960	1023	529	957	999
448	1023	0	493	1001	118
448	1023	64	493	1005	132
448	1023	128	493	1006	168
448	1023	192	494	1005	218
448	1023	256	495	1006	273
448	1023	320	497	1007	332
448	1023	384	499	1008	391
448	1023	448	500	1008	451
448	1023	512	503	1009	510
448	1023	576	507	1010	573
448	1023	640	510	1010	635
448	1023	704	513	1010	696
448	1023	768	517	1011	755
448	1023	832	522	1012	817
448	1023	896	526	1012	878
448	1023	960	531	1012	940
448	1023	1023	536	1013	1001
512	0	0	479	75	0
512	0	64	478	76	61
512	0	128	479	77	123
512	0	192	479	80	187
512	0	256	480	84	249
512	0	320	482	90	311
512	0	384	484	97	373
512	0	448	486	104	435
512	0	512	489	111	494
512	0	576	492	121	559
512	0	640	495	129	621
512	0	704	499	138	683
512	0	768	502	148	742
512	0	832	507	158	804
512	0	896	512	167	866
512	0	960	517	177	928
512	0	1023	522	188	988
512	64	0	479	96	0
512	64	64	478	96	61
512	64	128	479	98	123
512	64	192	479	100	187
512	64	256	480	103	249
512	64	320	482	108	311
512	64	384	484	113	373
512	64	448	486	119	435
512	64	512	489	126	494
512	64	576	493	134	559
512	64	640	495	142	621
512	64	704	499	150	683
512	64	768	503	159	742
512	64	832	508	167	805
512	64	896	512	177	866
512	64	960	517	186	927
512	64	1023	523	196	988
512	128	0	480	144	0
512	128	64	479	146	62
512	128	128	479	146	123
512	128	192	480	148	187
512	128	256	481	150	249
512	128	320	482	153	311
512	128	384	485	157	373
512	128	448	487	161	435
512	128	512	490	166	494
512	128	576	493	172	559
512	128	640	496	177	621
512	128	704	499	184	683
512	128	768	504	190	743
512	128	832	509	198	805
512	128	896	513	205	866
512	128	960	517	213	926
512	128	1023	522	222	987
512	192	0	481	203	16
512	192	64	480	205	65
512	192	128	480	205	124
512	192	192	481	207	188
512	192	256	482	208	250
512	192	320	484	210	312
512	192	384	486	213	373
512	192	448	487	216	435
512	192	512	490	219	495
512	192	576	494	223	559
512	192	640	497	228	621
512	192	704	501	233	683
512	192	768	505	238	743
512	192	832	509	243	804
512	192	896	513	249	865
512	192	960	518	255	927
512	192	1023	524	262	988
512	256	0	483	263	27
512	256	64	482	265	67
512	256	128	482	266	126
512	256	192	483	267	189
512	256	256	484	268	251
512	256	320	486	269	313
512	256	384	488	271	374
512	256	448	490	273	436
512	256	512	492	276	495
512	256	576	496	279	560
512	256	640	498	282	622
512	256	704	502	286	683
512	256	768	507	290	744
512	256	832	511	294	805
512	256	896	515	299	866
512	256	960	520	304	927
512	256	1023	526	309	988
512	320	0	484	325	35
512	320	64	484	328	71
512	320	128	484	328	128
512	320	192	485	329	190
512	320	256	486	330	251
512	320	320	487	331	313
512	320	384	489	333	374
512	320	448	491	334	436
512	320	512	494	337	496
512	320	576	498	340	560
512	320	640	501	342	622
512	320	704	504	344	684
512	320	768	508	348	744
512	320	832	513	352	806
512	320	896	517	355	867
512	320	960	522	359	928
512	320	1023	528	364	989
512	384	0	487	387	43
512	384	64	487	389	75
512	384	128	487	390	129
512	384	192	488	390	191
512	384	256	489	391	252
512	384	320	490	392	314
512	384	384	492	394	375
512	384	448	494	395	437
512	384	512	497	397	496
512	384	576	500	399	561
512	384	640	503	401	623
512	384	704	507	404	685
512	384	768	511	406	745
512	384	832	515	409	806
512	384	896	519	412	867
512	384	960	524	415	928
512	384	1023	529	419	989
512	448	0	490	448	51
512	448	64	490	451	80
512	448	128	490	451	132
512	448	192	490	452	193
512	448	256	491	452	253
512	448	320	493	453	315
512	448	384	495	455	376
512	448	448	497	456	438
512	448	512	500	458	497
512	448	576	503	460	561
512	448	640	506	461	624
512	448	704	510	463	685
512	448	768	513	465	745
512	448	832	518	468	807
512	448	896	523	470	868
512	448	960	527	473	929
512	448	1023	533	476	990
512	512	0	494	509	59
512	512	64	494	512	84
512	512	128	494	512	135
512	512	192	495	513	195
512	512	256	496	513	255
512	512	320	497	514	316
512	512	384	499	515	377
512	512	448	501	516	439
512	512	512	504	518	498
512	512	576	507	520	562
512	512	640	510	521	625
512	512	704	514	523	687
512	512	768	518	524	746
512	512	832	522	526	807
512	512	896	526	528	868
512	512	960	531	530	930
512	512	1023	536	533	990
512	576	0	499	576	67
512	576	64	499	579	90
512	576	128	499	580	138
512	576	192	499	580	197
512	576	256	500	580	257
512	576	320	502	581	318
512	576	384	504	583	379
512	576	448	506	583	440
512	576	512	509	585	499
512	576	576	512	587	564
512	576	640	515	587	626
512	576	704	518	589	687
512	576	768	522	590	747
512	576	832	527	593	809
512	576	896	531	594	870
512	576	960	536	596	931
512	576	1023	540	597	991
512	640	0	505	638	75
512	640	64	503	640	95
512	640	128	504	641	142
512	640	192	504	641	199
512	640	256	506	642	259
512	640	320	507	643	319
512	640	384	509	644	380
512	640	448	511	645	441
512	640	512	514	646	500
512	640	576	517	647	565
512	640	640	520	648	627
512	640	704	523	649	688
512	640	768	528	652	749
512	640	832	532	653	810
512	640	896	536	654	871
512	640	960	540	655	932
512	640	1023	546	658	993
512	704	0	510	700	82
512	704	64	509	703	101
512	704	128	509	703	146
512	704	192	510	704	202
512	704	256	511	705	261
512	704	320	513	705	321
512	704	384	515	707	382
512	704	448	517	707	443
512	704	512	519	708	502
512	704	576	523	710	566
512	704	640	525	710	628
512	704	704	529	712	690
512	704	768	533	713	750
512	704	832	537	714	811
512	704	896	541	715	872
512	704	960	545	716	933
512	704	1023	551	718	994
512	768	0	516	760	89
512	768	64	516	764	107
512	768	128	516	765	150
512	768	192	517	765	206
512	768	256	517	765	263
512	768	320	519	766	323
512	768	384	521	767	384
512	768	448	523	768	445
512	768	512	526	769	504
512	768	576	529	770	568
512	768	640	532	771	630
512	768	704	535	772	692
512	768	768	538	773	751
512	768	832	543	775	813
512	768	896	547	775	874
512	768	960	552	777	936
512	768	1023	557	779	996
512	832	0	522	820	97
512	832	64	521	824	113
512	832	128	521	824	154
512	832	192	522	825	208
512	832	256	523	825	266
512	832	320	525	826	325
512	832	384	527	827	386
512	832	448	529	828	446
512	832	512	531	829	505
512	832	576	535	831	569
512	832	640	537	830	631
512	832	704	540	831	693
512	832	768	544	832	752
512	832	832	549	834	814
512	832	896	553	835	875
512	832	960	556	835	936
512	832	1023	562	836	996
512	896	0	528	882	104
512	896	64	528	886	119
512	896	128	528	886	158
512	896	192	529	887	212
512	896	256	530	887	268
512	896	320	531	888	327
512	896	384	533	889	387
512	896	448	535	889	447
512	896	512	537	890	506
512	896	576	541	891	570
512	896	640	543	891	632
512	896	704	547	893	694
512	896	768	551	894	753
512	896	832	554	894	814
512	896	896	558	895	875
512	896	960	563	896	937
512	896	1023	568	898	997
512	960	0	535	943	111
512	960	64	535	946	126
512	960	128	535	946	163
512	960	192	536	948	215
512	960	256	537	948	271
512	960	320	538	949	329
512	960	384	540	950	389
512	960	448	541	949	449
512	960	512	544	951	508
512	960	576	547	952	572
512	960	640	550	952	633
512	960	704	553	952	694
512	960	768	557	954	755
512	960	832	561	955	815
512	960	896	565	955	876
512	960	960	569	956	938
512	960	1023	574	958	999
512	1023	0	543	1002	118
512	1023	64	542	1005	132
512	1023	128	542	1005	167
512	1023	192	543	1006	218
512	1023	256	544	1007	274
512	1023	320	546	1007	332
512	1023	384	547	1009	391
512	1023	448	549	1008	451
512	1023	512	551	1009	509
512	1023	576	554	1011	573
512	1023	640	557	1010	634
512	1023	704	560	1010	696
512	1023	768	564	1012	756
512	1023	832	568	1013	817
512	1023	896	572	1013	878
512	1023	960	576	1013	940
512	1023	1023	581	1013	1001
576	0	0	543	85	0
576	0	64	543	85	60
576	0	128	543	86	123
576	0	192	543	89	186
576	0	256	545	93	249
576	0	320	545	98	311
576	0	384	548	104	373
576	0	448	549	111	435
576	0	512	552	118	494
576	0	576	555	126	559
576	0	640	557	135	621
576	0	704	560	144	683
576	0	768	563	153	742
576	0	832	568	162	805
576	0	896	572	171	866
576	0	960	576	181	927
576	0	1023	581	191	988
576	64	0	543	103	0
576	64	64	543	104	61
576	64	128	543	105	123
576	64	192	543	107	187
576	64	256	545	110	249
576	64	320	546	114	311
576	64	384	548	119	373
576	64	448	549	125	435
576	64	512	552	131	494
576	64	576	555	139	559
576	64	640	557	147	621
576	64	704	560	154	683
576	64	768	564	163	742
576	64	832	568	171	805
576	64	896	572	181	865
576	64	960	576	190	927
576	64	1023	581	199	987
576	128	0	544	149	0
576	128	64	543	150	62
576	128	128	544	151	123
576	128	192	544	152	187
576	128	256	545	154	249
576	128	320	546	157	311
576	128	384	548	161	373
576	128	448	550	165	435
576	128	512	552	169	494
576	128	576	556	175	559
576	128	640	558	181	621
576	128	704	561	187	683
576	128	768	564	194	742
576	128	832	569	201	805
576	128	896	572	208	866
576	128	960	576	216	927
576	128	1023	582	224	988
576	192	0	545	206	9
576	192	64	544	208	64
576	192	128	544	208	124
576	192	192	545	210	187
576	192	256	546	211	249
576	192	320	547	213	311
576	192	384	549	216	373
576	192	448	551	219	435
576	192	512	553	222	494
576	192	576	556	226	559
576	192	640	559	231	622
576	192	704	562	235	683
576	192	768	566	240	743
576	192	832	570	246	805
576	192	896	572	251	865
576	192	960	577	257	927
576	192	1023	581	264	987
576	256	0	547	265	23
576	256	64	546	267	67
576	256	128	546	268	125
576	256	192	547	269	188
576	256	256	547	270	250
576	256	320	549	271	312
576	256	384	550	273	374
576	256	448	552	276	436
576	256	512	554	278	495
576	256	576	558	281	559
576	256	640	560	284	622
576	256	704	564	288	684
576	256	768	567	292	743
576	256	832	570	296	804
576	256	896	574	301	866
576	256	960	579	306	927
576	256	1023	583	311	988
576	320	0	548	327	34
576	320	64	547	329	70
576	320	128	548	330	127
576	320	192	548	330	189
576	320	256	549	331	251
576	320	320	550	332	312
576	320	384	552	334	374
576	320	448	554	336	436
576	320	512	556	338	495
576	320	576	559	341	560
576	320	640	562	343	622
576	320	704	565	346	684
576	320	768	568	349	743
576	320	832	573	353	805
576	320	896	576	356	867
576	320	960	580	360	928
576	320	1023	585	365	988
576	384	0	551	388	42
576	384	64	550	391	74
576	384	128	550	391	129
576	384	192	551	392	191
576	384	256	551	392	252
576	384	320	553	394	314
576	384	384	555	395	375
576	384	448	557	397	437
576	384	512	559	398	496
576	384	576	562	400	560
576	384	640	565	403	623
576	384	704	568	405	685
576	384	768	571	407	744
576	384	832	575	411	806
576	384	896	578	412	866
576	384	960	582	416	928
576	384	1023	587	420	989
576	448	0	553	449	50
576	448	64	552	452	79
576	448	128	553	452	132
576	448	192	553	453	192
576	448	256	555	454	253
576	448	320	556	455	315
576	448	384	557	456	376
576	448	448	559	457	438
576	448	512	562	459	497
576	448	576	565	461	561
576	448	640	567	462	624
576	448	704	570	464	685
576	448	768	574	467	746
576	448	832	578	469	807
576	448	896	581	471	868
576	448	960	585	474	929
576	448	1023	590	477	990
576	512	0	557	510	58
576	512	64	556	513	83
576	512	128	556	513	134
576	512	192	557	514	195
576	512	256	558	514	255
576	512	320	559	515	316
576	512	384	561	516	377
576	512	448	563	517	439
576	512	512	565	518	498
576	512	576	568	520	562
576	512	640	571	522	625
576	512	704	573	523	686
576	512	768	577	525	746
576	512	832	581	528	808
576	512	896	584	529	868
576	512	960	588	531	930
576	512	1023	593	534	990
576	576	0	561	577	66
576	576	64	560	580	90
576	576	128	561	580	138
576	576	192	561	581	197
576	576	256	562	581	257
576	576	320	563	582	317
576	576	384	565	583	378
576	576	448	567	584	440
576	576	512	569	585	499
576	576	576	572	587	563
576	576	640	574	588	626
576	576	704	577	589	687
576	576	768	581	591	746
576	576	832	585	593	808
576	576	896	588	594	869
576	576	960	592	596	931
576	576	1023	597	599	992
576	640	0	566	638	74
576	640	64	566	642	95
576	640	128	565	642	141
576	640	192	566	643	199
576	640	256	567	643	259
576	640	320	568	644	319
576	640	384	570	645	380
576	640	448	571	645	441
576	640	512	574	646	500
576	640	576	577	648	565
576	640	640	579	648	627
576	640	704	582	649	688
576	640	768	586	652	748
576	640	832	589	653	810
576	640	896	593	654	870
576	640	960	597	656	932
576	640	1023	602	659	993
576	704	0	571	701	82
576	704	64	571	704	101
576	704	128	570	704	145
576	704	192	571	705	202
576	704	256	572	706	261
576	704	320	573	706	321
576	704	384	575	707	382
576	704	448	577	708	443
576	704	512	579	709	502
576	704	576	582	711	567
576	704	640	585	711	628
576	704	704	587	712	690
576	704	768	591	713	749
576	704	832	595	716	811
576	704	896	598	716	873
576	704	960	601	717	933
576	704	1023	606	719	994
576	768	0	576	761	89
576	768	64	576	765	107
576	768	128	576	765	150
576	768	192	577	765	205
576	768	256	578	766	263
576	768	320	579	767	323
576	768	384	581	768	384
576	768	448	582	768	445
576	768	512	585	770	504
576	768	576	588	771	568
576	768	640	590	771	630
576	768	704	592	772	691
576	768	768	596	773	751
576	768	832	600	775	813
576	768	896	603	776	874
576	768	960	607	777	936
576	768	1023	612	779	996
576	832	0	581	821	96
576	832	64	581	825	113
576	832	128	581	825	154
576	832	192	582	826	208
576	832	256	582	826	265
576	832	320	584	826	325
576	832	384	586	828	385
576	832	448	587	828	446
576	832	512	590	829	505
576	832	576	593	831	569
576	832	640	595	831	631
576	832	704	597	831	692
576	832	768	601	833	752
576	832	832	605	835	814
576	832	896	608	835	875
576	832	960	612	836	936
576	832	1023	617	838	997
576	896	0	587	882	103
576	896	64	587	886	119
576	896	128	587	886	158
576	896	192	588	887	211
576	896	256	588	887	268
576	896	320	589	888	327
576	896	384	591	889	387
576	896	448	593	890	448
576	896	512	595	890	506
576	896	576	598	891	569
576	896	640	601	892	632
576	896	704	603	893	693
576	896	768	606	894	753
576	896	832	610	896	815
576	896	896	613	895	875
576	896	960	617	896	936
576	896	1023	622	898	997
576	960	0	593	943	111
576	960	64	593	947	125
576	960	128	593	947	162
576	960	192	593	948	214
576	960	256	594	948	271
576	960	320	595	949	329
576	960	384	598	950	389
576	960	448	599	950	449
576	960	512	601	950	507
576	960	576	604	952	571
576	960	640	606	952	633
576	960	704	609	953	695
576	960	768	612	954	754
576	960	832	616	955	815
576	960	896	619	955	876
576	960	960	623	956	938
576	960	1023	627	958	998
576	1023	0	600	1002	118
576	1023	64	600	1007	132
576	1023	128	599	1006	167
576	1023	192	600	1007	218
576	1023	256	601	1007	273
576	1023	320	602	1008	331
576	1023	384	604	1009	391
576	1023	448	605	1008	451
576	1023	512	607	1009	509
576	1023	576	610	1011	573
576	1023	640	612	1010	634
576	1023	704	616	1012	696
576	1023	768	619	1013	756
576	1023	832	622	1013	817
576	1023	896	625	1013	878
576	1023	960	629	1013	940
576	1023	1023	633	1013	1000
640	0	0	601	94	0
640	0	64	600	94	60
640	0	128	600	95	122
640	0	192	600	97	186
640	0	256	601	101	249
640	0	320	603	106	311
640	0	384	604	111	373
640	0	448	606	118	435
640	0	512	608	124	494
640	0	576	611	132	559
640	0	640	612	140	621
640	0	704	615	149	682
640	0	768	619	158	743
640	0	832	622	166	805
640	0	896	625	175	866
640	0	960	629	185	927
640	0	1023	634	195	988
640	64	0	602	110	0
640	64	64	600	110	60
640	64	128	601	112	123
640	64	192	600	114	186
640	64	256	602	117	249
640	64	320	603	121	311
640	64	384	604	125	373
640	64	448	606	131	435
640	64	512	608	137	494
640	64	576	611	144	559
640	64	640	613	151	621
640	64	704	615	159	683
640	64	768	619	168	743
640	64	832	622	175	804
640	64	896	626	184	866
640	64	960	630	193	927
640	64	1023	634	203	988
640	128	0	601	154	0
640	128	64	601	155	61
640	128	128	601	156	123
640	128	192	601	157	187
640	128	256	602	159	249
640	128	320	603	162	311
640	128	384	605	165	373
640	128	448	606	170	435
640	128	512	608	174	494
640	128	576	611	179	559
640	128	640	613	185	621
640	128	704	616	191	683
640	128	768	619	198	742
640	128	832	623	204	804
640	128	896	626	212	865
640	128	960	630	220	927
640	128	1023	635	227	988
640	192	0	603	210	4
640	192	64	602	212	63
640	192	128	602	212	124
640	192	192	602	213	187
640	192	256	603	214	249
640	192	320	604	216	311
640	192	384	606	219	373
640	192	448	607	222	435
640	192	512	610	225	495
640	192	576	613	229	559
640	192	640	614	233	622
640	192	704	617	238	683
640	192	768	620	243	743
640	192	832	624	249	805
640	192	896	627	254	866
640	192	960	631	260	928
640	192	1023	635	267	988
640	256	0	604	268	20
640	256	64	603	270	66
640	256	128	603	270	125
640	256	192	604	271	188
640	256	256	604	272	250
640	256	320	606	274	312
640	256	384	607	276	374
640	256	448	609	278	436
640	256	512	610	280	495
640	256	576	613	284	559
640	256	640	616	287	622
640	256	704	618	291	684
640	256	768	621	295	744
640	256	832	626	299	806
640	256	896	628	303	866
640	256	960	632	308	927
640	256	1023	636	313	988
640	320	0	605	329	32
640	320	64	605	332	69
640	320	128	605	332	127
640	320	192	605	333	189
640	320	256	606	334	251
640	320	320	607	335	313
640	320	384	609	337	374
640	320	448	610	338	436
640	320	512	612	340	495
640	320	576	615	343	560
640	320	640	617	345	622
640	320	704	619	348	684
640	320	768	622	351	743
640	320	832	626	355	805
640	320	896	630	358	867
640	320	960	633	362	928
640	320	1023	638	367	989
640	384	0	608	390	42
640	384	64	607	393	73
640	384	128	607	393	129
640	384	192	608	394	191
640	384	256	608	394	252
640	384	320	609	396	314
640	384	384	611	397	375
640	384	448	613	398	437
640	384	512	615	400	496
640	384	576	618	403	561
640	384	640	620	404	623
640	384	704	622	406	685
640	384	768	625	409	744
640	384	832	629	412	806
640	384	896	632	415	867
640	384	960	635	417	928
640	384	1023	639	421	989
640	448	0	610	451	49
640	448	64	609	454	78
640	448	128	609	454	132
640	448	192	610	455	193
640	448	256	611	455	253
640	448	320	612	457	315
640	448	384	614	458	376
640	448	448	615	459	438
640	448	512	617	460	497
640	448	576	620	462	561
640	448	640	621	463	623
640	448	704	624	465	685
640	448	768	628	468	746
640	448	832	631	470	806
640	448	896	634	472	868
640	448	960	638	475	929
640	448	1023	642	479	990
640	512	0	613	511	58
640	512	64	613	515	83
640	512	128	613	515	135
640	512	192	613	515	195
640	512	256	614	516	255
640	512	320	615	516	316
640	512	384	617	518	377
640	512	448	618	519	439
640	512	512	621	520	498
640	512	576	623	522	563
640	512	640	625	523	625
640	512	704	628	524	686
640	512	768	631	527	746
640	512	832	635	529	808
640	512	896	638	531	869
640	512	960	641	533	931
640	512	1023	645	535	990
640	576	0	617	578	66
640	576	64	616	581	89
640	576	128	616	582	138
640	576	192	617	582	197
640	576	256	618	583	257
640	576	320	619	584	318
640	576	384	620	584	378
640	576	448	622	585	440
640	576	512	624	587	499
640	576	576	627	588	564
640	576	640	629	589	626
640	576	704	631	590	687
640	576	768	634	592	747
640	576	832	638	594	809
640	576	896	641	595	870
640	576	960	645	597	931
640	576	1023	649	600	992
640	640	0	621	639	73
640	640	64	621	643	94
640	640	128	621	643	141
640	640	192	621	644	199
640	640	256	622	644	259
640	640	320	623	645	319
640	640	384	625	646	380
640	640	448	626	646	441
640	640	512	628	648	500
640	640	576	631	649	565
640	640	640	633	650	627
640	640	704	636	652	689
640	640	768	639	653	748
640	640	832	642	654	810
640	640	896	645	655	870
640	640	960	649	657	932
640	640	1023	653	659	993
640	704	0	626	702	81
640	704	64	626	706	100
640	704	128	626	706	146
640	704	192	626	706	202
640	704	256	627	707	261
640	704	320	628	707	321
640	704	384	630	709	382
640	704	448	631	709	443
640	704	512	633	710	502
640	704	576	636	712	567
640	704	640	638	712	629
640	704	704	640	713	690
640	704	768	643	714	749
640	704	832	648	717	812
640	704	896	650	717	872
640	704	960	654	718	934
640	704	1023	659	721	995
640	768	0	632	763	88
640	768	64	631	766	106
640	768	128	631	767	150
640	768	192	632	767	205
640	768	256	632	767	263
640	768	320	634	768	324
640	768	384	635	770	384
640	768	448	636	769	445
640	768	512	638	770	504
640	768	576	641	772	568
640	768	640	643	772	630
640	768	704	645	773	691
640	768	768	649	775	752
640	768	832	652	776	813
640	768	896	655	777	874
640	768	960	659	778	936
640	768	1023	663	780	996
640	832	0	636	822	95
640	832	64	635	826	113
640	832	128	635	826	154
640	832	192	636	827	208
640	832	256	637	827	266
640	832	320	637	827	325
640	832	384	639	829	385
640	832	448	641	829	446
640	832	512	643	830	505
640	832	576	645	831	569
640	832	640	647	832	631
640	832	704	649	832	692
640	832	768	653	833	752
640	832	832	657	836	814
640	832	896	660	836	875
640	832	960	663	837	937
640	832	1023	667	839	997
640	896	0	641	884	103
640	896	64	641	887	119
640	896	128	641	888	158
640	896	192	641	888	211
640	896	256	642	889	268
640	896	320	643	889	327
640	896	384	645	890	387
640	896	448	646	891	448
640	896	512	648	892	506
640	896	576	651	893	570
640	896	640	653	893	632
640	896	704	655	894	693
640	896	768	658	895	753
640	896	832	662	897	815
640	896	896	665	897	876
640	896	960	668	898	938
640	896	1023	673	900	998
640	960	0	646	944	111
640	960	64	646	948	125
640	960	128	646	948	163
640	960	192	647	949	215
640	960	256	647	949	270
640	960	320	648	950	329
640	960	384	650	951	389
640	960	448	652	951	449
640	960	512	653	951	507
640	960	576	656	953	571
640	960	640	658	954	634
640	960	704	660	954	695
640	960	768	663	955	754
640	960	832	667	957	816
640	960	896	669	956	876
640	960	960	673	957	938
640	960	1023	677	959	999
640	1023	0	653	1003	118
640	1023	64	652	1008	132
640	1023	128	652	1007	167
640	1023	192	653	1008	218
640	1023	256	653	1008	273
640	1023	320	655	1009	331
640	1023	384	656	1010	391
640	1023	448	658	1010	451
640	1023	512	659	1010	509
640	1023	576	662	1012	573
640	1023	640	663	1011	634
640	1023	704	666	1013	697
640	1023	768	670	1014	756
640	1023	832	672	1014	817
640	1023	896	675	1014	878
640	1023	960	678	1014	940
640	1023	1023	683	1014	1001
704	0	0	660	102	0
704	0	64	659	103	58
704	0	128	659	104	122
704	0	192	659	106	186
704	0	256	660	109	248
704	0	320	661	113	310
704	0	384	663	118	372
704	0	448	664	124	434
704	0	512	666	130	493
704	0	576	669	138	558
704	0	640	670	145	621
704	0	704	673	153	683
704	0	768	676	162	742
704	0	832	679	170	804
704	0	896	681	179	865
704	0	960	685	189	927
704	0	1023	689	198	987
704	64	0	660	118	0
704	64	64	659	118	59
704	64	128	659	119	122
704	64	192	660	121	186
704	64	256	661	124	249
704	64	320	661	128	311
704	64	384	663	132	373
704	64	448	664	137	434
704	64	512	666	142	494
704	64	576	669	149	559
704	64	640	671	156	621
704	64	704	673	164	683
704	64	768	677	171	743
704	64	832	679	180	804
704	64	896	682	188	865
704	64	960	685	197	926
704	64	1023	689	207	987
704	128	0	661	159	0
704	128	64	660	160	60
704	128	128	660	161	122
704	128	192	660	162	187
704	128	256	661	164	249
704	128	320	662	167	311
704	128	384	664	170	373
704	128	448	665	174	434
704	128	512	666	178	494
704	128	576	669	183	558
704	128	640	671	189	621
704	128	704	673	195	682
704	128	768	677	201	743
704	128	832	679	208	804
704	128	896	682	215	865
704	128	960	685	223	927
704	128	1023	690	231	987
704	192	0	661	213	0
704	192	64	660	215	62
704	192	128	661	216	123
704	192	192	661	216	187
704	192	256	662	218	249
704	192	320	663	220	311
704	192	384	664	222	373
704	192	448	665	225	435
704	192	512	667	228	494
704	192	576	670	232	559
704	192	640	672	236	621
704	192	704	674	241	683
704	192	768	677	246	742
704	192	832	680	251	804
704	192	896	683	257	865
704	192	960	686	263	927
704	192	1023	691	269	988
704	256	0	662	270	16
704	256	64	662	272	65
704	256	128	662	273	125
704	256	192	662	274	188
704	256	256	662	275	250
704	256	320	663	276	311
704	256	384	665	278	373
704	256	448	667	280	435
704	256	512	669	283	495
704	256	576	672	286	559
704	256	640	673	289	622
704	256	704	675	292	683
704	256	768	678	297	743
704	256	832	682	301	805
704	256	896	684	305	866
704	256	960	688	310	928
704	256	1023	692	316	989
704	320	0	664	331	30
704	320	64	663	334	68
704	320	128	663	334	126
704	320	192	664	335	189
704	320	256	664	335	250
704	320	320	665	337	312
704	320	384	667	338	374
704	320	448	668	340	435
704	320	512	670	342	495
704	320	576	672	344	559
704	320	640	674	347	622
704	320	704	677	350	684
704	320	768	680	353	744
704	320	832	683	356	805
704	320	896	685	360	866
704	320	960	689	363	928
704	320	1023	693	368	989
704	384	0	666	391	39
704	384	64	665	394	73
704	384	128	665	395	128
704	384	192	665	395	190
704	384	256	667	396	252
704	384	320	667	397	313
704	384	384	669	398	375
704	384	448	670	400	436
704	384	512	672	401	496
704	384	576	675	404	560
704	384	640	676	405	622
704	384	704	678	407	684
704	384	768	681	410	744
704	384	832	685	413	806
704	384	896	688	416	867
704	384	960	691	419	929
704	384	1023	695	423	989
704	448	0	669	452	48
704	448	64	668	455	77
704	448	128	667	455	131
704	448	192	668	456	192
704	448	256	669	457	253
704	448	320	670	458	314
704	448	384	671	459	376
704	448	448	673	460	437
704	448	512	674	461	496
704	448	576	677	463	561
704	448	640	679	465	624
704	448	704	682	467	685
704	448	768	684	469	745
704	448	832	688	472	807
704	448	896	689	473	867
704	448	960	693	476	929
704	448	1023	697	480	989
704	512	0	671	512	56
704	512	64	671	515	82
704	512	128	671	516	134
704	512	192	671	516	194
704	512	256	672	517	255
704	512	320	672	517	315
704	512	384	674	519	377
704	512	448	676	520	438
704	512	512	678	521	498
704	512	576	680	523	562
704	512	640	682	524	624
704	512	704	684	525	686
704	512	768	687	527	746
704	512	832	691	530	808
704	512	896	693	532	868
704	512	960	697	534	931
704	512	1023	700	537	991
704	576	0	675	579	65
704	576	64	675	583	88
704	576	128	674	583	137
704	576	192	675	583	196
704	576	256	675	584	256
704	576	320	676	584	317
704	576	384	678	586	378
704	576	448	679	586	439
704	576	512	681	587	498
704	576	576	683	589	563
704	576	640	685	589	625
704	576	704	688	592	687
704	576	768	691	594	747
704	576	832	693	595	808
704	576	896	696	596	869
704	576	960	699	598	931
704	576	1023	703	601	991
704	640	0	679	640	72
704	640	64	678	643	94
704	640	128	678	644	141
704	640	192	679	644	199
704	640	256	679	645	258
704	640	320	680	645	319
704	640	384	681	646	379
704	640	448	683	647	441
704	640	512	685	648	500
704	640	576	688	650	565
704	640	640	689	651	627
704	640	704	691	652	688
704	640	768	694	653	748
704	640	832	698	655	810
704	640	896	700	656	871
704	640	960	704	658	932
704	640	1023	708	661	993
704	704	0	683	702	80
704	704	64	682	706	100
704	704	128	682	706	145
704	704	192	683	706	201
704	704	256	684	707	261
704	704	320	685	708	321
704	704	384	686	708	381
704	704	448	687	709	442
704	704	512	689	710	501
704	704	576	692	712	566
704	704	640	693	712	628
704	704	704	695	713	689
704	704	768	698	714	749
704	704	832	702	716	811
704	704	896	704	717	872
704	704	960	708	718	934
704	704	1023	712	721	994
704	768	0	688	763	88
704	768	64	688	767	106
704	768	128	687	767	149
704	768	192	688	767	205
704	768	256	689	768	263
704	768	320	690	768	323
704	768	384	691	770	384
704	768	448	693	770	445
704	768	512	694	770	503
704	768	576	696	772	567
704	768	640	699	773	630
704	768	704	701	774	691
704	768	768	704	775	751
704	768	832	707	777	813
704	768	896	708	776	873
704	768	960	712	778	935
704	768	1023	716	780	996
704	832	0	693	823	95
704	832	64	691	826	112
704	832	128	691	826	153
704	832	192	692	827	207
704	832	256	693	828	265
704	832	320	694	828	325
704	832	384	695	829	385
704	832	448	696	829	445
704	832	512	698	830	504
704	832	576	701	832	568
704	832	640	702	832	630
704	832	704	704	832	692
704	832	768	708	835	752
704	832	832	711	835	813
704	832	896	713	836	874
704	832	960	716	837	936
704	832	1023	720	839	997
704	896	0	697	884	103
704	896	64	697	888	118
704	896	128	697	888	157
704	896	192	697	888	211
704	896	256	698	889	267
704	896	320	699	890	327
704	896	384	700	890	386
704	896	448	701	890	447
704	896	512	703	892	506
704	896	576	706	893	570
704	896	640	707	893	631
704	896	704	709	894	693
704	896	768	712	895	752
704	896	832	715	897	814
704	896	896	718	897	875
704	896	960	721	898	937
704	896	1023	725	900	998
704	960	0	702	944	110
704	960	64	701	948	125
704	960	128	701	949	162
704	960	192	702	949	214
704	960	256	702	949	270
704	960	320	703	949	328
704	960	384	705	951	388
704	960	448	706	951	449
704	960	512	708	952	507
704	960	576	711	954	571
704	960	640	712	954	633
704	960	704	714	954	694
704	960	768	716	955	753
704	960	832	720	957	815
704	960	896	723	957	877
704	960	960	726	958	938
704	960	1023	730	960	999
704	1023	0	707	1003	117
704	1023	64	707	1007	131
704	1023	128	707	1008	167
704	1023	192	707	1008	218
704	1023	256	708	1008	273
704	1023	320	709	1008	331
704	1023	384	710	1010	390
704	1023	448	712	1010	450
704	1023	512	714	1011	509
704	1023	576	716	1013	573
704	1023	640	718	1012	635
704	1023	704	720	1012	696
704	1023	768	722	1013	755
704	1023	832	726	1015	817
704	1023	896	728	1015	878
704	1023	960	731	1015	940
704	1023	1023	735	1015	1001
768	0	0	719	111	0
768	0	64	718	111	58
768	0	128	718	113	122
768	0	192	718	114	186
768	0	256	718	117	248
768	0	320	720	121	310
768	0	384	721	126	372
768	0	448	722	131	434
768	0	512	724	137	494
768	0	576	727	144	559
768	0	640	728	151	621
768	0	704	730	159	683
768	0	768	732	167	742
768	0	832	736	175	805
768	0	896	738	184	866
768	0	960	741	193	927
768	0	1023	744	202	987
768	64	0	719	125	0
768	64	64	718	125	58
768	64	128	718	126	122
768	64	192	718	128	186
768	64	256	719	130	248
768	64	320	720	134	310
768	64	384	721	138	372
768	64	448	722	143	434
768	64	512	724	148	494
768	64	576	727	155	559
768	64	640	728	162	621
768	64	704	730	169	682
768	64	768	732	177	742
768	64	832	736	184	804
768	64	896	738	193	865
768	64	960	742	201	927
768	64	1023	744	210	987
768	128	0	719	164	0
768	128	64	718	165	59
768	128	128	718	165	122
768	128	192	719	167	186
768	128	256	719	169	248
768	128	320	720	171	311
768	128	384	722	175	372
768	128	448	723	179	434
768	128	512	724	182	493
768	128	576	726	188	558
768	128	640	729	193	621
768	128	704	731	199	683
768	128	768	733	205	743
768	128	832	737	212	804
768	128	896	738	218	865
768	128	960	741	226	927
768	128	1023	745	234	987
768	192	0	720	217	0
768	192	64	719	219	61
768	192	128	719	219	123
768	192	192	719	220	187
768	192	256	720	222	249
768	192	320	721	223	311
768	192	384	722	226	373
768	192	448	723	228	434
768	192	512	725	231	494
768	192	576	727	235	558
768	192	640	728	239	620
768	192	704	731	245	683
768	192	768	734	249	743
768	192	832	737	254	804
768	192	896	739	260	865
768	192	960	742	265	927
768	192	1023	746	272	987
768	256	0	721	273	13
768	256	64	720	275	64
768	256	128	720	276	124
768	256	192	721	276	188
768	256	256	721	277	250
768	256	320	722	279	312
768	256	384	724	281	374
768	256	448	724	283	435
768	256	512	726	285	494
768	256	576	729	289	559
768	256	640	730	291	621
768	256	704	732	295	683
768	256	768	736	299	743
768	256	832	738	303	805
768	256	896	740	307	866
768	256	960	743	313	927
768	256	1023	747	318	988
768	320	0	722	333	27
768	320	64	721	336	68
768	320	128	721	336	126
768	320	192	722	337	189
768	320	256	722	337	250
768	320	320	723	339	312
768	320	384	724	340	374
768	320	448	725	342	435
768	320	512	728	344	495
768	320	576	730	347	560
768	320	640	731	349	622
768	320	704	733	352	683
768	320	768	736	355	743
768	320	832	739	359	805
768	320	896	742	362	866
768	320	960	744	365	927
768	320	1023	748	370	988
768	384	0	724	393	37
768	384	64	723	395	72
768	384	128	723	396	128
768	384	192	724	397	190
768	384	256	724	397	251
768	384	320	725	399	313
768	384	384	727	400	375
768	384	448	727	401	436
768	384	512	729	403	495
768	384	576	731	405	560
768	384	640	733	407	622
768	384	704	735	409	683
768	384	768	738	412	744
768	384	832	741	415	805
768	384	896	743	418	866
768	384	960	746	421	928
768	384	1023	750	425	989
768	448	0	726	453	48
768	448	64	725	456	77
768	448	128	725	457	131
768	448	192	726	457	192
768	448	256	726	458	252
768	448	320	727	459	314
768	448	384	729	460	376
768	448	448	730	461	437
768	448	512	732	463	496
768	448	576	734	465	561
768	448	640	736	466	623
768	448	704	737	468	685
768	448	768	740	470	744
768	448	832	744	473	807
768	448	896	746	475	868
768	448	960	749	478	929
768	448	1023	753	481	990
768	512	0	729	513	55
768	512	64	728	517	82
768	512	128	728	517	133
768	512	192	729	517	194
768	512	256	729	518	254
768	512	320	730	519	315
768	512	384	731	520	377
768	512	448	732	520	438
768	512	512	734	521	497
768	512	576	737	524	562
768	512	640	738	524	624
768	512	704	739	526	685
768	512	768	743	529	746
768	512	832	746	530	807
768	512	896	748	532	868
768	512	960	751	534	930
768	512	1023	755	537	990
768	576	0	732	580	64
768	576	64	731	583	88
768	576	128	731	583	137
768	576	192	732	584	196
768	576	256	732	584	256
768	576	320	733	585	317
768	576	384	735	586	378
768	576	448	736	587	439
768	576	512	737	588	498
768	576	576	740	590	563
768	576	640	741	591	625
768	576	704	743	592	687
768	576	768	746	594	746
768	576	832	750	596	808
768	576	896	751	596	869
768	576	960	753	598	930
768	576	1023	757	601	991
768	640	0	735	640	71
768	640	64	735	644	93
768	640	128	735	644	140
768	640	192	735	645	198
768	640	256	736	646	258
768	640	320	737	646	319
768	640	384	738	647	379
768	640	448	739	647	440
768	640	512	741	649	499
768	640	576	744	651	564
768	640	640	745	651	626
768	640	704	747	652	687
768	640	768	749	654	747
768	640	832	753	656	809
768	640	896	755	657	870
768	640	960	758	658	932
768	640	1023	762	661	993
768	704	0	740	703	80
768	704	64	740	707	99
768	704	128	739	707	144
768	704	192	740	707	201
768	704	256	740	708	260
768	704	320	741	708	320
768	704	384	743	710	381
768	704	448	743	709	442
768	704	512	745	710	501
768	704	576	747	712	565
768	704	640	748	712	627
768	704	704	752	714	690
768	704	768	754	716	749
768	704	832	756	717	810
768	704	896	758	717	871
768	704	960	762	719	933
768	704	1023	765	721	994
768	768	0	745	764	87
768	768	64	744	767	105
768	768	128	744	768	149
768	768	192	744	768	204
768	768	256	745	768	262
768	768	320	746	769	323
768	768	384	747	770	383
768	768	448	748	770	444
768	768	512	750	772	503
768	768	576	753	773	568
768	768	640	754	773	629
768	768	704	756	774	691
768	768	768	758	775	750
768	768	832	761	777	812
768	768	896	764	778	874
768	768	960	767	779	935
768	768	1023	771	781	996
768	832	0	748	823	95
768	832	64	748	827	112
768	832	128	747	827	152
768	832	192	748	828	207
768	832	256	748	828	265
768	832	320	749	828	324
768	832	384	751	829	385
768	832	448	752	830	446
768	832	512	753	830	503
768	832	576	755	832	568
768	832	640	758	833	631
768	832	704	760	833	692
768	832	768	762	835	751
768	832	832	765	837	813
768	832	896	766	836	874
768	832	960	770	837	935
768	832	1023	773	839	996
768	896	0	753	884	102
768	896	64	753	889	118
768	896	128	752	888	157
768	896	192	753	889	211
768	896	256	753	889	267
768	896	320	754	890	326
768	896	384	756	891	386
768	896	448	756	890	446
768	896	512	758	892	505
768	896	576	760	893	569
768	896	640	761	893	631
768	896	704	764	895	693
768	896	768	767	896	753
768	896	832	769	896	813
768	896	896	771	897	875
768	896	960	774	898	936
768	896	1023	778	900	997
768	960	0	758	945	110
768	960	64	756	948	124
768	960	128	757	949	162
768	960	192	757	949	214
768	960	256	758	950	270
768	960	320	759	951	329
768	960	384	760	952	388
768	960	448	761	951	448
768	960	512	763	953	507
768	960	576	765	954	571
768	960	640	766	954	633
768	960	704	768	954	694
768	960	768	772	957	754
768	960	832	774	957	815
768	960	896	776	957	876
768	960	960	779	958	938
768	960	1023	783	960	999
768	1023	0	763	1004	117
768	1023	64	762	1008	131
768	1023	128	762	1009	167
768	1023	192	762	1008	217
768	1023	256	764	1010	273
768	1023	320	764	1010	331
768	1023	384	765	1010	390
768	1023	448	766	1010	450
768	1023	512	768	1011	509
768	1023	576	771	1013	572
768	1023	640	772	1012	634
768	1023	704	774	1012	695
768	1023	768	776	1013	755
768	1023	832	779	1015	817
768	1023	896	781	1015	878
768	1023	960	784	1015	940
768	1023	1023	788	1015	1000
832	0	0	776	120	0
832	0	64	775	120	57
832	0	128	775	121	121
832	0	192	775	123	185
832	0	256	777	125	248
832	0	320	777	129	310
832	0	384	778	134	372
832	0	448	779	139	434
832	0	512	781	144	493
832	0	576	783	150	558
832	0	640	784	158	620
832	0	704	786	165	682
832	0	768	789	172	742
832	0	832	792	181	804
832	0	896	794	189	865
832	0	960	797	198	927
832	0	1023	800	207	988
832	64	0	776	133	0
832	64	64	775	133	56
832	64	128	775	134	121
832	64	192	776	135	185
832	64	256	777	138	248
832	64	320	778	141	310
832	64	384	778	145	372
832	64	448	779	150	434
832	64	512	781	154	493
832	64	576	783	161	558
832	64	640	784	167	620
832	64	704	786	174	682
832	64	768	789	181	742
832	64	832	792	189	804
832	64	896	794	197	865
832	64	960	797	206	927
832	64	1023	800	214	988
832	128	0	777	170	0
832	128	64	776	171	58
832	128	128	776	171	121
832	128	192	776	173	186
832	128	256	776	174	248
832	128	320	777	177	310
832	128	384	779	180	372
832	128	448	780	183	434
832	128	512	781	187	493
832	128	576	784	193	558
832	128	640	785	198	621
832	128	704	787	203	682
832	128	768	789	209	742
832	128	832	793	216	804
832	128	896	795	223	866
832	128	960	797	230	927
832	128	1023	801	238	988
832	192	0	778	221	0
832	192	64	777	222	60
832	192	128	777	223	122
832	192	192	777	224	187
832	192	256	777	225	248
832	192	320	778	227	311
832	192	384	780	230	372
832	192	448	781	232	434
832	192	512	782	235	494
832	192	576	785	239	559
832	192	640	786	243	621
832	192	704	788	248	683
832	192	768	790	252	743
832	192	832	794	258	805
832	192	896	796	263	866
832	192	960	798	269	927
832	192	1023	801	275	988
832	256	0	779	276	0
832	256	64	778	278	62
832	256	128	778	279	124
832	256	192	778	279	187
832	256	256	779	280	249
832	256	320	779	282	311
832	256	384	781	284	373
832	256	448	782	286	435
832	256	512	783	288	494
832	256	576	785	291	558
832	256	640	787	295	622
832	256	704	789	298	683
832	256	768	792	302	743
832	256	832	795	306	805
832	256	896	795	310	865
832	256	960	798	315	927
832	256	1023	802	320	988
832	320	0	780	336	23
832	320	64	779	338	66
832	320	128	779	338	125
832	320	192	779	339	188
832	320	256	780	340	250
832	320	320	781	341	312
832	320	384	782	343	373
832	320	448	783	344	435
832	320	512	784	346	495
832	320	576	787	349	559
832	320	640	788	351	622
832	320	704	789	354	683
832	320	768	792	357	743
832	320	832	795	361	805
832	320	896	797	364	866
832	320	960	800	368	928
832	320	1023	803	372	988
832	384	0	782	395	35
832	384	64	781	398	71
832	384	128	780	398	127
832	384	192	781	399	190
832	384	256	781	400	251
832	384	320	782	401	313
832	384	384	783	402	374
832	384	448	784	403	436
832	384	512	785	405	495
832	384	576	789	407	560
832	384	640	790	409	622
832	384	704	792	411	684
832	384	768	794	414	744
832	384	832	797	417	806
832	384	896	798	419	866
832	384	960	801	422	928
832	384	1023	805	426	989
832	448	0	784	456	46
832	448	64	783	458	75
832	448	128	782	459	130
832	448	192	783	459	192
832	448	256	784	460	252
832	448	320	785	461	314
832	448	384	786	462	375
832	448	448	786	462	437
832	448	512	788	464	496
832	448	576	790	466	560
832	448	640	791	468	623
832	448	704	793	469	684
832	448	768	796	472	745
832	448	832	799	474	806
832	448	896	801	476	867
832	448	960	803	479	929
832	448	1023	807	483	990
832	512	0	786	515	54
832	512	64	785	518	81
832	512	128	785	518	133
832	512	192	785	519	193
832	512	256	786	519	254
832	512	320	787	520	315
832	512	384	788	521	376
832	512	448	789	522	438
832	512	512	791	524	497
832	512	576	793	526	562
832	512	640	795	527	624
832	512	704	796	528	686
832	512	768	798	530	745
832	512	832	802	533	808
832	512	896	804	534	868
832	512	960	805	536	929
832	512	1023	809	539	990
832	576	0	789	581	62
832	576	64	788	584	87
832	576	128	788	585	136
832	576	192	788	585	196
832	576	256	789	586	256
832	576	320	790	586	316
832	576	384	791	587	378
832	576	448	792	588	439
832	576	512	794	589	498
832	576	576	796	591	563
832	576	640	797	592	625
832	576	704	799	593	686
832	576	768	802	595	746
832	576	832	804	597	808
832	576	896	807	598	869
832	576	960	809	600	931
832	576	1023	813	603	992
832	640	0	793	642	71
832	640	64	792	646	93
832	640	128	792	646	140
832	640	192	792	646	198
832	640	256	793	647	257
832	640	320	793	648	318
832	640	384	795	649	379
832	640	448	795	649	440
832	640	512	797	650	499
832	640	576	799	651	564
832	640	640	800	652	626
832	640	704	803	654	688
832	640	768	806	655	748
832	640	832	808	657	809
832	640	896	809	658	870
832	640	960	812	659	932
832	640	1023	815	662	992
832	704	0	797	704	78
832	704	64	796	708	98
832	704	128	796	708	144
832	704	192	796	708	201
832	704	256	796	709	260
832	704	320	797	709	320
832	704	384	799	711	381
832	704	448	800	711	442
832	704	512	801	712	501
832	704	576	804	714	566
832	704	640	805	714	628
832	704	704	807	715	689
832	704	768	809	717	749
832	704	832	812	718	811
832	704	896	814	719	872
832	704	960	817	721	934
832	704	1023	820	723	995
832	768	0	802	765	86
832	768	64	800	768	105
832	768	128	800	769	148
832	768	192	801	770	204
832	768	256	801	770	263
832	768	320	803	771	323
832	768	384	804	772	384
832	768	448	804	771	444
832	768	512	806	773	503
832	768	576	808	774	567
832	768	640	809	774	629
832	768	704	810	774	691
832	768	768	814	777	751
832	768	832	816	778	812
832	768	896	818	778	873
832	768	960	821	780	935
832	768	1023	824	782	996
832	832	0	804	824	94
832	832	64	803	827	111
832	832	128	804	828	152
832	832	192	804	828	207
832	832	256	804	829	264
832	832	320	805	829	324
832	832	384	806	830	384
832	832	448	807	831	445
832	832	512	809	832	504
832	832	576	811	833	568
832	832	640	812	833	630
832	832	704	814	834	692
832	832	768	816	835	751
832	832	832	820	837	813
832	832	896	821	838	874
832	832	960	824	839	936
832	832	1023	828	841	997
832	896	0	809	885	101
832	896	64	808	889	117
832	896	128	808	890	157
832	896	192	808	890	210
832	896	256	808	890	267
832	896	320	809	891	326
832	896	384	811	892	386
832	896	448	812	892	447
832	896	512	813	893	506
832	896	576	816	895	570
832	896	640	817	895	631
832	896	704	818	895	693
832	896	768	821	896	752
832	896	832	824	898	814
832	896	896	826	899	876
832	896	960	829	900	937
832	896	1023	831	900	997
832	960	0	813	946	109
832	960	64	812	950	123
832	960	128	811	950	161
832	960	192	812	951	214
832	960	256	813	951	270
832	960	320	814	951	328
832	960	384	815	953	388
832	960	448	816	953	449
832	960	512	817	953	506
832	960	576	819	954	570
832	960	640	821	955	633
832	960	704	823	956	694
832	960	768	825	957	754
832	960	832	827	957	815
832	960	896	829	957	876
832	960	960	832	959	938
832	960	1023	835	960	999
832	1023	0	818	1005	116
832	1023	64	817	1009	130
832	1023	128	817	1009	166
832	1023	192	817	1010	217
832	1023	256	818	1010	272
832	1023	320	819	1011	331
832	1023	384	820	1012	390
832	1023	448	820	1010	450
832	1023	512	822	1012	508
832	1023	576	824	1013	572
832	1023	640	825	1012	634
832	1023	704	828	1014	696
832	1023	768	830	1015	755
832	1023	832	832	1015	816
832	1023	896	834	1015	878
832	1023	960	837	1015	940
832	1023	1023	840	1016	1000
896	0	0	833	128	0
896	0	64	831	128	56
896	0	128	831	129	121
896	0	192	831	131	185
896	0	256	832	133	248
896	0	320	833	136	310
896	0	384	834	141	372
896	0	448	835	145	434
896	0	512	836	150	493
896	0	576	838	157	558
896	0	640	840	164	621
896	0	704	842	171	683
896	0	768	844	178	743
896	0	832	846	186	804
896	0	896	848	194	865
896	0	960	850	202	927
896	0	1023	854	211	988
896	64	0	833	140	0
896	64	64	832	141	55
896	64	128	831	141	121
896	64	192	832	143	186
896	64	256	832	145	248
896	64	320	833	148	310
896	64	384	834	152	372
896	64	448	835	156	434
896	64	512	836	161	493
896	64	576	838	167	558
896	64	640	840	173	621
896	64	704	842	180	683
896	64	768	844	187	743
896	64	832	846	194	804
896	64	896	848	201	865
896	64	960	850	209	927
896	64	1023	854	219	988
896	128	0	833	175	0
896	128	64	832	176	57
896	128	128	832	177	121
896	128	192	832	178	186
896	128	256	832	180	248
896	128	320	833	182	310
896	128	384	835	185	373
896	128	448	835	188	434
896	128	512	836	192	493
896	128	576	839	197	558
896	128	640	839	202	620
896	128	704	842	208	683
896	128	768	845	214	743
896	128	832	846	220	804
896	128	896	848	227	865
896	128	960	851	234	927
896	128	1023	854	242	988
896	192	0	834	225	0
896	192	64	832	227	59
896	192	128	832	227	122
896	192	192	833	228	187
896	192	256	833	230	248
896	192	320	834	232	311
896	192	384	836	234	373
896	192	448	835	236	434
896	192	512	837	239	494
896	192	576	839	243	558
896	192	640	840	247	621
896	192	704	842	251	683
896	192	768	845	256	743
896	192	832	847	261	804
896	192	896	849	266	865
896	192	960	852	272	928
896	192	1023	855	279	988
896	256	0	834	279	0
896	256	64	833	281	62
896	256	128	833	282	123
896	256	192	833	282	187
896	256	256	835	284	249
896	256	320	835	285	311
896	256	384	836	287	373
896	256	448	837	289	435
896	256	512	838	291	494
896	256	576	841	295	559
896	256	640	841	297	621
896	256	704	843	301	683
896	256	768	845	304	743
896	256	832	848	309	805
896	256	896	850	313	866
896	256	960	853	318	928
896	256	1023	856	323	989
896	320	0	836	338	20
896	320	64	835	341	66
896	320	128	834	341	125
896	320	192	835	342	188
896	320	256	835	343	250
896	320	320	836	344	312
896	320	384	837	345	374
896	320	448	838	347	436
896	320	512	839	348	494
896	320	576	841	351	559
896	320	640	842	353	621
896	320	704	845	357	684
896	320	768	847	360	744
896	320	832	849	363	805
896	320	896	851	366	866
896	320	960	853	370	928
896	320	1023	857	374	989
896	384	0	837	397	34
896	384	64	836	400	70
896	384	128	836	400	127
896	384	192	836	401	190
896	384	256	837	402	251
896	384	320	838	403	313
896	384	384	839	404	374
896	384	448	839	405	436
896	384	512	841	407	495
896	384	576	843	409	560
896	384	640	844	411	622
896	384	704	846	413	684
896	384	768	847	415	743
896	384	832	851	419	806
896	384	896	853	421	867
896	384	960	855	425	929
896	384	1023	858	429	989
896	448	0	839	457	44
896	448	64	838	460	75
896	448	128	838	460	130
896	448	192	838	461	191
896	448	256	839	462	252
896	448	320	839	462	314
896	448	384	841	464	375
896	448	448	842	465	437
896	448	512	843	466	496
896	448	576	846	469	561
896	448	640	847	470	624
896	448	704	848	472	685
896	448	768	850	474	745
896	448	832	853	477	807
896	448	896	855	479	868
896	448	960	857	480	929
896	448	1023	860	484	990
896	512	0	842	517	53
896	512	64	840	519	80
896	512	128	840	520	133
896	512	192	840	520	193
896	512	256	842	521	254
896	512	320	842	522	315
896	512	384	843	523	376
896	512	448	844	523	438
896	512	512	845	525	497
896	512	576	848	527	562
896	512	640	848	528	624
896	512	704	850	529	685
896	512	768	853	532	746
896	512	832	855	534	807
896	512	896	857	535	868
896	512	960	859	538	930
896	512	1023	863	540	991
896	576	0	844	583	62
896	576	64	844	586	87
896	576	128	843	586	136
896	576	192	844	587	196
896	576	256	844	587	256
896	576	320	845	588	317
896	576	384	846	589	378
896	576	448	846	589	439
896	576	512	848	590	498
896	576	576	850	592	562
896	576	640	851	593	624
896	576	704	854	595	687
896	576	768	856	596	747
896	576	832	858	598	808
896	576	896	859	599	869
896	576	960	862	601	931
896	576	1023	865	604	992
896	640	0	848	643	70
896	640	64	846	647	92
896	640	128	847	647	140
896	640	192	846	647	198
896	640	256	847	648	258
896	640	320	848	649	318
896	640	384	849	650	379
896	640	448	850	650	440
896	640	512	852	652	500
896	640	576	854	653	564
896	640	640	855	654	626
896	640	704	857	655	688
896	640	768	859	657	748
896	640	832	862	659	810
896	640	896	864	660	871
896	640	960	866	661	932
896	640	1023	869	664	994
896	704	0	852	706	79
896	704	64	850	709	98
896	704	128	850	709	144
896	704	192	851	710	201
896	704	256	852	710	260
896	704	320	852	711	320
896	704	384	854	712	381
896	704	448	854	712	442
896	704	512	855	713	501
896	704	576	858	715	566
896	704	640	858	715	628
896	704	704	860	716	689
896	704	768	863	718	750
896	704	832	865	719	811
896	704	896	867	720	872
896	704	960	869	721	934
896	704	1023	872	723	994
896	768	0	856	766	85
896	768	64	855	769	104
896	768	128	854	770	148
896	768	192	855	770	204
896	768	256	855	770	262
896	768	320	856	771	322
896	768	384	858	772	383
896	768	448	859	773	444
896	768	512	859	773	503
896	768	576	861	775	567
896	768	640	863	776	630
896	768	704	865	776	691
896	768	768	867	778	751
896	768	832	870	780	813
896	768	896	870	779	873
896	768	960	873	780	935
896	768	1023	876	782	996
896	832	0	859	825	94
896	832	64	858	829	111
896	832	128	857	829	152
896	832	192	858	830	207
896	832	256	858	830	265
896	832	320	860	831	324
896	832	384	861	832	385
896	832	448	861	831	445
896	832	512	862	832	504
896	832	576	865	834	568
896	832	640	865	834	630
896	832	704	868	836	692
896	832	768	870	837	752
896	832	832	872	838	813
896	832	896	874	838	874
896	832	960	876	839	936
896	832	1023	880	841	997
896	896	0	863	887	102
896	896	64	862	890	116
896	896	128	862	891	156
896	896	192	862	891	210
896	896	256	863	892	267
896	896	320	864	893	326
896	896	384	864	892	386
896	896	448	865	893	447
896	896	512	867	894	505
896	896	576	869	896	569
896	896	640	870	895	631
896	896	704	871	896	692
896	896	768	875	898	753
896	896	832	876	899	814
896	896	896	878	899	875
896	896	960	880	900	937
896	896	1023	884	902	998
896	960	0	867	946	109
896	960	64	866	951	124
896	960	128	866	952	161
896	960	192	866	951	213
896	960	256	866	951	269
896	960	320	867	952	328
896	960	384	868	953	388
896	960	448	869	954	448
896	960	512	871	955	507
896	960	576	873	956	571
896	960	640	874	956	633
896	960	704	875	956	694
896	960	768	877	957	753
896	960	832	881	959	815
896	960	896	882	959	877
896	960	960	885	960	939
896	960	1023	888	962	1000
896	1023	0	872	1006	116
896	1023	64	871	1010	130
896	1023	128	871	1011	166
896	1023	192	871	1011	217
896	1023	256	871	1010	272
896	1023	320	872	1011	330
896	1023	384	873	1012	389
896	1023	448	874	1012	450
896	1023	512	876	1013	509
896	1023	576	878	1015	573
896	1023	640	879	1014	634
896	1023	704	880	1014	696
896	1023	768	882	1015	755
896	1023	832	885	1017	817
896	1023	896	887	1017	879
896	1023	960	889	1017	940
896	1023	1023	892	1017	1002
960	0	0	890	137	0
960	0	64	888	137	54
960	0	128	888	138	120
960	0	192	889	139	185
960	0	256	889	141	248
960	0	320	890	144	310
960	0	384	891	149	372
960	0	448	892	153	434
960	0	512	893	158	494
960	0	576	895	164	559
960	0	640	896	170	621
960	0	704	897	177	683
960	0	768	899	184	742
960	0	832	902	192	805
960	0	896	904	199	866
960	0	960	906	208	928
960	0	1023	910	216	989
960	64	0	890	148	0
960	64	64	888	148	54
960	64	128	889	149	120
960	64	192	888	151	185
960	64	256	889	153	248
960	64	320	890	156	310
960	64	384	891	159	372
960	64	448	892	163	434
960	64	512	893	168	494
960	64	576	895	173	559
960	64	640	896	179	621
960	64	704	898	186	683
960	64	768	900	193	742
960	64	832	903	200	805
960	64	896	904	207	866
960	64	960	906	215	928
960	64	1023	910	224	989
960	128	0	890	181	0
960	128	64	889	182	56
960	128	128	888	183	121
960	128	192	889	184	185
960	128	256	889	186	248
960	128	320	890	188	310
960	128	384	891	191	372
960	128	448	892	195	434
960	128	512	894	198	494
960	128	576	896	203	559
960	128	640	897	208	621
960	128	704	898	213	683
960	128	768	900	219	743
960	128	832	903	225	805
960	128	896	905	231	866
960	128	960	906	238	927
960	128	1023	909	246	988
960	192	0	891	230	0
960	192	64	890	231	58
960	192	128	889	232	121
960	192	192	889	233	186
960	192	256	890	234	248
960	192	320	891	236	311
960	192	384	892	238	373
960	192	448	892	241	434
960	192	512	894	243	494
960	192	576	896	247	559
960	192	640	896	251	621
960	192	704	899	255	683
960	192	768	901	260	743
960	192	832	903	265	804
960	192	896	904	270	866
960	192	960	907	276	928
960	192	1023	910	282	988
960	256	0	892	283	0
960	256	64	890	285	62
960	256	128	890	285	123
960	256	192	891	286	187
960	256	256	891	287	249
960	256	320	892	289	311
960	256	384	894	291	373
960	256	448	893	292	435
960	256	512	894	295	494
960	256	576	897	298	559
960	256	640	898	301	621
960	256	704	899	304	683
960	256	768	902	309	744
960	256	832	904	312	805
960	256	896	906	316	866
960	256	960	908	321	928
960	256	1023	911	326	989
960	320	0	893	341	19
960	320	64	891	344	65
960	320	128	892	344	125
960	320	192	891	345	188
960	320	256	892	346	250
960	320	320	892	347	312
960	320	384	894	348	373
960	320	448	895	350	436
960	320	512	896	352	495
960	320	576	898	355	560
960	320	640	899	357	622
960	320	704	900	359	684
960	320	768	902	362	743
960	320	832	906	366	806
960	320	896	907	369	867
960	320	960	910	373	929
960	320	1023	913	377	990
960	384	0	894	400	31
960	384	64	893	403	69
960	384	128	893	403	127
960	384	192	893	404	189
960	384	256	893	404	251
960	384	320	894	405	313
960	384	384	896	407	375
960	384	448	896	408	436
960	384	512	897	409	495
960	384	576	899	412	560
960	384	640	900	413	622
960	384	704	902	416	685
960	384	768	905	419	745
960	384	832	906	421	806
960	384	896	908	424	867
960	384	960	911	427	929
960	384	1023	914	431	990
960	448	0	896	459	42
960	448	64	895	462	74
960	448	128	895	463	129
960	448	192	895	463	191
960	448	256	895	464	252
960	448	320	896	465	314
960	448	384	897	466	375
960	448	448	898	467	437
960	448	512	900	468	496
960	448	576	902	471	561
960	448	640	902	472	623
960	448	704	904	473	685
960	448	768	906	475	745
960	448	832	909	479	807
960	448	896	910	481	868
960	448	960	913	483	930
960	448	1023	916	487	991
960	512	0	899	519	51
960	512	64	898	522	80
960	512	128	897	522	132
960	512	192	898	523	193
960	512	256	898	523	254
960	512	320	899	524	315
960	512	384	900	526	377
960	512	448	900	525	438
960	512	512	902	527	497
960	512	576	904	529	562
960	512	640	904	530	624
960	512	704	907	532	686
960	512	768	909	534	746
960	512	832	911	536	807
960	512	896	912	537	869
960	512	960	915	539	931
960	512	1023	918	542	992
960	576	0	901	584	61
960	576	64	900	588	86
960	576	128	900	589	136
960	576	192	900	589	196
960	576	256	900	589	256
960	576	320	901	590	317
960	576	384	903	591	378
960	576	448	904	592	440
960	576	512	905	593	499
960	576	576	907	595	563
960	576	640	908	596	626
960	576	704	909	597	687
960	576	768	911	598	747
960	576	832	914	601	809
960	576	896	916	602	870
960	576	960	918	604	932
960	576	1023	920	606	992
960	640	0	905	645	69
960	640	64	903	649	91
960	640	128	903	649	139
960	640	192	903	649	198
960	640	256	904	651	258
960	640	320	905	651	319
960	640	384	906	652	379
960	640	448	906	652	441
960	640	512	908	653	500
960	640	576	910	655	564
960	640	640	910	655	626
960	640	704	912	656	688
960	640	768	915	659	749
960	640	832	917	660	810
960	640	896	918	661	871
960	640	960	921	663	933
960	640	1023	924	665	994
960	704	0	908	707	77
960	704	64	907	711	98
960	704	128	907	711	144
960	704	192	907	712	201
960	704	256	908	712	260
960	704	320	908	713	320
960	704	384	910	714	381
960	704	448	911	714	443
960	704	512	911	714	501
960	704	576	913	716	566
960	704	640	914	716	627
960	704	704	917	718	690
960	704	768	919	719	750
960	704	832	920	721	811
960	704	896	922	721	872
960	704	960	924	723	934
960	704	1023	927	725	995
960	768	0	912	767	85
960	768	64	911	771	104
960	768	128	911	772	148
960	768	192	911	772	204
960	768	256	912	772	262
960	768	320	912	773	323
960	768	384	914	774	383
960	768	448	914	774	444
960	768	512	916	775	503
960	768	576	918	777	568
960	768	640	918	777	630
960	768	704	920	777	691
960	768	768	922	779	751
960	768	832	925	781	813
960	768	896	927	781	875
960	768	960	929	783	937
960	768	1023	932	784	997
960	832	0	915	826	93
960	832	64	914	831	110
960	832	128	913	831	152
960	832	192	914	831	207
960	832	256	914	831	264
960	832	320	915	832	324
960	832	384	917	833	385
960	832	448	917	834	446
960	832	512	919	835	505
960	832	576	921	836	569
960	832	640	922	836	631
960	832	704	923	837	692
960	832	768	925	838	752
960	832	832	928	840	814
960	832	896	929	840	875
960	832	960	930	840	936
960	832	1023	934	842	997
960	896	0	919	888	100
960	896	64	918	892	116
960	896	128	917	892	156
960	896	192	918	893	210
960	896	256	918	893	267
960	896	320	919	894	326
960	896	384	921	895	386
960	896	448	920	894	446
960	896	512	922	895	505
960	896	576	924	896	569
960	896	640	924	896	631
960	896	704	927	898	693
960	896	768	929	899	753
960	896	832	930	899	814
960	896	896	932	900	876
960	896	960	934	901	937
960	896	1023	938	903	999
960	960	0	923	948	108
960	960	64	921	952	123
960	960	128	921	952	161
960	960	192	922	953	213
960	960	256	922	954	270
960	960	320	923	954	328
960	960	384	924	955	388
960	960	448	924	955	448
960	960	512	926	956	507
960	960	576	928	957	571
960	960	640	928	957	633
960	960	704	929	957	694
960	960	768	933	959	754
960	960	832	935	960	816
960	960	896	936	960	877
960	960	960	938	961	939
960	960	1023	942	963	1000
960	1023	0	928	1008	115
960	1023	64	925	1011	130
960	1023	128	926	1012	166
960	1023	192	927	1013	217
960	1023	256	927	1013	272
960	1023	320	928	1014	331
960	1023	384	929	1015	390
960	1023	448	929	1013	450
960	1023	512	930	1014	509
960	1023	576	932	1016	572
960	1023	640	933	1015	634
960	1023	704	934	1015	696
960	1023	768	937	1018	756
960	1023	832	939	1018	817
960	1023	896	941	1018	879
960	1023	960	943	1018	941
960	1023	1023	946	1018	1002
1023	0	0	948	145	0
1023	0	64	947	146	52
1023	0	128	946	146	120
1023	0	192	947	148	184
1023	0	256	947	150	247
1023	0	320	948	153	310
1023	0	384	949	157	372
1023	0	448	950	161	434
1023	0	512	950	165	493
1023	0	576	952	171	558
1023	0	640	954	177	621
1023	0	704	955	184	683
1023	0	768	957	190	743
1023	0	832	960	198	805
1023	0	896	960	205	865
1023	0	960	962	213	927
1023	0	1023	965	222	988
1023	64	0	948	155	0
1023	64	64	947	156	53
1023	64	128	946	157	119
1023	64	192	947	158	185
1023	64	256	947	160	248
1023	64	320	948	162	310
1023	64	384	949	166	372
1023	64	448	950	170	434
1023	64	512	950	174	493
1023	64	576	952	180	558
1023	64	640	954	185	621
1023	64	704	955	192	683
1023	64	768	957	198	743
1023	64	832	960	205	805
1023	64	896	960	212	865
1023	64	960	963	220	927
1023	64	1023	966	228	988
1023	128	0	948	187	0
1023	128	64	947	188	54
1023	128	128	947	189	120
1023	128	192	947	190	185
1023	128	256	947	192	247
1023	128	320	948	194	310
1023	128	384	950	197	372
1023	128	448	950	200	434
1023	128	512	951	203	493
1023	128	576	953	208	558
1023	128	640	953	212	620
1023	128	704	956	218	683
1023	128	768	958	224	743
1023	128	832	959	230	804
1023	128	896	961	236	866
1023	128	960	963	243	927
1023	128	1023	966	250	989
1023	192	0	949	234	0
1023	192	64	947	236	57
1023	192	128	947	236	121
1023	192	192	948	237	186
1023	192	256	948	238	248
1023	192	320	949	240	310
1023	192	384	951	243	373
1023	192	448	950	244	434
1023	192	512	952	248	494
1023	192	576	954	251	559
1023	192	640	954	255	621
1023	192	704	955	259	682
1023	192	768	959	264	743
1023	192	832	960	269	805
1023	192	896	962	274	866
1023	192	960	964	279	928
1023	192	1023	967	286	989
1023	256	0	949	286	0
1023	256	64	948	288	60
1023	256	128	948	289	122
1023	256	192	948	289	186
1023	256	256	950	291	249
1023	256	320	950	292	311
1023	256	384	951	294	373
1023	256	448	951	296	435
1023	256	512	953	298	494
1023	256	576	955	301	559
1023	256	640	955	304	621
1023	256	704	957	307	683
1023	256	768	958	311	743
1023	256	832	961	315	805
1023	256	896	963	319	867
1023	256	960	965	324	928
1023	256	1023	968	329	990
1023	320	0	950	344	14
1023	320	64	949	346	63
1023	320	128	949	347	124
1023	320	192	949	347	188
1023	320	256	950	348	249
1023	320	320	950	349	311
1023	320	384	952	351	373
1023	320	448	953	353	435
1023	320	512	953	354	494
1023	320	576	955	357	559
1023	320	640	956	359	622
1023	320	704	958	362	684
1023	320	768	960	365	744
1023	320	832	962	368	805
1023	320	896	963	371	866
1023	320	960	965	375	928
1023	320	1023	968	379	989
1023	384	0	952	402	29
1023	384	64	951	405	68
1023	384	128	950	405	126
1023	384	192	951	406	189
1023	384	256	952	407	251
1023	384	320	952	408	312
1023	384	384	953	409	374
1023	384	448	953	410	436
1023	384	512	955	412	495
1023	384	576	957	414	560
1023	384	640	957	416	622
1023	384	704	959	417	684
1023	384	768	962	421	745
1023	384	832	964	423	806
1023	384	896	965	426	867
1023	384	960	967	429	929
1023	384	1023	970	433	990
1023	448	0	954	461	41
1023	448	64	953	464	73
1023	448	128	953	465	129
1023	448	192	953	465	191
1023	448	256	953	465	252
1023	448	320	954	466	313
1023	448	384	955	468	375
1023	448	448	956	469	437
1023	448	512	957	471	496
1023	448	576	959	473	561
1023	448	640	960	474	623
1023	448	704	961	475	685
1023	448	768	963	478	745
1023	448	832	966	481	807
1023	448	896	967	482	868
1023	448	960	968	484	930
1023	448	1023	971	488	991
1023	512	0	956	520	50
1023	512	64	955	523	79
1023	512	128	955	524	132
1023	512	192	955	524	193
1023	512	256	956	525	254
1023	512	320	957	526	315
1023	512	384	958	527	376
1023	512	448	957	527	437
1023	512	512	959	529	497
1023	512	576	961	530	562
1023	512	640	961	531	624
1023	512	704	962	533	685
1023	512	768	966	536	746
1023	512	832	967	537	807
1023	512	896	969	539	869
1023	512	960	971	541	931
1023	512	1023	974	544	992
1023	576	0	959	586	60
1023	576	64	958	589	85
1023	576	128	957	589	135
1023	576	192	958	590	195
1023	576	256	958	591	255
1023	576	320	958	591	316
1023	576	384	960	593	378
1023	576	448	961	593	439
1023	576	512	961	594	498
1023	576	576	963	595	562
1023	576	640	964	596	625
1023	576	704	966	598	687
1023	576	768	968	600	747
1023	576	832	970	601	808
1023	576	896	971	602	869
1023	576	960	973	604	931
1023	576	1023	976	607	992
1023	640	0	961	646	68
1023	640	64	960	650	90
1023	640	128	961	650	139
1023	640	192	960	650	197
1023	640	256	961	651	257
1023	640	320	961	651	318
1023	640	384	963	653	379
1023	640	448	963	653	440
1023	640	512	965	655	500
1023	640	576	967	656	564
1023	640	640	968	656	626
1023	640	704	968	657	688
1023	640	768	971	659	748
1023	640	832	973	661	810
1023	640	896	975	662	871
1023	640	960	977	664	933
1023	640	1023	980	666	994
1023	704	0	965	708	76
1023	704	64	964	712	97
1023	704	128	964	712	143
1023	704	192	965	713	200
1023	704	256	965	713	259
1023	704	320	966	714	320
1023	704	384	967	715	381
1023	704	448	967	715	442
1023	704	512	968	716	501
1023	704	576	970	717	565
1023	704	640	970	718	627
1023	704	704	972	718	689
1023	704	768	975	721	750
1023	704	832	976	722	811
1023	704	896	978	723	873
1023	704	960	980	724	934
1023	704	1023	983	726	996
1023	768	0	969	768	84
1023	768	64	968	772	103
1023	768	128	968	772	147
1023	768	192	968	773	203
1023	768	256	968	773	262
1023	768	320	969	774	322
1023	768	384	970	775	383
1023	768	448	971	775	444
1023	768	512	973	776	503
1023	768	576	974	778	568
1023	768	640	975	778	630
1023	768	704	977	779	691
1023	768	768	978	780	751
1023	768	832	981	782	814
1023	768	896	982	783	875
1023	768	960	983	783	936
1023	768	1023	987	785	997
1023	832	0	972	828	92
1023	832	64	972	832	110
1023	832	128	970	832	151
1023	832	192	971	833	206
1023	832	256	971	833	264
1023	832	320	972	834	324
1023	832	384	974	835	384
1023	832	448	973	834	445
1023	832	512	974	835	504
1023	832	576	976	836	568
1023	832	640	977	836	630
1023	832	704	979	838	692
1023	832	768	981	839	752
1023	832	832	983	840	813
1023	832	896	984	840	875
1023	832	960	986	842	937
1023	832	1023	989	844	998
1023	896	0	976	889	100
1023	896	64	973	892	116
1023	896	128	974	893	156
1023	896	192	974	894	210
1023	896	256	975	894	266
1023	896	320	976	895	326
1023	896	384	977	896	386
1023	896	448	977	895	446
1023	896	512	978	896	505
1023	896	576	980	897	569
1023	896	640	980	897	631
1023	896	704	982	898	693
1023	896	768	985	901	753
1023	896	832	987	901	815
1023	896	896	988	901	876
1023	896	960	990	902	938
1023	896	1023	993	904	999
1023	960	0	978	948	108
1023	960	64	977	953	123
1023	960	128	977	954	161
1023	960	192	977	954	212
1023	960	256	979	955	270
1023	960	320	978	954	327
1023	960	384	979	956	387
1023	960	448	980	956	448
1023	960	512	982	957	507
1023	960	576	984	958	571
1023	960	640	984	958	633
1023	960	704	985	959	694
1023	960	768	987	959	753
1023	960	832	990	961	816
1023	960	896	991	962	877
1023	960	960	994	963	939
1023	960	1023	996	964	1000
1023	1023	0	983	1008	115
1023	1023	64	982	1013	129
1023	1023	128	982	1014	166
1023	1023	192	981	1013	216
1023	1023	256	982	1013	272
1023	1023	320	982	1014	330
1023	1023	384	984	1015	390
1023	1023	448	984	1015	451
1023	1023	512	986	1017	509
1023	1023	576	988	1018	573
1023	1023	640	988	1017	635
1023	1023	704	990	1018	696
1023	1023	768	992	1019	756
1023	1023	832	994	1020	818
1023	1023	896	996	1021	880
1023	1023	960	998	1022	942
1023	1023	1023	1001	1023	1003
