0	0	0	0	0	0
0	0	64	16	12	65
0	0	128	31	23	127
0	0	192	47	34	192
0	0	256	63	46	256
0	0	320	78	57	319
0	0	384	93	68	382
0	0	448	109	79	445
0	0	512	124	90	506
0	0	576	140	102	572
0	0	640	155	113	636
0	0	704	171	124	699
0	0	768	186	135	760
0	0	832	201	146	822
0	0	896	216	158	884
0	0	960	231	169	947
0	0	1023	246	180	1009
0	64	0	17	63	8
0	64	64	23	65	65
0	64	128	35	67	127
0	64	192	49	71	192
0	64	256	64	76	256
0	64	320	79	83	319
0	64	384	94	90	382
0	64	448	110	99	445
0	64	512	124	107	506
0	64	576	140	117	572
0	64	640	156	127	635
0	64	704	171	137	698
0	64	768	186	147	759
0	64	832	201	157	822
0	64	896	216	167	884
0	64	960	231	178	947
0	64	1023	247	188	1008
0	128	0	34	126	15
0	128	64	37	128	66
0	128	128	45	129	128
0	128	192	57	131	192
0	128	256	70	134	256
0	128	320	83	137	319
0	128	384	98	142	382
0	128	448	112	147	445
0	128	512	127	152	506
0	128	576	142	159	572
0	128	640	158	166	635
0	128	704	173	173	698
0	128	768	188	180	759
0	128	832	202	189	823
0	128	896	217	197	885
0	128	960	233	206	947
0	128	1023	247	215	1008
0	192	0	52	191	23
0	192	64	54	193	68
0	192	128	60	194	129
0	192	192	68	196	193
0	192	256	79	197	256
0	192	320	91	199	319
0	192	384	104	203	383
0	192	448	118	206	446
0	192	512	132	210	507
0	192	576	147	214	573
0	192	640	162	219	636
0	192	704	176	224	699
0	192	768	190	230	760
0	192	832	205	236	823
0	192	896	220	242	884
0	192	960	235	249	948
0	192	1023	250	256	1009
0	256	0	69	253	31
0	256	64	71	256	70
0	256	128	75	257	130
0	256	192	82	258	194
0	256	256	91	259	257
0	256	320	101	261	320
0	256	384	113	263	383
0	256	448	126	265	446
0	256	512	138	268	506
0	256	576	153	272	572
0	256	640	167	275	636
0	256	704	181	279	699
0	256	768	195	284	760
0	256	832	209	288	823
0	256	896	224	292	885
0	256	960	238	298	947
0	256	1023	253	304	1008
0	320	0	86	316	38
0	320	64	88	320	74
0	320	128	91	321	132
0	320	192	97	321	195
0	320	256	104	323	258
0	320	320	113	324	321
0	320	384	124	326	383
0	320	448	135	328	446
0	320	512	147	330	507
0	320	576	160	333	573
0	320	640	174	335	636
0	320	704	187	338	699
0	320	768	200	342	760
0	320	832	215	346	823
0	320	896	229	349	885
0	320	960	243	354	948
0	320	1023	257	359	1010
0	384	0	103	379	46
0	384	64	105	383	78
0	384	128	107	384	134
0	384	192	112	384	196
0	384	256	118	385	259
0	384	320	126	386	321
0	384	384	136	388	384
0	384	448	146	390	447
0	384	512	157	392	508
0	384	576	169	394	574
0	384	640	182	396	637
0	384	704	195	398	700
0	384	768	207	401	761
0	384	832	221	404	824
0	384	896	235	407	886
0	384	960	248	410	948
0	384	1023	262	414	1010
0	448	0	120	441	53
0	448	64	121	444	82
0	448	128	124	446	136
0	448	192	128	447	198
0	448	256	133	448	260
0	448	320	140	449	323
0	448	384	149	450	385
0	448	448	158	451	448
0	448	512	168	453	509
0	448	576	180	455	574
0	448	640	191	456	638
0	448	704	203	458	700
0	448	768	216	461	762
0	448	832	228	463	824
0	448	896	242	465	886
0	448	960	255	468	949
0	448	1023	268	472	1011
0	512	0	136	501	61
0	512	64	138	506	86
0	512	128	140	507	139
0	512	192	144	508	200
0	512	256	148	508	261
0	512	320	155	509	324
0	512	384	162	511	386
0	512	448	171	512	449
0	512	512	180	513	510
0	512	576	191	515	575
0	512	640	201	516	639
0	512	704	213	518	701
0	512	768	224	520	762
0	512	832	237	523	826
0	512	896	250	524	888
0	512	960	262	527	950
0	512	1023	275	529	1011
0	576	0	155	568	69
0	576	64	156	573	92
0	576	128	158	575	142
0	576	192	161	575	202
0	576	256	166	576	263
0	576	320	171	577	326
0	576	384	178	578	388
0	576	448	185	579	450
0	576	512	194	580	511
0	576	576	204	582	576
0	576	640	214	582	639
0	576	704	224	584	702
0	576	768	235	586	763
0	576	832	247	588	826
0	576	896	259	589	888
0	576	960	271	591	951
0	576	1023	284	594	1013
0	640	0	171	630	76
0	640	64	173	636	97
0	640	128	175	636	145
0	640	192	178	637	204
0	640	256	181	638	265
0	640	320	186	639	327
0	640	384	193	640	389
0	640	448	199	640	451
0	640	512	207	642	512
0	640	576	216	643	578
0	640	640	226	644	641
0	640	704	236	645	704
0	640	768	246	647	765
0	640	832	257	648	827
0	640	896	269	649	889
0	640	960	281	651	952
0	640	1023	293	653	1013
0	704	0	188	692	83
0	704	64	190	698	103
0	704	128	192	699	149
0	704	192	194	700	207
0	704	256	197	700	267
0	704	320	202	701	329
0	704	384	208	703	391
0	704	448	214	703	453
0	704	512	221	704	514
0	704	576	230	706	579
0	704	640	239	706	643
0	704	704	248	707	705
0	704	768	258	708	766
0	704	832	269	711	829
0	704	896	280	711	891
0	704	960	291	713	954
0	704	1023	303	715	1015
0	768	0	205	753	90
0	768	64	207	759	109
0	768	128	208	760	153
0	768	192	210	761	210
0	768	256	214	762	270
0	768	320	218	763	331
0	768	384	223	764	394
0	768	448	229	764	455
0	768	512	236	765	516
0	768	576	244	766	581
0	768	640	252	766	644
0	768	704	260	767	707
0	768	768	270	770	768
0	768	832	280	771	830
0	768	896	291	771	893
0	768	960	301	772	955
0	768	1023	313	774	1017
0	832	0	221	813	97
0	832	64	223	819	115
0	832	128	224	820	157
0	832	192	226	821	213
0	832	256	230	822	272
0	832	320	233	822	333
0	832	384	238	824	394
0	832	448	244	824	457
0	832	512	250	825	517
0	832	576	257	826	582
0	832	640	265	826	645
0	832	704	273	827	708
0	832	768	282	828	768
0	832	832	292	830	831
0	832	896	302	831	893
0	832	960	312	832	956
0	832	1023	323	834	1018
0	896	0	238	874	104
0	896	64	240	881	121
0	896	128	241	882	161
0	896	192	243	882	216
0	896	256	246	883	274
0	896	320	249	884	335
0	896	384	254	886	396
0	896	448	259	886	458
0	896	512	265	887	518
0	896	576	272	888	583
0	896	640	279	888	646
0	896	704	287	889	709
0	896	768	296	890	769
0	896	832	305	891	832
0	896	896	314	892	895
0	896	960	324	893	957
0	896	1023	335	895	1019
0	960	0	254	935	111
0	960	64	256	942	127
0	960	128	257	942	166
0	960	192	259	943	219
0	960	256	262	944	277
0	960	320	265	945	337
0	960	384	269	946	398
0	960	448	274	947	460
0	960	512	279	947	519
0	960	576	286	948	584
0	960	640	293	949	648
0	960	704	301	949	710
0	960	768	309	950	771
0	960	832	317	952	834
0	960	896	326	951	895
0	960	960	335	952	958
0	960	1023	345	953	1020
0	1023	0	270	994	118
0	1023	64	272	1001	133
0	1023	128	273	1002	170
0	1023	192	275	1002	223
0	1023	256	278	1003	280
0	1023	320	281	1004	339
0	1023	384	285	1005	400
0	1023	448	289	1006	462
0	1023	512	294	1006	521
0	1023	576	300	1007	586
0	1023	640	307	1007	649
0	1023	704	314	1008	712
0	1023	768	322	1009	772
0	1023	832	330	1009	835
0	1023	896	338	1009	897
0	1023	960	347	1009	960
0	1023	1023	357	1010	1021
64	0	0	63	10	0
64	0	64	64	15	64
64	0	128	69	24	127
64	0	192	76	35	192
64	0	256	86	46	255
64	0	320	97	57	318
64	0	384	109	68	381
64	0	448	122	80	444
64	0	512	136	90	505
64	0	576	150	102	571
64	0	640	165	113	635
64	0	704	179	124	698
64	0	768	193	135	758
64	0	832	208	146	821
64	0	896	222	158	884
64	0	960	237	169	946
64	0	1023	252	180	1008
64	64	0	64	64	7
64	64	64	65	65	65
64	64	128	69	67	127
64	64	192	77	71	192
64	64	256	87	76	255
64	64	320	98	83	318
64	64	384	110	91	381
64	64	448	123	99	445
64	64	512	136	107	505
64	64	576	151	117	571
64	64	640	165	127	634
64	64	704	180	137	697
64	64	768	194	147	758
64	64	832	208	157	821
64	64	896	223	167	883
64	64	960	237	178	946
64	64	1023	252	188	1008
64	128	0	69	127	15
64	128	64	70	129	66
64	128	128	74	130	127
64	128	192	81	132	192
64	128	256	90	134	255
64	128	320	101	138	318
64	128	384	113	143	382
64	128	448	125	147	445
64	128	512	139	153	505
64	128	576	153	160	571
64	128	640	167	166	635
64	128	704	181	174	697
64	128	768	195	181	758
64	128	832	209	189	822
64	128	896	224	197	884
64	128	960	238	206	946
64	128	1023	253	215	1007
64	192	0	78	192	23
64	192	64	79	194	68
64	192	128	82	195	128
64	192	192	89	196	193
64	192	256	97	198	256
64	192	320	107	200	319
64	192	384	118	203	382
64	192	448	130	207	445
64	192	512	143	210	505
64	192	576	157	215	571
64	192	640	170	220	635
64	192	704	184	225	698
64	192	768	198	230	759
64	192	832	212	237	822
64	192	896	226	242	883
64	192	960	241	249	946
64	192	1023	255	256	1007
64	256	0	89	255	31
64	256	64	90	257	70
64	256	128	93	258	129
64	256	192	99	259	193
64	256	256	106	260	256
64	256	320	115	262	320
64	256	384	126	264	383
64	256	448	137	266	445
64	256	512	149	269	506
64	256	576	162	273	572
64	256	640	175	276	635
64	256	704	188	280	698
64	256	768	202	285	759
64	256	832	216	289	821
64	256	896	229	294	884
64	256	960	244	299	947
64	256	1023	258	305	1008
64	320	0	101	319	38
64	320	64	103	321	73
64	320	128	106	322	131
64	320	192	110	323	194
64	320	256	117	324	257
64	320	320	125	325	320
64	320	384	135	327	383
64	320	448	146	329	446
64	320	512	157	331	506
64	320	576	169	334	572
64	320	640	182	337	635
64	320	704	195	339	698
64	320	768	207	343	759
64	320	832	221	347	822
64	320	896	234	351	884
64	320	960	248	355	947
64	320	1023	262	360	1009
64	384	0	115	381	46
64	384	64	117	384	77
64	384	128	119	384	133
64	384	192	123	386	196
64	384	256	129	387	258
64	384	320	137	388	321
64	384	384	146	390	384
64	384	448	155	391	447
64	384	512	166	392	507
64	384	576	177	395	573
64	384	640	189	397	636
64	384	704	202	400	699
64	384	768	214	402	760
64	384	832	228	406	823
64	384	896	240	408	884
64	384	960	253	411	947
64	384	1023	267	416	1009
64	448	0	130	443	54
64	448	64	131	446	82
64	448	128	133	447	136
64	448	192	137	448	197
64	448	256	143	449	260
64	448	320	149	450	322
64	448	384	157	451	384
64	448	448	166	452	447
64	448	512	176	454	508
64	448	576	187	456	574
64	448	640	198	458	637
64	448	704	210	460	700
64	448	768	221	462	760
64	448	832	235	465	824
64	448	896	247	467	886
64	448	960	260	470	948
64	448	1023	273	474	1010
64	512	0	145	504	61
64	512	64	146	508	87
64	512	128	148	508	138
64	512	192	152	509	199
64	512	256	156	510	261
64	512	320	162	511	324
64	512	384	170	513	386
64	512	448	178	514	449
64	512	512	187	515	509
64	512	576	197	517	575
64	512	640	208	518	638
64	512	704	219	520	701
64	512	768	230	522	762
64	512	832	243	525	825
64	512	896	254	525	886
64	512	960	267	528	949
64	512	1023	280	531	1010
64	576	0	163	572	69
64	576	64	164	575	92
64	576	128	166	577	142
64	576	192	169	577	202
64	576	256	173	578	263
64	576	320	178	578	325
64	576	384	185	580	387
64	576	448	192	581	450
64	576	512	201	582	510
64	576	576	210	584	576
64	576	640	220	585	639
64	576	704	230	586	702
64	576	768	241	588	762
64	576	832	253	590	826
64	576	896	264	592	888
64	576	960	276	593	950
64	576	1023	288	596	1012
64	640	0	180	634	76
64	640	64	181	637	97
64	640	128	182	638	145
64	640	192	185	639	204
64	640	256	189	640	265
64	640	320	194	641	327
64	640	384	200	642	389
64	640	448	206	642	451
64	640	512	214	644	511
64	640	576	223	645	577
64	640	640	232	646	640
64	640	704	242	647	703
64	640	768	252	649	764
64	640	832	264	650	826
64	640	896	274	652	888
64	640	960	286	653	951
64	640	1023	297	656	1013
64	704	0	196	696	83
64	704	64	197	700	103
64	704	128	198	700	149
64	704	192	201	702	207
64	704	256	204	702	267
64	704	320	209	703	329
64	704	384	214	705	391
64	704	448	221	705	453
64	704	512	227	706	512
64	704	576	236	708	578
64	704	640	245	708	642
64	704	704	254	709	704
64	704	768	264	711	765
64	704	832	274	713	828
64	704	896	284	713	890
64	704	960	296	714	952
64	704	1023	307	717	1014
64	768	0	212	756	90
64	768	64	213	761	109
64	768	128	215	762	153
64	768	192	217	762	210
64	768	256	220	764	270
64	768	320	224	765	331
64	768	384	229	766	392
64	768	448	235	766	455
64	768	512	242	767	515
64	768	576	250	769	580
64	768	640	257	769	643
64	768	704	266	770	706
64	768	768	276	771	767
64	768	832	286	773	830
64	768	896	296	774	892
64	768	960	306	775	954
64	768	1023	317	777	1016
64	832	0	228	817	98
64	832	64	229	821	115
64	832	128	230	822	157
64	832	192	232	823	213
64	832	256	235	823	271
64	832	320	239	824	332
64	832	384	244	826	394
64	832	448	249	826	456
64	832	512	255	827	516
64	832	576	263	829	581
64	832	640	270	829	645
64	832	704	279	830	707
64	832	768	288	831	768
64	832	832	297	833	830
64	832	896	306	833	893
64	832	960	317	834	955
64	832	1023	328	836	1017
64	896	0	245	878	105
64	896	64	246	883	121
64	896	128	247	883	161
64	896	192	249	884	216
64	896	256	252	885	274
64	896	320	256	886	334
64	896	384	260	887	395
64	896	448	265	888	457
64	896	512	270	888	517
64	896	576	278	890	582
64	896	640	285	891	646
64	896	704	293	891	708
64	896	768	301	892	769
64	896	832	310	894	832
64	896	896	319	893	893
64	896	960	329	894	955
64	896	1023	339	896	1017
64	960	0	261	939	112
64	960	64	262	944	127
64	960	128	263	944	166
64	960	192	265	945	219
64	960	256	267	946	276
64	960	320	271	947	336
64	960	384	275	948	397
64	960	448	279	948	459
64	960	512	285	949	518
64	960	576	291	950	583
64	960	640	298	950	646
64	960	704	306	952	709
64	960	768	313	953	770
64	960	832	322	954	832
64	960	896	331	954	894
64	960	960	340	955	957
64	960	1023	349	956	1019
64	1023	0	276	998	119
64	1023	64	278	1003	133
64	1023	128	279	1003	170
64	1023	192	281	1005	222
64	1023	256	283	1005	279
64	1023	320	286	1006	339
64	1023	384	290	1008	399
64	1023	448	294	1007	460
64	1023	512	299	1008	520
64	1023	576	306	1010	585
64	1023	640	312	1009	648
64	1023	704	318	1009	710
64	1023	768	326	1011	772
64	1023	832	334	1012	834
64	1023	896	343	1012	896
64	1023	960	352	1012	959
64	1023	1023	361	1013	1021
128	0	0	125	20	0
128	0	64	125	22	64
128	0	128	127	29	127
128	0	192	131	38	191
128	0	256	136	48	255
128	0	320	143	59	318
128	0	384	151	70	381
128	0	448	160	81	444
128	0	512	170	91	505
128	0	576	182	103	571
128	0	640	193	114	634
128	0	704	205	125	697
128	0	768	217	136	757
128	0	832	230	147	821
128	0	896	243	158	883
128	0	960	256	169	945
128	0	1023	269	180	1007
128	64	0	126	66	6
128	64	64	126	67	65
128	64	128	128	69	127
128	64	192	132	73	191
128	64	256	137	78	255
128	64	320	144	84	318
128	64	384	152	92	381
128	64	448	161	100	444
128	64	512	171	108	505
128	64	576	182	118	571
128	64	640	194	127	635
128	64	704	206	137	698
128	64	768	217	147	758
128	64	832	230	157	821
128	64	896	244	167	884
128	64	960	256	178	945
128	64	1023	269	189	1006
128	128	0	128	128	15
128	128	64	128	130	66
128	128	128	130	131	127
128	128	192	134	133	192
128	128	256	139	135	255
128	128	320	146	139	318
128	128	384	154	143	381
128	128	448	163	148	444
128	128	512	172	153	505
128	128	576	184	160	571
128	128	640	195	167	635
128	128	704	207	174	698
128	128	768	219	182	758
128	128	832	232	190	821
128	128	896	244	197	883
128	128	960	257	206	945
128	128	1023	271	215	1007
128	192	0	132	193	23
128	192	64	133	195	68
128	192	128	135	196	128
128	192	192	138	197	193
128	192	256	144	199	256
128	192	320	150	201	319
128	192	384	158	204	382
128	192	448	166	207	444
128	192	512	176	211	505
128	192	576	187	215	571
128	192	640	198	220	635
128	192	704	210	226	698
128	192	768	222	231	758
128	192	832	234	237	821
128	192	896	247	243	883
128	192	960	259	250	946
128	192	1023	272	257	1007
128	256	0	139	256	30
128	256	64	139	257	70
128	256	128	141	258	129
128	256	192	144	259	193
128	256	256	149	261	256
128	256	320	156	262	319
128	256	384	163	265	382
128	256	448	171	267	445
128	256	512	181	270	506
128	256	576	191	273	572
128	256	640	202	277	635
128	256	704	214	280	698
128	256	768	225	285	759
128	256	832	238	289	821
128	256	896	250	294	884
128	256	960	263	299	946
128	256	1023	275	305	1008
128	320	0	146	319	38
128	320	64	147	322	73
128	320	128	149	322	131
128	320	192	152	323	194
128	320	256	157	324	257
128	320	320	163	326	320
128	320	384	170	328	383
128	320	448	178	329	446
128	320	512	187	331	506
128	320	576	198	335	572
128	320	640	208	337	636
128	320	704	219	340	698
128	320	768	230	343	759
128	320	832	242	347	822
128	320	896	254	351	884
128	320	960	266	355	945
128	320	1023	279	359	1007
128	384	0	156	382	46
128	384	64	156	384	77
128	384	128	158	385	133
128	384	192	161	386	196
128	384	256	166	387	258
128	384	320	171	388	321
128	384	384	178	390	383
128	384	448	185	391	446
128	384	512	194	393	507
128	384	576	204	395	573
128	384	640	214	397	636
128	384	704	225	399	699
128	384	768	236	403	760
128	384	832	247	405	822
128	384	896	259	408	884
128	384	960	271	412	947
128	384	1023	284	416	1008
128	448	0	166	444	53
128	448	64	167	446	82
128	448	128	169	447	136
128	448	192	171	448	197
128	448	256	176	449	259
128	448	320	181	450	322
128	448	384	187	452	384
128	448	448	195	453	447
128	448	512	203	454	508
128	448	576	212	457	573
128	448	640	222	458	637
128	448	704	232	460	699
128	448	768	243	462	760
128	448	832	254	465	823
128	448	896	266	468	885
128	448	960	278	471	948
128	448	1023	289	474	1010
128	512	0	178	505	61
128	512	64	179	507	86
128	512	128	180	508	138
128	512	192	183	509	199
128	512	256	187	510	261
128	512	320	192	511	323
128	512	384	198	512	386
128	512	448	204	513	448
128	512	512	212	515	509
128	512	576	222	517	574
128	512	640	231	518	637
128	512	704	240	519	700
128	512	768	251	522	762
128	512	832	262	524	824
128	512	896	272	526	886
128	512	960	284	528	948
128	512	1023	296	531	1010
128	576	0	192	572	69
128	576	64	193	576	92
128	576	128	194	576	141
128	576	192	197	577	201
128	576	256	200	578	262
128	576	320	205	579	325
128	576	384	211	580	387
128	576	448	217	581	449
128	576	512	224	582	509
128	576	576	233	584	575
128	576	640	242	585	639
128	576	704	251	586	701
128	576	768	260	588	762
128	576	832	272	590	825
128	576	896	281	591	887
128	576	960	293	593	949
128	576	1023	304	596	1011
128	640	0	206	633	76
128	640	64	207	637	97
128	640	128	209	638	145
128	640	192	211	638	204
128	640	256	214	640	264
128	640	320	218	641	327
128	640	384	223	642	388
128	640	448	229	642	451
128	640	512	236	644	511
128	640	576	244	645	577
128	640	640	253	646	640
128	640	704	261	647	702
128	640	768	270	649	763
128	640	832	281	651	826
128	640	896	291	652	888
128	640	960	302	654	951
128	640	1023	313	656	1012
128	704	0	221	697	83
128	704	64	221	700	103
128	704	128	222	701	149
128	704	192	225	702	207
128	704	256	228	703	267
128	704	320	232	704	328
128	704	384	237	705	390
128	704	448	242	705	452
128	704	512	248	706	512
128	704	576	256	708	578
128	704	640	264	708	641
128	704	704	273	710	704
128	704	768	281	711	765
128	704	832	291	712	827
128	704	896	301	713	889
128	704	960	311	715	952
128	704	1023	321	717	1014
128	768	0	235	757	90
128	768	64	236	761	109
128	768	128	237	762	153
128	768	192	239	763	210
128	768	256	242	763	269
128	768	320	245	764	330
128	768	384	250	766	392
128	768	448	255	766	454
128	768	512	261	767	515
128	768	576	269	769	580
128	768	640	276	769	643
128	768	704	284	770	706
128	768	768	293	772	767
128	768	832	302	774	830
128	768	896	311	774	892
128	768	960	321	776	955
128	768	1023	331	778	1016
128	832	0	249	818	98
128	832	64	250	821	115
128	832	128	251	822	157
128	832	192	253	823	213
128	832	256	256	824	271
128	832	320	259	825	332
128	832	384	263	826	394
128	832	448	269	827	456
128	832	512	274	827	515
128	832	576	281	829	581
128	832	640	288	829	645
128	832	704	296	830	707
128	832	768	304	831	768
128	832	832	313	833	831
128	832	896	321	833	892
128	832	960	331	833	954
128	832	1023	341	836	1016
128	896	0	264	879	105
128	896	64	265	883	121
128	896	128	266	884	161
128	896	192	268	885	215
128	896	256	271	885	274
128	896	320	274	886	334
128	896	384	278	888	395
128	896	448	283	888	457
128	896	512	288	888	517
128	896	576	295	890	582
128	896	640	301	890	645
128	896	704	308	891	708
128	896	768	317	893	769
128	896	832	324	893	831
128	896	896	333	894	893
128	896	960	343	895	955
128	896	1023	352	897	1017
128	960	0	279	940	112
128	960	64	280	943	127
128	960	128	281	944	166
128	960	192	282	945	219
128	960	256	285	946	276
128	960	320	288	947	336
128	960	384	292	948	397
128	960	448	296	948	458
128	960	512	301	949	518
128	960	576	308	951	583
128	960	640	314	950	646
128	960	704	320	951	708
128	960	768	328	953	770
128	960	832	336	954	832
128	960	896	344	954	894
128	960	960	353	955	957
128	960	1023	362	957	1018
128	1023	0	293	998	119
128	1023	64	295	1003	133
128	1023	128	296	1004	170
128	1023	192	297	1004	222
128	1023	256	300	1005	279
128	1023	320	302	1006	339
128	1023	384	306	1007	399
128	1023	448	310	1007	460
128	1023	512	315	1008	520
128	1023	576	321	1010	585
128	1023	640	327	1010	648
128	1023	704	333	1010	710
128	1023	768	340	1011	771
128	1023	832	348	1012	834
128	1023	896	356	1012	896
128	1023	960	365	1013	958
128	1023	1023	373	1014	1020
192	0	0	189	30	0
192	0	64	189	31	64
192	0	128	190	36	126
192	0	192	193	43	191
192	0	256	196	52	255
192	0	320	200	62	318
192	0	384	206	72	381
192	0	448	212	83	444
192	0	512	220	93	505
192	0	576	228	105	570
192	0	640	237	115	634
192	0	704	246	126	697
192	0	768	256	137	758
192	0	832	266	148	820
192	0	896	277	159	882
192	0	960	288	170	945
192	0	1023	300	181	1007
192	64	0	189	69	0
192	64	64	190	70	64
192	64	128	190	72	126
192	64	192	193	76	191
192	64	256	196	81	255
192	64	320	201	87	318
192	64	384	206	94	381
192	64	448	212	102	444
192	64	512	220	110	505
192	64	576	228	120	571
192	64	640	237	129	634
192	64	704	247	139	697
192	64	768	256	149	758
192	64	832	267	158	821
192	64	896	277	169	882
192	64	960	289	179	945
192	64	1023	301	189	1007
192	128	0	191	130	14
192	128	64	191	131	65
192	128	128	192	132	127
192	128	192	194	134	192
192	128	256	198	137	255
192	128	320	202	140	318
192	128	384	208	145	381
192	128	448	214	149	444
192	128	512	221	155	505
192	128	576	230	161	571
192	128	640	238	168	634
192	128	704	247	175	697
192	128	768	258	182	759
192	128	832	268	190	820
192	128	896	278	199	882
192	128	960	290	207	946
192	128	1023	301	216	1007
192	192	0	193	194	22
192	192	64	194	196	67
192	192	128	195	196	128
192	192	192	197	197	192
192	192	256	201	200	256
192	192	320	205	202	319
192	192	384	210	205	381
192	192	448	216	208	444
192	192	512	224	211	505
192	192	576	232	216	571
192	192	640	241	221	634
192	192	704	250	226	697
192	192	768	259	231	757
192	192	832	270	237	821
192	192	896	281	244	883
192	192	960	292	250	946
192	192	1023	303	258	1007
192	256	0	198	256	30
192	256	64	198	258	70
192	256	128	199	259	129
192	256	192	201	259	193
192	256	256	204	261	256
192	256	320	209	263	319
192	256	384	214	265	382
192	256	448	220	267	445
192	256	512	227	270	506
192	256	576	236	274	572
192	256	640	244	277	635
192	256	704	253	281	697
192	256	768	263	285	758
192	256	832	273	290	822
192	256	896	284	295	884
192	256	960	295	300	946
192	256	1023	306	306	1008
192	320	0	203	320	38
192	320	64	203	322	73
192	320	128	204	323	131
192	320	192	207	324	194
192	320	256	210	325	257
192	320	320	214	326	320
192	320	384	219	328	383
192	320	448	225	330	445
192	320	512	232	332	506
192	320	576	240	335	572
192	320	640	248	337	635
192	320	704	257	341	698
192	320	768	267	344	759
192	320	832	277	347	821
192	320	896	287	351	883
192	320	960	298	355	946
192	320	1023	309	360	1008
192	384	0	209	382	46
192	384	64	210	384	77
192	384	128	211	385	133
192	384	192	213	386	195
192	384	256	216	386	257
192	384	320	220	388	320
192	384	384	225	390	383
192	384	448	231	391	446
192	384	512	238	393	507
192	384	576	246	396	572
192	384	640	254	397	636
192	384	704	262	400	698
192	384	768	272	403	759
192	384	832	282	406	822
192	384	896	292	409	884
192	384	960	302	412	947
192	384	1023	313	416	1009
192	448	0	217	444	53
192	448	64	218	447	82
192	448	128	218	447	135
192	448	192	221	448	197
192	448	256	224	449	259
192	448	320	228	450	322
192	448	384	233	452	384
192	448	448	238	453	447
192	448	512	245	454	507
192	448	576	252	457	573
192	448	640	260	458	637
192	448	704	269	460	699
192	448	768	278	463	760
192	448	832	287	465	822
192	448	896	296	467	884
192	448	960	307	470	947
192	448	1023	318	474	1009
192	512	0	226	505	61
192	512	64	226	508	86
192	512	128	227	509	138
192	512	192	229	509	199
192	512	256	232	510	261
192	512	320	236	511	323
192	512	384	241	512	385
192	512	448	246	514	448
192	512	512	253	515	508
192	512	576	260	517	574
192	512	640	267	518	637
192	512	704	275	519	700
192	512	768	284	522	761
192	512	832	294	524	824
192	512	896	303	526	886
192	512	960	313	528	948
192	512	1023	324	532	1010
192	576	0	237	573	69
192	576	64	237	576	92
192	576	128	238	576	141
192	576	192	240	577	201
192	576	256	243	578	262
192	576	320	247	579	325
192	576	384	251	580	387
192	576	448	256	581	449
192	576	512	262	582	509
192	576	576	270	584	575
192	576	640	277	585	638
192	576	704	285	586	701
192	576	768	293	588	762
192	576	832	302	590	824
192	576	896	311	591	887
192	576	960	321	593	949
192	576	1023	332	596	1010
192	640	0	248	634	76
192	640	64	249	638	97
192	640	128	250	638	145
192	640	192	251	639	204
192	640	256	254	639	264
192	640	320	257	640	326
192	640	384	262	642	388
192	640	448	267	642	451
192	640	512	273	644	511
192	640	576	280	646	576
192	640	640	286	646	640
192	640	704	294	647	702
192	640	768	302	649	763
192	640	832	311	651	826
192	640	896	320	652	888
192	640	960	329	654	951
192	640	1023	339	655	1011
192	704	0	259	696	83
192	704	64	260	700	103
192	704	128	261	701	148
192	704	192	263	701	206
192	704	256	266	703	267
192	704	320	269	704	328
192	704	384	273	704	390
192	704	448	277	705	452
192	704	512	283	706	512
192	704	576	290	708	578
192	704	640	296	708	641
192	704	704	304	709	703
192	704	768	311	710	764
192	704	832	320	712	827
192	704	896	328	713	889
192	704	960	338	715	952
192	704	1023	347	717	1014
192	768	0	272	758	90
192	768	64	272	761	109
192	768	128	273	761	153
192	768	192	275	763	210
192	768	256	277	763	269
192	768	320	281	764	330
192	768	384	284	765	392
192	768	448	289	766	454
192	768	512	294	767	514
192	768	576	300	768	579
192	768	640	306	769	643
192	768	704	314	770	706
192	768	768	322	772	766
192	768	832	330	772	829
192	768	896	338	773	890
192	768	960	347	774	953
192	768	1023	356	777	1015
192	832	0	284	818	98
192	832	64	284	821	115
192	832	128	285	822	157
192	832	192	287	823	212
192	832	256	289	823	271
192	832	320	292	824	332
192	832	384	296	826	393
192	832	448	300	826	455
192	832	512	305	827	515
192	832	576	311	828	580
192	832	640	317	828	643
192	832	704	323	829	706
192	832	768	332	831	767
192	832	832	339	832	829
192	832	896	347	833	891
192	832	960	356	834	954
192	832	1023	365	836	1016
192	896	0	297	879	104
192	896	64	298	883	121
192	896	128	298	883	161
192	896	192	300	884	215
192	896	256	302	885	273
192	896	320	305	885	333
192	896	384	309	887	395
192	896	448	313	887	456
192	896	512	318	888	516
192	896	576	323	890	581
192	896	640	329	890	644
192	896	704	335	890	707
192	896	768	342	891	767
192	896	832	351	894	831
192	896	896	358	894	892
192	896	960	366	895	955
192	896	1023	376	897	1017
192	960	0	309	940	112
192	960	64	310	943	127
192	960	128	311	944	165
192	960	192	313	945	218
192	960	256	315	945	276
192	960	320	318	946	336
192	960	384	321	947	396
192	960	448	325	948	458
192	960	512	329	949	518
192	960	576	335	951	583
192	960	640	340	951	646
192	960	704	347	951	708
192	960	768	354	952	769
192	960	832	361	954	832
192	960	896	369	954	894
192	960	960	377	955	957
192	960	1023	386	957	1018
192	1023	0	323	999	119
192	1023	64	323	1003	133
192	1023	128	325	1004	170
192	1023	192	326	1004	222
192	1023	256	328	1005	279
192	1023	320	330	1005	338
192	1023	384	334	1006	398
192	1023	448	338	1007	460
192	1023	512	342	1009	520
192	1023	576	347	1010	585
192	1023	640	352	1010	648
192	1023	704	359	1010	710
192	1023	768	365	1010	770
192	1023	832	372	1012	834
192	1023	896	379	1012	896
192	1023	960	387	1013	958
192	1023	1023	396	1013	1020
256	0	0	250	40	0
256	0	64	249	40	64
256	0	128	250	44	126
256	0	192	252	50	191
256	0	256	254	58	254
256	0	320	258	66	317
256	0	384	262	76	380
256	0	448	267	86	444
256	0	512	272	96	504
256	0	576	279	107	570
256	0	640	286	117	634
256	0	704	293	128	696
256	0	768	301	139	757
256	0	832	310	150	821
256	0	896	319	160	883
256	0	960	328	172	945
256	0	1023	338	182	1006
256	64	0	250	73	0
256	64	64	250	74	64
256	64	128	251	76	126
256	64	192	252	79	191
256	64	256	255	84	254
256	64	320	258	90	318
256	64	384	262	97	381
256	64	448	267	104	444
256	64	512	273	112	504
256	64	576	280	121	570
256	64	640	286	131	634
256	64	704	294	140	696
256	64	768	302	150	757
256	64	832	311	160	821
256	64	896	319	170	882
256	64	960	329	180	945
256	64	1023	339	191	1006
256	128	0	251	131	12
256	128	64	251	133	65
256	128	128	251	134	126
256	128	192	253	136	191
256	128	256	256	138	254
256	128	320	259	142	318
256	128	384	263	146	381
256	128	448	268	151	444
256	128	512	274	156	505
256	128	576	281	163	571
256	128	640	287	169	634
256	128	704	295	176	697
256	128	768	302	184	757
256	128	832	311	191	821
256	128	896	320	200	882
256	128	960	329	208	945
256	128	1023	339	217	1006
256	192	0	253	195	21
256	192	64	253	197	67
256	192	128	253	197	127
256	192	192	255	199	192
256	192	256	258	200	255
256	192	320	261	203	318
256	192	384	266	206	381
256	192	448	270	208	444
256	192	512	275	212	504
256	192	576	282	217	570
256	192	640	289	221	634
256	192	704	296	227	697
256	192	768	304	232	758
256	192	832	313	238	820
256	192	896	321	244	882
256	192	960	331	251	945
256	192	1023	341	258	1006
256	256	0	256	257	29
256	256	64	255	258	69
256	256	128	257	259	129
256	256	192	259	260	193
256	256	256	261	262	256
256	256	320	264	263	319
256	256	384	268	266	382
256	256	448	273	268	444
256	256	512	278	270	505
256	256	576	285	274	571
256	256	640	291	277	634
256	256	704	299	281	697
256	256	768	307	286	758
256	256	832	315	290	820
256	256	896	324	295	882
256	256	960	333	300	945
256	256	1023	343	306	1007
256	320	0	260	320	37
256	320	64	260	323	73
256	320	128	261	323	130
256	320	192	262	324	194
256	320	256	265	325	256
256	320	320	268	326	319
256	320	384	272	328	382
256	320	448	277	330	445
256	320	512	282	332	505
256	320	576	289	335	571
256	320	640	295	338	635
256	320	704	302	341	697
256	320	768	310	344	758
256	320	832	319	348	821
256	320	896	328	352	883
256	320	960	337	356	946
256	320	1023	347	361	1008
256	384	0	265	383	45
256	384	64	265	385	77
256	384	128	266	385	132
256	384	192	268	386	195
256	384	256	270	387	257
256	384	320	273	389	320
256	384	384	277	390	383
256	384	448	281	391	445
256	384	512	287	393	506
256	384	576	293	396	572
256	384	640	299	397	635
256	384	704	307	400	698
256	384	768	314	403	759
256	384	832	322	406	821
256	384	896	331	409	883
256	384	960	340	412	946
256	384	1023	350	416	1008
256	448	0	270	444	53
256	448	64	271	447	81
256	448	128	272	448	135
256	448	192	273	448	197
256	448	256	275	449	258
256	448	320	279	450	321
256	448	384	283	451	383
256	448	448	287	453	446
256	448	512	292	455	507
256	448	576	299	457	573
256	448	640	305	458	636
256	448	704	312	460	698
256	448	768	319	462	759
256	448	832	328	466	822
256	448	896	336	468	884
256	448	960	345	471	947
256	448	1023	354	474	1008
256	512	0	278	505	60
256	512	64	278	508	86
256	512	128	278	508	138
256	512	192	280	510	199
256	512	256	283	510	260
256	512	320	286	511	323
256	512	384	289	513	385
256	512	448	293	513	447
256	512	512	299	515	508
256	512	576	305	517	573
256	512	640	311	518	637
256	512	704	318	520	700
256	512	768	325	522	760
256	512	832	333	524	823
256	512	896	341	526	885
256	512	960	350	528	947
256	512	1023	359	532	1009
256	576	0	286	573	68
256	576	64	287	576	92
256	576	128	287	576	141
256	576	192	289	577	201
256	576	256	291	578	262
256	576	320	294	578	324
256	576	384	298	580	386
256	576	448	302	581	449
256	576	512	307	582	509
256	576	576	313	584	575
256	576	640	319	585	638
256	576	704	326	586	701
256	576	768	333	588	761
256	576	832	341	591	825
256	576	896	349	592	886
256	576	960	357	594	949
256	576	1023	367	597	1011
256	640	0	296	635	75
256	640	64	296	637	97
256	640	128	297	638	145
256	640	192	298	638	203
256	640	256	301	640	264
256	640	320	303	641	326
256	640	384	307	641	387
256	640	448	311	642	450
256	640	512	316	643	510
256	640	576	322	645	576
256	640	640	327	646	639
256	640	704	334	647	701
256	640	768	341	650	763
256	640	832	348	651	825
256	640	896	356	652	887
256	640	960	364	653	950
256	640	1023	373	656	1011
256	704	0	305	697	83
256	704	64	306	701	103
256	704	128	306	701	148
256	704	192	308	702	206
256	704	256	310	702	266
256	704	320	313	703	328
256	704	384	316	705	390
256	704	448	320	705	452
256	704	512	325	706	512
256	704	576	331	708	577
256	704	640	336	708	641
256	704	704	342	710	704
256	704	768	349	711	764
256	704	832	356	712	826
256	704	896	364	713	889
256	704	960	372	715	951
256	704	1023	380	717	1013
256	768	0	315	758	90
256	768	64	316	761	109
256	768	128	317	762	152
256	768	192	318	763	209
256	768	256	320	763	269
256	768	320	323	764	330
256	768	384	326	765	392
256	768	448	330	766	454
256	768	512	335	767	514
256	768	576	340	769	579
256	768	640	345	769	642
256	768	704	351	769	705
256	768	768	358	771	766
256	768	832	365	773	829
256	768	896	372	774	891
256	768	960	381	775	954
256	768	1023	389	777	1015
256	832	0	325	818	98
256	832	64	326	822	114
256	832	128	326	821	156
256	832	192	328	823	212
256	832	256	330	823	270
256	832	320	332	824	331
256	832	384	336	825	393
256	832	448	340	826	455
256	832	512	344	827	515
256	832	576	349	829	580
256	832	640	355	829	643
256	832	704	360	829	706
256	832	768	367	831	766
256	832	832	374	833	830
256	832	896	381	833	892
256	832	960	388	833	953
256	832	1023	397	835	1015
256	896	0	337	879	105
256	896	64	338	883	121
256	896	128	338	883	160
256	896	192	340	884	215
256	896	256	341	885	273
256	896	320	344	885	333
256	896	384	347	887	394
256	896	448	350	887	456
256	896	512	355	888	516
256	896	576	360	889	581
256	896	640	364	889	644
256	896	704	371	891	707
256	896	768	377	892	768
256	896	832	383	893	830
256	896	896	390	893	892
256	896	960	398	894	955
256	896	1023	406	897	1016
256	960	0	348	940	112
256	960	64	348	943	127
256	960	128	349	944	165
256	960	192	351	945	218
256	960	256	352	946	276
256	960	320	355	947	335
256	960	384	358	948	396
256	960	448	361	948	458
256	960	512	365	949	517
256	960	576	370	950	582
256	960	640	375	950	645
256	960	704	380	950	708
256	960	768	387	953	769
256	960	832	393	954	831
256	960	896	400	954	893
256	960	960	407	954	956
256	960	1023	415	956	1018
256	1023	0	360	999	119
256	1023	64	360	1003	133
256	1023	128	361	1003	170
256	1023	192	362	1005	222
256	1023	256	364	1005	278
256	1023	320	366	1006	338
256	1023	384	370	1007	398
256	1023	448	372	1006	459
256	1023	512	376	1008	519
256	1023	576	381	1009	584
256	1023	640	385	1009	647
256	1023	704	391	1009	709
256	1023	768	397	1011	771
256	1023	832	403	1012	833
256	1023	896	409	1011	895
256	1023	960	417	1012	958
256	1023	1023	424	1013	1020
320	0	0	310	49	0
320	0	64	309	50	63
320	0	128	310	52	126
320	0	192	311	57	191
320	0	256	313	64	254
320	0	320	316	72	317
320	0	384	319	81	380
320	0	448	323	90	443
320	0	512	327	99	504
320	0	576	333	110	570
320	0	640	338	120	633
320	0	704	344	131	696
320	0	768	351	141	758
320	0	832	358	151	820
320	0	896	365	162	882
320	0	960	373	173	945
320	0	1023	382	184	1006
320	64	0	310	78	0
320	64	64	309	79	64
320	64	128	310	80	126
320	64	192	311	84	191
320	64	256	314	88	254
320	64	320	316	94	317
320	64	384	320	100	380
320	64	448	323	108	443
320	64	512	327	115	504
320	64	576	333	124	570
320	64	640	338	133	633
320	64	704	344	143	696
320	64	768	352	152	758
320	64	832	358	162	819
320	64	896	366	172	882
320	64	960	374	182	945
320	64	1023	382	193	1006
320	128	0	310	134	9
320	128	64	310	135	65
320	128	128	311	136	126
320	128	192	312	138	191
320	128	256	314	141	254
320	128	320	317	144	318
320	128	384	320	148	380
320	128	448	324	153	444
320	128	512	328	158	504
320	128	576	334	164	570
320	128	640	339	171	633
320	128	704	345	178	696
320	128	768	352	185	757
320	128	832	359	193	820
320	128	896	366	201	882
320	128	960	375	210	944
320	128	1023	383	219	1006
320	192	0	312	196	20
320	192	64	312	198	67
320	192	128	313	199	127
320	192	192	314	200	192
320	192	256	316	202	254
320	192	320	318	204	318
320	192	384	322	207	381
320	192	448	325	210	444
320	192	512	330	214	504
320	192	576	335	218	570
320	192	640	341	223	634
320	192	704	347	228	697
320	192	768	353	234	757
320	192	832	361	239	820
320	192	896	368	246	883
320	192	960	376	252	945
320	192	1023	384	260	1006
320	256	0	315	258	29
320	256	64	315	260	69
320	256	128	315	261	129
320	256	192	316	261	193
320	256	256	318	263	255
320	256	320	321	264	319
320	256	384	324	267	381
320	256	448	328	269	444
320	256	512	332	272	505
320	256	576	338	275	571
320	256	640	343	279	634
320	256	704	349	282	697
320	256	768	355	287	758
320	256	832	363	292	821
320	256	896	370	296	883
320	256	960	377	301	945
320	256	1023	386	307	1006
320	320	0	318	321	37
320	320	64	318	323	73
320	320	128	318	324	130
320	320	192	320	325	194
320	320	256	322	326	256
320	320	320	324	328	319
320	320	384	328	330	382
320	320	448	331	331	445
320	320	512	336	333	505
320	320	576	341	336	571
320	320	640	346	338	634
320	320	704	352	341	697
320	320	768	359	345	758
320	320	832	366	349	821
320	320	896	372	352	883
320	320	960	381	356	945
320	320	1023	389	361	1007
320	384	0	322	383	45
320	384	64	322	386	76
320	384	128	323	387	132
320	384	192	324	387	195
320	384	256	326	388	257
320	384	320	328	389	320
320	384	384	331	391	383
320	384	448	335	392	445
320	384	512	339	394	506
320	384	576	345	397	572
320	384	640	350	399	635
320	384	704	356	401	698
320	384	768	362	404	759
320	384	832	370	407	822
320	384	896	376	410	884
320	384	960	384	413	946
320	384	1023	393	418	1008
320	448	0	327	446	52
320	448	64	327	448	81
320	448	128	327	448	135
320	448	192	329	449	197
320	448	256	331	450	259
320	448	320	333	451	321
320	448	384	336	453	384
320	448	448	339	453	446
320	448	512	344	455	507
320	448	576	349	457	572
320	448	640	354	459	636
320	448	704	360	461	699
320	448	768	367	464	760
320	448	832	373	466	822
320	448	896	380	468	884
320	448	960	388	471	946
320	448	1023	396	475	1008
320	512	0	332	506	60
320	512	64	332	509	86
320	512	128	333	509	138
320	512	192	334	510	198
320	512	256	336	511	260
320	512	320	338	512	322
320	512	384	342	513	385
320	512	448	345	514	447
320	512	512	350	516	508
320	512	576	355	518	574
320	512	640	360	519	637
320	512	704	365	520	699
320	512	768	371	522	760
320	512	832	379	525	823
320	512	896	386	527	886
320	512	960	393	529	948
320	512	1023	401	532	1010
320	576	0	340	573	68
320	576	64	339	576	92
320	576	128	340	577	141
320	576	192	341	577	201
320	576	256	343	578	262
320	576	320	346	579	324
320	576	384	349	580	386
320	576	448	352	581	448
320	576	512	356	582	509
320	576	576	362	584	574
320	576	640	366	585	638
320	576	704	372	586	700
320	576	768	379	589	762
320	576	832	385	591	824
320	576	896	392	592	886
320	576	960	399	594	949
320	576	1023	407	597	1010
320	640	0	347	635	75
320	640	64	348	639	97
320	640	128	348	638	144
320	640	192	349	640	203
320	640	256	351	640	264
320	640	320	353	641	326
320	640	384	357	642	388
320	640	448	360	643	450
320	640	512	364	644	510
320	640	576	368	645	576
320	640	640	374	647	639
320	640	704	379	648	702
320	640	768	385	650	763
320	640	832	392	652	826
320	640	896	398	652	887
320	640	960	405	653	949
320	640	1023	413	656	1011
320	704	0	355	697	83
320	704	64	356	701	103
320	704	128	356	701	148
320	704	192	357	702	206
320	704	256	359	702	266
320	704	320	361	703	327
320	704	384	364	705	389
320	704	448	368	705	452
320	704	512	372	706	512
320	704	576	377	708	577
320	704	640	381	708	641
320	704	704	387	709	703
320	704	768	392	711	764
320	704	832	399	713	827
320	704	896	406	714	889
320	704	960	412	716	952
320	704	1023	420	718	1013
320	768	0	364	758	90
320	768	64	365	762	108
320	768	128	365	762	152
320	768	192	366	763	209
320	768	256	368	764	269
320	768	320	370	764	330
320	768	384	373	766	391
320	768	448	376	766	453
320	768	512	380	767	514
320	768	576	385	768	579
320	768	640	389	769	642
320	768	704	395	770	705
320	768	768	401	772	766
320	768	832	407	773	828
320	768	896	413	773	890
320	768	960	420	775	953
320	768	1023	427	777	1015
320	832	0	373	818	97
320	832	64	373	822	114
320	832	128	374	823	156
320	832	192	374	823	212
320	832	256	376	824	271
320	832	320	379	825	331
320	832	384	381	825	393
320	832	448	384	826	455
320	832	512	388	827	515
320	832	576	393	829	580
320	832	640	397	828	643
320	832	704	402	829	705
320	832	768	408	830	766
320	832	832	414	832	829
320	832	896	420	833	891
320	832	960	427	834	954
320	832	1023	435	836	1015
320	896	0	382	879	104
320	896	64	383	883	120
320	896	128	383	884	160
320	896	192	384	884	215
320	896	256	386	885	273
320	896	320	388	886	333
320	896	384	391	887	394
320	896	448	394	887	456
320	896	512	398	889	516
320	896	576	402	890	581
320	896	640	407	890	644
320	896	704	411	891	707
320	896	768	417	892	767
320	896	832	423	894	830
320	896	896	429	894	892
320	896	960	435	895	955
320	896	1023	443	897	1016
320	960	0	392	940	112
320	960	64	392	944	127
320	960	128	393	944	165
320	960	192	394	945	218
320	960	256	395	946	275
320	960	320	397	946	335
320	960	384	400	947	396
320	960	448	403	948	458
320	960	512	407	948	517
320	960	576	411	950	582
320	960	640	415	951	646
320	960	704	420	951	708
320	960	768	426	953	768
320	960	832	432	954	832
320	960	896	437	953	893
320	960	960	443	954	955
320	960	1023	450	956	1017
320	1023	0	402	999	119
320	1023	64	403	1004	133
320	1023	128	403	1004	170
320	1023	192	404	1004	222
320	1023	256	405	1005	278
320	1023	320	408	1006	338
320	1023	384	410	1007	398
320	1023	448	413	1007	460
320	1023	512	416	1007	519
320	1023	576	421	1009	584
320	1023	640	425	1010	647
320	1023	704	430	1010	710
320	1023	768	435	1011	770
320	1023	832	441	1012	833
320	1023	896	446	1011	894
320	1023	960	453	1012	957
320	1023	1023	460	1012	1019
384	0	0	372	58	0
384	0	64	371	59	63
384	0	128	371	61	126
384	0	192	373	65	191
384	0	256	374	71	254
384	0	320	376	78	317
384	0	384	379	86	380
384	0	448	382	95	443
384	0	512	386	104	504
384	0	576	391	114	570
384	0	640	395	124	634
384	0	704	400	134	696
384	0	768	405	144	757
384	0	832	412	154	820
384	0	896	418	165	882
384	0	960	424	175	944
384	0	1023	431	186	1006
384	64	0	372	84	0
384	64	64	371	84	63
384	64	128	371	86	126
384	64	192	373	89	191
384	64	256	374	93	254
384	64	320	377	98	317
384	64	384	380	105	380
384	64	448	382	111	443
384	64	512	386	119	504
384	64	576	391	128	570
384	64	640	395	136	633
384	64	704	400	146	696
384	64	768	405	155	757
384	64	832	412	164	820
384	64	896	418	174	882
384	64	960	424	184	944
384	64	1023	431	194	1006
384	128	0	373	137	3
384	128	64	372	139	64
384	128	128	372	139	126
384	128	192	374	141	191
384	128	256	375	144	254
384	128	320	377	147	317
384	128	384	380	151	381
384	128	448	383	156	444
384	128	512	386	160	504
384	128	576	391	167	570
384	128	640	396	173	634
384	128	704	401	180	696
384	128	768	406	188	757
384	128	832	413	195	820
384	128	896	418	203	882
384	128	960	425	211	944
384	128	1023	432	220	1006
384	192	0	374	199	19
384	192	64	374	200	66
384	192	128	374	201	127
384	192	192	375	202	192
384	192	256	377	204	255
384	192	320	379	206	318
384	192	384	382	209	381
384	192	448	384	212	443
384	192	512	388	216	504
384	192	576	393	220	570
384	192	640	397	224	634
384	192	704	402	230	697
384	192	768	407	235	757
384	192	832	413	241	820
384	192	896	419	247	882
384	192	960	426	253	944
384	192	1023	433	261	1006
384	256	0	376	260	28
384	256	64	375	261	69
384	256	128	376	262	129
384	256	192	377	263	193
384	256	256	379	264	255
384	256	320	381	266	319
384	256	384	384	268	381
384	256	448	386	270	444
384	256	512	390	273	505
384	256	576	394	276	570
384	256	640	398	280	633
384	256	704	404	283	696
384	256	768	410	288	758
384	256	832	415	293	820
384	256	896	421	297	882
384	256	960	428	302	945
384	256	1023	435	308	1007
384	320	0	378	322	36
384	320	64	378	325	72
384	320	128	378	325	130
384	320	192	380	326	194
384	320	256	381	327	256
384	320	320	383	328	319
384	320	384	386	330	382
384	320	448	389	332	445
384	320	512	392	334	505
384	320	576	397	337	570
384	320	640	402	340	635
384	320	704	406	343	697
384	320	768	412	346	758
384	320	832	418	350	821
384	320	896	423	353	883
384	320	960	430	357	945
384	320	1023	437	362	1006
384	384	0	382	384	45
384	384	64	381	386	76
384	384	128	382	387	132
384	384	192	383	388	195
384	384	256	385	389	257
384	384	320	387	390	320
384	384	384	390	392	383
384	384	448	392	393	445
384	384	512	396	395	506
384	384	576	401	398	572
384	384	640	405	399	635
384	384	704	409	402	697
384	384	768	415	405	759
384	384	832	421	408	821
384	384	896	427	410	883
384	384	960	433	414	946
384	384	1023	441	418	1008
384	448	0	386	446	52
384	448	64	386	449	81
384	448	128	386	449	135
384	448	192	387	450	196
384	448	256	388	450	258
384	448	320	391	452	321
384	448	384	393	453	383
384	448	448	396	454	446
384	448	512	400	456	507
384	448	576	405	458	572
384	448	640	409	460	636
384	448	704	413	461	698
384	448	768	419	464	759
384	448	832	425	467	822
384	448	896	431	469	884
384	448	960	437	472	947
384	448	1023	445	476	1009
384	512	0	391	507	60
384	512	64	390	509	85
384	512	128	391	510	137
384	512	192	392	511	198
384	512	256	394	512	260
384	512	320	396	512	322
384	512	384	398	514	385
384	512	448	401	514	447
384	512	512	404	516	507
384	512	576	409	518	573
384	512	640	413	519	637
384	512	704	418	521	699
384	512	768	424	524	761
384	512	832	429	525	822
384	512	896	435	527	885
384	512	960	441	529	948
384	512	1023	448	533	1009
384	576	0	397	574	68
384	576	64	397	577	91
384	576	128	397	577	141
384	576	192	398	578	201
384	576	256	399	579	262
384	576	320	402	580	324
384	576	384	404	581	386
384	576	448	407	582	449
384	576	512	410	583	508
384	576	576	415	584	574
384	576	640	419	586	638
384	576	704	424	587	700
384	576	768	429	589	761
384	576	832	435	592	824
384	576	896	440	592	885
384	576	960	446	594	948
384	576	1023	453	597	1010
384	640	0	403	635	75
384	640	64	403	639	96
384	640	128	404	640	144
384	640	192	404	639	203
384	640	256	406	641	264
384	640	320	408	641	325
384	640	384	410	642	387
384	640	448	413	643	450
384	640	512	417	644	510
384	640	576	421	646	576
384	640	640	425	647	639
384	640	704	429	648	701
384	640	768	434	649	762
384	640	832	441	652	825
384	640	896	446	652	887
384	640	960	452	654	950
384	640	1023	459	657	1011
384	704	0	410	698	82
384	704	64	410	702	102
384	704	128	411	702	148
384	704	192	411	703	206
384	704	256	413	703	266
384	704	320	415	704	327
384	704	384	418	706	389
384	704	448	420	705	451
384	704	512	423	707	512
384	704	576	428	709	577
384	704	640	432	709	640
384	704	704	436	710	703
384	704	768	442	712	764
384	704	832	447	713	826
384	704	896	452	714	888
384	704	960	459	715	951
384	704	1023	465	718	1013
384	768	0	418	759	90
384	768	64	418	763	108
384	768	128	418	763	152
384	768	192	419	763	209
384	768	256	420	764	268
384	768	320	423	765	329
384	768	384	425	766	392
384	768	448	428	767	453
384	768	512	431	768	514
384	768	576	436	770	579
384	768	640	439	770	642
384	768	704	443	770	705
384	768	768	449	772	766
384	768	832	455	774	829
384	768	896	460	774	891
384	768	960	466	776	953
384	768	1023	472	778	1015
384	832	0	425	819	97
384	832	64	425	823	114
384	832	128	425	823	156
384	832	192	426	823	212
384	832	256	428	824	270
384	832	320	430	825	331
384	832	384	432	826	393
384	832	448	435	827	455
384	832	512	438	827	514
384	832	576	442	829	580
384	832	640	446	830	643
384	832	704	450	830	706
384	832	768	455	831	766
384	832	832	461	833	830
384	832	896	466	833	891
384	832	960	472	834	953
384	832	1023	479	836	1015
384	896	0	434	880	104
384	896	64	434	884	120
384	896	128	434	885	160
384	896	192	435	885	215
384	896	256	436	886	273
384	896	320	438	887	333
384	896	384	441	888	394
384	896	448	443	888	456
384	896	512	446	889	516
384	896	576	450	890	581
384	896	640	454	890	644
384	896	704	458	891	706
384	896	768	463	893	768
384	896	832	468	893	830
384	896	896	473	894	892
384	896	960	479	895	954
384	896	1023	486	897	1016
384	960	0	441	940	111
384	960	64	442	944	127
384	960	128	442	945	165
384	960	192	443	945	218
384	960	256	445	946	275
384	960	320	447	947	335
384	960	384	448	948	396
384	960	448	451	948	457
384	960	512	455	949	517
384	960	576	458	951	582
384	960	640	462	951	645
384	960	704	466	951	707
384	960	768	470	952	768
384	960	832	476	954	831
384	960	896	481	954	893
384	960	960	487	955	956
384	960	1023	494	957	1018
384	1023	0	451	1000	118
384	1023	64	451	1004	133
384	1023	128	451	1005	170
384	1023	192	452	1005	222
384	1023	256	454	1006	278
384	1023	320	456	1007	338
384	1023	384	458	1007	398
384	1023	448	460	1007	459
384	1023	512	463	1008	519
384	1023	576	467	1010	584
384	1023	640	470	1010	647
384	1023	704	475	1010	709
384	1023	768	479	1011	770
384	1023	832	484	1012	833
384	1023	896	489	1012	895
384	1023	960	495	1013	958
384	1023	1023	501	1013	1019
448	0	0	431	68	0
448	0	64	431	68	63
448	0	128	431	70	126
448	0	192	432	74	190
448	0	256	433	79	254
448	0	320	435	85	317
448	0	384	438	92	380
448	0	448	440	100	443
448	0	512	443	108	504
448	0	576	447	118	570
448	0	640	451	128	633
448	0	704	455	138	696
448	0	768	459	147	757
448	0	832	465	157	820
448	0	896	470	168	882
448	0	960	476	178	945
448	0	1023	482	188	1006
448	64	0	432	90	0
448	64	64	431	91	63
448	64	128	431	92	126
448	64	192	432	95	191
448	64	256	433	99	254
448	64	320	435	104	317
448	64	384	438	110	380
448	64	448	440	116	443
448	64	512	443	123	504
448	64	576	448	132	570
448	64	640	451	140	633
448	64	704	455	149	696
448	64	768	460	158	757
448	64	832	465	167	820
448	64	896	470	177	882
448	64	960	476	186	945
448	64	1023	482	197	1005
448	128	0	432	141	0
448	128	64	432	142	64
448	128	128	432	143	126
448	128	192	433	145	191
448	128	256	434	147	254
448	128	320	436	150	317
448	128	384	439	154	381
448	128	448	441	159	444
448	128	512	444	164	504
448	128	576	448	170	570
448	128	640	452	176	633
448	128	704	456	183	696
448	128	768	461	190	757
448	128	832	466	197	820
448	128	896	471	205	882
448	128	960	476	214	944
448	128	1023	483	222	1006
448	192	0	434	201	17
448	192	64	433	203	66
448	192	128	433	203	127
448	192	192	434	205	192
448	192	256	435	206	255
448	192	320	437	208	318
448	192	384	439	211	380
448	192	448	441	214	443
448	192	512	445	218	504
448	192	576	449	222	570
448	192	640	452	226	633
448	192	704	457	232	697
448	192	768	462	237	757
448	192	832	467	243	820
448	192	896	471	249	881
448	192	960	477	255	944
448	192	1023	484	262	1006
448	256	0	435	261	26
448	256	64	434	263	69
448	256	128	435	264	128
448	256	192	436	265	192
448	256	256	437	266	255
448	256	320	439	268	318
448	256	384	441	270	381
448	256	448	443	272	444
448	256	512	447	275	505
448	256	576	451	278	570
448	256	640	454	281	633
448	256	704	458	285	696
448	256	768	464	290	758
448	256	832	468	294	820
448	256	896	473	299	882
448	256	960	479	304	945
448	256	1023	486	310	1007
448	320	0	437	324	36
448	320	64	437	326	72
448	320	128	437	326	130
448	320	192	438	327	193
448	320	256	439	328	256
448	320	320	441	330	319
448	320	384	444	332	382
448	320	448	446	334	445
448	320	512	449	336	505
448	320	576	453	339	571
448	320	640	457	341	634
448	320	704	461	344	697
448	320	768	465	347	758
448	320	832	471	351	821
448	320	896	476	355	883
448	320	960	481	358	944
448	320	1023	487	363	1006
448	384	0	440	385	44
448	384	64	439	387	76
448	384	128	440	388	132
448	384	192	441	389	195
448	384	256	442	390	257
448	384	320	444	391	320
448	384	384	447	393	382
448	384	448	449	394	445
448	384	512	452	396	506
448	384	576	456	398	571
448	384	640	459	400	635
448	384	704	463	402	697
448	384	768	468	406	759
448	384	832	473	408	821
448	384	896	478	411	883
448	384	960	484	415	946
448	384	1023	490	419	1007
448	448	0	444	447	52
448	448	64	443	450	80
448	448	128	444	450	134
448	448	192	444	450	196
448	448	256	445	451	258
448	448	320	447	452	321
448	448	384	450	454	383
448	448	448	452	455	446
448	448	512	456	457	507
448	448	576	460	459	572
448	448	640	463	460	636
448	448	704	467	462	698
448	448	768	471	465	759
448	448	832	477	468	822
448	448	896	482	470	884
448	448	960	487	473	947
448	448	1023	494	476	1008
448	512	0	448	508	59
448	512	64	448	511	85
448	512	128	448	511	137
448	512	192	449	511	198
448	512	256	450	512	260
448	512	320	452	513	322
448	512	384	454	515	385
448	512	448	456	515	447
448	512	512	460	517	507
448	512	576	463	519	573
448	512	640	467	520	636
448	512	704	470	521	699
448	512	768	476	524	760
448	512	832	481	526	822
448	512	896	486	528	885
448	512	960	491	530	947
448	512	1023	497	533	1009
448	576	0	453	575	68
448	576	64	453	578	91
448	576	128	453	578	140
448	576	192	454	579	201
448	576	256	455	579	261
448	576	320	457	580	324
448	576	384	459	582	386
448	576	448	462	583	448
448	576	512	464	583	508
448	576	576	468	585	574
448	576	640	472	587	638
448	576	704	476	588	700
448	576	768	481	590	761
448	576	832	486	592	824
448	576	896	490	592	885
448	576	960	495	595	948
448	576	1023	502	597	1009
448	640	0	458	636	75
448	640	64	459	639	96
448	640	128	459	640	144
448	640	192	459	640	203
448	640	256	461	641	263
448	640	320	463	642	325
448	640	384	465	643	387
448	640	448	467	644	450
448	640	512	470	645	510
448	640	576	474	647	576
448	640	640	477	647	639
448	640	704	481	648	701
448	640	768	485	650	762
448	640	832	491	652	825
448	640	896	496	653	887
448	640	960	501	655	950
448	640	1023	507	658	1011
448	704	0	465	699	82
448	704	64	465	702	102
448	704	128	465	702	148
448	704	192	466	703	206
448	704	256	467	704	266
448	704	320	469	704	327
448	704	384	471	706	389
448	704	448	473	706	451
448	704	512	476	707	511
448	704	576	480	709	577
448	704	640	483	709	640
448	704	704	487	711	703
448	704	768	492	712	764
448	704	832	496	713	826
448	704	896	501	714	888
448	704	960	506	716	951
448	704	1023	512	718	1012
448	768	0	472	759	89
448	768	64	472	763	108
448	768	128	472	764	152
448	768	192	473	764	209
448	768	256	474	764	268
448	768	320	475	765	329
448	768	384	478	766	391
448	768	448	480	767	453
448	768	512	483	768	513
448	768	576	487	770	579
448	768	640	490	770	642
448	768	704	494	771	705
448	768	768	498	772	765
448	768	832	503	774	828
448	768	896	508	775	891
448	768	960	513	776	953
448	768	1023	519	778	1015
448	832	0	478	819	97
448	832	64	478	823	114
448	832	128	478	823	156
448	832	192	479	824	212
448	832	256	480	824	270
448	832	320	482	825	331
448	832	384	484	826	392
448	832	448	487	827	455
448	832	512	489	827	514
448	832	576	493	829	580
448	832	640	496	830	643
448	832	704	500	831	706
448	832	768	504	832	766
448	832	832	509	834	830
448	832	896	513	833	890
448	832	960	518	834	953
448	832	1023	525	836	1015
448	896	0	486	881	104
448	896	64	485	885	120
448	896	128	486	885	160
448	896	192	487	886	215
448	896	256	487	886	273
448	896	320	489	887	333
448	896	384	492	888	394
448	896	448	493	888	456
448	896	512	496	889	515
448	896	576	500	890	581
448	896	640	503	890	644
448	896	704	507	892	707
448	896	768	511	893	767
448	896	832	516	894	829
448	896	896	520	894	891
448	896	960	525	895	954
448	896	1023	531	897	1016
448	960	0	493	941	112
448	960	64	492	945	126
448	960	128	493	945	165
448	960	192	493	946	218
448	960	256	495	946	275
448	960	320	497	947	335
448	960	384	499	949	396
448	960	448	500	948	457
448	960	512	503	949	517
448	960	576	507	951	582
448	960	640	510	951	645
448	960	704	513	951	707
448	960	768	518	954	769
448	960	832	523	954	830
448	960	896	527	954	893
448	960	960	532	956	956
448	960	1023	538	957	1017
448	1023	0	501	1000	118
448	1023	64	501	1004	132
448	1023	128	501	1005	170
448	1023	192	502	1005	221
448	1023	256	503	1005	278
448	1023	320	505	1006	337
448	1023	384	507	1007	398
448	1023	448	508	1007	459
448	1023	512	511	1008	519
448	1023	576	515	1010	584
448	1023	640	518	1009	646
448	1023	704	521	1009	709
448	1023	768	525	1010	769
448	1023	832	530	1012	832
448	1023	896	534	1012	895
448	1023	960	540	1012	957
448	1023	1023	545	1013	1019
512	0	0	490	77	0
512	0	64	489	77	62
512	0	128	489	79	125
512	0	192	490	82	190
512	0	256	491	86	254
512	0	320	492	92	317
512	0	384	495	99	380
512	0	448	496	106	443
512	0	512	500	114	504
512	0	576	503	123	569
512	0	640	506	132	633
512	0	704	509	141	696
512	0	768	513	151	756
512	0	832	518	161	820
512	0	896	523	170	882
512	0	960	528	181	945
512	0	1023	534	191	1007
512	64	0	490	97	0
512	64	64	489	97	63
512	64	128	489	99	126
512	64	192	490	101	190
512	64	256	491	105	254
512	64	320	492	109	317
512	64	384	495	115	380
512	64	448	497	121	443
512	64	512	500	128	504
512	64	576	503	136	570
512	64	640	506	144	633
512	64	704	509	153	695
512	64	768	514	162	756
512	64	832	519	170	820
512	64	896	523	180	882
512	64	960	528	189	945
512	64	1023	534	199	1007
512	128	0	490	145	0
512	128	64	490	146	64
512	128	128	489	147	126
512	128	192	490	149	191
512	128	256	491	151	254
512	128	320	493	154	317
512	128	384	495	158	380
512	128	448	497	162	443
512	128	512	500	167	504
512	128	576	504	173	570
512	128	640	507	179	633
512	128	704	510	186	696
512	128	768	514	192	757
512	128	832	520	200	820
512	128	896	524	208	883
512	128	960	528	216	944
512	128	1023	534	225	1006
512	192	0	492	204	16
512	192	64	491	205	66
512	192	128	491	206	127
512	192	192	492	207	191
512	192	256	493	209	254
512	192	320	494	211	318
512	192	384	496	214	380
512	192	448	498	217	443
512	192	512	501	220	504
512	192	576	505	224	570
512	192	640	507	229	633
512	192	704	511	234	696
512	192	768	515	239	757
512	192	832	520	245	819
512	192	896	524	251	882
512	192	960	529	257	944
512	192	1023	535	264	1006
512	256	0	493	263	26
512	256	64	492	265	68
512	256	128	492	266	128
512	256	192	493	267	192
512	256	256	495	268	255
512	256	320	496	270	318
512	256	384	498	272	381
512	256	448	500	274	444
512	256	512	503	277	505
512	256	576	506	280	570
512	256	640	509	283	634
512	256	704	512	287	696
512	256	768	517	291	758
512	256	832	522	296	820
512	256	896	526	300	882
512	256	960	531	305	945
512	256	1023	537	311	1007
512	320	0	495	325	35
512	320	64	494	328	72
512	320	128	495	328	130
512	320	192	495	329	193
512	320	256	496	330	256
512	320	320	498	331	319
512	320	384	500	333	381
512	320	448	502	335	444
512	320	512	505	337	505
512	320	576	509	340	571
512	320	640	511	342	634
512	320	704	515	345	697
512	320	768	519	349	758
512	320	832	524	352	821
512	320	896	528	356	883
512	320	960	533	360	946
512	320	1023	538	365	1007
512	384	0	498	387	43
512	384	64	497	389	76
512	384	128	497	390	132
512	384	192	498	390	195
512	384	256	499	391	257
512	384	320	500	392	320
512	384	384	503	394	382
512	384	448	504	395	445
512	384	512	507	397	505
512	384	576	511	400	571
512	384	640	513	401	635
512	384	704	517	404	698
512	384	768	521	407	759
512	384	832	526	410	821
512	384	896	530	412	883
512	384	960	535	416	945
512	384	1023	540	420	1007
512	448	0	500	448	51
512	448	64	500	451	80
512	448	128	500	451	134
512	448	192	501	452	196
512	448	256	501	452	258
512	448	320	503	453	320
512	448	384	506	455	383
512	448	448	507	456	446
512	448	512	510	458	506
512	448	576	514	460	572
512	448	640	517	461	635
512	448	704	520	463	698
512	448	768	524	466	759
512	448	832	529	469	822
512	448	896	533	471	884
512	448	960	538	474	947
512	448	1023	544	477	1008
512	512	0	505	509	58
512	512	64	504	512	85
512	512	128	504	512	137
512	512	192	505	513	198
512	512	256	506	513	260
512	512	320	507	514	322
512	512	384	509	515	384
512	512	448	511	516	447
512	512	512	514	518	507
512	512	576	518	520	573
512	512	640	520	521	636
512	512	704	524	523	699
512	512	768	528	525	760
512	512	832	532	527	822
512	512	896	536	528	885
512	512	960	541	531	947
512	512	1023	547	534	1009
512	576	0	509	576	67
512	576	64	509	579	91
512	576	128	509	579	141
512	576	192	509	580	200
512	576	256	510	580	261
512	576	320	512	581	323
512	576	384	514	582	386
512	576	448	516	583	448
512	576	512	519	585	509
512	576	576	522	587	574
512	576	640	525	587	637
512	576	704	528	589	700
512	576	768	532	590	761
512	576	832	537	593	824
512	576	896	541	594	886
512	576	960	546	596	949
512	576	1023	551	598	1010
512	640	0	514	637	75
512	640	64	513	640	96
512	640	128	514	641	144
512	640	192	514	641	203
512	640	256	516	642	263
512	640	320	517	643	325
512	640	384	519	643	387
512	640	448	521	644	449
512	640	512	524	645	510
512	640	576	527	647	575
512	640	640	530	648	639
512	640	704	533	649	701
512	640	768	538	652	763
512	640	832	542	653	825
512	640	896	546	654	887
512	640	960	551	656	950
512	640	1023	556	658	1011
512	704	0	520	700	82
512	704	64	519	703	102
512	704	128	519	703	148
512	704	192	520	704	206
512	704	256	521	704	266
512	704	320	523	705	327
512	704	384	525	706	389
512	704	448	527	707	451
512	704	512	529	708	511
512	704	576	533	709	577
512	704	640	535	710	640
512	704	704	539	711	703
512	704	768	543	713	764
512	704	832	547	714	826
512	704	896	551	715	888
512	704	960	556	716	951
512	704	1023	561	719	1013
512	768	0	526	760	89
512	768	64	526	764	108
512	768	128	526	764	152
512	768	192	526	765	209
512	768	256	527	765	268
512	768	320	529	766	329
512	768	384	531	767	391
512	768	448	533	767	453
512	768	512	536	769	513
512	768	576	539	770	579
512	768	640	542	771	642
512	768	704	545	771	705
512	768	768	549	773	765
512	768	832	553	775	828
512	768	896	557	775	891
512	768	960	562	777	953
512	768	1023	568	779	1015
512	832	0	531	820	97
512	832	64	531	823	114
512	832	128	531	823	156
512	832	192	532	824	211
512	832	256	533	825	270
512	832	320	534	825	331
512	832	384	536	827	392
512	832	448	538	827	454
512	832	512	541	829	514
512	832	576	545	830	580
512	832	640	547	830	643
512	832	704	550	831	705
512	832	768	554	832	766
512	832	832	559	834	829
512	832	896	563	835	891
512	832	960	566	835	953
512	832	1023	572	837	1015
512	896	0	538	881	104
512	896	64	538	885	120
512	896	128	538	886	160
512	896	192	539	886	215
512	896	256	539	886	273
512	896	320	541	887	333
512	896	384	543	888	394
512	896	448	544	888	455
512	896	512	547	889	515
512	896	576	550	891	580
512	896	640	553	891	643
512	896	704	557	892	707
512	896	768	560	894	767
512	896	832	564	894	829
512	896	896	568	895	892
512	896	960	573	896	954
512	896	1023	578	898	1016
512	960	0	545	942	111
512	960	64	544	945	126
512	960	128	544	946	165
512	960	192	545	947	218
512	960	256	546	947	275
512	960	320	548	948	335
512	960	384	550	949	396
512	960	448	551	949	457
512	960	512	554	950	517
512	960	576	557	952	582
512	960	640	559	951	645
512	960	704	562	952	707
512	960	768	567	954	769
512	960	832	571	955	831
512	960	896	575	955	893
512	960	960	579	956	956
512	960	1023	584	958	1017
512	1023	0	552	1002	118
512	1023	64	551	1004	132
512	1023	128	551	1005	169
512	1023	192	552	1005	221
512	1023	256	553	1006	278
512	1023	320	555	1007	337
512	1023	384	557	1008	398
512	1023	448	558	1007	459
512	1023	512	560	1009	519
512	1023	576	564	1010	584
512	1023	640	566	1009	646
512	1023	704	569	1010	708
512	1023	768	574	1012	770
512	1023	832	577	1012	832
512	1023	896	581	1012	894
512	1023	960	585	1012	957
512	1023	1023	591	1013	1019
576	0	0	555	87	0
576	0	64	555	87	61
576	0	128	555	88	125
576	0	192	555	91	190
576	0	256	556	95	254
576	0	320	557	100	317
576	0	384	559	106	380
576	0	448	561	113	443
576	0	512	564	120	503
576	0	576	567	128	569
576	0	640	569	137	633
576	0	704	572	146	696
576	0	768	576	156	756
576	0	832	580	165	820
576	0	896	584	174	882
576	0	960	588	185	944
576	0	1023	593	194	1007
576	64	0	555	104	0
576	64	64	555	105	62
576	64	128	555	106	125
576	64	192	555	108	190
576	64	256	557	112	254
576	64	320	558	116	317
576	64	384	559	121	380
576	64	448	561	127	443
576	64	512	564	133	503
576	64	576	567	141	569
576	64	640	569	149	633
576	64	704	572	157	695
576	64	768	576	165	756
576	64	832	580	174	820
576	64	896	584	184	882
576	64	960	588	193	944
576	64	1023	593	203	1006
576	128	0	556	150	0
576	128	64	555	151	63
576	128	128	555	152	126
576	128	192	556	153	190
576	128	256	557	155	254
576	128	320	558	158	317
576	128	384	560	162	380
576	128	448	562	166	443
576	128	512	564	171	504
576	128	576	568	177	569
576	128	640	570	183	633
576	128	704	573	189	696
576	128	768	576	196	756
576	128	832	581	203	820
576	128	896	584	211	882
576	128	960	589	219	945
576	128	1023	594	227	1006
576	192	0	557	207	8
576	192	64	556	209	65
576	192	128	556	209	126
576	192	192	557	210	191
576	192	256	558	212	254
576	192	320	559	214	317
576	192	384	561	217	380
576	192	448	563	220	443
576	192	512	565	223	503
576	192	576	568	227	569
576	192	640	571	232	633
576	192	704	574	237	696
576	192	768	578	242	757
576	192	832	582	248	820
576	192	896	585	253	881
576	192	960	589	259	944
576	192	1023	594	267	1006
576	256	0	559	266	23
576	256	64	558	268	68
576	256	128	557	268	128
576	256	192	558	269	192
576	256	256	559	270	255
576	256	320	561	272	318
576	256	384	562	274	381
576	256	448	564	276	444
576	256	512	566	278	504
576	256	576	570	282	570
576	256	640	572	285	633
576	256	704	576	289	697
576	256	768	579	293	757
576	256	832	582	298	820
576	256	896	586	302	882
576	256	960	591	307	945
576	256	1023	596	313	1006
576	320	0	560	327	33
576	320	64	559	329	71
576	320	128	559	330	129
576	320	192	560	331	193
576	320	256	560	331	255
576	320	320	562	333	318
576	320	384	564	335	381
576	320	448	565	336	444
576	320	512	568	339	505
576	320	576	571	342	570
576	320	640	574	344	634
576	320	704	577	347	696
576	320	768	580	350	757
576	320	832	585	354	820
576	320	896	588	357	883
576	320	960	593	362	945
576	320	1023	598	366	1007
576	384	0	562	388	42
576	384	64	562	391	75
576	384	128	562	391	131
576	384	192	562	392	194
576	384	256	563	392	256
576	384	320	564	394	319
576	384	384	567	395	382
576	384	448	569	397	445
576	384	512	570	398	505
576	384	576	574	401	571
576	384	640	577	403	635
576	384	704	580	406	698
576	384	768	583	408	758
576	384	832	587	411	821
576	384	896	590	413	882
576	384	960	594	417	945
576	384	1023	599	421	1007
576	448	0	565	449	50
576	448	64	564	452	80
576	448	128	564	452	134
576	448	192	565	453	196
576	448	256	566	454	258
576	448	320	568	455	321
576	448	384	569	456	383
576	448	448	571	457	446
576	448	512	573	459	506
576	448	576	576	461	572
576	448	640	579	462	635
576	448	704	582	464	698
576	448	768	586	468	760
576	448	832	590	470	822
576	448	896	593	472	884
576	448	960	597	475	946
576	448	1023	602	478	1008
576	512	0	568	509	58
576	512	64	568	513	84
576	512	128	567	513	136
576	512	192	569	514	198
576	512	256	569	514	260
576	512	320	571	515	322
576	512	384	572	516	384
576	512	448	575	517	447
576	512	512	576	518	507
576	512	576	580	521	573
576	512	640	582	522	637
576	512	704	585	524	699
576	512	768	589	526	760
576	512	832	593	528	823
576	512	896	595	529	884
576	512	960	600	532	947
576	512	1023	605	535	1009
576	576	0	572	576	66
576	576	64	572	580	90
576	576	128	572	580	140
576	576	192	572	580	200
576	576	256	573	581	261
576	576	320	575	582	323
576	576	384	577	583	385
576	576	448	578	584	448
576	576	512	581	585	508
576	576	576	584	587	574
576	576	640	586	588	637
576	576	704	589	589	700
576	576	768	592	591	760
576	576	832	597	593	824
576	576	896	600	595	886
576	576	960	604	597	949
576	576	1023	609	600	1010
576	640	0	577	638	74
576	640	64	577	641	95
576	640	128	577	642	143
576	640	192	578	642	203
576	640	256	578	643	263
576	640	320	580	644	325
576	640	384	582	645	387
576	640	448	583	645	449
576	640	512	585	646	509
576	640	576	588	648	575
576	640	640	590	648	638
576	640	704	593	649	701
576	640	768	598	652	762
576	640	832	601	653	825
576	640	896	605	655	887
576	640	960	609	656	950
576	640	1023	614	659	1011
576	704	0	583	701	82
576	704	64	582	704	102
576	704	128	582	704	147
576	704	192	583	705	205
576	704	256	583	705	265
576	704	320	585	706	327
576	704	384	586	707	389
576	704	448	588	708	451
576	704	512	591	709	512
576	704	576	594	711	577
576	704	640	596	711	640
576	704	704	599	712	703
576	704	768	602	713	763
576	704	832	607	716	827
576	704	896	610	716	889
576	704	960	613	717	951
576	704	1023	618	719	1013
576	768	0	588	761	89
576	768	64	587	765	108
576	768	128	587	765	152
576	768	192	588	765	208
576	768	256	589	766	268
576	768	320	590	767	329
576	768	384	592	767	391
576	768	448	593	768	453
576	768	512	596	769	513
576	768	576	599	771	579
576	768	640	601	771	642
576	768	704	604	772	704
576	768	768	607	773	765
576	768	832	612	775	828
576	768	896	615	776	890
576	768	960	619	777	953
576	768	1023	624	779	1015
576	832	0	593	821	96
576	832	64	592	825	114
576	832	128	592	825	155
576	832	192	593	825	211
576	832	256	594	825	270
576	832	320	595	826	331
576	832	384	597	828	392
576	832	448	598	828	454
576	832	512	601	829	514
576	832	576	604	830	580
576	832	640	606	830	643
576	832	704	609	831	705
576	832	768	612	832	766
576	832	832	616	835	829
576	832	896	620	835	891
576	832	960	624	836	954
576	832	1023	628	838	1016
576	896	0	598	882	103
576	896	64	598	886	119
576	896	128	598	886	160
576	896	192	599	886	214
576	896	256	599	887	272
576	896	320	600	887	332
576	896	384	602	889	394
576	896	448	604	889	456
576	896	512	606	890	515
576	896	576	609	891	580
576	896	640	612	892	644
576	896	704	614	892	706
576	896	768	618	894	767
576	896	832	622	896	830
576	896	896	624	895	891
576	896	960	628	896	954
576	896	1023	633	898	1016
576	960	0	604	942	111
576	960	64	604	947	125
576	960	128	604	946	164
576	960	192	604	947	217
576	960	256	605	947	275
576	960	320	606	948	335
576	960	384	609	950	396
576	960	448	610	949	457
576	960	512	612	950	516
576	960	576	615	952	582
576	960	640	617	951	644
576	960	704	620	953	708
576	960	768	623	954	768
576	960	832	627	955	830
576	960	896	630	955	893
576	960	960	634	956	955
576	960	1023	639	958	1017
576	1023	0	611	1002	118
576	1023	64	610	1006	132
576	1023	128	610	1005	169
576	1023	192	611	1006	221
576	1023	256	612	1007	278
576	1023	320	613	1007	337
576	1023	384	615	1008	397
576	1023	448	616	1008	459
576	1023	512	618	1009	518
576	1023	576	621	1011	583
576	1023	640	623	1010	646
576	1023	704	627	1011	709
576	1023	768	630	1012	770
576	1023	832	633	1013	832
576	1023	896	636	1013	894
576	1023	960	640	1013	957
576	1023	1023	645	1013	1019
640	0	0	614	96	0
640	0	64	613	96	61
640	0	128	613	97	125
640	0	192	613	99	190
640	0	256	615	103	253
640	0	320	616	108	317
640	0	384	617	113	380
640	0	448	619	120	443
640	0	512	621	126	503
640	0	576	624	134	569
640	0	640	626	143	633
640	0	704	628	152	695
640	0	768	632	161	757
640	0	832	636	169	820
640	0	896	639	179	882
640	0	960	643	189	945
640	0	1023	647	199	1007
640	64	0	615	112	0
640	64	64	613	112	61
640	64	128	614	113	125
640	64	192	614	115	190
640	64	256	615	118	254
640	64	320	616	122	317
640	64	384	617	127	380
640	64	448	619	133	443
640	64	512	621	139	503
640	64	576	624	146	570
640	64	640	626	154	633
640	64	704	629	162	695
640	64	768	633	170	757
640	64	832	636	178	820
640	64	896	639	187	882
640	64	960	643	196	945
640	64	1023	647	207	1006
640	128	0	614	155	0
640	128	64	614	156	62
640	128	128	614	157	125
640	128	192	614	158	190
640	128	256	616	160	254
640	128	320	616	163	317
640	128	384	618	167	380
640	128	448	619	171	443
640	128	512	622	175	503
640	128	576	625	181	569
640	128	640	626	187	633
640	128	704	629	193	696
640	128	768	632	200	756
640	128	832	636	207	820
640	128	896	639	214	882
640	128	960	643	222	945
640	128	1023	648	230	1007
640	192	0	616	210	0
640	192	64	615	212	65
640	192	128	615	213	126
640	192	192	615	214	191
640	192	256	616	215	254
640	192	320	617	217	317
640	192	384	619	220	380
640	192	448	620	223	443
640	192	512	623	226	504
640	192	576	626	231	570
640	192	640	627	235	633
640	192	704	630	240	696
640	192	768	633	245	757
640	192	832	637	250	820
640	192	896	641	256	883
640	192	960	645	262	945
640	192	1023	649	270	1007
640	256	0	617	268	20
640	256	64	616	270	67
640	256	128	616	270	127
640	256	192	617	272	192
640	256	256	617	273	255
640	256	320	619	274	318
640	256	384	620	277	381
640	256	448	622	279	444
640	256	512	624	281	504
640	256	576	626	285	570
640	256	640	629	288	634
640	256	704	632	292	697
640	256	768	635	296	757
640	256	832	639	301	821
640	256	896	641	304	882
640	256	960	645	309	945
640	256	1023	650	315	1006
640	320	0	618	329	32
640	320	64	617	332	70
640	320	128	618	332	129
640	320	192	618	333	193
640	320	256	619	334	256
640	320	320	620	335	319
640	320	384	622	337	381
640	320	448	623	339	444
640	320	512	625	341	505
640	320	576	628	344	571
640	320	640	630	346	634
640	320	704	633	349	696
640	320	768	636	352	757
640	320	832	640	356	820
640	320	896	643	359	883
640	320	960	647	363	946
640	320	1023	652	368	1008
640	384	0	621	390	41
640	384	64	620	393	74
640	384	128	620	393	131
640	384	192	621	394	194
640	384	256	621	394	257
640	384	320	622	396	319
640	384	384	624	397	382
640	384	448	626	399	445
640	384	512	628	401	506
640	384	576	631	403	571
640	384	640	633	405	635
640	384	704	635	407	697
640	384	768	638	410	758
640	384	832	642	413	822
640	384	896	645	416	884
640	384	960	648	419	945
640	384	1023	653	423	1007
640	448	0	623	451	49
640	448	64	622	453	79
640	448	128	622	454	134
640	448	192	623	455	196
640	448	256	624	456	258
640	448	320	625	457	321
640	448	384	627	458	383
640	448	448	628	459	446
640	448	512	630	460	506
640	448	576	633	462	572
640	448	640	635	464	635
640	448	704	637	466	698
640	448	768	641	469	760
640	448	832	644	471	821
640	448	896	647	473	884
640	448	960	651	476	946
640	448	1023	656	480	1008
640	512	0	626	511	58
640	512	64	626	514	84
640	512	128	626	515	137
640	512	192	626	515	198
640	512	256	627	516	259
640	512	320	628	516	322
640	512	384	630	518	384
640	512	448	631	519	447
640	512	512	634	520	507
640	512	576	636	523	573
640	512	640	638	523	637
640	512	704	641	525	699
640	512	768	644	527	760
640	512	832	648	530	823
640	512	896	651	531	885
640	512	960	655	534	948
640	512	1023	658	536	1009
640	576	0	629	577	66
640	576	64	629	581	90
640	576	128	629	581	140
640	576	192	629	582	200
640	576	256	631	583	261
640	576	320	632	584	324
640	576	384	633	584	385
640	576	448	634	585	448
640	576	512	637	587	508
640	576	576	640	588	574
640	576	640	642	589	637
640	576	704	644	590	700
640	576	768	647	592	761
640	576	832	651	595	824
640	576	896	654	596	886
640	576	960	658	598	949
640	576	1023	663	601	1011
640	640	0	634	639	73
640	640	64	634	643	95
640	640	128	633	643	143
640	640	192	634	643	203
640	640	256	635	644	263
640	640	320	636	644	325
640	640	384	638	646	387
640	640	448	639	646	449
640	640	512	641	648	510
640	640	576	644	649	575
640	640	640	645	650	638
640	640	704	649	652	702
640	640	768	652	653	762
640	640	832	655	655	825
640	640	896	658	656	887
640	640	960	662	657	950
640	640	1023	666	660	1011
640	704	0	639	702	81
640	704	64	638	705	101
640	704	128	639	706	148
640	704	192	639	706	205
640	704	256	639	706	265
640	704	320	641	707	327
640	704	384	643	708	389
640	704	448	644	709	451
640	704	512	646	710	512
640	704	576	649	712	577
640	704	640	651	712	640
640	704	704	653	713	703
640	704	768	656	714	763
640	704	832	660	717	827
640	704	896	663	717	889
640	704	960	667	719	951
640	704	1023	672	721	1014
640	768	0	645	763	88
640	768	64	643	766	107
640	768	128	644	766	152
640	768	192	644	767	208
640	768	256	645	767	268
640	768	320	646	768	329
640	768	384	648	769	391
640	768	448	649	769	453
640	768	512	651	770	513
640	768	576	654	772	579
640	768	640	656	772	642
640	768	704	658	773	704
640	768	768	662	775	766
640	768	832	665	776	828
640	768	896	668	777	890
640	768	960	672	778	953
640	768	1023	676	780	1015
640	832	0	649	822	95
640	832	64	648	826	113
640	832	128	648	826	155
640	832	192	648	826	211
640	832	256	649	827	270
640	832	320	650	827	331
640	832	384	652	828	392
640	832	448	653	828	454
640	832	512	655	829	514
640	832	576	658	831	579
640	832	640	660	831	643
640	832	704	662	832	705
640	832	768	666	833	766
640	832	832	670	835	829
640	832	896	672	836	891
640	832	960	676	837	954
640	832	1023	680	839	1016
640	896	0	654	883	103
640	896	64	653	887	119
640	896	128	653	888	160
640	896	192	653	888	214
640	896	256	654	888	272
640	896	320	655	888	332
640	896	384	657	890	394
640	896	448	659	890	456
640	896	512	661	891	515
640	896	576	664	893	581
640	896	640	665	893	644
640	896	704	668	893	706
640	896	768	671	895	767
640	896	832	675	897	830
640	896	896	677	897	892
640	896	960	681	898	955
640	896	1023	686	900	1017
640	960	0	659	943	111
640	960	64	659	948	126
640	960	128	658	948	164
640	960	192	659	948	218
640	960	256	659	948	275
640	960	320	661	949	335
640	960	384	663	950	396
640	960	448	664	951	457
640	960	512	665	951	516
640	960	576	668	952	582
640	960	640	671	954	645
640	960	704	673	954	708
640	960	768	676	955	768
640	960	832	680	957	831
640	960	896	682	956	893
640	960	960	685	957	956
640	960	1023	689	959	1017
640	1023	0	665	1003	118
640	1023	64	664	1007	132
640	1023	128	664	1006	169
640	1023	192	665	1007	221
640	1023	256	666	1008	277
640	1023	320	667	1008	337
640	1023	384	668	1009	398
640	1023	448	670	1010	459
640	1023	512	671	1010	518
640	1023	576	674	1011	583
640	1023	640	675	1011	646
640	1023	704	679	1012	709
640	1023	768	682	1013	770
640	1023	832	685	1013	832
640	1023	896	688	1013	894
640	1023	960	691	1014	957
640	1023	1023	695	1014	1019
704	0	0	675	105	0
704	0	64	674	105	59
704	0	128	673	106	124
704	0	192	674	108	189
704	0	256	675	112	253
704	0	320	675	116	316
704	0	384	677	121	379
704	0	448	678	126	442
704	0	512	680	133	503
704	0	576	683	140	569
704	0	640	685	148	632
704	0	704	688	156	696
704	0	768	691	165	756
704	0	832	693	174	819
704	0	896	696	183	881
704	0	960	699	193	944
704	0	1023	704	202	1006
704	64	0	675	119	0
704	64	64	674	120	60
704	64	128	674	121	124
704	64	192	674	123	190
704	64	256	675	126	253
704	64	320	676	130	316
704	64	384	678	134	380
704	64	448	678	139	442
704	64	512	681	145	503
704	64	576	684	152	569
704	64	640	685	159	633
704	64	704	688	167	696
704	64	768	691	174	757
704	64	832	694	183	819
704	64	896	696	192	881
704	64	960	700	201	944
704	64	1023	704	210	1006
704	128	0	675	160	0
704	128	64	674	161	61
704	128	128	674	162	125
704	128	192	675	163	190
704	128	256	675	165	253
704	128	320	676	168	317
704	128	384	678	172	380
704	128	448	679	175	442
704	128	512	681	180	503
704	128	576	684	185	569
704	128	640	685	191	633
704	128	704	687	197	695
704	128	768	691	204	757
704	128	832	694	210	819
704	128	896	697	218	881
704	128	960	700	226	944
704	128	1023	704	234	1006
704	192	0	675	214	0
704	192	64	675	215	63
704	192	128	675	216	126
704	192	192	675	217	190
704	192	256	676	219	254
704	192	320	678	221	317
704	192	384	678	223	380
704	192	448	680	226	443
704	192	512	682	229	503
704	192	576	685	234	569
704	192	640	686	238	633
704	192	704	688	242	696
704	192	768	691	247	756
704	192	832	695	253	819
704	192	896	697	259	882
704	192	960	701	265	945
704	192	1023	706	272	1007
704	256	0	677	271	15
704	256	64	676	273	66
704	256	128	676	273	127
704	256	192	676	274	191
704	256	256	677	275	254
704	256	320	678	277	317
704	256	384	680	279	380
704	256	448	681	281	443
704	256	512	683	284	504
704	256	576	686	287	570
704	256	640	688	290	634
704	256	704	690	294	696
704	256	768	692	298	757
704	256	832	697	302	820
704	256	896	699	307	882
704	256	960	703	312	945
704	256	1023	707	318	1007
704	320	0	678	331	30
704	320	64	678	334	69
704	320	128	677	334	129
704	320	192	678	335	192
704	320	256	679	336	255
704	320	320	680	337	318
704	320	384	681	339	381
704	320	448	682	340	444
704	320	512	684	342	504
704	320	576	687	345	570
704	320	640	688	347	633
704	320	704	691	351	697
704	320	768	695	354	758
704	320	832	697	357	820
704	320	896	700	361	882
704	320	960	703	365	945
704	320	1023	708	370	1007
704	384	0	680	391	39
704	384	64	679	394	74
704	384	128	680	395	130
704	384	192	680	395	194
704	384	256	681	396	256
704	384	320	681	397	319
704	384	384	683	399	382
704	384	448	684	400	444
704	384	512	687	402	505
704	384	576	689	404	571
704	384	640	691	406	634
704	384	704	693	408	697
704	384	768	696	411	758
704	384	832	699	414	821
704	384	896	702	417	883
704	384	960	706	420	946
704	384	1023	710	425	1008
704	448	0	683	452	48
704	448	64	682	455	78
704	448	128	681	455	133
704	448	192	682	456	195
704	448	256	683	457	258
704	448	320	684	458	320
704	448	384	686	459	383
704	448	448	687	460	446
704	448	512	689	462	506
704	448	576	691	464	571
704	448	640	694	466	635
704	448	704	696	467	698
704	448	768	699	470	759
704	448	832	703	473	822
704	448	896	704	474	883
704	448	960	707	477	946
704	448	1023	712	481	1008
704	512	0	686	512	55
704	512	64	685	515	83
704	512	128	685	516	136
704	512	192	685	516	197
704	512	256	686	517	259
704	512	320	687	517	321
704	512	384	689	519	384
704	512	448	690	520	447
704	512	512	692	521	507
704	512	576	694	523	573
704	512	640	696	524	636
704	512	704	698	526	699
704	512	768	701	528	760
704	512	832	705	530	823
704	512	896	707	532	885
704	512	960	711	535	948
704	512	1023	715	538	1009
704	576	0	689	579	64
704	576	64	689	583	89
704	576	128	688	583	139
704	576	192	689	583	200
704	576	256	690	584	261
704	576	320	691	584	323
704	576	384	692	586	385
704	576	448	693	586	448
704	576	512	695	587	508
704	576	576	698	589	574
704	576	640	699	590	637
704	576	704	702	592	700
704	576	768	705	594	761
704	576	832	708	595	823
704	576	896	710	596	885
704	576	960	714	598	948
704	576	1023	718	601	1010
704	640	0	693	640	72
704	640	64	692	643	95
704	640	128	692	644	143
704	640	192	693	644	202
704	640	256	693	644	263
704	640	320	694	645	325
704	640	384	696	646	386
704	640	448	697	647	449
704	640	512	699	648	509
704	640	576	702	650	575
704	640	640	704	651	638
704	640	704	706	652	701
704	640	768	708	653	762
704	640	832	712	656	825
704	640	896	715	657	887
704	640	960	718	658	950
704	640	1023	722	661	1012
704	704	0	697	701	80
704	704	64	696	705	100
704	704	128	696	706	146
704	704	192	697	706	204
704	704	256	698	707	265
704	704	320	699	708	327
704	704	384	700	708	388
704	704	448	701	709	450
704	704	512	703	710	511
704	704	576	706	712	576
704	704	640	707	712	639
704	704	704	710	713	702
704	704	768	712	714	763
704	704	832	716	717	826
704	704	896	719	717	888
704	704	960	722	719	951
704	704	1023	726	721	1013
704	768	0	702	762	88
704	768	64	702	766	106
704	768	128	701	766	150
704	768	192	702	767	208
704	768	256	703	767	267
704	768	320	703	768	329
704	768	384	705	769	391
704	768	448	707	770	453
704	768	512	708	770	513
704	768	576	710	771	578
704	768	640	713	773	642
704	768	704	715	774	704
704	768	768	718	775	765
704	768	832	722	777	828
704	768	896	723	776	889
704	768	960	727	778	953
704	768	1023	730	780	1014
704	832	0	707	822	95
704	832	64	705	826	112
704	832	128	705	826	155
704	832	192	706	827	211
704	832	256	707	827	269
704	832	320	708	828	330
704	832	384	709	829	392
704	832	448	710	829	453
704	832	512	712	830	513
704	832	576	715	831	579
704	832	640	716	831	642
704	832	704	718	832	704
704	832	768	722	834	766
704	832	832	725	835	828
704	832	896	727	836	890
704	832	960	730	837	953
704	832	1023	735	839	1015
704	896	0	711	883	102
704	896	64	710	887	118
704	896	128	710	888	159
704	896	192	710	888	214
704	896	256	712	889	272
704	896	320	713	889	332
704	896	384	714	890	393
704	896	448	715	890	455
704	896	512	717	891	515
704	896	576	720	893	580
704	896	640	721	893	643
704	896	704	723	893	706
704	896	768	726	894	766
704	896	832	729	897	829
704	896	896	732	897	892
704	896	960	735	898	954
704	896	1023	739	900	1016
704	960	0	715	943	110
704	960	64	715	948	125
704	960	128	715	948	164
704	960	192	715	948	217
704	960	256	716	949	274
704	960	320	717	949	334
704	960	384	718	950	395
704	960	448	720	951	457
704	960	512	722	952	517
704	960	576	724	954	582
704	960	640	726	953	644
704	960	704	728	954	707
704	960	768	730	955	767
704	960	832	734	957	830
704	960	896	737	957	893
704	960	960	740	958	956
704	960	1023	744	960	1018
704	1023	0	721	1002	117
704	1023	64	720	1007	131
704	1023	128	721	1008	169
704	1023	192	721	1007	220
704	1023	256	721	1007	277
704	1023	320	722	1008	336
704	1023	384	724	1009	397
704	1023	448	725	1010	458
704	1023	512	727	1011	518
704	1023	576	730	1012	584
704	1023	640	731	1012	646
704	1023	704	733	1012	709
704	1023	768	736	1013	769
704	1023	832	740	1015	832
704	1023	896	742	1015	894
704	1023	960	745	1015	957
704	1023	1023	749	1015	1020
768	0	0	735	114	0
768	0	64	734	114	59
768	0	128	733	115	124
768	0	192	734	117	189
768	0	256	734	120	253
768	0	320	735	123	316
768	0	384	737	128	379
768	0	448	738	134	442
768	0	512	740	140	503
768	0	576	742	147	569
768	0	640	744	154	633
768	0	704	746	162	695
768	0	768	748	170	756
768	0	832	752	179	820
768	0	896	754	188	882
768	0	960	757	197	945
768	0	1023	760	206	1006
768	64	0	735	127	0
768	64	64	734	127	60
768	64	128	734	128	124
768	64	192	734	130	189
768	64	256	734	133	253
768	64	320	735	136	316
768	64	384	737	141	379
768	64	448	738	146	442
768	64	512	740	151	503
768	64	576	743	157	569
768	64	640	744	164	633
768	64	704	746	172	695
768	64	768	748	180	756
768	64	832	752	188	819
768	64	896	754	196	882
768	64	960	758	205	945
768	64	1023	760	214	1005
768	128	0	735	165	0
768	128	64	734	166	60
768	128	128	733	167	124
768	128	192	734	168	190
768	128	256	735	170	253
768	128	320	736	173	316
768	128	384	737	176	379
768	128	448	738	180	443
768	128	512	740	184	503
768	128	576	742	190	569
768	128	640	745	195	633
768	128	704	746	201	695
768	128	768	749	208	757
768	128	832	753	215	820
768	128	896	754	221	881
768	128	960	757	229	944
768	128	1023	761	237	1006
768	192	0	735	218	0
768	192	64	735	219	62
768	192	128	734	220	125
768	192	192	735	221	190
768	192	256	735	223	253
768	192	320	736	225	317
768	192	384	738	227	380
768	192	448	739	230	443
768	192	512	740	233	503
768	192	576	743	237	569
768	192	640	744	241	632
768	192	704	747	246	696
768	192	768	750	251	757
768	192	832	753	256	819
768	192	896	754	262	881
768	192	960	758	268	944
768	192	1023	762	275	1006
768	256	0	737	274	11
768	256	64	735	275	65
768	256	128	736	276	127
768	256	192	736	277	191
768	256	256	737	278	254
768	256	320	738	280	317
768	256	384	740	282	381
768	256	448	740	284	443
768	256	512	742	286	504
768	256	576	744	290	569
768	256	640	746	293	633
768	256	704	747	296	695
768	256	768	751	301	757
768	256	832	754	305	820
768	256	896	756	309	882
768	256	960	759	315	945
768	256	1023	763	320	1007
768	320	0	738	334	27
768	320	64	737	336	69
768	320	128	737	336	128
768	320	192	737	337	192
768	320	256	738	338	255
768	320	320	739	339	318
768	320	384	740	341	381
768	320	448	741	343	443
768	320	512	743	345	504
768	320	576	746	348	570
768	320	640	747	350	633
768	320	704	749	353	696
768	320	768	752	356	757
768	320	832	755	360	820
768	320	896	758	363	882
768	320	960	760	367	944
768	320	1023	764	372	1006
768	384	0	740	393	37
768	384	64	738	396	72
768	384	128	739	397	130
768	384	192	739	397	194
768	384	256	740	398	256
768	384	320	741	399	319
768	384	384	742	401	382
768	384	448	743	401	444
768	384	512	744	403	504
768	384	576	747	406	570
768	384	640	748	407	633
768	384	704	750	410	696
768	384	768	754	413	758
768	384	832	757	416	820
768	384	896	759	419	883
768	384	960	762	422	945
768	384	1023	766	426	1007
768	448	0	742	454	48
768	448	64	741	457	78
768	448	128	741	457	133
768	448	192	741	458	195
768	448	256	741	458	257
768	448	320	742	459	320
768	448	384	744	461	382
768	448	448	745	462	445
768	448	512	747	463	506
768	448	576	750	465	571
768	448	640	751	467	635
768	448	704	753	468	697
768	448	768	756	471	758
768	448	832	759	474	822
768	448	896	761	476	884
768	448	960	765	479	947
768	448	1023	769	482	1009
768	512	0	744	513	55
768	512	64	744	517	82
768	512	128	743	517	135
768	512	192	744	517	197
768	512	256	744	518	259
768	512	320	745	519	321
768	512	384	747	520	384
768	512	448	748	521	446
768	512	512	749	522	506
768	512	576	752	524	572
768	512	640	753	525	635
768	512	704	755	526	698
768	512	768	759	529	760
768	512	832	761	531	822
768	512	896	764	533	884
768	512	960	767	535	947
768	512	1023	771	538	1009
768	576	0	748	580	64
768	576	64	747	583	88
768	576	128	746	583	139
768	576	192	747	584	200
768	576	256	747	584	260
768	576	320	748	585	322
768	576	384	750	586	385
768	576	448	751	587	447
768	576	512	752	588	507
768	576	576	756	590	574
768	576	640	757	591	637
768	576	704	759	592	699
768	576	768	762	594	760
768	576	832	765	597	824
768	576	896	766	597	885
768	576	960	769	599	948
768	576	1023	773	602	1009
768	640	0	751	640	71
768	640	64	750	644	94
768	640	128	750	644	142
768	640	192	750	645	202
768	640	256	752	646	263
768	640	320	753	646	324
768	640	384	753	647	386
768	640	448	755	647	448
768	640	512	756	649	509
768	640	576	759	651	575
768	640	640	760	651	638
768	640	704	762	652	700
768	640	768	765	654	761
768	640	832	769	656	824
768	640	896	771	657	887
768	640	960	773	659	949
768	640	1023	777	662	1011
768	704	0	756	703	79
768	704	64	755	707	100
768	704	128	754	707	146
768	704	192	755	707	204
768	704	256	755	707	265
768	704	320	756	708	326
768	704	384	758	710	388
768	704	448	759	709	450
768	704	512	760	710	510
768	704	576	763	712	576
768	704	640	764	712	639
768	704	704	767	714	702
768	704	768	770	716	763
768	704	832	772	717	825
768	704	896	774	718	888
768	704	960	777	719	951
768	704	1023	781	721	1012
768	768	0	760	763	87
768	768	64	759	767	106
768	768	128	759	768	151
768	768	192	760	768	208
768	768	256	760	768	267
768	768	320	761	769	328
768	768	384	762	770	390
768	768	448	764	770	452
768	768	512	766	771	513
768	768	576	768	773	578
768	768	640	769	773	641
768	768	704	771	774	704
768	768	768	774	775	764
768	768	832	777	777	828
768	768	896	779	778	890
768	768	960	782	779	953
768	768	1023	786	781	1015
768	832	0	764	823	95
768	832	64	763	827	112
768	832	128	763	827	154
768	832	192	763	827	210
768	832	256	763	827	269
768	832	320	764	828	330
768	832	384	766	829	391
768	832	448	767	830	454
768	832	512	768	830	513
768	832	576	771	831	578
768	832	640	773	833	642
768	832	704	775	833	705
768	832	768	777	834	765
768	832	832	781	836	829
768	832	896	782	836	890
768	832	960	785	837	953
768	832	1023	789	839	1015
768	896	0	768	884	102
768	896	64	768	888	118
768	896	128	767	888	159
768	896	192	768	889	214
768	896	256	768	889	271
768	896	320	769	890	332
768	896	384	771	891	393
768	896	448	771	890	454
768	896	512	773	891	514
768	896	576	775	893	580
768	896	640	777	893	642
768	896	704	780	895	706
768	896	768	782	896	767
768	896	832	784	896	828
768	896	896	787	897	891
768	896	960	790	898	954
768	896	1023	793	900	1016
768	960	0	773	945	110
768	960	64	771	948	124
768	960	128	772	949	164
768	960	192	772	949	217
768	960	256	773	950	274
768	960	320	774	951	334
768	960	384	775	952	395
768	960	448	776	951	456
768	960	512	778	952	516
768	960	576	780	954	581
768	960	640	781	954	644
768	960	704	783	954	707
768	960	768	787	957	768
768	960	832	789	957	830
768	960	896	791	957	893
768	960	960	795	958	956
768	960	1023	798	960	1017
768	1023	0	778	1003	116
768	1023	64	777	1007	131
768	1023	128	777	1008	168
768	1023	192	777	1007	220
768	1023	256	778	1009	277
768	1023	320	779	1010	337
768	1023	384	780	1010	397
768	1023	448	781	1010	458
768	1023	512	783	1011	518
768	1023	576	785	1012	583
768	1023	640	787	1012	646
768	1023	704	789	1012	708
768	1023	768	791	1013	769
768	1023	832	794	1015	832
768	1023	896	797	1014	894
768	1023	960	799	1015	957
768	1023	1023	803	1015	1019
832	0	0	793	123	0
832	0	64	792	122	58
832	0	128	792	124	123
832	0	192	792	125	189
832	0	256	793	128	253
832	0	320	794	132	316
832	0	384	795	136	379
832	0	448	796	142	442
832	0	512	798	147	503
832	0	576	800	154	569
832	0	640	801	161	632
832	0	704	803	168	695
832	0	768	806	176	756
832	0	832	809	185	819
832	0	896	811	193	881
832	0	960	814	202	945
832	0	1023	817	211	1006
832	64	0	793	135	0
832	64	64	792	135	57
832	64	128	792	136	123
832	64	192	793	138	189
832	64	256	794	141	253
832	64	320	795	144	316
832	64	384	795	148	379
832	64	448	796	153	442
832	64	512	798	157	503
832	64	576	800	164	569
832	64	640	801	170	632
832	64	704	803	177	695
832	64	768	806	184	756
832	64	832	809	193	819
832	64	896	811	201	881
832	64	960	814	209	945
832	64	1023	818	218	1006
832	128	0	794	171	0
832	128	64	793	172	59
832	128	128	793	173	124
832	128	192	793	174	189
832	128	256	793	176	253
832	128	320	794	179	316
832	128	384	796	182	379
832	128	448	797	185	442
832	128	512	798	190	503
832	128	576	801	195	569
832	128	640	802	200	632
832	128	704	804	206	695
832	128	768	806	212	756
832	128	832	810	219	819
832	128	896	812	226	882
832	128	960	815	233	945
832	128	1023	818	241	1007
832	192	0	795	222	0
832	192	64	793	223	61
832	192	128	794	224	125
832	192	192	794	225	190
832	192	256	794	226	253
832	192	320	795	229	316
832	192	384	796	231	379
832	192	448	797	234	443
832	192	512	799	237	503
832	192	576	802	241	569
832	192	640	803	245	633
832	192	704	805	250	696
832	192	768	807	255	757
832	192	832	811	260	820
832	192	896	813	265	882
832	192	960	815	272	945
832	192	1023	818	278	1006
832	256	0	795	277	0
832	256	64	795	279	63
832	256	128	794	279	126
832	256	192	795	280	191
832	256	256	795	281	254
832	256	320	796	283	317
832	256	384	798	285	380
832	256	448	799	287	443
832	256	512	800	289	503
832	256	576	802	293	569
832	256	640	804	296	633
832	256	704	806	299	696
832	256	768	809	303	757
832	256	832	812	308	821
832	256	896	813	312	882
832	256	960	815	317	944
832	256	1023	819	322	1007
832	320	0	796	336	22
832	320	64	796	339	67
832	320	128	796	339	128
832	320	192	796	340	192
832	320	256	797	341	255
832	320	320	798	342	318
832	320	384	799	344	380
832	320	448	799	345	443
832	320	512	801	347	504
832	320	576	804	350	570
832	320	640	805	352	633
832	320	704	806	355	696
832	320	768	809	358	757
832	320	832	812	362	820
832	320	896	815	365	882
832	320	960	817	369	945
832	320	1023	821	374	1007
832	384	0	798	395	35
832	384	64	797	398	72
832	384	128	797	398	129
832	384	192	797	399	193
832	384	256	798	400	256
832	384	320	799	401	319
832	384	384	800	402	381
832	384	448	801	404	444
832	384	512	802	405	504
832	384	576	806	408	571
832	384	640	807	410	634
832	384	704	808	412	697
832	384	768	811	415	758
832	384	832	814	418	821
832	384	896	815	420	882
832	384	960	818	424	945
832	384	1023	822	427	1007
832	448	0	801	456	45
832	448	64	799	458	76
832	448	128	799	459	132
832	448	192	800	460	195
832	448	256	800	460	257
832	448	320	801	461	320
832	448	384	803	463	382
832	448	448	803	463	445
832	448	512	805	464	505
832	448	576	807	467	571
832	448	640	808	468	634
832	448	704	810	470	697
832	448	768	813	473	759
832	448	832	816	475	821
832	448	896	818	477	884
832	448	960	820	480	946
832	448	1023	824	484	1008
832	512	0	803	515	54
832	512	64	802	518	81
832	512	128	801	518	135
832	512	192	802	519	196
832	512	256	803	519	258
832	512	320	803	520	321
832	512	384	805	522	383
832	512	448	806	523	446
832	512	512	808	524	507
832	512	576	810	526	573
832	512	640	811	527	636
832	512	704	813	529	699
832	512	768	815	531	759
832	512	832	819	534	823
832	512	896	821	535	885
832	512	960	823	536	947
832	512	1023	826	540	1009
832	576	0	806	581	62
832	576	64	805	584	88
832	576	128	805	585	138
832	576	192	805	585	199
832	576	256	806	586	260
832	576	320	806	586	322
832	576	384	808	588	385
832	576	448	809	588	447
832	576	512	810	590	508
832	576	576	813	591	573
832	576	640	814	592	636
832	576	704	816	593	699
832	576	768	818	595	760
832	576	832	821	598	823
832	576	896	824	599	885
832	576	960	826	601	948
832	576	1023	830	604	1011
832	640	0	810	642	70
832	640	64	809	646	93
832	640	128	808	646	142
832	640	192	809	646	201
832	640	256	809	647	262
832	640	320	810	647	324
832	640	384	811	649	386
832	640	448	812	649	448
832	640	512	814	650	509
832	640	576	816	652	574
832	640	640	817	652	637
832	640	704	820	654	701
832	640	768	822	656	762
832	640	832	824	657	824
832	640	896	826	658	886
832	640	960	829	660	949
832	640	1023	832	662	1011
832	704	0	813	704	78
832	704	64	812	707	99
832	704	128	812	708	146
832	704	192	812	708	204
832	704	256	813	709	264
832	704	320	814	709	326
832	704	384	815	710	388
832	704	448	816	711	450
832	704	512	818	712	510
832	704	576	820	714	576
832	704	640	822	714	639
832	704	704	824	715	702
832	704	768	826	717	763
832	704	832	829	719	826
832	704	896	831	719	888
832	704	960	834	721	951
832	704	1023	837	723	1013
832	768	0	818	765	86
832	768	64	817	768	105
832	768	128	817	768	150
832	768	192	818	770	207
832	768	256	818	770	267
832	768	320	819	771	329
832	768	384	821	772	391
832	768	448	820	771	452
832	768	512	822	772	512
832	768	576	824	774	578
832	768	640	825	774	641
832	768	704	827	774	703
832	768	768	831	777	765
832	768	832	833	778	827
832	768	896	835	778	890
832	768	960	837	780	953
832	768	1023	841	782	1015
832	832	0	821	823	94
832	832	64	820	827	112
832	832	128	820	828	154
832	832	192	820	828	210
832	832	256	821	828	269
832	832	320	821	829	330
832	832	384	823	830	391
832	832	448	824	831	453
832	832	512	826	832	513
832	832	576	828	833	579
832	832	640	829	833	642
832	832	704	831	834	704
832	832	768	833	835	765
832	832	832	836	837	828
832	832	896	838	838	891
832	832	960	841	839	954
832	832	1023	844	841	1016
832	896	0	825	885	101
832	896	64	824	889	118
832	896	128	825	890	158
832	896	192	824	890	213
832	896	256	824	889	271
832	896	320	825	890	331
832	896	384	827	891	393
832	896	448	828	892	455
832	896	512	830	893	515
832	896	576	832	894	580
832	896	640	833	894	643
832	896	704	835	895	705
832	896	768	837	896	766
832	896	832	841	898	829
832	896	896	842	899	892
832	896	960	845	900	955
832	896	1023	847	900	1016
832	960	0	829	945	109
832	960	64	829	950	124
832	960	128	827	949	163
832	960	192	828	950	217
832	960	256	829	950	274
832	960	320	830	951	334
832	960	384	831	952	395
832	960	448	832	953	457
832	960	512	833	952	516
832	960	576	836	954	581
832	960	640	838	955	644
832	960	704	839	955	707
832	960	768	842	957	768
832	960	832	844	957	830
832	960	896	846	957	892
832	960	960	848	958	955
832	960	1023	852	960	1017
832	1023	0	834	1004	116
832	1023	64	833	1009	130
832	1023	128	833	1008	167
832	1023	192	834	1009	220
832	1023	256	834	1009	277
832	1023	320	835	1010	336
832	1023	384	836	1011	397
832	1023	448	836	1010	458
832	1023	512	838	1011	518
832	1023	576	841	1012	582
832	1023	640	841	1012	645
832	1023	704	844	1014	708
832	1023	768	846	1015	769
832	1023	832	849	1015	831
832	1023	896	851	1015	894
832	1023	960	853	1015	957
832	1023	1023	857	1016	1019
896	0	0	851	131	0
896	0	64	850	131	57
896	0	128	849	132	123
896	0	192	849	134	189
896	0	256	850	136	252
896	0	320	851	139	316
896	0	384	852	143	379
896	0	448	853	148	442
896	0	512	854	154	502
896	0	576	856	160	568
896	0	640	858	167	633
896	0	704	860	174	696
896	0	768	862	182	757
896	0	832	864	190	819
896	0	896	866	198	881
896	0	960	869	206	944
896	0	1023	872	215	1007
896	64	0	851	142	0
896	64	64	850	143	56
896	64	128	849	144	123
896	64	192	850	145	189
896	64	256	850	147	253
896	64	320	851	150	316
896	64	384	852	155	379
896	64	448	854	159	443
896	64	512	854	163	502
896	64	576	857	170	568
896	64	640	858	176	633
896	64	704	860	183	696
896	64	768	862	190	757
896	64	832	864	197	819
896	64	896	866	205	881
896	64	960	869	213	944
896	64	1023	872	223	1007
896	128	0	851	177	0
896	128	64	850	178	58
896	128	128	850	179	123
896	128	192	850	180	189
896	128	256	851	182	253
896	128	320	851	184	316
896	128	384	853	187	380
896	128	448	853	191	442
896	128	512	854	194	502
896	128	576	857	200	568
896	128	640	858	204	632
896	128	704	860	211	696
896	128	768	863	217	757
896	128	832	865	223	819
896	128	896	867	230	882
896	128	960	869	237	944
896	128	1023	873	245	1007
896	192	0	852	227	0
896	192	64	850	228	60
896	192	128	850	228	124
896	192	192	851	230	190
896	192	256	851	231	253
896	192	320	852	233	317
896	192	384	854	235	380
896	192	448	853	238	442
896	192	512	855	241	503
896	192	576	858	245	569
896	192	640	859	249	632
896	192	704	860	253	695
896	192	768	864	258	757
896	192	832	865	264	819
896	192	896	867	269	882
896	192	960	870	275	945
896	192	1023	873	281	1007
896	256	0	852	280	0
896	256	64	851	282	63
896	256	128	852	283	125
896	256	192	852	283	190
896	256	256	853	285	254
896	256	320	853	286	317
896	256	384	854	288	380
896	256	448	855	290	443
896	256	512	857	292	504
896	256	576	859	296	570
896	256	640	860	299	633
896	256	704	861	302	696
896	256	768	864	306	757
896	256	832	867	311	820
896	256	896	869	315	882
896	256	960	871	320	945
896	256	1023	875	325	1007
896	320	0	854	339	18
896	320	64	853	341	67
896	320	128	852	342	127
896	320	192	853	343	192
896	320	256	853	343	254
896	320	320	854	345	318
896	320	384	855	346	381
896	320	448	856	348	444
896	320	512	857	349	504
896	320	576	859	352	569
896	320	640	860	354	633
896	320	704	863	358	697
896	320	768	865	361	758
896	320	832	867	364	820
896	320	896	869	368	882
896	320	960	872	372	945
896	320	1023	875	376	1007
896	384	0	855	397	34
896	384	64	854	400	71
896	384	128	854	401	130
896	384	192	854	401	193
896	384	256	855	402	256
896	384	320	856	404	319
896	384	384	857	405	381
896	384	448	857	406	444
896	384	512	859	408	505
896	384	576	861	410	570
896	384	640	862	412	634
896	384	704	864	414	697
896	384	768	866	416	757
896	384	832	869	420	821
896	384	896	871	423	883
896	384	960	873	426	946
896	384	1023	877	430	1008
896	448	0	857	457	44
896	448	64	856	460	76
896	448	128	856	461	132
896	448	192	856	461	195
896	448	256	857	462	257
896	448	320	857	463	320
896	448	384	859	464	382
896	448	448	860	465	445
896	448	512	861	466	505
896	448	576	864	469	572
896	448	640	865	471	635
896	448	704	866	472	698
896	448	768	868	474	759
896	448	832	872	478	822
896	448	896	874	480	884
896	448	960	875	482	946
896	448	1023	878	485	1008
896	512	0	860	517	52
896	512	64	858	519	81
896	512	128	858	520	135
896	512	192	858	520	196
896	512	256	860	522	259
896	512	320	860	522	321
896	512	384	861	523	383
896	512	448	862	524	446
896	512	512	863	525	506
896	512	576	866	527	572
896	512	640	866	528	635
896	512	704	868	530	698
896	512	768	872	533	760
896	512	832	873	534	822
896	512	896	875	536	885
896	512	960	878	539	948
896	512	1023	881	541	1010
896	576	0	862	583	61
896	576	64	862	586	87
896	576	128	861	586	138
896	576	192	861	587	199
896	576	256	862	587	260
896	576	320	863	588	322
896	576	384	864	589	385
896	576	448	864	590	447
896	576	512	866	591	507
896	576	576	868	593	573
896	576	640	869	593	636
896	576	704	872	595	700
896	576	768	874	597	761
896	576	832	876	598	823
896	576	896	877	600	885
896	576	960	880	602	948
896	576	1023	884	605	1010
896	640	0	866	643	69
896	640	64	864	647	92
896	640	128	865	647	141
896	640	192	864	647	201
896	640	256	865	648	262
896	640	320	866	649	324
896	640	384	867	650	386
896	640	448	868	651	449
896	640	512	870	652	509
896	640	576	872	653	575
896	640	640	873	654	638
896	640	704	875	655	701
896	640	768	877	657	762
896	640	832	880	659	825
896	640	896	882	660	887
896	640	960	884	662	950
896	640	1023	887	664	1012
896	704	0	870	705	78
896	704	64	868	709	99
896	704	128	868	709	145
896	704	192	869	710	204
896	704	256	869	710	264
896	704	320	870	711	326
896	704	384	872	712	388
896	704	448	872	712	450
896	704	512	873	713	510
896	704	576	876	715	576
896	704	640	876	715	639
896	704	704	878	716	702
896	704	768	881	718	764
896	704	832	883	719	826
896	704	896	885	720	888
896	704	960	887	722	951
896	704	1023	890	724	1013
896	768	0	874	765	85
896	768	64	873	769	104
896	768	128	872	769	150
896	768	192	873	770	207
896	768	256	873	770	267
896	768	320	874	771	328
896	768	384	875	772	390
896	768	448	877	773	452
896	768	512	877	773	512
896	768	576	879	774	578
896	768	640	881	776	641
896	768	704	883	776	704
896	768	768	885	778	765
896	768	832	888	780	828
896	768	896	888	779	889
896	768	960	891	780	952
896	768	1023	894	783	1015
896	832	0	877	825	94
896	832	64	876	829	111
896	832	128	875	829	154
896	832	192	876	829	210
896	832	256	876	830	269
896	832	320	877	830	330
896	832	384	879	832	391
896	832	448	879	831	453
896	832	512	880	832	513
896	832	576	882	834	578
896	832	640	883	834	642
896	832	704	886	836	705
896	832	768	888	837	766
896	832	832	890	838	828
896	832	896	892	838	890
896	832	960	894	839	953
896	832	1023	898	841	1016
896	896	0	881	887	101
896	896	64	879	890	117
896	896	128	879	890	158
896	896	192	879	890	213
896	896	256	881	892	271
896	896	320	881	892	332
896	896	384	882	892	392
896	896	448	883	893	455
896	896	512	884	894	515
896	896	576	887	895	580
896	896	640	887	895	643
896	896	704	889	895	705
896	896	768	892	898	767
896	896	832	894	899	829
896	896	896	896	899	891
896	896	960	898	900	955
896	896	1023	902	902	1017
896	960	0	884	946	109
896	960	64	883	950	124
896	960	128	884	951	163
896	960	192	884	951	216
896	960	256	883	951	274
896	960	320	884	952	334
896	960	384	886	953	394
896	960	448	887	953	456
896	960	512	889	954	516
896	960	576	891	956	582
896	960	640	892	956	644
896	960	704	893	956	707
896	960	768	895	957	767
896	960	832	898	959	831
896	960	896	900	959	893
896	960	960	903	960	956
896	960	1023	906	962	1018
896	1023	0	889	1005	115
896	1023	64	888	1009	130
896	1023	128	889	1011	168
896	1023	192	888	1010	220
896	1023	256	888	1010	276
896	1023	320	889	1011	336
896	1023	384	890	1012	396
896	1023	448	891	1012	458
896	1023	512	893	1013	518
896	1023	576	895	1014	583
896	1023	640	896	1014	646
896	1023	704	898	1014	708
896	1023	768	900	1015	769
896	1023	832	903	1017	832
896	1023	896	905	1017	895
896	1023	960	907	1017	958
896	1023	1023	910	1017	1020
960	0	0	909	140	0
960	0	64	908	140	55
960	0	128	908	141	122
960	0	192	908	142	189
960	0	256	908	144	252
960	0	320	909	148	316
960	0	384	910	152	379
960	0	448	911	156	442
960	0	512	912	161	503
960	0	576	915	167	569
960	0	640	915	174	632
960	0	704	917	181	695
960	0	768	919	188	756
960	0	832	922	196	820
960	0	896	924	203	882
960	0	960	926	212	945
960	0	1023	929	220	1008
960	64	0	909	151	0
960	64	64	907	151	55
960	64	128	908	152	122
960	64	192	908	154	189
960	64	256	908	155	252
960	64	320	909	158	316
960	64	384	910	162	379
960	64	448	911	166	442
960	64	512	913	171	503
960	64	576	915	177	569
960	64	640	916	182	633
960	64	704	917	189	696
960	64	768	919	196	756
960	64	832	922	203	820
960	64	896	924	211	882
960	64	960	926	219	945
960	64	1023	929	228	1007
960	128	0	909	184	0
960	128	64	908	184	57
960	128	128	908	185	123
960	128	192	908	186	189
960	128	256	909	188	253
960	128	320	909	190	316
960	128	384	911	193	379
960	128	448	912	197	443
960	128	512	913	200	503
960	128	576	915	206	569
960	128	640	916	210	633
960	128	704	918	216	696
960	128	768	920	222	757
960	128	832	923	228	820
960	128	896	924	235	883
960	128	960	926	241	945
960	128	1023	929	249	1007
960	192	0	910	232	0
960	192	64	909	233	58
960	192	128	908	233	124
960	192	192	909	234	189
960	192	256	909	236	253
960	192	320	910	237	317
960	192	384	912	240	380
960	192	448	911	242	442
960	192	512	913	245	503
960	192	576	915	249	569
960	192	640	916	253	632
960	192	704	918	258	696
960	192	768	920	263	757
960	192	832	922	267	820
960	192	896	924	273	882
960	192	960	926	278	945
960	192	1023	930	285	1007
960	256	0	911	284	0
960	256	64	909	286	62
960	256	128	909	287	125
960	256	192	910	287	190
960	256	256	910	289	254
960	256	320	911	290	317
960	256	384	913	292	380
960	256	448	912	294	443
960	256	512	914	296	503
960	256	576	916	299	569
960	256	640	917	302	633
960	256	704	918	306	696
960	256	768	922	310	758
960	256	832	923	314	820
960	256	896	925	318	883
960	256	960	927	324	946
960	256	1023	931	329	1007
960	320	0	912	342	18
960	320	64	911	344	66
960	320	128	911	345	127
960	320	192	910	345	191
960	320	256	911	346	254
960	320	320	912	347	317
960	320	384	913	349	380
960	320	448	914	351	444
960	320	512	916	353	504
960	320	576	918	356	570
960	320	640	918	358	634
960	320	704	920	361	697
960	320	768	922	364	757
960	320	832	925	368	821
960	320	896	927	371	883
960	320	960	929	375	946
960	320	1023	932	379	1009
960	384	0	914	400	30
960	384	64	913	403	70
960	384	128	912	404	129
960	384	192	912	404	193
960	384	256	913	405	255
960	384	320	914	406	318
960	384	384	915	408	382
960	384	448	915	409	444
960	384	512	917	410	505
960	384	576	919	413	570
960	384	640	919	414	634
960	384	704	922	417	698
960	384	768	924	420	759
960	384	832	926	422	821
960	384	896	927	425	883
960	384	960	930	429	947
960	384	1023	933	433	1008
960	448	0	915	460	42
960	448	64	914	463	75
960	448	128	914	463	131
960	448	192	914	464	195
960	448	256	914	464	257
960	448	320	915	465	319
960	448	384	916	466	382
960	448	448	917	467	445
960	448	512	919	469	506
960	448	576	921	471	572
960	448	640	922	472	635
960	448	704	923	474	698
960	448	768	925	476	759
960	448	832	928	480	822
960	448	896	930	482	884
960	448	960	932	484	948
960	448	1023	936	488	1010
960	512	0	918	519	50
960	512	64	917	522	81
960	512	128	916	522	134
960	512	192	917	523	196
960	512	256	917	524	259
960	512	320	918	524	321
960	512	384	920	526	384
960	512	448	919	526	446
960	512	512	921	527	507
960	512	576	923	529	572
960	512	640	924	530	636
960	512	704	926	532	699
960	512	768	928	534	760
960	512	832	930	536	823
960	512	896	932	538	885
960	512	960	934	540	948
960	512	1023	937	544	1010
960	576	0	920	585	61
960	576	64	919	588	86
960	576	128	920	589	138
960	576	192	919	589	199
960	576	256	920	589	260
960	576	320	920	590	322
960	576	384	922	591	385
960	576	448	923	592	448
960	576	512	925	594	508
960	576	576	926	595	574
960	576	640	927	596	637
960	576	704	928	597	700
960	576	768	931	599	761
960	576	832	934	601	824
960	576	896	935	603	887
960	576	960	938	605	950
960	576	1023	940	607	1011
960	640	0	924	645	68
960	640	64	922	649	92
960	640	128	922	649	141
960	640	192	922	649	201
960	640	256	924	651	262
960	640	320	924	651	324
960	640	384	925	652	386
960	640	448	925	652	449
960	640	512	927	653	509
960	640	576	929	655	575
960	640	640	930	655	638
960	640	704	931	657	701
960	640	768	935	659	763
960	640	832	936	660	825
960	640	896	938	661	887
960	640	960	940	663	950
960	640	1023	943	666	1012
960	704	0	927	707	77
960	704	64	926	711	98
960	704	128	926	711	145
960	704	192	926	712	204
960	704	256	927	712	264
960	704	320	927	713	326
960	704	384	929	714	388
960	704	448	930	714	451
960	704	512	930	714	510
960	704	576	932	716	576
960	704	640	933	716	639
960	704	704	936	719	703
960	704	768	938	720	764
960	704	832	939	721	826
960	704	896	941	722	889
960	704	960	944	723	952
960	704	1023	947	725	1014
960	768	0	931	767	85
960	768	64	930	771	105
960	768	128	930	772	150
960	768	192	930	771	207
960	768	256	931	772	267
960	768	320	931	773	328
960	768	384	933	774	390
960	768	448	933	774	452
960	768	512	935	775	513
960	768	576	937	777	578
960	768	640	938	777	641
960	768	704	939	777	704
960	768	768	941	779	765
960	768	832	944	781	829
960	768	896	946	782	891
960	768	960	948	783	954
960	768	1023	951	785	1016
960	832	0	934	826	93
960	832	64	933	831	111
960	832	128	932	830	153
960	832	192	933	831	210
960	832	256	933	831	269
960	832	320	934	832	330
960	832	384	936	833	391
960	832	448	936	834	454
960	832	512	938	835	514
960	832	576	940	836	579
960	832	640	941	836	642
960	832	704	942	837	705
960	832	768	944	838	766
960	832	832	947	840	829
960	832	896	949	840	892
960	832	960	950	840	954
960	832	1023	953	842	1016
960	896	0	938	888	100
960	896	64	937	892	116
960	896	128	936	892	157
960	896	192	937	893	213
960	896	256	937	893	271
960	896	320	938	894	332
960	896	384	939	895	393
960	896	448	939	894	454
960	896	512	940	895	514
960	896	576	943	896	580
960	896	640	943	896	643
960	896	704	946	898	706
960	896	768	948	899	767
960	896	832	949	899	829
960	896	896	951	900	892
960	896	960	953	901	955
960	896	1023	957	903	1017
960	960	0	942	948	108
960	960	64	939	951	124
960	960	128	940	952	162
960	960	192	940	953	216
960	960	256	941	953	274
960	960	320	942	954	334
960	960	384	943	955	395
960	960	448	943	954	456
960	960	512	944	955	516
960	960	576	947	957	581
960	960	640	947	957	644
960	960	704	948	957	707
960	960	768	952	959	768
960	960	832	954	960	831
960	960	896	955	960	893
960	960	960	957	961	956
960	960	1023	961	963	1019
960	1023	0	946	1007	115
960	1023	64	944	1011	130
960	1023	128	945	1011	167
960	1023	192	946	1013	220
960	1023	256	946	1013	277
960	1023	320	947	1013	336
960	1023	384	948	1014	397
960	1023	448	947	1013	458
960	1023	512	949	1014	518
960	1023	576	951	1015	583
960	1023	640	952	1015	646
960	1023	704	953	1015	708
960	1023	768	956	1018	770
960	1023	832	958	1018	832
960	1023	896	960	1018	895
960	1023	960	962	1018	958
960	1023	1023	965	1018	1020
1023	0	0	969	149	0
1023	0	64	967	149	53
1023	0	128	967	149	122
1023	0	192	967	151	188
1023	0	256	967	153	252
1023	0	320	969	156	316
1023	0	384	970	160	379
1023	0	448	971	164	442
1023	0	512	971	169	502
1023	0	576	973	175	568
1023	0	640	975	181	633
1023	0	704	976	188	696
1023	0	768	978	194	757
1023	0	832	981	202	820
1023	0	896	981	209	882
1023	0	960	983	218	945
1023	0	1023	986	226	1007
1023	64	0	969	158	0
1023	64	64	967	159	53
1023	64	128	967	160	122
1023	64	192	967	161	188
1023	64	256	968	163	252
1023	64	320	969	165	316
1023	64	384	970	169	379
1023	64	448	971	174	442
1023	64	512	971	177	502
1023	64	576	973	183	568
1023	64	640	975	189	633
1023	64	704	976	195	696
1023	64	768	978	202	757
1023	64	832	981	209	820
1023	64	896	981	216	882
1023	64	960	984	224	945
1023	64	1023	986	232	1007
1023	128	0	969	189	0
1023	128	64	968	191	54
1023	128	128	967	191	122
1023	128	192	968	192	189
1023	128	256	968	194	252
1023	128	320	969	196	316
1023	128	384	970	200	379
1023	128	448	970	203	442
1023	128	512	972	206	503
1023	128	576	974	211	569
1023	128	640	974	215	632
1023	128	704	977	221	696
1023	128	768	978	227	757
1023	128	832	980	233	819
1023	128	896	982	240	882
1023	128	960	984	247	945
1023	128	1023	987	254	1007
1023	192	0	970	236	0
1023	192	64	968	237	58
1023	192	128	968	238	123
1023	192	192	969	239	189
1023	192	256	969	240	253
1023	192	320	970	242	316
1023	192	384	971	245	380
1023	192	448	971	246	442
1023	192	512	972	250	503
1023	192	576	975	254	569
1023	192	640	975	257	633
1023	192	704	976	261	695
1023	192	768	979	266	757
1023	192	832	981	272	820
1023	192	896	983	277	882
1023	192	960	985	283	946
1023	192	1023	988	289	1008
1023	256	0	970	288	0
1023	256	64	969	290	61
1023	256	128	969	290	124
1023	256	192	969	291	190
1023	256	256	970	292	254
1023	256	320	971	294	317
1023	256	384	972	295	380
1023	256	448	972	297	443
1023	256	512	973	300	504
1023	256	576	976	303	570
1023	256	640	976	306	633
1023	256	704	977	309	696
1023	256	768	979	313	757
1023	256	832	982	317	820
1023	256	896	984	321	883
1023	256	960	986	326	946
1023	256	1023	989	332	1008
1023	320	0	971	345	10
1023	320	64	970	347	64
1023	320	128	969	348	126
1023	320	192	970	348	191
1023	320	256	970	349	254
1023	320	320	971	350	317
1023	320	384	973	352	380
1023	320	448	973	354	444
1023	320	512	974	355	503
1023	320	576	976	358	569
1023	320	640	977	361	633
1023	320	704	978	363	696
1023	320	768	981	366	758
1023	320	832	982	369	820
1023	320	896	984	373	882
1023	320	960	986	377	946
1023	320	1023	989	381	1008
1023	384	0	973	403	28
1023	384	64	971	405	69
1023	384	128	971	406	128
1023	384	192	971	406	192
1023	384	256	972	407	255
1023	384	320	973	408	318
1023	384	384	974	410	381
1023	384	448	974	411	444
1023	384	512	975	413	504
1023	384	576	977	415	570
1023	384	640	978	417	634
1023	384	704	979	419	697
1023	384	768	983	422	759
1023	384	832	984	425	821
1023	384	896	986	427	884
1023	384	960	988	430	947
1023	384	1023	991	434	1009
1023	448	0	974	462	40
1023	448	64	973	465	74
1023	448	128	973	465	131
1023	448	192	973	466	194
1023	448	256	973	466	256
1023	448	320	974	467	319
1023	448	384	976	469	382
1023	448	448	976	470	445
1023	448	512	978	471	506
1023	448	576	980	473	572
1023	448	640	980	475	635
1023	448	704	982	476	698
1023	448	768	984	479	759
1023	448	832	987	482	822
1023	448	896	988	484	885
1023	448	960	989	486	947
1023	448	1023	992	489	1009
1023	512	0	977	521	50
1023	512	64	975	524	79
1023	512	128	975	524	134
1023	512	192	975	525	196
1023	512	256	976	525	258
1023	512	320	977	526	321
1023	512	384	978	528	383
1023	512	448	978	527	446
1023	512	512	980	529	507
1023	512	576	982	531	572
1023	512	640	982	532	636
1023	512	704	983	533	698
1023	512	768	986	536	760
1023	512	832	988	538	823
1023	512	896	990	540	885
1023	512	960	992	542	948
1023	512	1023	995	545	1010
1023	576	0	979	586	59
1023	576	64	978	590	86
1023	576	128	977	589	137
1023	576	192	978	590	198
1023	576	256	978	591	260
1023	576	320	979	591	322
1023	576	384	981	593	385
1023	576	448	982	594	447
1023	576	512	982	594	507
1023	576	576	984	596	573
1023	576	640	984	596	636
1023	576	704	987	599	700
1023	576	768	989	600	761
1023	576	832	990	602	823
1023	576	896	992	603	886
1023	576	960	994	605	949
1023	576	1023	997	608	1011
1023	640	0	982	646	68
1023	640	64	981	650	91
1023	640	128	981	650	141
1023	640	192	981	650	200
1023	640	256	981	651	261
1023	640	320	982	651	323
1023	640	384	983	653	386
1023	640	448	984	654	448
1023	640	512	985	655	509
1023	640	576	987	656	575
1023	640	640	988	657	638
1023	640	704	989	658	701
1023	640	768	991	660	762
1023	640	832	994	662	825
1023	640	896	995	663	887
1023	640	960	998	665	951
1023	640	1023	1001	667	1013
1023	704	0	986	708	76
1023	704	64	984	711	97
1023	704	128	984	712	145
1023	704	192	985	713	203
1023	704	256	985	713	264
1023	704	320	986	714	326
1023	704	384	987	715	388
1023	704	448	987	715	450
1023	704	512	989	716	510
1023	704	576	990	717	576
1023	704	640	991	718	639
1023	704	704	992	718	702
1023	704	768	995	721	764
1023	704	832	997	722	826
1023	704	896	999	723	889
1023	704	960	1001	724	952
1023	704	1023	1004	727	1014
1023	768	0	990	768	84
1023	768	64	989	772	104
1023	768	128	988	772	149
1023	768	192	988	773	207
1023	768	256	989	773	266
1023	768	320	989	774	328
1023	768	384	991	775	390
1023	768	448	992	775	452
1023	768	512	993	776	512
1023	768	576	995	778	578
1023	768	640	996	778	642
1023	768	704	997	779	704
1023	768	768	999	780	765
1023	768	832	1002	782	829
1023	768	896	1003	783	891
1023	768	960	1004	783	953
1023	768	1023	1007	785	1016
1023	832	0	993	828	91
1023	832	64	992	832	110
1023	832	128	991	831	153
1023	832	192	992	833	209
1023	832	256	992	833	269
1023	832	320	993	833	330
1023	832	384	994	835	391
1023	832	448	993	834	453
1023	832	512	995	835	513
1023	832	576	997	836	578
1023	832	640	997	836	642
1023	832	704	1000	838	705
1023	832	768	1002	839	766
1023	832	832	1004	840	829
1023	832	896	1005	841	891
1023	832	960	1007	842	954
1023	832	1023	1010	844	1017
1023	896	0	996	889	100
1023	896	64	994	892	117
1023	896	128	994	893	158
1023	896	192	995	894	213
1023	896	256	995	894	271
1023	896	320	996	895	331
1023	896	384	997	896	393
1023	896	448	997	895	454
1023	896	512	998	896	514
1023	896	576	1000	897	579
1023	896	640	1001	897	643
1023	896	704	1002	898	705
1023	896	768	1006	901	767
1023	896	832	1007	901	830
1023	896	896	1008	902	892
1023	896	960	1011	903	956
1023	896	1023	1013	904	1018
1023	960	0	998	948	107
1023	960	64	997	953	123
1023	960	128	997	953	162
1023	960	192	997	953	215
1023	960	256	999	955	274
1023	960	320	998	954	333
1023	960	384	1000	955	394
1023	960	448	1001	956	456
1023	960	512	1002	957	516
1023	960	576	1004	958	581
1023	960	640	1005	958	644
1023	960	704	1006	958	707
1023	960	768	1008	959	767
1023	960	832	1011	961	831
1023	960	896	1012	962	894
1023	960	960	1014	963	957
1023	960	1023	1017	964	1019
1023	1023	0	1003	1008	114
1023	1023	64	1002	1012	129
1023	1023	128	1002	1013	167
1023	1023	192	1002	1013	219
1023	1023	256	1002	1013	276
1023	1023	320	1003	1013	336
1023	1023	384	1004	1015	397
1023	1023	448	1005	1015	459
1023	1023	512	1006	1016	519
1023	1023	576	1008	1018	584
1023	1023	640	1009	1017	646
1023	1023	704	1010	1018	709
1023	1023	768	1012	1019	770
1023	1023	832	1015	1020	833
1023	1023	896	1016	1021	896
1023	1023	960	1018	1022	960
1023	1023	1023	1023	1023	1023
