0	0	0	0	0	0
0	0	64	14	11	61
0	0	128	28	23	122
0	0	192	43	34	183
0	0	256	57	46	244
0	0	320	71	57	305
0	0	384	85	69	366
0	0	448	100	80	427
0	0	512	114	92	488
0	0	576	128	103	549
0	0	640	142	115	610
0	0	704	157	126	671
0	0	768	171	137	732
0	0	832	185	149	793
0	0	896	199	160	854
0	0	960	213	172	915
0	0	1023	227	183	975
0	64	0	22	63	5
0	64	64	25	63	61
0	64	128	35	66	122
0	64	192	47	70	183
0	64	256	60	75	244
0	64	320	73	82	305
0	64	384	87	90	366
0	64	448	101	99	427
0	64	512	115	108	488
0	64	576	129	118	549
0	64	640	143	127	610
0	64	704	157	138	671
0	64	768	172	148	732
0	64	832	186	159	793
0	64	896	200	169	854
0	64	960	214	180	915
0	64	1023	228	191	975
0	128	0	43	125	10
0	128	64	45	126	62
0	128	128	50	127	122
0	128	192	59	129	183
0	128	256	69	131	244
0	128	320	81	135	305
0	128	384	94	140	366
0	128	448	107	145	427
0	128	512	120	151	488
0	128	576	133	157	549
0	128	640	147	165	610
0	128	704	161	172	671
0	128	768	174	180	732
0	128	832	188	189	793
0	128	896	202	198	854
0	128	960	216	207	915
0	128	1023	230	216	975
0	192	0	65	188	16
0	192	64	66	188	62
0	192	128	70	189	123
0	192	192	76	190	183
0	192	256	84	192	244
0	192	320	93	194	305
0	192	384	104	197	366
0	192	448	116	201	427
0	192	512	128	205	488
0	192	576	140	209	549
0	192	640	153	215	610
0	192	704	166	220	671
0	192	768	180	226	732
0	192	832	193	233	793
0	192	896	207	240	854
0	192	960	220	247	915
0	192	1023	234	254	975
0	256	0	87	251	21
0	256	64	88	251	64
0	256	128	90	251	123
0	256	192	95	252	184
0	256	256	101	254	244
0	256	320	109	255	305
0	256	384	118	257	366
0	256	448	128	260	427
0	256	512	139	263	488
0	256	576	150	266	549
0	256	640	162	270	610
0	256	704	175	275	671
0	256	768	187	279	732
0	256	832	200	284	793
0	256	896	213	290	854
0	256	960	226	296	915
0	256	1023	239	302	975
0	320	0	109	314	26
0	320	64	109	314	65
0	320	128	111	314	124
0	320	192	115	315	184
0	320	256	120	316	245
0	320	320	126	317	306
0	320	384	134	319	366
0	320	448	143	321	427
0	320	512	152	323	488
0	320	576	163	326	549
0	320	640	174	329	610
0	320	704	185	332	671
0	320	768	197	336	732
0	320	832	209	340	793
0	320	896	221	344	854
0	320	960	234	349	915
0	320	1023	247	354	975
0	384	0	130	376	31
0	384	64	131	376	67
0	384	128	132	377	125
0	384	192	135	377	185
0	384	256	139	378	245
0	384	320	145	379	306
0	384	384	151	380	367
0	384	448	159	382	428
0	384	512	168	384	489
0	384	576	177	386	549
0	384	640	187	388	610
0	384	704	197	391	671
0	384	768	208	394	732
0	384	832	220	398	793
0	384	896	232	401	854
0	384	960	244	405	915
0	384	1023	256	409	975
0	448	0	152	439	36
0	448	64	152	439	69
0	448	128	154	439	126
0	448	192	156	440	185
0	448	256	160	440	246
0	448	320	164	441	306
0	448	384	170	442	367
0	448	448	177	444	428
0	448	512	184	445	489
0	448	576	193	447	550
0	448	640	202	449	611
0	448	704	211	452	671
0	448	768	222	454	732
0	448	832	232	457	793
0	448	896	243	460	854
0	448	960	255	463	915
0	448	1023	266	467	975
0	512	0	174	502	42
0	512	64	174	502	72
0	512	128	175	502	127
0	512	192	177	502	186
0	512	256	180	503	246
0	512	320	184	504	307
0	512	384	189	504	367
0	512	448	195	506	428
0	512	512	202	507	489
0	512	576	209	509	550
0	512	640	218	510	611
0	512	704	227	512	672
0	512	768	236	515	733
0	512	832	246	517	794
0	512	896	256	520	854
0	512	960	267	523	915
0	512	1023	278	526	975
0	576	0	195	564	47
0	576	64	196	564	75
0	576	128	197	565	129
0	576	192	198	565	187
0	576	256	201	565	247
0	576	320	205	566	307
0	576	384	209	567	368
0	576	448	214	568	428
0	576	512	220	569	489
0	576	576	227	570	550
0	576	640	235	572	611
0	576	704	243	574	672
0	576	768	251	576	733
0	576	832	261	578	794
0	576	896	270	580	855
0	576	960	280	583	916
0	576	1023	291	585	976
0	640	0	217	627	52
0	640	64	217	627	78
0	640	128	218	627	130
0	640	192	220	628	188
0	640	256	222	628	248
0	640	320	225	629	308
0	640	384	229	629	368
0	640	448	234	630	429
0	640	512	239	631	490
0	640	576	246	632	550
0	640	640	252	634	611
0	640	704	260	635	672
0	640	768	268	637	733
0	640	832	276	639	794
0	640	896	285	641	855
0	640	960	295	643	916
0	640	1023	305	646	976
0	704	0	239	690	57
0	704	64	239	690	81
0	704	128	240	690	132
0	704	192	241	690	189
0	704	256	243	691	249
0	704	320	246	691	308
0	704	384	250	692	369
0	704	448	254	692	429
0	704	512	259	693	490
0	704	576	265	695	551
0	704	640	271	696	611
0	704	704	278	697	672
0	704	768	285	699	733
0	704	832	293	700	794
0	704	896	301	702	855
0	704	960	310	704	916
0	704	1023	319	706	976
0	768	0	260	752	62
0	768	64	261	752	85
0	768	128	261	753	134
0	768	192	263	753	191
0	768	256	265	753	249
0	768	320	267	754	309
0	768	384	270	754	369
0	768	448	274	755	430
0	768	512	279	756	490
0	768	576	284	757	551
0	768	640	290	758	612
0	768	704	296	759	673
0	768	768	303	761	733
0	768	832	310	762	794
0	768	896	318	764	855
0	768	960	327	766	916
0	768	1023	335	768	976
0	832	0	282	815	68
0	832	64	282	815	88
0	832	128	283	815	136
0	832	192	284	816	192
0	832	256	286	816	250
0	832	320	288	816	310
0	832	384	291	817	370
0	832	448	295	817	430
0	832	512	299	818	491
0	832	576	304	819	551
0	832	640	309	820	612
0	832	704	315	821	673
0	832	768	321	822	734
0	832	832	328	824	795
0	832	896	336	825	855
0	832	960	343	827	916
0	832	1023	352	829	976
0	896	0	304	878	73
0	896	64	304	878	92
0	896	128	305	878	138
0	896	192	306	878	194
0	896	256	307	878	252
0	896	320	309	879	311
0	896	384	312	879	371
0	896	448	315	880	431
0	896	512	319	881	491
0	896	576	324	881	552
0	896	640	329	882	613
0	896	704	334	883	673
0	896	768	340	885	734
0	896	832	347	886	795
0	896	896	353	887	856
0	896	960	361	889	917
0	896	1023	368	890	976
0	960	0	326	941	78
0	960	64	326	941	96
0	960	128	326	941	141
0	960	192	327	941	195
0	960	256	329	941	253
0	960	320	331	941	312
0	960	384	333	942	371
0	960	448	336	942	432
0	960	512	340	943	492
0	960	576	344	944	552
0	960	640	348	945	613
0	960	704	354	946	674
0	960	768	359	947	734
0	960	832	365	948	795
0	960	896	372	949	856
0	960	960	379	951	917
0	960	1023	386	952	977
0	1023	0	347	1002	83
0	1023	64	347	1002	100
0	1023	128	348	1002	144
0	1023	192	348	1003	197
0	1023	256	350	1003	254
0	1023	320	352	1003	313
0	1023	384	354	1004	372
0	1023	448	357	1004	432
0	1023	512	360	1005	492
0	1023	576	364	1005	553
0	1023	640	368	1006	613
0	1023	704	373	1007	674
0	1023	768	378	1008	735
0	1023	832	384	1009	795
0	1023	896	390	1010	856
0	1023	960	397	1012	917
0	1023	1023	404	1013	977
64	0	0	59	11	0
64	0	64	60	15	61
64	0	128	64	25	122
64	0	192	71	36	183
64	0	256	80	47	244
64	0	320	90	58	305
64	0	384	101	69	366
64	0	448	113	81	427
64	0	512	125	92	488
64	0	576	138	103	549
64	0	640	151	115	610
64	0	704	165	126	671
64	0	768	178	138	732
64	0	832	192	149	793
64	0	896	205	161	854
64	0	960	219	172	915
64	0	1023	233	183	975
64	64	0	62	63	0
64	64	64	63	64	61
64	64	128	67	66	122
64	64	192	73	70	183
64	64	256	82	76	244
64	64	320	91	83	305
64	64	384	102	91	366
64	64	448	114	99	427
64	64	512	127	108	488
64	64	576	139	118	549
64	64	640	152	128	610
64	64	704	165	138	671
64	64	768	179	148	732
64	64	832	192	159	793
64	64	896	206	169	854
64	64	960	220	180	915
64	64	1023	233	191	975
64	128	0	71	126	9
64	128	64	72	126	61
64	128	128	75	127	122
64	128	192	81	129	183
64	128	256	88	132	244
64	128	320	98	135	305
64	128	384	108	140	366
64	128	448	119	145	427
64	128	512	131	151	488
64	128	576	143	158	549
64	128	640	156	165	610
64	128	704	169	172	671
64	128	768	182	180	732
64	128	832	195	189	793
64	128	896	208	198	854
64	128	960	222	207	915
64	128	1023	235	216	975
64	192	0	85	188	15
64	192	64	86	188	62
64	192	128	89	189	123
64	192	192	93	190	183
64	192	256	100	192	244
64	192	320	108	194	305
64	192	384	117	197	366
64	192	448	127	201	427
64	192	512	138	205	488
64	192	576	150	210	549
64	192	640	162	215	610
64	192	704	174	220	671
64	192	768	187	226	732
64	192	832	200	233	793
64	192	896	213	240	854
64	192	960	226	247	915
64	192	1023	239	254	975
64	256	0	102	251	20
64	256	64	103	251	63
64	256	128	105	252	123
64	256	192	109	252	184
64	256	256	114	254	244
64	256	320	121	255	305
64	256	384	129	257	366
64	256	448	138	260	427
64	256	512	148	263	488
64	256	576	159	266	549
64	256	640	170	270	610
64	256	704	182	275	671
64	256	768	194	279	732
64	256	832	206	284	793
64	256	896	219	290	854
64	256	960	232	296	915
64	256	1023	244	302	975
64	320	0	121	314	26
64	320	64	121	314	65
64	320	128	123	314	124
64	320	192	126	315	184
64	320	256	131	316	245
64	320	320	137	317	306
64	320	384	144	319	366
64	320	448	152	321	427
64	320	512	161	323	488
64	320	576	171	326	549
64	320	640	181	329	610
64	320	704	192	332	671
64	320	768	203	336	732
64	320	832	215	340	793
64	320	896	227	344	854
64	320	960	239	349	915
64	320	1023	252	354	975
64	384	0	140	376	31
64	384	64	141	376	67
64	384	128	142	377	125
64	384	192	145	377	185
64	384	256	149	378	245
64	384	320	154	379	306
64	384	384	160	380	367
64	384	448	167	382	428
64	384	512	175	384	488
64	384	576	184	386	549
64	384	640	194	389	610
64	384	704	204	391	671
64	384	768	214	394	732
64	384	832	225	398	793
64	384	896	237	401	854
64	384	960	248	405	915
64	384	1023	260	410	975
64	448	0	160	439	36
64	448	64	161	439	69
64	448	128	162	439	126
64	448	192	164	440	185
64	448	256	168	440	246
64	448	320	172	441	306
64	448	384	177	442	367
64	448	448	184	444	428
64	448	512	191	445	489
64	448	576	199	447	550
64	448	640	208	449	611
64	448	704	217	452	671
64	448	768	227	454	732
64	448	832	237	457	793
64	448	896	248	460	854
64	448	960	259	463	915
64	448	1023	270	467	975
64	512	0	181	502	41
64	512	64	181	502	72
64	512	128	182	502	127
64	512	192	184	502	186
64	512	256	187	503	246
64	512	320	191	504	307
64	512	384	196	505	367
64	512	448	202	506	428
64	512	512	208	507	489
64	512	576	215	509	550
64	512	640	223	510	611
64	512	704	232	512	672
64	512	768	241	515	733
64	512	832	251	517	794
64	512	896	261	520	854
64	512	960	271	523	915
64	512	1023	282	526	975
64	576	0	202	564	47
64	576	64	202	564	74
64	576	128	203	565	128
64	576	192	205	565	187
64	576	256	207	565	247
64	576	320	211	566	307
64	576	384	215	567	368
64	576	448	220	568	428
64	576	512	226	569	489
64	576	576	232	570	550
64	576	640	240	572	611
64	576	704	248	574	672
64	576	768	256	576	733
64	576	832	265	578	794
64	576	896	275	580	855
64	576	960	284	583	916
64	576	1023	295	585	976
64	640	0	223	627	52
64	640	64	223	627	78
64	640	128	224	627	130
64	640	192	225	628	188
64	640	256	228	628	248
64	640	320	231	629	308
64	640	384	234	629	368
64	640	448	239	630	429
64	640	512	244	631	490
64	640	576	250	632	550
64	640	640	257	634	611
64	640	704	264	635	672
64	640	768	272	637	733
64	640	832	281	639	794
64	640	896	290	641	855
64	640	960	299	643	916
64	640	1023	308	646	976
64	704	0	244	690	57
64	704	64	244	690	81
64	704	128	245	690	132
64	704	192	246	690	189
64	704	256	248	691	248
64	704	320	251	691	308
64	704	384	254	692	369
64	704	448	259	693	429
64	704	512	263	693	490
64	704	576	269	695	551
64	704	640	275	696	611
64	704	704	282	697	672
64	704	768	289	699	733
64	704	832	297	700	794
64	704	896	305	702	855
64	704	960	314	704	916
64	704	1023	323	706	976
64	768	0	265	752	62
64	768	64	265	753	84
64	768	128	266	753	134
64	768	192	267	753	191
64	768	256	269	753	249
64	768	320	271	754	309
64	768	384	275	754	369
64	768	448	278	755	430
64	768	512	283	756	490
64	768	576	288	757	551
64	768	640	294	758	612
64	768	704	300	759	673
64	768	768	307	761	733
64	768	832	314	762	794
64	768	896	322	764	855
64	768	960	330	766	916
64	768	1023	338	768	976
64	832	0	286	815	67
64	832	64	286	815	88
64	832	128	287	815	136
64	832	192	288	816	192
64	832	256	290	816	250
64	832	320	292	816	310
64	832	384	295	817	370
64	832	448	299	817	430
64	832	512	303	818	491
64	832	576	307	819	551
64	832	640	313	820	612
64	832	704	318	821	673
64	832	768	325	823	734
64	832	832	332	824	795
64	832	896	339	825	855
64	832	960	347	827	916
64	832	1023	355	829	976
64	896	0	308	878	73
64	896	64	308	878	92
64	896	128	308	878	138
64	896	192	309	878	194
64	896	256	311	878	252
64	896	320	313	879	311
64	896	384	316	879	371
64	896	448	319	880	431
64	896	512	323	881	491
64	896	576	327	881	552
64	896	640	332	882	613
64	896	704	337	883	673
64	896	768	343	885	734
64	896	832	350	886	795
64	896	896	357	887	856
64	896	960	364	889	917
64	896	1023	371	890	976
64	960	0	329	941	78
64	960	64	329	941	96
64	960	128	330	941	141
64	960	192	331	941	195
64	960	256	332	941	253
64	960	320	334	941	312
64	960	384	337	942	371
64	960	448	340	942	432
64	960	512	343	943	492
64	960	576	347	944	552
64	960	640	352	945	613
64	960	704	357	946	674
64	960	768	362	947	734
64	960	832	368	948	795
64	960	896	375	949	856
64	960	960	382	951	917
64	960	1023	389	952	977
64	1023	0	350	1002	83
64	1023	64	350	1002	100
64	1023	128	351	1002	143
64	1023	192	352	1003	197
64	1023	256	353	1003	254
64	1023	320	355	1003	313
64	1023	384	357	1004	372
64	1023	448	360	1004	432
64	1023	512	363	1005	492
64	1023	576	367	1005	553
64	1023	640	371	1006	613
64	1023	704	376	1007	674
64	1023	768	381	1008	735
64	1023	832	387	1009	795
64	1023	896	393	1010	856
64	1023	960	399	1012	917
64	1023	1023	406	1013	977
128	0	0	118	22	0
128	0	64	119	24	60
128	0	128	121	31	122
128	0	192	124	40	183
128	0	256	129	50	244
128	0	320	135	60	305
128	0	384	142	71	366
128	0	448	150	82	427
128	0	512	159	93	488
128	0	576	169	105	549
128	0	640	179	116	610
128	0	704	190	127	671
128	0	768	202	139	732
128	0	832	214	150	793
128	0	896	226	161	854
128	0	960	238	173	915
128	0	1023	251	184	975
128	64	0	120	66	0
128	64	64	120	66	60
128	64	128	122	68	122
128	64	192	125	72	183
128	64	256	130	78	244
128	64	320	136	84	305
128	64	384	143	92	366
128	64	448	151	100	427
128	64	512	160	109	488
128	64	576	170	119	549
128	64	640	180	129	610
128	64	704	191	139	671
128	64	768	203	149	732
128	64	832	214	160	793
128	64	896	226	170	854
128	64	960	239	181	915
128	64	1023	251	191	975
128	128	0	124	127	0
128	128	64	125	127	61
128	128	128	126	128	122
128	128	192	129	130	183
128	128	256	134	133	244
128	128	320	139	136	305
128	128	384	146	141	366
128	128	448	154	146	427
128	128	512	163	152	488
128	128	576	173	158	549
128	128	640	183	165	610
128	128	704	194	173	671
128	128	768	205	181	732
128	128	832	217	190	793
128	128	896	229	198	854
128	128	960	241	207	915
128	128	1023	253	216	975
128	192	0	132	189	11
128	192	64	132	189	62
128	192	128	134	190	122
128	192	192	137	191	183
128	192	256	141	193	244
128	192	320	146	195	305
128	192	384	153	198	366
128	192	448	160	201	427
128	192	512	169	205	488
128	192	576	178	210	549
128	192	640	188	215	610
128	192	704	198	221	671
128	192	768	209	227	732
128	192	832	221	233	793
128	192	896	232	240	854
128	192	960	244	247	915
128	192	1023	256	255	975
128	256	0	143	251	18
128	256	64	143	251	63
128	256	128	144	252	123
128	256	192	147	253	183
128	256	256	151	254	244
128	256	320	156	256	305
128	256	384	162	258	366
128	256	448	169	260	427
128	256	512	177	263	488
128	256	576	186	267	549
128	256	640	195	271	610
128	256	704	205	275	671
128	256	768	216	280	732
128	256	832	227	285	793
128	256	896	238	290	854
128	256	960	250	296	915
128	256	1023	261	302	975
128	320	0	156	314	24
128	320	64	156	314	64
128	320	128	157	314	123
128	320	192	160	315	184
128	320	256	163	316	245
128	320	320	168	317	305
128	320	384	173	319	366
128	320	448	180	321	427
128	320	512	187	323	488
128	320	576	195	326	549
128	320	640	204	329	610
128	320	704	214	332	671
128	320	768	224	336	732
128	320	832	234	340	793
128	320	896	245	345	854
128	320	960	257	349	915
128	320	1023	268	354	975
128	384	0	171	377	29
128	384	64	171	377	66
128	384	128	172	377	124
128	384	192	174	377	184
128	384	256	177	378	245
128	384	320	181	379	306
128	384	384	187	381	367
128	384	448	193	382	428
128	384	512	199	384	488
128	384	576	207	386	549
128	384	640	215	389	610
128	384	704	224	392	671
128	384	768	234	395	732
128	384	832	244	398	793
128	384	896	254	402	854
128	384	960	265	406	915
128	384	1023	276	410	975
128	448	0	187	439	35
128	448	64	187	439	69
128	448	128	188	440	125
128	448	192	190	440	185
128	448	256	193	441	246
128	448	320	197	441	306
128	448	384	201	443	367
128	448	448	207	444	428
128	448	512	213	446	489
128	448	576	220	447	550
128	448	640	228	449	610
128	448	704	236	452	671
128	448	768	245	454	732
128	448	832	255	457	793
128	448	896	265	460	854
128	448	960	275	464	915
128	448	1023	285	467	975
128	512	0	204	502	40
128	512	64	205	502	71
128	512	128	205	502	127
128	512	192	207	502	186
128	512	256	210	503	246
128	512	320	213	504	307
128	512	384	217	505	367
128	512	448	222	506	428
128	512	512	228	507	489
128	512	576	235	509	550
128	512	640	242	511	611
128	512	704	250	513	672
128	512	768	258	515	733
128	512	832	267	517	793
128	512	896	276	520	854
128	512	960	286	523	915
128	512	1023	296	526	975
128	576	0	222	565	46
128	576	64	223	565	74
128	576	128	224	565	128
128	576	192	225	565	187
128	576	256	227	566	247
128	576	320	231	566	307
128	576	384	234	567	368
128	576	448	239	568	428
128	576	512	244	569	489
128	576	576	250	571	550
128	576	640	257	572	611
128	576	704	264	574	672
128	576	768	272	576	733
128	576	832	281	578	794
128	576	896	289	580	855
128	576	960	299	583	916
128	576	1023	308	586	976
128	640	0	241	627	51
128	640	64	242	627	77
128	640	128	242	627	130
128	640	192	244	628	188
128	640	256	246	628	248
128	640	320	249	629	308
128	640	384	252	629	368
128	640	448	256	630	429
128	640	512	261	631	490
128	640	576	267	633	550
128	640	640	273	634	611
128	640	704	280	635	672
128	640	768	287	637	733
128	640	832	295	639	794
128	640	896	303	641	855
128	640	960	312	643	916
128	640	1023	321	646	976
128	704	0	261	690	56
128	704	64	261	690	80
128	704	128	262	690	132
128	704	192	263	690	189
128	704	256	265	691	248
128	704	320	267	691	308
128	704	384	271	692	369
128	704	448	274	693	429
128	704	512	279	694	490
128	704	576	284	695	551
128	704	640	290	696	611
128	704	704	296	697	672
128	704	768	303	699	733
128	704	832	311	701	794
128	704	896	318	702	855
128	704	960	327	704	916
128	704	1023	335	707	976
128	768	0	280	753	62
128	768	64	281	753	84
128	768	128	281	753	134
128	768	192	282	753	190
128	768	256	284	753	249
128	768	320	287	754	309
128	768	384	289	754	369
128	768	448	293	755	430
128	768	512	297	756	490
128	768	576	302	757	551
128	768	640	307	758	612
128	768	704	313	759	673
128	768	768	320	761	733
128	768	832	327	762	794
128	768	896	334	764	855
128	768	960	342	766	916
128	768	1023	350	768	976
128	832	0	300	815	67
128	832	64	301	815	88
128	832	128	301	815	136
128	832	192	302	816	192
128	832	256	304	816	250
128	832	320	306	816	310
128	832	384	309	817	370
128	832	448	312	818	430
128	832	512	316	818	491
128	832	576	320	819	551
128	832	640	325	820	612
128	832	704	331	821	673
128	832	768	337	823	734
128	832	832	344	824	795
128	832	896	351	826	855
128	832	960	358	827	916
128	832	1023	366	829	976
128	896	0	321	878	72
128	896	64	321	878	92
128	896	128	321	878	138
128	896	192	322	878	193
128	896	256	324	879	251
128	896	320	326	879	311
128	896	384	328	879	371
128	896	448	331	880	431
128	896	512	335	881	491
128	896	576	339	882	552
128	896	640	344	882	613
128	896	704	349	884	673
128	896	768	355	885	734
128	896	832	361	886	795
128	896	896	368	887	856
128	896	960	375	889	917
128	896	1023	382	891	976
128	960	0	341	941	77
128	960	64	341	941	96
128	960	128	342	941	141
128	960	192	343	941	195
128	960	256	344	941	253
128	960	320	346	942	312
128	960	384	348	942	371
128	960	448	351	943	431
128	960	512	355	943	492
128	960	576	358	944	552
128	960	640	363	945	613
128	960	704	368	946	674
128	960	768	373	947	734
128	960	832	379	948	795
128	960	896	385	949	856
128	960	960	392	951	917
128	960	1023	399	952	977
128	1023	0	361	1002	83
128	1023	64	361	1002	100
128	1023	128	362	1003	143
128	1023	192	363	1003	197
128	1023	256	364	1003	254
128	1023	320	366	1003	313
128	1023	384	368	1004	372
128	1023	448	371	1004	432
128	1023	512	374	1005	492
128	1023	576	378	1005	553
128	1023	640	382	1006	613
128	1023	704	386	1007	674
128	1023	768	391	1008	735
128	1023	832	397	1009	795
128	1023	896	403	1010	856
128	1023	960	409	1012	917
128	1023	1023	416	1013	977
192	0	0	177	33	0
192	0	64	178	35	59
192	0	128	179	39	121
192	0	192	181	46	182
192	0	256	184	55	244
192	0	320	188	65	305
192	0	384	193	75	366
192	0	448	199	85	427
192	0	512	205	96	488
192	0	576	213	107	549
192	0	640	221	118	610
192	0	704	229	129	671
192	0	768	239	140	732
192	0	832	248	151	793
192	0	896	259	163	854
192	0	960	269	174	915
192	0	1023	280	185	975
192	64	0	178	69	0
192	64	64	179	70	59
192	64	128	180	72	121
192	64	192	182	76	183
192	64	256	185	81	244
192	64	320	189	87	305
192	64	384	193	95	366
192	64	448	199	103	427
192	64	512	206	112	488
192	64	576	213	121	549
192	64	640	221	130	610
192	64	704	230	140	671
192	64	768	239	151	732
192	64	832	249	161	793
192	64	896	259	171	854
192	64	960	270	182	915
192	64	1023	280	193	975
192	128	0	181	128	0
192	128	64	181	129	60
192	128	128	182	130	121
192	128	192	184	132	183
192	128	256	187	134	244
192	128	320	191	138	305
192	128	384	196	142	366
192	128	448	202	147	427
192	128	512	208	153	488
192	128	576	215	160	549
192	128	640	223	167	610
192	128	704	232	174	671
192	128	768	241	182	732
192	128	832	251	191	793
192	128	896	261	199	854
192	128	960	271	208	915
192	128	1023	282	217	975
192	192	0	186	190	0
192	192	64	186	190	60
192	192	128	187	191	122
192	192	192	189	192	183
192	192	256	192	194	244
192	192	320	196	196	305
192	192	384	201	199	366
192	192	448	206	202	427
192	192	512	212	206	488
192	192	576	220	211	549
192	192	640	227	216	610
192	192	704	236	222	671
192	192	768	245	228	732
192	192	832	254	234	793
192	192	896	264	241	854
192	192	960	274	248	915
192	192	1023	285	256	975
192	256	0	193	252	11
192	256	64	194	252	62
192	256	128	195	253	122
192	256	192	196	254	183
192	256	256	199	255	244
192	256	320	203	257	305
192	256	384	207	259	366
192	256	448	213	261	427
192	256	512	219	264	488
192	256	576	226	268	549
192	256	640	233	271	610
192	256	704	241	276	671
192	256	768	250	280	732
192	256	832	259	285	793
192	256	896	269	291	854
192	256	960	279	297	915
192	256	1023	289	303	975
192	320	0	203	315	20
192	320	64	203	315	63
192	320	128	204	315	123
192	320	192	206	316	184
192	320	256	208	317	244
192	320	320	212	318	305
192	320	384	216	320	366
192	320	448	221	322	427
192	320	512	227	324	488
192	320	576	233	327	549
192	320	640	241	330	610
192	320	704	248	333	671
192	320	768	257	337	732
192	320	832	266	341	793
192	320	896	275	345	854
192	320	960	285	350	915
192	320	1023	295	355	975
192	384	0	214	377	26
192	384	64	214	377	65
192	384	128	215	377	124
192	384	192	217	378	184
192	384	256	219	379	245
192	384	320	222	380	306
192	384	384	226	381	366
192	384	448	231	383	427
192	384	512	237	385	488
192	384	576	243	387	549
192	384	640	250	389	610
192	384	704	257	392	671
192	384	768	265	395	732
192	384	832	274	398	793
192	384	896	283	402	854
192	384	960	293	406	915
192	384	1023	302	410	975
192	448	0	226	440	33
192	448	64	227	440	68
192	448	128	228	440	125
192	448	192	229	440	185
192	448	256	231	441	245
192	448	320	234	442	306
192	448	384	238	443	367
192	448	448	243	444	428
192	448	512	248	446	489
192	448	576	254	448	549
192	448	640	260	450	610
192	448	704	268	452	671
192	448	768	275	455	732
192	448	832	284	458	793
192	448	896	292	461	854
192	448	960	302	464	915
192	448	1023	311	468	975
192	512	0	241	502	38
192	512	64	241	502	70
192	512	128	242	502	126
192	512	192	243	503	186
192	512	256	245	503	246
192	512	320	248	504	306
192	512	384	251	505	367
192	512	448	256	506	428
192	512	512	261	508	489
192	512	576	266	509	550
192	512	640	272	511	611
192	512	704	279	513	672
192	512	768	287	515	732
192	512	832	295	518	793
192	512	896	303	520	854
192	512	960	312	523	915
192	512	1023	321	526	975
192	576	0	256	565	44
192	576	64	256	565	73
192	576	128	257	565	128
192	576	192	258	565	187
192	576	256	260	566	247
192	576	320	263	567	307
192	576	384	266	567	368
192	576	448	270	568	428
192	576	512	275	570	489
192	576	576	280	571	550
192	576	640	286	572	611
192	576	704	292	574	672
192	576	768	299	576	733
192	576	832	307	578	794
192	576	896	315	581	855
192	576	960	323	583	915
192	576	1023	332	586	975
192	640	0	272	627	50
192	640	64	272	628	76
192	640	128	273	628	129
192	640	192	274	628	188
192	640	256	276	628	247
192	640	320	278	629	308
192	640	384	281	630	368
192	640	448	285	631	429
192	640	512	289	632	489
192	640	576	294	633	550
192	640	640	300	634	611
192	640	704	306	636	672
192	640	768	313	637	733
192	640	832	320	639	794
192	640	896	327	641	855
192	640	960	335	644	916
192	640	1023	344	646	976
192	704	0	289	690	55
192	704	64	289	690	80
192	704	128	290	690	131
192	704	192	291	691	189
192	704	256	292	691	248
192	704	320	295	691	308
192	704	384	298	692	369
192	704	448	301	693	429
192	704	512	305	694	490
192	704	576	310	695	551
192	704	640	315	696	611
192	704	704	321	698	672
192	704	768	327	699	733
192	704	832	334	701	794
192	704	896	341	703	855
192	704	960	349	705	916
192	704	1023	357	707	976
192	768	0	306	753	61
192	768	64	307	753	83
192	768	128	307	753	133
192	768	192	308	753	190
192	768	256	310	754	249
192	768	320	312	754	309
192	768	384	315	755	369
192	768	448	318	755	430
192	768	512	322	756	490
192	768	576	326	757	551
192	768	640	331	758	612
192	768	704	336	759	673
192	768	768	342	761	733
192	768	832	349	762	794
192	768	896	356	764	855
192	768	960	363	766	916
192	768	1023	371	768	976
192	832	0	324	815	66
192	832	64	325	816	87
192	832	128	325	816	135
192	832	192	326	816	192
192	832	256	328	816	250
192	832	320	330	817	310
192	832	384	332	817	370
192	832	448	335	818	430
192	832	512	339	818	491
192	832	576	343	819	551
192	832	640	348	820	612
192	832	704	353	822	673
192	832	768	358	823	734
192	832	832	364	824	794
192	832	896	371	826	855
192	832	960	378	827	916
192	832	1023	385	829	976
192	896	0	343	878	71
192	896	64	343	878	91
192	896	128	344	878	138
192	896	192	345	878	193
192	896	256	346	879	251
192	896	320	348	879	311
192	896	384	350	880	370
192	896	448	353	880	431
192	896	512	356	881	491
192	896	576	360	882	552
192	896	640	365	883	612
192	896	704	370	884	673
192	896	768	375	885	734
192	896	832	381	886	795
192	896	896	387	888	856
192	896	960	393	889	916
192	896	1023	400	891	976
192	960	0	362	941	77
192	960	64	362	941	95
192	960	128	363	941	140
192	960	192	363	941	195
192	960	256	365	941	252
192	960	320	367	942	312
192	960	384	369	942	371
192	960	448	371	943	431
192	960	512	375	943	492
192	960	576	378	944	552
192	960	640	382	945	613
192	960	704	387	946	674
192	960	768	392	947	734
192	960	832	397	948	795
192	960	896	403	950	856
192	960	960	410	951	917
192	960	1023	416	952	977
192	1023	0	381	1003	82
192	1023	64	381	1003	99
192	1023	128	382	1003	143
192	1023	192	382	1003	197
192	1023	256	384	1003	254
192	1023	320	385	1003	313
192	1023	384	387	1004	372
192	1023	448	390	1004	432
192	1023	512	393	1005	492
192	1023	576	396	1006	553
192	1023	640	400	1006	613
192	1023	704	405	1007	674
192	1023	768	409	1008	735
192	1023	832	414	1009	795
192	1023	896	420	1011	856
192	1023	960	426	1012	917
192	1023	1023	432	1013	977
256	0	0	237	45	0
256	0	64	237	46	57
256	0	128	238	49	120
256	0	192	239	55	182
256	0	256	241	62	243
256	0	320	244	70	304
256	0	384	248	80	366
256	0	448	252	89	427
256	0	512	257	100	488
256	0	576	263	110	549
256	0	640	269	121	610
256	0	704	276	132	671
256	0	768	283	143	732
256	0	832	291	154	793
256	0	896	300	165	854
256	0	960	309	176	915
256	0	1023	318	187	975
256	64	0	237	75	0
256	64	64	237	75	57
256	64	128	238	77	120
256	64	192	240	81	182
256	64	256	242	85	243
256	64	320	245	91	304
256	64	384	248	98	366
256	64	448	253	106	427
256	64	512	258	115	488
256	64	576	263	124	549
256	64	640	270	133	610
256	64	704	276	143	671
256	64	768	284	153	732
256	64	832	292	163	793
256	64	896	300	173	854
256	64	960	309	184	915
256	64	1023	318	194	975
256	128	0	239	131	0
256	128	64	239	131	58
256	128	128	240	132	121
256	128	192	242	134	182
256	128	256	244	137	243
256	128	320	247	140	305
256	128	384	250	145	366
256	128	448	254	150	427
256	128	512	259	155	488
256	128	576	265	162	549
256	128	640	271	169	610
256	128	704	278	176	671
256	128	768	286	184	732
256	128	832	293	192	793
256	128	896	302	201	854
256	128	960	311	210	915
256	128	1023	320	219	975
256	192	0	243	192	0
256	192	64	243	192	59
256	192	128	244	192	121
256	192	192	245	194	182
256	192	256	247	195	244
256	192	320	250	198	305
256	192	384	254	201	366
256	192	448	258	204	427
256	192	512	263	208	488
256	192	576	268	213	549
256	192	640	274	218	610
256	192	704	281	223	671
256	192	768	288	229	732
256	192	832	296	236	793
256	192	896	305	242	854
256	192	960	313	249	915
256	192	1023	322	257	975
256	256	0	248	253	0
256	256	64	248	253	60
256	256	128	249	254	122
256	256	192	250	255	183
256	256	256	252	256	244
256	256	320	255	258	305
256	256	384	259	260	366
256	256	448	263	262	427
256	256	512	268	265	488
256	256	576	273	269	549
256	256	640	279	273	610
256	256	704	286	277	671
256	256	768	293	281	732
256	256	832	300	286	793
256	256	896	309	292	854
256	256	960	317	298	915
256	256	1023	326	304	975
256	320	0	255	315	11
256	320	64	255	316	62
256	320	128	256	316	122
256	320	192	257	317	183
256	320	256	259	318	244
256	320	320	262	319	305
256	320	384	265	320	366
256	320	448	269	322	427
256	320	512	274	325	488
256	320	576	279	327	549
256	320	640	285	330	610
256	320	704	292	334	671
256	320	768	299	338	732
256	320	832	306	342	793
256	320	896	314	346	854
256	320	960	323	351	915
256	320	1023	331	356	975
256	384	0	264	378	21
256	384	64	264	378	64
256	384	128	265	378	123
256	384	192	266	379	184
256	384	256	268	379	245
256	384	320	270	380	305
256	384	384	273	382	366
256	384	448	277	383	427
256	384	512	282	385	488
256	384	576	287	387	549
256	384	640	293	390	610
256	384	704	299	393	671
256	384	768	306	396	732
256	384	832	313	399	793
256	384	896	321	403	854
256	384	960	329	407	915
256	384	1023	338	411	975
256	448	0	274	440	29
256	448	64	274	440	66
256	448	128	275	441	124
256	448	192	276	441	184
256	448	256	278	442	245
256	448	320	280	442	306
256	448	384	283	444	367
256	448	448	287	445	427
256	448	512	291	447	488
256	448	576	296	448	549
256	448	640	301	450	610
256	448	704	308	453	671
256	448	768	314	455	732
256	448	832	321	458	793
256	448	896	329	461	854
256	448	960	337	465	915
256	448	1023	345	468	975
256	512	0	285	503	35
256	512	64	285	503	69
256	512	128	286	503	126
256	512	192	287	503	185
256	512	256	289	504	246
256	512	320	291	505	306
256	512	384	294	506	367
256	512	448	297	507	428
256	512	512	302	508	489
256	512	576	306	510	550
256	512	640	312	511	610
256	512	704	317	513	671
256	512	768	324	516	732
256	512	832	331	518	793
256	512	896	338	521	854
256	512	960	346	524	915
256	512	1023	354	527	975
256	576	0	298	565	41
256	576	64	298	565	72
256	576	128	298	566	127
256	576	192	299	566	186
256	576	256	301	566	246
256	576	320	303	567	307
256	576	384	306	568	367
256	576	448	309	569	428
256	576	512	313	570	489
256	576	576	318	571	550
256	576	640	323	573	611
256	576	704	329	575	672
256	576	768	335	577	733
256	576	832	341	579	794
256	576	896	348	581	854
256	576	960	356	584	915
256	576	1023	364	586	975
256	640	0	311	628	47
256	640	64	311	628	75
256	640	128	312	628	129
256	640	192	313	628	187
256	640	256	314	629	247
256	640	320	317	629	307
256	640	384	319	630	368
256	640	448	322	631	429
256	640	512	326	632	489
256	640	576	330	633	550
256	640	640	335	635	611
256	640	704	341	636	672
256	640	768	346	638	733
256	640	832	353	640	794
256	640	896	360	642	855
256	640	960	367	644	916
256	640	1023	374	647	976
256	704	0	326	691	53
256	704	64	326	691	78
256	704	128	326	691	131
256	704	192	327	691	188
256	704	256	329	691	248
256	704	320	331	692	308
256	704	384	333	692	368
256	704	448	336	693	429
256	704	512	340	694	490
256	704	576	344	695	550
256	704	640	349	696	611
256	704	704	354	698	672
256	704	768	359	699	733
256	704	832	365	701	794
256	704	896	372	703	855
256	704	960	379	705	916
256	704	1023	386	707	976
256	768	0	341	753	59
256	768	64	341	753	82
256	768	128	342	753	133
256	768	192	343	754	190
256	768	256	344	754	249
256	768	320	346	754	309
256	768	384	348	755	369
256	768	448	351	756	429
256	768	512	355	756	490
256	768	576	358	757	551
256	768	640	363	759	612
256	768	704	368	760	672
256	768	768	373	761	733
256	768	832	379	763	794
256	768	896	385	764	855
256	768	960	392	766	916
256	768	1023	399	768	976
256	832	0	357	816	64
256	832	64	357	816	86
256	832	128	358	816	135
256	832	192	359	816	191
256	832	256	360	816	250
256	832	320	362	817	309
256	832	384	364	817	370
256	832	448	367	818	430
256	832	512	370	819	491
256	832	576	374	820	551
256	832	640	378	821	612
256	832	704	382	822	673
256	832	768	387	823	734
256	832	832	393	825	794
256	832	896	399	826	855
256	832	960	405	828	916
256	832	1023	412	829	976
256	896	0	374	878	70
256	896	64	374	878	90
256	896	128	374	879	137
256	896	192	375	879	193
256	896	256	376	879	251
256	896	320	378	879	310
256	896	384	380	880	370
256	896	448	383	880	431
256	896	512	386	881	491
256	896	576	389	882	552
256	896	640	393	883	612
256	896	704	398	884	673
256	896	768	403	885	734
256	896	832	408	886	795
256	896	896	414	888	856
256	896	960	420	889	916
256	896	1023	426	891	976
256	960	0	391	941	75
256	960	64	391	941	94
256	960	128	391	941	140
256	960	192	392	941	194
256	960	256	393	942	252
256	960	320	395	942	311
256	960	384	397	942	371
256	960	448	400	943	431
256	960	512	402	944	492
256	960	576	406	944	552
256	960	640	410	945	613
256	960	704	414	946	673
256	960	768	418	947	734
256	960	832	423	948	795
256	960	896	429	950	856
256	960	960	435	951	917
256	960	1023	441	953	977
256	1023	0	408	1003	81
256	1023	64	408	1003	98
256	1023	128	409	1003	142
256	1023	192	410	1003	196
256	1023	256	411	1003	253
256	1023	320	412	1004	312
256	1023	384	414	1004	372
256	1023	448	416	1005	432
256	1023	512	419	1005	492
256	1023	576	422	1006	553
256	1023	640	426	1007	613
256	1023	704	430	1008	674
256	1023	768	434	1008	735
256	1023	832	439	1010	795
256	1023	896	445	1011	856
256	1023	960	450	1012	917
256	1023	1023	456	1014	977
320	0	0	296	56	0
320	0	64	296	56	55
320	0	128	297	59	119
320	0	192	298	64	181
320	0	256	299	70	243
320	0	320	302	77	304
320	0	384	304	86	365
320	0	448	308	95	426
320	0	512	312	104	487
320	0	576	316	114	549
320	0	640	321	125	610
320	0	704	327	135	671
320	0	768	333	146	732
320	0	832	340	156	793
320	0	896	347	167	854
320	0	960	354	178	915
320	0	1023	362	189	975
320	64	0	296	81	0
320	64	64	296	82	55
320	64	128	297	84	119
320	64	192	298	87	181
320	64	256	300	91	243
320	64	320	302	97	304
320	64	384	305	103	365
320	64	448	308	111	426
320	64	512	312	119	487
320	64	576	317	127	549
320	64	640	322	136	610
320	64	704	327	146	671
320	64	768	333	156	732
320	64	832	340	166	793
320	64	896	347	176	854
320	64	960	355	186	915
320	64	1023	362	196	975
320	128	0	298	135	0
320	128	64	298	135	55
320	128	128	298	136	120
320	128	192	300	138	182
320	128	256	301	140	243
320	128	320	303	144	304
320	128	384	306	148	365
320	128	448	310	153	426
320	128	512	314	158	488
320	128	576	318	165	549
320	128	640	323	171	610
320	128	704	329	179	671
320	128	768	335	186	732
320	128	832	341	194	793
320	128	896	348	203	854
320	128	960	356	212	915
320	128	1023	364	221	975
320	192	0	301	194	0
320	192	64	301	194	56
320	192	128	301	195	120
320	192	192	302	196	182
320	192	256	304	198	243
320	192	320	306	200	304
320	192	384	309	203	365
320	192	448	312	206	427
320	192	512	316	210	488
320	192	576	321	214	549
320	192	640	326	219	610
320	192	704	331	225	671
320	192	768	337	231	732
320	192	832	344	237	793
320	192	896	351	244	854
320	192	960	358	251	915
320	192	1023	366	258	975
320	256	0	305	255	0
320	256	64	305	255	58
320	256	128	305	256	121
320	256	192	306	256	182
320	256	256	308	258	243
320	256	320	310	259	304
320	256	384	313	261	366
320	256	448	316	264	427
320	256	512	320	267	488
320	256	576	324	270	549
320	256	640	329	274	610
320	256	704	335	278	671
320	256	768	341	283	732
320	256	832	347	288	793
320	256	896	354	293	854
320	256	960	362	299	915
320	256	1023	369	305	975
320	320	0	310	317	0
320	320	64	310	317	59
320	320	128	311	317	121
320	320	192	312	318	183
320	320	256	313	319	244
320	320	320	316	320	305
320	320	384	318	322	366
320	320	448	321	324	427
320	320	512	325	326	488
320	320	576	330	329	549
320	320	640	334	332	610
320	320	704	340	335	671
320	320	768	346	339	732
320	320	832	352	343	793
320	320	896	359	347	854
320	320	960	366	352	915
320	320	1023	374	357	975
320	384	0	317	379	9
320	384	64	317	379	61
320	384	128	318	379	122
320	384	192	319	380	183
320	384	256	320	380	244
320	384	320	322	381	305
320	384	384	325	383	366
320	384	448	328	384	427
320	384	512	332	386	488
320	384	576	336	388	549
320	384	640	341	391	610
320	384	704	346	394	671
320	384	768	352	397	732
320	384	832	358	400	793
320	384	896	364	404	854
320	384	960	372	408	915
320	384	1023	379	412	975
320	448	0	325	441	22
320	448	64	325	441	64
320	448	128	326	441	123
320	448	192	327	442	184
320	448	256	328	442	245
320	448	320	330	443	305
320	448	384	333	444	366
320	448	448	336	446	427
320	448	512	339	447	488
320	448	576	343	449	549
320	448	640	348	451	610
320	448	704	353	454	671
320	448	768	359	456	732
320	448	832	365	459	793
320	448	896	371	462	854
320	448	960	378	465	915
320	448	1023	386	469	975
320	512	0	334	503	30
320	512	64	334	503	67
320	512	128	335	504	125
320	512	192	336	504	185
320	512	256	337	505	245
320	512	320	339	505	306
320	512	384	342	506	367
320	512	448	345	507	428
320	512	512	348	509	488
320	512	576	352	510	549
320	512	640	357	512	610
320	512	704	362	514	671
320	512	768	367	516	732
320	512	832	373	519	793
320	512	896	379	522	854
320	512	960	386	524	915
320	512	1023	393	527	975
320	576	0	345	566	38
320	576	64	345	566	70
320	576	128	345	566	126
320	576	192	346	566	186
320	576	256	348	567	246
320	576	320	350	568	306
320	576	384	352	568	367
320	576	448	355	569	428
320	576	512	358	571	489
320	576	576	362	572	550
320	576	640	366	573	611
320	576	704	371	575	672
320	576	768	376	577	732
320	576	832	382	579	793
320	576	896	388	582	854
320	576	960	395	584	915
320	576	1023	402	587	975
320	640	0	356	628	44
320	640	64	356	628	73
320	640	128	357	629	128
320	640	192	358	629	187
320	640	256	359	629	247
320	640	320	361	630	307
320	640	384	363	631	368
320	640	448	366	631	428
320	640	512	369	633	489
320	640	576	373	634	550
320	640	640	377	635	611
320	640	704	382	637	672
320	640	768	387	638	733
320	640	832	392	640	794
320	640	896	398	642	855
320	640	960	405	645	915
320	640	1023	411	647	975
320	704	0	369	691	50
320	704	64	369	691	77
320	704	128	369	691	130
320	704	192	370	691	188
320	704	256	371	692	247
320	704	320	373	692	308
320	704	384	375	693	368
320	704	448	378	694	429
320	704	512	381	695	489
320	704	576	385	696	550
320	704	640	389	697	611
320	704	704	393	698	672
320	704	768	398	700	733
320	704	832	403	702	794
320	704	896	409	703	855
320	704	960	415	705	916
320	704	1023	422	708	976
320	768	0	382	754	56
320	768	64	382	754	80
320	768	128	383	754	132
320	768	192	383	754	189
320	768	256	385	754	248
320	768	320	386	755	308
320	768	384	388	755	369
320	768	448	391	756	429
320	768	512	394	757	490
320	768	576	397	758	551
320	768	640	401	759	611
320	768	704	405	760	672
320	768	768	410	762	733
320	768	832	415	763	794
320	768	896	421	765	855
320	768	960	427	767	916
320	768	1023	433	769	976
320	832	0	396	816	62
320	832	64	396	816	84
320	832	128	397	816	134
320	832	192	397	817	191
320	832	256	399	817	249
320	832	320	400	817	309
320	832	384	402	818	369
320	832	448	405	818	430
320	832	512	407	819	490
320	832	576	411	820	551
320	832	640	414	821	612
320	832	704	419	822	673
320	832	768	423	823	733
320	832	832	428	825	794
320	832	896	434	826	855
320	832	960	439	828	916
320	832	1023	445	830	976
320	896	0	411	879	68
320	896	64	411	879	88
320	896	128	411	879	136
320	896	192	412	879	192
320	896	256	413	879	251
320	896	320	415	880	310
320	896	384	417	880	370
320	896	448	419	881	430
320	896	512	422	882	491
320	896	576	425	882	551
320	896	640	429	883	612
320	896	704	433	884	673
320	896	768	437	885	734
320	896	832	442	887	795
320	896	896	447	888	855
320	896	960	453	890	916
320	896	1023	458	891	976
320	960	0	426	941	73
320	960	64	426	941	93
320	960	128	427	942	139
320	960	192	427	942	194
320	960	256	429	942	252
320	960	320	430	942	311
320	960	384	432	943	371
320	960	448	434	943	431
320	960	512	437	944	491
320	960	576	440	945	552
320	960	640	443	946	613
320	960	704	447	947	673
320	960	768	451	948	734
320	960	832	456	949	795
320	960	896	461	950	856
320	960	960	466	951	917
320	960	1023	472	953	977
320	1023	0	442	1003	79
320	1023	64	442	1003	97
320	1023	128	442	1003	141
320	1023	192	443	1003	196
320	1023	256	444	1004	253
320	1023	320	446	1004	312
320	1023	384	447	1004	372
320	1023	448	449	1005	432
320	1023	512	452	1005	492
320	1023	576	455	1006	552
320	1023	640	458	1007	613
320	1023	704	462	1008	674
320	1023	768	466	1009	734
320	1023	832	470	1010	795
320	1023	896	475	1011	856
320	1023	960	480	1012	917
320	1023	1023	486	1014	977
384	0	0	355	67	0
384	0	64	355	67	51
384	0	128	356	70	118
384	0	192	356	73	181
384	0	256	358	79	242
384	0	320	360	85	304
384	0	384	362	93	365
384	0	448	365	101	426
384	0	512	368	110	487
384	0	576	372	119	548
384	0	640	376	129	609
384	0	704	380	139	670
384	0	768	386	150	732
384	0	832	391	160	793
384	0	896	397	171	854
384	0	960	404	181	915
384	0	1023	410	192	975
384	64	0	355	89	0
384	64	64	355	89	51
384	64	128	356	91	118
384	64	192	357	94	181
384	64	256	358	98	242
384	64	320	360	103	304
384	64	384	362	109	365
384	64	448	365	116	426
384	64	512	368	124	487
384	64	576	372	132	548
384	64	640	376	141	609
384	64	704	381	150	670
384	64	768	386	159	732
384	64	832	391	169	793
384	64	896	397	179	854
384	64	960	404	189	915
384	64	1023	411	199	975
384	128	0	356	139	0
384	128	64	357	139	52
384	128	128	357	140	118
384	128	192	358	142	181
384	128	256	359	144	242
384	128	320	361	147	304
384	128	384	363	152	365
384	128	448	366	156	426
384	128	512	369	162	487
384	128	576	373	168	548
384	128	640	377	175	609
384	128	704	382	182	671
384	128	768	387	189	732
384	128	832	393	197	793
384	128	896	399	206	854
384	128	960	405	214	915
384	128	1023	412	223	975
384	192	0	359	197	0
384	192	64	359	197	53
384	192	128	359	197	119
384	192	192	360	199	181
384	192	256	362	200	243
384	192	320	363	202	304
384	192	384	366	205	365
384	192	448	368	209	426
384	192	512	372	213	487
384	192	576	375	217	548
384	192	640	379	222	609
384	192	704	384	227	671
384	192	768	389	233	732
384	192	832	395	239	793
384	192	896	401	246	854
384	192	960	407	253	915
384	192	1023	414	260	975
384	256	0	362	257	0
384	256	64	362	257	54
384	256	128	363	258	119
384	256	192	364	258	181
384	256	256	365	260	243
384	256	320	367	261	304
384	256	384	369	263	365
384	256	448	372	266	426
384	256	512	375	269	487
384	256	576	378	272	549
384	256	640	382	276	610
384	256	704	387	280	671
384	256	768	392	285	732
384	256	832	398	290	793
384	256	896	403	295	854
384	256	960	410	301	915
384	256	1023	416	306	975
384	320	0	367	318	0
384	320	64	367	318	56
384	320	128	367	319	120
384	320	192	368	319	182
384	320	256	369	320	243
384	320	320	371	322	304
384	320	384	373	323	365
384	320	448	376	325	427
384	320	512	379	327	488
384	320	576	383	330	549
384	320	640	387	333	610
384	320	704	391	336	671
384	320	768	396	340	732
384	320	832	402	344	793
384	320	896	407	348	854
384	320	960	414	353	915
384	320	1023	420	358	975
384	384	0	372	380	0
384	384	64	372	380	58
384	384	128	373	380	121
384	384	192	374	381	182
384	384	256	375	382	244
384	384	320	377	383	305
384	384	384	379	384	366
384	384	448	381	386	427
384	384	512	384	387	488
384	384	576	388	390	549
384	384	640	392	392	610
384	384	704	396	395	671
384	384	768	401	398	732
384	384	832	407	401	793
384	384	896	412	405	854
384	384	960	418	409	915
384	384	1023	425	413	975
384	448	0	379	442	1
384	448	64	379	442	61
384	448	128	379	442	122
384	448	192	380	443	183
384	448	256	382	443	244
384	448	320	383	444	305
384	448	384	385	445	366
384	448	448	388	447	427
384	448	512	391	448	488
384	448	576	394	450	549
384	448	640	398	452	610
384	448	704	403	455	671
384	448	768	407	457	732
384	448	832	413	460	793
384	448	896	418	463	854
384	448	960	424	466	915
384	448	1023	431	470	975
384	512	0	387	504	22
384	512	64	387	504	64
384	512	128	387	505	123
384	512	192	388	505	184
384	512	256	389	505	245
384	512	320	391	506	305
384	512	384	393	507	366
384	512	448	395	508	427
384	512	512	398	510	488
384	512	576	402	511	549
384	512	640	406	513	610
384	512	704	410	515	671
384	512	768	415	517	732
384	512	832	420	520	793
384	512	896	425	522	854
384	512	960	431	525	915
384	512	1023	437	528	975
384	576	0	395	567	32
384	576	64	396	567	67
384	576	128	396	567	125
384	576	192	397	567	185
384	576	256	398	568	245
384	576	320	400	568	306
384	576	384	402	569	367
384	576	448	404	570	428
384	576	512	407	571	489
384	576	576	410	573	549
384	576	640	414	574	610
384	576	704	418	576	671
384	576	768	423	578	732
384	576	832	428	580	793
384	576	896	433	582	854
384	576	960	439	585	915
384	576	1023	445	588	975
384	640	0	405	629	39
384	640	64	405	629	71
384	640	128	406	629	127
384	640	192	407	630	186
384	640	256	408	630	246
384	640	320	409	631	307
384	640	384	411	631	367
384	640	448	414	632	428
384	640	512	416	633	489
384	640	576	420	634	550
384	640	640	423	636	611
384	640	704	427	637	672
384	640	768	432	639	733
384	640	832	437	641	793
384	640	896	442	643	854
384	640	960	448	645	915
384	640	1023	453	648	975
384	704	0	416	692	46
384	704	64	416	692	74
384	704	128	416	692	128
384	704	192	417	692	187
384	704	256	418	692	247
384	704	320	420	693	307
384	704	384	422	694	368
384	704	448	424	694	428
384	704	512	427	695	489
384	704	576	430	696	550
384	704	640	433	698	611
384	704	704	437	699	672
384	704	768	442	700	733
384	704	832	446	702	794
384	704	896	452	704	855
384	704	960	457	706	916
384	704	1023	463	708	976
384	768	0	428	754	53
384	768	64	428	754	78
384	768	128	428	754	130
384	768	192	429	754	188
384	768	256	430	755	248
384	768	320	431	755	308
384	768	384	433	756	368
384	768	448	435	757	429
384	768	512	438	757	490
384	768	576	441	758	550
384	768	640	444	760	611
384	768	704	448	761	672
384	768	768	452	762	733
384	768	832	457	764	794
384	768	896	462	765	855
384	768	960	467	767	916
384	768	1023	473	769	976
384	832	0	440	817	59
384	832	64	440	817	82
384	832	128	440	817	133
384	832	192	441	817	190
384	832	256	442	817	249
384	832	320	443	818	309
384	832	384	445	818	369
384	832	448	447	819	429
384	832	512	450	820	490
384	832	576	453	821	551
384	832	640	456	822	612
384	832	704	460	823	672
384	832	768	464	824	733
384	832	832	468	825	794
384	832	896	473	827	855
384	832	960	479	829	916
384	832	1023	484	830	976
384	896	0	453	879	65
384	896	64	453	879	86
384	896	128	453	879	135
384	896	192	454	880	191
384	896	256	455	880	250
384	896	320	456	880	310
384	896	384	458	881	370
384	896	448	460	881	430
384	896	512	463	882	491
384	896	576	466	883	551
384	896	640	469	884	612
384	896	704	472	885	673
384	896	768	476	886	734
384	896	832	481	887	794
384	896	896	485	889	855
384	896	960	490	890	916
384	896	1023	496	892	976
384	960	0	467	942	71
384	960	64	467	942	91
384	960	128	467	942	138
384	960	192	468	942	193
384	960	256	469	942	251
384	960	320	470	943	311
384	960	384	472	943	370
384	960	448	474	944	431
384	960	512	476	944	491
384	960	576	479	945	552
384	960	640	482	946	612
384	960	704	485	947	673
384	960	768	489	948	734
384	960	832	493	949	795
384	960	896	498	950	856
384	960	960	503	952	916
384	960	1023	508	953	976
384	1023	0	481	1003	77
384	1023	64	481	1003	95
384	1023	128	481	1004	140
384	1023	192	482	1004	195
384	1023	256	483	1004	253
384	1023	320	484	1004	312
384	1023	384	486	1005	371
384	1023	448	488	1005	431
384	1023	512	490	1006	492
384	1023	576	493	1007	552
384	1023	640	496	1007	613
384	1023	704	499	1008	674
384	1023	768	503	1009	734
384	1023	832	507	1010	795
384	1023	896	511	1011	856
384	1023	960	516	1013	917
384	1023	1023	521	1014	977
448	0	0	414	78	0
448	0	64	414	78	46
448	0	128	415	80	116
448	0	192	415	84	180
448	0	256	416	88	242
448	0	320	418	94	303
448	0	384	420	101	365
448	0	448	422	108	426
448	0	512	425	117	487
448	0	576	428	125	548
448	0	640	432	135	609
448	0	704	436	144	670
448	0	768	440	154	731
448	0	832	445	164	792
448	0	896	450	174	853
448	0	960	455	185	914
448	0	1023	461	195	975
448	64	0	414	97	0
448	64	64	414	97	47
448	64	128	415	99	116
448	64	192	416	101	180
448	64	256	417	105	242
448	64	320	418	110	303
448	64	384	420	116	365
448	64	448	422	122	426
448	64	512	425	129	487
448	64	576	428	137	548
448	64	640	432	146	609
448	64	704	436	154	670
448	64	768	440	163	731
448	64	832	445	173	792
448	64	896	450	183	853
448	64	960	456	192	914
448	64	1023	461	202	975
448	128	0	415	144	0
448	128	64	415	144	47
448	128	128	416	145	117
448	128	192	417	147	180
448	128	256	418	149	242
448	128	320	419	152	303
448	128	384	421	156	365
448	128	448	423	161	426
448	128	512	426	166	487
448	128	576	429	172	548
448	128	640	433	178	609
448	128	704	437	185	670
448	128	768	441	193	731
448	128	832	446	201	792
448	128	896	451	209	853
448	128	960	457	217	914
448	128	1023	462	226	975
448	192	0	417	200	0
448	192	64	417	200	48
448	192	128	418	201	117
448	192	192	419	202	180
448	192	256	420	203	242
448	192	320	421	206	303
448	192	384	423	208	365
448	192	448	425	212	426
448	192	512	428	216	487
448	192	576	431	220	548
448	192	640	435	225	609
448	192	704	439	230	670
448	192	768	443	236	731
448	192	832	448	242	792
448	192	896	453	249	853
448	192	960	458	256	915
448	192	1023	464	263	975
448	256	0	420	259	0
448	256	64	420	259	50
448	256	128	421	260	118
448	256	192	421	261	180
448	256	256	422	262	242
448	256	320	424	264	304
448	256	384	426	266	365
448	256	448	428	268	426
448	256	512	431	271	487
448	256	576	434	274	548
448	256	640	437	278	609
448	256	704	441	282	670
448	256	768	445	287	731
448	256	832	450	292	793
448	256	896	455	297	854
448	256	960	461	303	915
448	256	1023	466	308	975
448	320	0	424	320	0
448	320	64	424	320	52
448	320	128	424	321	118
448	320	192	425	321	181
448	320	256	426	322	242
448	320	320	428	323	304
448	320	384	429	325	365
448	320	448	432	327	426
448	320	512	434	329	487
448	320	576	437	332	548
448	320	640	441	335	609
448	320	704	445	338	671
448	320	768	449	342	732
448	320	832	454	346	793
448	320	896	459	350	854
448	320	960	464	355	915
448	320	1023	470	360	975
448	384	0	429	382	0
448	384	64	429	382	54
448	384	128	429	382	119
448	384	192	430	382	181
448	384	256	431	383	243
448	384	320	432	384	304
448	384	384	434	385	365
448	384	448	436	387	426
448	384	512	439	389	487
448	384	576	442	391	549
448	384	640	445	394	610
448	384	704	449	396	671
448	384	768	453	399	732
448	384	832	458	403	793
448	384	896	463	406	854
448	384	960	468	410	915
448	384	1023	474	414	975
448	448	0	434	443	0
448	448	64	434	443	57
448	448	128	435	444	120
448	448	192	435	444	182
448	448	256	436	445	243
448	448	320	438	446	304
448	448	384	440	447	366
448	448	448	442	448	427
448	448	512	444	450	488
448	448	576	447	451	549
448	448	640	451	453	610
448	448	704	455	456	671
448	448	768	459	458	732
448	448	832	463	461	793
448	448	896	468	464	854
448	448	960	473	468	915
448	448	1023	479	471	975
448	512	0	441	505	0
448	512	64	441	505	60
448	512	128	441	506	122
448	512	192	442	506	183
448	512	256	443	507	244
448	512	320	444	507	305
448	512	384	446	508	366
448	512	448	448	509	427
448	512	512	451	511	488
448	512	576	454	512	549
448	512	640	457	514	610
448	512	704	461	516	671
448	512	768	465	518	732
448	512	832	469	521	793
448	512	896	474	523	854
448	512	960	479	526	915
448	512	1023	485	529	975
448	576	0	448	568	22
448	576	64	448	568	64
448	576	128	449	568	123
448	576	192	450	568	184
448	576	256	451	569	245
448	576	320	452	569	305
448	576	384	454	570	366
448	576	448	456	571	427
448	576	512	458	572	488
448	576	576	461	574	549
448	576	640	464	575	610
448	576	704	468	577	671
448	576	768	472	579	732
448	576	832	476	581	793
448	576	896	481	583	854
448	576	960	486	586	915
448	576	1023	492	589	975
448	640	0	457	630	33
448	640	64	457	630	68
448	640	128	457	630	125
448	640	192	458	630	185
448	640	256	459	631	245
448	640	320	460	631	306
448	640	384	462	632	367
448	640	448	464	633	428
448	640	512	466	634	489
448	640	576	469	635	549
448	640	640	472	637	610
448	640	704	476	638	671
448	640	768	480	640	732
448	640	832	484	642	793
448	640	896	489	644	854
448	640	960	494	646	915
448	640	1023	499	648	975
448	704	0	466	692	41
448	704	64	466	692	71
448	704	128	467	693	127
448	704	192	467	693	186
448	704	256	468	693	246
448	704	320	469	694	307
448	704	384	471	694	367
448	704	448	473	695	428
448	704	512	476	696	489
448	704	576	478	697	550
448	704	640	481	698	611
448	704	704	485	700	672
448	704	768	489	701	733
448	704	832	493	703	794
448	704	896	497	705	854
448	704	960	502	707	915
448	704	1023	508	709	975
448	768	0	476	755	48
448	768	64	476	755	76
448	768	128	477	755	129
448	768	192	477	755	187
448	768	256	478	755	247
448	768	320	480	756	307
448	768	384	481	757	368
448	768	448	483	757	429
448	768	512	485	758	489
448	768	576	488	759	550
448	768	640	491	760	611
448	768	704	495	761	672
448	768	768	498	763	733
448	768	832	502	764	794
448	768	896	507	766	855
448	768	960	512	768	916
448	768	1023	517	770	976
448	832	0	487	817	55
448	832	64	487	817	80
448	832	128	488	817	131
448	832	192	488	818	189
448	832	256	489	818	248
448	832	320	490	818	308
448	832	384	492	819	369
448	832	448	494	820	429
448	832	512	496	820	490
448	832	576	499	821	551
448	832	640	502	822	611
448	832	704	505	823	672
448	832	768	509	825	733
448	832	832	513	826	794
448	832	896	517	828	855
448	832	960	522	829	916
448	832	1023	527	831	976
448	896	0	499	880	62
448	896	64	499	880	84
448	896	128	499	880	134
448	896	192	500	880	190
448	896	256	501	880	249
448	896	320	502	881	309
448	896	384	503	881	369
448	896	448	505	882	430
448	896	512	507	883	490
448	896	576	510	883	551
448	896	640	513	884	612
448	896	704	516	885	673
448	896	768	520	886	733
448	896	832	524	888	794
448	896	896	528	889	855
448	896	960	532	891	916
448	896	1023	537	892	976
448	960	0	511	942	68
448	960	64	511	942	89
448	960	128	511	942	136
448	960	192	512	943	192
448	960	256	513	943	251
448	960	320	514	943	310
448	960	384	516	944	370
448	960	448	517	944	430
448	960	512	520	945	491
448	960	576	522	946	551
448	960	640	525	946	612
448	960	704	528	947	673
448	960	768	531	949	734
448	960	832	535	950	795
448	960	896	539	951	855
448	960	960	544	952	916
448	960	1023	549	954	976
448	1023	0	524	1004	74
448	1023	64	524	1004	93
448	1023	128	524	1004	139
448	1023	192	525	1004	194
448	1023	256	526	1004	252
448	1023	320	527	1005	311
448	1023	384	528	1005	371
448	1023	448	530	1006	431
448	1023	512	532	1006	491
448	1023	576	534	1007	552
448	1023	640	537	1008	613
448	1023	704	540	1009	673
448	1023	768	544	1010	734
448	1023	832	547	1011	795
448	1023	896	551	1012	856
448	1023	960	556	1013	917
448	1023	1023	560	1015	977
512	0	0	473	89	0
512	0	64	473	89	40
512	0	128	474	91	114
512	0	192	474	94	178
512	0	256	475	98	241
512	0	320	477	103	303
512	0	384	478	109	364
512	0	448	480	116	425
512	0	512	482	124	487
512	0	576	485	132	548
512	0	640	488	141	609
512	0	704	492	150	670
512	0	768	495	159	731
512	0	832	500	169	792
512	0	896	504	179	853
512	0	960	509	189	914
512	0	1023	514	199	974
512	64	0	473	106	0
512	64	64	474	106	40
512	64	128	474	107	114
512	64	192	475	110	178
512	64	256	475	113	241
512	64	320	477	118	303
512	64	384	478	123	364
512	64	448	480	129	425
512	64	512	483	136	487
512	64	576	485	143	548
512	64	640	488	151	609
512	64	704	492	160	670
512	64	768	496	168	731
512	64	832	500	177	792
512	64	896	504	187	853
512	64	960	509	196	914
512	64	1023	514	206	974
512	128	0	474	149	0
512	128	64	474	150	41
512	128	128	475	151	115
512	128	192	475	152	179
512	128	256	476	154	241
512	128	320	478	157	303
512	128	384	479	161	364
512	128	448	481	166	425
512	128	512	484	171	487
512	128	576	486	176	548
512	128	640	489	183	609
512	128	704	493	190	670
512	128	768	496	197	731
512	128	832	501	204	792
512	128	896	505	212	853
512	128	960	510	221	914
512	128	1023	515	229	974
512	192	0	476	204	0
512	192	64	476	204	42
512	192	128	476	205	115
512	192	192	477	206	179
512	192	256	478	207	241
512	192	320	479	209	303
512	192	384	481	212	364
512	192	448	483	215	425
512	192	512	485	219	487
512	192	576	488	223	548
512	192	640	491	228	609
512	192	704	494	233	670
512	192	768	498	239	731
512	192	832	502	245	792
512	192	896	507	252	853
512	192	960	511	258	914
512	192	1023	516	266	974
512	256	0	478	262	0
512	256	64	478	262	44
512	256	128	479	263	116
512	256	192	479	264	179
512	256	256	480	265	241
512	256	320	482	266	303
512	256	384	483	268	364
512	256	448	485	271	426
512	256	512	487	274	487
512	256	576	490	277	548
512	256	640	493	281	609
512	256	704	497	285	670
512	256	768	500	289	731
512	256	832	504	294	792
512	256	896	509	299	853
512	256	960	514	305	914
512	256	1023	519	311	974
512	320	0	482	322	0
512	320	64	482	322	46
512	320	128	482	323	116
512	320	192	483	323	180
512	320	256	484	324	242
512	320	320	485	326	303
512	320	384	486	327	365
512	320	448	488	329	426
512	320	512	491	331	487
512	320	576	493	334	548
512	320	640	496	337	609
512	320	704	500	340	670
512	320	768	503	344	731
512	320	832	507	348	792
512	320	896	512	352	853
512	320	960	517	357	914
512	320	1023	522	362	975
512	384	0	486	383	0
512	384	64	486	383	49
512	384	128	486	384	117
512	384	192	487	384	180
512	384	256	488	385	242
512	384	320	489	386	303
512	384	384	490	387	365
512	384	448	492	389	426
512	384	512	495	391	487
512	384	576	497	393	548
512	384	640	500	395	609
512	384	704	503	398	670
512	384	768	507	401	731
512	384	832	511	404	792
512	384	896	516	408	854
512	384	960	520	412	915
512	384	1023	525	416	975
512	448	0	490	445	0
512	448	64	491	445	52
512	448	128	491	445	119
512	448	192	492	446	181
512	448	256	492	446	242
512	448	320	494	447	304
512	448	384	495	448	365
512	448	448	497	449	426
512	448	512	499	451	487
512	448	576	502	453	548
512	448	640	505	455	609
512	448	704	508	457	671
512	448	768	512	460	732
512	448	832	516	463	793
512	448	896	520	466	854
512	448	960	525	469	915
512	448	1023	530	472	975
512	512	0	496	507	0
512	512	64	496	507	56
512	512	128	497	507	120
512	512	192	497	507	182
512	512	256	498	508	243
512	512	320	499	509	304
512	512	384	501	510	365
512	512	448	503	511	427
512	512	512	505	512	488
512	512	576	508	514	549
512	512	640	510	515	610
512	512	704	514	517	671
512	512	768	517	520	732
512	512	832	521	522	793
512	512	896	525	525	854
512	512	960	530	527	915
512	512	1023	535	531	975
512	576	0	503	569	0
512	576	64	503	569	60
512	576	128	503	569	121
512	576	192	504	569	183
512	576	256	505	570	244
512	576	320	506	570	305
512	576	384	507	571	366
512	576	448	509	572	427
512	576	512	511	573	488
512	576	576	514	575	549
512	576	640	517	576	610
512	576	704	520	578	671
512	576	768	524	580	732
512	576	832	527	582	793
512	576	896	532	584	854
512	576	960	536	587	915
512	576	1023	541	590	975
512	640	0	510	631	21
512	640	64	510	631	64
512	640	128	511	631	123
512	640	192	511	631	184
512	640	256	512	632	245
512	640	320	513	632	305
512	640	384	515	633	366
512	640	448	516	634	427
512	640	512	519	635	488
512	640	576	521	636	549
512	640	640	524	638	610
512	640	704	527	639	671
512	640	768	531	641	732
512	640	832	534	643	793
512	640	896	539	645	854
512	640	960	543	647	915
512	640	1023	548	649	975
512	704	0	518	693	33
512	704	64	518	693	68
512	704	128	519	693	125
512	704	192	519	694	185
512	704	256	520	694	245
512	704	320	521	695	306
512	704	384	523	695	367
512	704	448	525	696	428
512	704	512	527	697	489
512	704	576	529	698	550
512	704	640	532	699	610
512	704	704	535	701	671
512	704	768	538	702	732
512	704	832	542	704	793
512	704	896	546	706	854
512	704	960	551	708	915
512	704	1023	555	710	975
512	768	0	527	756	42
512	768	64	527	756	72
512	768	128	528	756	127
512	768	192	528	756	186
512	768	256	529	756	246
512	768	320	530	757	307
512	768	384	532	757	367
512	768	448	533	758	428
512	768	512	535	759	489
512	768	576	538	760	550
512	768	640	541	761	611
512	768	704	544	762	672
512	768	768	547	764	733
512	768	832	551	765	794
512	768	896	555	767	854
512	768	960	559	769	915
512	768	1023	563	771	975
512	832	0	537	818	50
512	832	64	537	818	77
512	832	128	537	818	130
512	832	192	538	818	188
512	832	256	539	819	247
512	832	320	540	819	308
512	832	384	541	820	368
512	832	448	543	820	429
512	832	512	545	821	489
512	832	576	547	822	550
512	832	640	550	823	611
512	832	704	553	824	672
512	832	768	556	825	733
512	832	832	560	827	794
512	832	896	564	828	855
512	832	960	568	830	916
512	832	1023	572	832	976
512	896	0	547	880	57
512	896	64	547	880	81
512	896	128	548	881	132
512	896	192	548	881	189
512	896	256	549	881	249
512	896	320	550	881	308
512	896	384	551	882	369
512	896	448	553	883	429
512	896	512	555	883	490
512	896	576	557	884	551
512	896	640	560	885	611
512	896	704	563	886	672
512	896	768	566	887	733
512	896	832	570	888	794
512	896	896	573	890	855
512	896	960	578	891	916
512	896	1023	582	893	976
512	960	0	558	943	64
512	960	64	558	943	86
512	960	128	559	943	135
512	960	192	559	943	191
512	960	256	560	944	250
512	960	320	561	944	309
512	960	384	562	944	370
512	960	448	564	945	430
512	960	512	566	945	491
512	960	576	568	946	551
512	960	640	571	947	612
512	960	704	574	948	673
512	960	768	577	949	734
512	960	832	580	950	794
512	960	896	584	952	855
512	960	960	588	953	916
512	960	1023	592	954	976
512	1023	0	570	1004	70
512	1023	64	570	1005	90
512	1023	128	570	1005	137
512	1023	192	571	1005	193
512	1023	256	571	1005	251
512	1023	320	572	1005	310
512	1023	384	574	1006	370
512	1023	448	575	1006	431
512	1023	512	577	1007	491
512	1023	576	579	1008	552
512	1023	640	582	1008	612
512	1023	704	585	1009	673
512	1023	768	588	1010	734
512	1023	832	591	1011	795
512	1023	896	595	1013	856
512	1023	960	599	1014	916
512	1023	1023	603	1015	976
576	0	0	532	100	0
576	0	64	532	101	30
576	0	128	533	102	112
576	0	192	533	104	177
576	0	256	534	108	240
576	0	320	535	113	302
576	0	384	537	118	363
576	0	448	538	124	425
576	0	512	540	132	486
576	0	576	543	139	547
576	0	640	545	147	609
576	0	704	548	156	670
576	0	768	552	165	731
576	0	832	555	174	792
576	0	896	559	184	853
576	0	960	564	194	914
576	0	1023	568	204	974
576	64	0	533	115	0
576	64	64	533	115	31
576	64	128	533	117	112
576	64	192	534	119	177
576	64	256	534	122	240
576	64	320	535	126	302
576	64	384	537	131	363
576	64	448	539	136	425
576	64	512	541	143	486
576	64	576	543	150	547
576	64	640	546	157	609
576	64	704	549	165	670
576	64	768	552	174	731
576	64	832	556	183	792
576	64	896	560	192	853
576	64	960	564	201	914
576	64	1023	568	210	974
576	128	0	533	156	0
576	128	64	533	156	32
576	128	128	534	157	112
576	128	192	534	158	177
576	128	256	535	160	240
576	128	320	536	163	302
576	128	384	538	167	364
576	128	448	539	171	425
576	128	512	541	176	486
576	128	576	544	182	547
576	128	640	546	188	609
576	128	704	549	194	670
576	128	768	553	201	731
576	128	832	556	209	792
576	128	896	560	217	853
576	128	960	565	225	914
576	128	1023	569	233	974
576	192	0	535	208	0
576	192	64	535	208	33
576	192	128	535	209	113
576	192	192	536	210	177
576	192	256	536	212	240
576	192	320	538	214	302
576	192	384	539	216	364
576	192	448	541	219	425
576	192	512	543	223	486
576	192	576	545	227	548
576	192	640	548	232	609
576	192	704	551	237	670
576	192	768	554	243	731
576	192	832	558	249	792
576	192	896	562	255	853
576	192	960	566	262	914
576	192	1023	570	269	974
576	256	0	537	265	0
576	256	64	537	266	36
576	256	128	537	266	113
576	256	192	538	267	178
576	256	256	539	268	240
576	256	320	540	270	302
576	256	384	541	272	364
576	256	448	543	274	425
576	256	512	545	277	486
576	256	576	547	280	548
576	256	640	550	284	609
576	256	704	553	288	670
576	256	768	556	292	731
576	256	832	560	297	792
576	256	896	564	302	853
576	256	960	568	308	914
576	256	1023	572	313	974
576	320	0	540	325	0
576	320	64	540	325	39
576	320	128	540	325	114
576	320	192	541	326	178
576	320	256	541	327	241
576	320	320	542	328	302
576	320	384	544	330	364
576	320	448	546	332	425
576	320	512	548	334	487
576	320	576	550	336	548
576	320	640	552	339	609
576	320	704	555	343	670
576	320	768	559	346	731
576	320	832	562	350	792
576	320	896	566	354	853
576	320	960	570	359	914
576	320	1023	575	364	974
576	384	0	543	385	0
576	384	64	543	385	42
576	384	128	544	386	115
576	384	192	544	386	179
576	384	256	545	387	241
576	384	320	546	388	303
576	384	384	547	389	364
576	384	448	549	391	425
576	384	512	551	393	487
576	384	576	553	395	548
576	384	640	556	397	609
576	384	704	559	400	670
576	384	768	562	403	731
576	384	832	566	406	792
576	384	896	570	410	853
576	384	960	574	414	914
576	384	1023	578	418	974
576	448	0	547	447	0
576	448	64	548	447	46
576	448	128	548	447	116
576	448	192	548	447	180
576	448	256	549	448	242
576	448	320	550	449	303
576	448	384	552	450	364
576	448	448	553	451	426
576	448	512	555	453	487
576	448	576	558	455	548
576	448	640	560	457	609
576	448	704	563	459	670
576	448	768	566	461	731
576	448	832	570	464	792
576	448	896	574	467	853
576	448	960	578	471	914
576	448	1023	582	474	975
576	512	0	552	508	0
576	512	64	553	508	50
576	512	128	553	508	118
576	512	192	553	509	180
576	512	256	554	509	242
576	512	320	555	510	304
576	512	384	557	511	365
576	512	448	558	512	426
576	512	512	560	513	487
576	512	576	562	515	548
576	512	640	565	517	609
576	512	704	568	519	670
576	512	768	571	521	731
576	512	832	575	523	793
576	512	896	578	526	854
576	512	960	582	529	915
576	512	1023	587	532	975
576	576	0	558	570	0
576	576	64	558	570	54
576	576	128	559	570	119
576	576	192	559	571	181
576	576	256	560	571	243
576	576	320	561	572	304
576	576	384	562	572	365
576	576	448	564	573	426
576	576	512	566	575	487
576	576	576	568	576	549
576	576	640	571	578	610
576	576	704	573	579	671
576	576	768	577	581	732
576	576	832	580	583	793
576	576	896	584	586	854
576	576	960	588	588	915
576	576	1023	592	591	975
576	640	0	565	632	0
576	640	64	565	632	59
576	640	128	565	632	121
576	640	192	566	633	182
576	640	256	566	633	244
576	640	320	567	634	305
576	640	384	569	634	366
576	640	448	570	635	427
576	640	512	572	636	488
576	640	576	574	637	549
576	640	640	577	639	610
576	640	704	580	640	671
576	640	768	583	642	732
576	640	832	586	644	793
576	640	896	590	646	854
576	640	960	594	648	915
576	640	1023	598	651	975
576	704	0	572	694	20
576	704	64	572	694	63
576	704	128	572	694	123
576	704	192	573	695	184
576	704	256	574	695	244
576	704	320	575	696	305
576	704	384	576	696	366
576	704	448	578	697	427
576	704	512	579	698	488
576	704	576	582	699	549
576	704	640	584	700	610
576	704	704	587	702	671
576	704	768	590	703	732
576	704	832	593	705	793
576	704	896	597	707	854
576	704	960	601	709	915
576	704	1023	605	711	975
576	768	0	580	756	34
576	768	64	580	757	68
576	768	128	580	757	125
576	768	192	581	757	185
576	768	256	582	757	245
576	768	320	583	758	306
576	768	384	584	758	367
576	768	448	585	759	428
576	768	512	587	760	489
576	768	576	589	761	550
576	768	640	592	762	610
576	768	704	595	763	671
576	768	768	598	765	732
576	768	832	601	766	793
576	768	896	604	768	854
576	768	960	608	770	915
576	768	1023	612	771	975
576	832	0	589	819	43
576	832	64	589	819	73
576	832	128	589	819	128
576	832	192	589	819	186
576	832	256	590	819	246
576	832	320	591	820	307
576	832	384	592	820	368
576	832	448	594	821	428
576	832	512	596	822	489
576	832	576	598	823	550
576	832	640	600	824	611
576	832	704	603	825	672
576	832	768	606	826	733
576	832	832	609	828	794
576	832	896	613	829	855
576	832	960	617	831	915
576	832	1023	621	832	975
576	896	0	598	881	52
576	896	64	598	881	77
576	896	128	598	881	130
576	896	192	599	882	188
576	896	256	599	882	248
576	896	320	600	882	308
576	896	384	602	883	368
576	896	448	603	883	429
576	896	512	605	884	490
576	896	576	607	885	550
576	896	640	609	886	611
576	896	704	612	887	672
576	896	768	615	888	733
576	896	832	618	889	794
576	896	896	622	891	855
576	896	960	625	892	916
576	896	1023	629	894	976
576	960	0	608	944	59
576	960	64	608	944	82
576	960	128	608	944	133
576	960	192	609	944	190
576	960	256	609	944	249
576	960	320	610	945	309
576	960	384	612	945	369
576	960	448	613	946	429
576	960	512	615	946	490
576	960	576	617	947	551
576	960	640	619	948	612
576	960	704	622	949	672
576	960	768	624	950	733
576	960	832	628	951	794
576	960	896	631	952	855
576	960	960	635	954	916
576	960	1023	639	955	976
576	1023	0	618	1005	66
576	1023	64	618	1005	87
576	1023	128	619	1005	135
576	1023	192	619	1005	192
576	1023	256	620	1006	250
576	1023	320	621	1006	310
576	1023	384	622	1006	370
576	1023	448	623	1007	430
576	1023	512	625	1007	491
576	1023	576	627	1008	551
576	1023	640	629	1009	612
576	1023	704	632	1010	673
576	1023	768	635	1011	734
576	1023	832	638	1012	794
576	1023	896	641	1013	855
576	1023	960	645	1014	916
576	1023	1023	648	1016	976
640	0	0	592	111	0
640	0	64	592	112	8
640	0	128	592	113	109
640	0	192	592	115	175
640	0	256	593	118	239
640	0	320	594	122	301
640	0	384	595	127	363
640	0	448	597	133	424
640	0	512	599	140	486
640	0	576	601	147	547
640	0	640	603	155	608
640	0	704	606	163	669
640	0	768	609	172	731
640	0	832	612	180	792
640	0	896	615	190	853
640	0	960	619	199	914
640	0	1023	623	209	974
640	64	0	592	125	0
640	64	64	592	125	9
640	64	128	592	126	109
640	64	192	593	128	176
640	64	256	593	131	239
640	64	320	594	134	301
640	64	384	595	139	363
640	64	448	597	144	424
640	64	512	599	150	486
640	64	576	601	157	547
640	64	640	603	164	608
640	64	704	606	172	669
640	64	768	609	180	731
640	64	832	612	188	792
640	64	896	616	197	853
640	64	960	619	206	914
640	64	1023	623	215	974
640	128	0	592	163	0
640	128	64	592	163	13
640	128	128	593	164	110
640	128	192	593	165	176
640	128	256	594	167	239
640	128	320	595	170	301
640	128	384	596	173	363
640	128	448	598	177	424
640	128	512	599	182	486
640	128	576	602	187	547
640	128	640	604	193	608
640	128	704	607	200	669
640	128	768	610	206	731
640	128	832	613	214	792
640	128	896	616	221	853
640	128	960	620	229	914
640	128	1023	624	237	974
640	192	0	594	213	0
640	192	64	594	213	17
640	192	128	594	214	110
640	192	192	594	215	176
640	192	256	595	216	239
640	192	320	596	218	301
640	192	384	597	221	363
640	192	448	599	224	424
640	192	512	601	228	486
640	192	576	603	232	547
640	192	640	605	236	608
640	192	704	608	241	670
640	192	768	611	247	731
640	192	832	614	253	792
640	192	896	617	259	853
640	192	960	621	265	914
640	192	1023	625	272	974
640	256	0	595	269	0
640	256	64	596	269	22
640	256	128	596	270	111
640	256	192	596	270	176
640	256	256	597	272	239
640	256	320	598	273	301
640	256	384	599	275	363
640	256	448	601	277	425
640	256	512	602	280	486
640	256	576	605	283	547
640	256	640	607	287	608
640	256	704	610	291	670
640	256	768	612	295	731
640	256	832	616	300	792
640	256	896	619	305	853
640	256	960	623	311	914
640	256	1023	627	316	974
640	320	0	598	328	0
640	320	64	598	328	27
640	320	128	598	328	111
640	320	192	599	329	177
640	320	256	599	330	240
640	320	320	600	331	302
640	320	384	602	332	363
640	320	448	603	334	425
640	320	512	605	337	486
640	320	576	607	339	547
640	320	640	609	342	609
640	320	704	612	345	670
640	320	768	615	349	731
640	320	832	618	353	792
640	320	896	622	357	853
640	320	960	625	362	914
640	320	1023	629	366	974
640	384	0	601	388	0
640	384	64	601	388	32
640	384	128	601	388	112
640	384	192	602	389	177
640	384	256	603	389	240
640	384	320	604	390	302
640	384	384	605	392	364
640	384	448	606	393	425
640	384	512	608	395	486
640	384	576	610	397	547
640	384	640	612	400	609
640	384	704	615	402	670
640	384	768	618	405	731
640	384	832	621	409	792
640	384	896	625	412	853
640	384	960	628	416	914
640	384	1023	632	420	974
640	448	0	605	449	0
640	448	64	605	449	37
640	448	128	605	449	114
640	448	192	606	449	178
640	448	256	606	450	240
640	448	320	607	451	302
640	448	384	609	452	364
640	448	448	610	453	425
640	448	512	612	455	486
640	448	576	614	456	548
640	448	640	616	459	609
640	448	704	619	461	670
640	448	768	622	463	731
640	448	832	625	466	792
640	448	896	628	469	853
640	448	960	632	472	914
640	448	1023	636	476	974
640	512	0	609	510	0
640	512	64	609	510	42
640	512	128	610	510	115
640	512	192	610	510	179
640	512	256	611	511	241
640	512	320	612	512	303
640	512	384	613	513	364
640	512	448	614	514	425
640	512	512	616	515	487
640	512	576	618	517	548
640	512	640	620	518	609
640	512	704	623	520	670
640	512	768	626	523	731
640	512	832	629	525	792
640	512	896	632	528	853
640	512	960	636	531	914
640	512	1023	640	534	974
640	576	0	614	571	0
640	576	64	615	572	47
640	576	128	615	572	117
640	576	192	615	572	180
640	576	256	616	573	242
640	576	320	617	573	303
640	576	384	618	574	365
640	576	448	620	575	426
640	576	512	621	576	487
640	576	576	623	577	548
640	576	640	626	579	609
640	576	704	628	581	670
640	576	768	631	583	731
640	576	832	634	585	792
640	576	896	637	587	853
640	576	960	641	590	914
640	576	1023	645	592	975
640	640	0	620	633	0
640	640	64	620	633	52
640	640	128	621	634	119
640	640	192	621	634	181
640	640	256	622	634	242
640	640	320	623	635	304
640	640	384	624	636	365
640	640	448	625	636	426
640	640	512	627	637	487
640	640	576	629	639	548
640	640	640	631	640	609
640	640	704	634	642	671
640	640	768	637	643	732
640	640	832	640	645	793
640	640	896	643	647	854
640	640	960	647	649	915
640	640	1023	650	652	975
640	704	0	627	695	0
640	704	64	627	695	58
640	704	128	627	696	121
640	704	192	628	696	182
640	704	256	628	696	243
640	704	320	629	697	305
640	704	384	630	697	366
640	704	448	632	698	427
640	704	512	633	699	488
640	704	576	635	700	549
640	704	640	638	701	610
640	704	704	640	703	671
640	704	768	643	704	732
640	704	832	646	706	793
640	704	896	649	708	854
640	704	960	653	710	915
640	704	1023	657	712	975
640	768	0	634	758	17
640	768	64	634	758	63
640	768	128	634	758	123
640	768	192	635	758	183
640	768	256	635	758	244
640	768	320	636	759	305
640	768	384	637	759	366
640	768	448	639	760	427
640	768	512	640	761	488
640	768	576	642	762	549
640	768	640	645	763	610
640	768	704	647	764	671
640	768	768	650	766	732
640	768	832	653	767	793
640	768	896	656	769	854
640	768	960	660	771	915
640	768	1023	663	772	975
640	832	0	642	820	33
640	832	64	642	820	68
640	832	128	642	820	125
640	832	192	642	820	185
640	832	256	643	820	245
640	832	320	644	821	306
640	832	384	645	821	367
640	832	448	646	822	428
640	832	512	648	823	489
640	832	576	650	824	550
640	832	640	652	825	610
640	832	704	655	826	671
640	832	768	657	827	732
640	832	832	660	828	793
640	832	896	663	830	854
640	832	960	667	832	915
640	832	1023	671	833	975
640	896	0	650	882	44
640	896	64	650	882	73
640	896	128	650	882	128
640	896	192	651	882	187
640	896	256	651	883	247
640	896	320	652	883	307
640	896	384	653	884	368
640	896	448	655	884	428
640	896	512	656	885	489
640	896	576	658	886	550
640	896	640	660	887	611
640	896	704	663	888	672
640	896	768	665	889	733
640	896	832	668	890	794
640	896	896	672	891	855
640	896	960	675	893	915
640	896	1023	679	895	975
640	960	0	659	944	53
640	960	64	659	944	78
640	960	128	659	945	130
640	960	192	660	945	188
640	960	256	660	945	248
640	960	320	661	945	308
640	960	384	662	946	368
640	960	448	664	946	429
640	960	512	665	947	490
640	960	576	667	948	550
640	960	640	669	949	611
640	960	704	672	950	672
640	960	768	674	951	733
640	960	832	677	952	794
640	960	896	680	953	855
640	960	960	684	954	916
640	960	1023	687	956	976
640	1023	0	669	1006	61
640	1023	64	669	1006	83
640	1023	128	669	1006	133
640	1023	192	669	1006	190
640	1023	256	670	1006	249
640	1023	320	671	1007	309
640	1023	384	672	1007	369
640	1023	448	673	1008	430
640	1023	512	675	1008	490
640	1023	576	676	1009	551
640	1023	640	679	1010	612
640	1023	704	681	1011	673
640	1023	768	683	1012	733
640	1023	832	686	1013	794
640	1023	896	689	1014	855
640	1023	960	693	1015	916
640	1023	1023	696	1017	976
704	0	0	651	122	0
704	0	64	651	123	0
704	0	128	651	124	106
704	0	192	651	126	174
704	0	256	652	129	237
704	0	320	653	132	300
704	0	384	654	137	362
704	0	448	655	142	424
704	0	512	657	148	485
704	0	576	659	155	547
704	0	640	661	162	608
704	0	704	663	170	669
704	0	768	666	178	730
704	0	832	669	187	791
704	0	896	672	196	853
704	0	960	676	205	914
704	0	1023	679	214	974
704	64	0	651	134	0
704	64	64	651	135	0
704	64	128	651	136	106
704	64	192	652	137	174
704	64	256	652	140	238
704	64	320	653	143	300
704	64	384	654	148	362
704	64	448	656	153	424
704	64	512	657	158	485
704	64	576	659	164	547
704	64	640	661	171	608
704	64	704	664	179	669
704	64	768	666	186	730
704	64	832	669	194	791
704	64	896	672	203	853
704	64	960	676	212	914
704	64	1023	679	221	974
704	128	0	651	170	0
704	128	64	651	170	0
704	128	128	652	171	106
704	128	192	652	172	174
704	128	256	653	174	238
704	128	320	654	177	300
704	128	384	655	180	362
704	128	448	656	184	424
704	128	512	658	188	485
704	128	576	660	194	547
704	128	640	662	199	608
704	128	704	664	205	669
704	128	768	667	212	730
704	128	832	670	219	791
704	128	896	673	226	853
704	128	960	676	234	914
704	128	1023	680	242	974
704	192	0	653	218	0
704	192	64	653	219	0
704	192	128	653	219	107
704	192	192	653	220	174
704	192	256	654	222	238
704	192	320	655	224	300
704	192	384	656	226	362
704	192	448	657	229	424
704	192	512	659	233	485
704	192	576	661	237	547
704	192	640	663	241	608
704	192	704	665	246	669
704	192	768	668	251	730
704	192	832	671	257	791
704	192	896	674	263	853
704	192	960	677	270	914
704	192	1023	681	276	974
704	256	0	654	273	0
704	256	64	654	273	0
704	256	128	654	274	107
704	256	192	655	274	174
704	256	256	656	276	238
704	256	320	656	277	300
704	256	384	658	279	362
704	256	448	659	281	424
704	256	512	660	284	485
704	256	576	662	287	547
704	256	640	664	291	608
704	256	704	667	295	669
704	256	768	669	299	730
704	256	832	672	304	792
704	256	896	675	309	853
704	256	960	679	314	914
704	256	1023	683	320	974
704	320	0	656	331	0
704	320	64	656	331	0
704	320	128	657	331	108
704	320	192	657	332	175
704	320	256	658	333	238
704	320	320	659	334	301
704	320	384	660	336	363
704	320	448	661	338	424
704	320	512	663	340	486
704	320	576	665	342	547
704	320	640	667	345	608
704	320	704	669	348	669
704	320	768	672	352	730
704	320	832	674	356	792
704	320	896	678	360	853
704	320	960	681	364	914
704	320	1023	685	369	974
704	384	0	659	390	0
704	384	64	659	390	7
704	384	128	659	391	109
704	384	192	660	391	175
704	384	256	661	392	239
704	384	320	661	393	301
704	384	384	663	394	363
704	384	448	664	396	424
704	384	512	665	398	486
704	384	576	667	400	547
704	384	640	669	402	608
704	384	704	672	405	669
704	384	768	674	408	731
704	384	832	677	411	792
704	384	896	680	415	853
704	384	960	684	418	914
704	384	1023	687	422	974
704	448	0	663	451	0
704	448	64	663	451	22
704	448	128	663	451	111
704	448	192	663	451	176
704	448	256	664	452	239
704	448	320	665	453	301
704	448	384	666	454	363
704	448	448	667	455	425
704	448	512	669	457	486
704	448	576	671	459	547
704	448	640	673	461	608
704	448	704	675	463	670
704	448	768	678	465	731
704	448	832	680	468	792
704	448	896	684	471	853
704	448	960	687	475	914
704	448	1023	691	478	974
704	512	0	667	512	0
704	512	64	667	512	30
704	512	128	667	512	112
704	512	192	667	512	177
704	512	256	668	513	240
704	512	320	669	514	302
704	512	384	670	515	363
704	512	448	671	516	425
704	512	512	673	517	486
704	512	576	675	519	547
704	512	640	677	520	609
704	512	704	679	522	670
704	512	768	682	524	731
704	512	832	684	527	792
704	512	896	687	529	853
704	512	960	691	532	914
704	512	1023	694	535	974
704	576	0	671	573	0
704	576	64	671	573	37
704	576	128	672	573	114
704	576	192	672	574	178
704	576	256	673	574	240
704	576	320	673	575	302
704	576	384	674	576	364
704	576	448	676	577	425
704	576	512	677	578	486
704	576	576	679	579	548
704	576	640	681	581	609
704	576	704	683	582	670
704	576	768	686	584	731
704	576	832	689	586	792
704	576	896	692	589	853
704	576	960	695	591	914
704	576	1023	699	594	974
704	640	0	676	635	0
704	640	64	677	635	44
704	640	128	677	635	116
704	640	192	677	635	179
704	640	256	678	636	241
704	640	320	679	636	303
704	640	384	680	637	364
704	640	448	681	638	426
704	640	512	683	639	487
704	640	576	684	640	548
704	640	640	686	641	609
704	640	704	689	643	670
704	640	768	691	645	731
704	640	832	694	647	792
704	640	896	697	649	853
704	640	960	700	651	914
704	640	1023	704	653	974
704	704	0	682	697	0
704	704	64	682	697	50
704	704	128	683	697	118
704	704	192	683	697	180
704	704	256	684	697	242
704	704	320	684	698	304
704	704	384	685	699	365
704	704	448	687	699	426
704	704	512	688	700	487
704	704	576	690	701	548
704	704	640	692	703	609
704	704	704	694	704	670
704	704	768	697	706	731
704	704	832	700	707	793
704	704	896	703	709	854
704	704	960	706	711	915
704	704	1023	709	713	975
704	768	0	689	759	0
704	768	64	689	759	56
704	768	128	689	759	120
704	768	192	689	759	182
704	768	256	690	759	243
704	768	320	691	760	304
704	768	384	692	760	365
704	768	448	693	761	427
704	768	512	695	762	488
704	768	576	696	763	549
704	768	640	698	764	610
704	768	704	701	765	671
704	768	768	703	767	732
704	768	832	706	768	793
704	768	896	709	770	854
704	768	960	712	772	915
704	768	1023	715	774	975
704	832	0	696	821	13
704	832	64	696	821	62
704	832	128	696	821	122
704	832	192	696	821	183
704	832	256	697	822	244
704	832	320	698	822	305
704	832	384	699	822	366
704	832	448	700	823	427
704	832	512	702	824	488
704	832	576	703	825	549
704	832	640	705	826	610
704	832	704	708	827	671
704	832	768	710	828	732
704	832	832	713	830	793
704	832	896	716	831	854
704	832	960	719	833	915
704	832	1023	722	834	975
704	896	0	703	883	33
704	896	64	704	883	68
704	896	128	704	883	125
704	896	192	704	883	185
704	896	256	705	884	245
704	896	320	706	884	306
704	896	384	707	885	367
704	896	448	708	885	428
704	896	512	709	886	489
704	896	576	711	887	549
704	896	640	713	888	610
704	896	704	715	889	671
704	896	768	717	890	732
704	896	832	720	891	793
704	896	896	723	892	854
704	896	960	726	894	915
704	896	1023	730	896	975
704	960	0	712	945	45
704	960	64	712	945	73
704	960	128	712	945	128
704	960	192	712	946	187
704	960	256	713	946	247
704	960	320	714	946	307
704	960	384	715	947	368
704	960	448	716	947	428
704	960	512	717	948	489
704	960	576	719	949	550
704	960	640	721	949	611
704	960	704	723	950	672
704	960	768	725	952	733
704	960	832	728	953	794
704	960	896	731	954	855
704	960	960	734	955	915
704	960	1023	737	957	976
704	1023	0	720	1007	54
704	1023	64	720	1007	79
704	1023	128	721	1007	131
704	1023	192	721	1007	189
704	1023	256	722	1007	248
704	1023	320	722	1008	308
704	1023	384	723	1008	368
704	1023	448	724	1008	429
704	1023	512	726	1009	490
704	1023	576	728	1010	550
704	1023	640	729	1011	611
704	1023	704	732	1011	672
704	1023	768	734	1012	733
704	1023	832	737	1014	794
704	1023	896	739	1015	855
704	1023	960	742	1016	916
704	1023	1023	746	1017	976
768	0	0	710	134	0
768	0	64	710	134	0
768	0	128	710	135	102
768	0	192	710	137	172
768	0	256	711	139	236
768	0	320	712	143	299
768	0	384	713	147	361
768	0	448	714	152	423
768	0	512	716	157	485
768	0	576	717	164	546
768	0	640	719	171	607
768	0	704	721	178	669
768	0	768	724	186	730
768	0	832	726	194	791
768	0	896	729	202	852
768	0	960	732	211	913
768	0	1023	736	220	974
768	64	0	710	145	0
768	64	64	710	145	0
768	64	128	710	146	102
768	64	192	711	147	172
768	64	256	711	150	236
768	64	320	712	153	299
768	64	384	713	157	361
768	64	448	714	161	423
768	64	512	716	167	485
768	64	576	717	172	546
768	64	640	719	179	607
768	64	704	721	186	669
768	64	768	724	193	730
768	64	832	726	201	791
768	64	896	729	209	852
768	64	960	732	218	913
768	64	1023	736	226	974
768	128	0	710	178	0
768	128	64	711	178	0
768	128	128	711	178	103
768	128	192	711	180	172
768	128	256	712	182	236
768	128	320	713	184	299
768	128	384	714	187	361
768	128	448	715	191	423
768	128	512	716	195	485
768	128	576	718	200	546
768	128	640	720	206	607
768	128	704	722	212	669
768	128	768	724	218	730
768	128	832	727	225	791
768	128	896	730	232	852
768	128	960	733	239	913
768	128	1023	736	247	974
768	192	0	711	224	0
768	192	64	712	224	0
768	192	128	712	225	103
768	192	192	712	226	172
768	192	256	713	227	236
768	192	320	714	229	299
768	192	384	715	232	361
768	192	448	716	234	423
768	192	512	717	238	485
768	192	576	719	242	546
768	192	640	721	246	607
768	192	704	723	251	669
768	192	768	725	256	730
768	192	832	728	262	791
768	192	896	731	268	852
768	192	960	734	274	913
768	192	1023	737	281	974
768	256	0	713	278	0
768	256	64	713	278	0
768	256	128	713	278	104
768	256	192	714	279	172
768	256	256	714	280	237
768	256	320	715	281	299
768	256	384	716	283	361
768	256	448	717	286	423
768	256	512	719	288	485
768	256	576	720	291	546
768	256	640	722	295	608
768	256	704	724	299	669
768	256	768	727	303	730
768	256	832	729	308	791
768	256	896	732	313	852
768	256	960	735	318	913
768	256	1023	739	323	974
768	320	0	715	334	0
768	320	64	715	335	0
768	320	128	715	335	105
768	320	192	716	335	173
768	320	256	716	336	237
768	320	320	717	338	300
768	320	384	718	339	362
768	320	448	719	341	423
768	320	512	721	343	485
768	320	576	722	346	546
768	320	640	724	349	608
768	320	704	726	352	669
768	320	768	729	355	730
768	320	832	731	359	791
768	320	896	734	363	852
768	320	960	737	368	914
768	320	1023	741	372	974
768	384	0	717	393	0
768	384	64	718	393	0
768	384	128	718	394	106
768	384	192	718	394	173
768	384	256	719	395	237
768	384	320	720	396	300
768	384	384	721	397	362
768	384	448	722	399	424
768	384	512	723	400	485
768	384	576	725	403	546
768	384	640	727	405	608
768	384	704	729	408	669
768	384	768	731	411	730
768	384	832	734	414	791
768	384	896	737	417	853
768	384	960	740	421	914
768	384	1023	743	425	974
768	448	0	721	453	0
768	448	64	721	453	0
768	448	128	721	454	107
768	448	192	721	454	174
768	448	256	722	455	238
768	448	320	723	455	300
768	448	384	724	456	362
768	448	448	725	458	424
768	448	512	726	459	485
768	448	576	728	461	547
768	448	640	730	463	608
768	448	704	732	465	669
768	448	768	734	468	730
768	448	832	737	471	791
768	448	896	740	474	853
768	448	960	743	477	914
768	448	1023	746	480	974
768	512	0	724	514	0
768	512	64	724	514	0
768	512	128	724	514	108
768	512	192	725	514	175
768	512	256	725	515	238
768	512	320	726	516	301
768	512	384	727	517	363
768	512	448	728	518	424
768	512	512	730	519	486
768	512	576	731	521	547
768	512	640	733	522	608
768	512	704	735	524	669
768	512	768	738	527	730
768	512	832	740	529	792
768	512	896	743	532	853
768	512	960	746	534	914
768	512	1023	749	537	974
768	576	0	728	575	0
768	576	64	728	575	20
768	576	128	729	575	110
768	576	192	729	576	176
768	576	256	730	576	239
768	576	320	730	577	301
768	576	384	731	577	363
768	576	448	733	578	425
768	576	512	734	580	486
768	576	576	736	581	547
768	576	640	737	582	608
768	576	704	740	584	670
768	576	768	742	586	731
768	576	832	744	588	792
768	576	896	747	590	853
768	576	960	750	593	914
768	576	1023	753	596	974
768	640	0	733	636	0
768	640	64	733	636	31
768	640	128	733	637	112
768	640	192	734	637	177
768	640	256	734	637	240
768	640	320	735	638	302
768	640	384	736	639	363
768	640	448	737	639	425
768	640	512	739	640	486
768	640	576	740	642	547
768	640	640	742	643	609
768	640	704	744	645	670
768	640	768	746	646	731
768	640	832	749	648	792
768	640	896	752	650	853
768	640	960	755	652	914
768	640	1023	758	655	974
768	704	0	738	698	0
768	704	64	739	698	40
768	704	128	739	698	114
768	704	192	739	699	178
768	704	256	740	699	241
768	704	320	740	699	303
768	704	384	741	700	364
768	704	448	743	701	425
768	704	512	744	702	487
768	704	576	746	703	548
768	704	640	747	704	609
768	704	704	749	705	670
768	704	768	752	707	731
768	704	832	754	709	792
768	704	896	757	710	853
768	704	960	760	712	914
768	704	1023	763	715	974
768	768	0	744	760	0
768	768	64	744	760	47
768	768	128	745	760	117
768	768	192	745	760	180
768	768	256	746	761	242
768	768	320	746	761	303
768	768	384	747	762	365
768	768	448	748	762	426
768	768	512	750	763	487
768	768	576	751	764	548
768	768	640	753	765	609
768	768	704	755	767	670
768	768	768	757	768	731
768	768	832	760	770	792
768	768	896	763	771	853
768	768	960	766	773	915
768	768	1023	769	775	975
768	832	0	751	822	0
768	832	64	751	822	54
768	832	128	751	822	119
768	832	192	751	822	181
768	832	256	752	823	243
768	832	320	753	823	304
768	832	384	754	824	365
768	832	448	755	824	426
768	832	512	756	825	487
768	832	576	758	826	549
768	832	640	759	827	610
768	832	704	762	828	671
768	832	768	764	829	732
768	832	832	766	831	793
768	832	896	769	832	854
768	832	960	772	834	915
768	832	1023	775	836	975
768	896	0	758	884	2
768	896	64	758	884	61
768	896	128	758	884	122
768	896	192	758	884	183
768	896	256	759	885	244
768	896	320	760	885	305
768	896	384	761	886	366
768	896	448	762	886	427
768	896	512	763	887	488
768	896	576	765	888	549
768	896	640	766	889	610
768	896	704	768	890	671
768	896	768	771	891	732
768	896	832	773	892	793
768	896	896	776	893	854
768	896	960	779	895	915
768	896	1023	782	897	975
768	960	0	765	946	32
768	960	64	765	946	67
768	960	128	766	946	125
768	960	192	766	947	185
768	960	256	766	947	245
768	960	320	767	947	306
768	960	384	768	948	367
768	960	448	769	948	428
768	960	512	770	949	489
768	960	576	772	950	549
768	960	640	774	950	610
768	960	704	776	951	671
768	960	768	778	953	732
768	960	832	780	954	793
768	960	896	783	955	854
768	960	960	786	956	915
768	960	1023	789	958	975
768	1023	0	773	1008	45
768	1023	64	773	1008	73
768	1023	128	773	1008	128
768	1023	192	774	1008	187
768	1023	256	774	1008	247
768	1023	320	775	1009	307
768	1023	384	776	1009	368
768	1023	448	777	1009	428
768	1023	512	778	1010	489
768	1023	576	780	1011	550
768	1023	640	782	1011	611
768	1023	704	784	1012	672
768	1023	768	786	1013	733
768	1023	832	788	1014	794
768	1023	896	791	1016	855
768	1023	960	794	1017	916
768	1023	1023	797	1018	976
832	0	0	769	145	0
832	0	64	769	145	0
832	0	128	769	146	98
832	0	192	770	147	169
832	0	256	770	150	235
832	0	320	771	153	298
832	0	384	772	157	360
832	0	448	773	161	422
832	0	512	774	167	484
832	0	576	776	173	545
832	0	640	777	179	607
832	0	704	779	186	668
832	0	768	782	193	729
832	0	832	784	201	791
832	0	896	787	209	852
832	0	960	789	218	913
832	0	1023	792	226	973
832	64	0	769	155	0
832	64	64	769	155	0
832	64	128	769	156	98
832	64	192	770	157	169
832	64	256	770	159	235
832	64	320	771	162	298
832	64	384	772	166	360
832	64	448	773	170	422
832	64	512	774	175	484
832	64	576	776	181	545
832	64	640	778	187	607
832	64	704	780	194	668
832	64	768	782	201	729
832	64	832	784	208	791
832	64	896	787	216	852
832	64	960	790	224	913
832	64	1023	793	232	973
832	128	0	770	186	0
832	128	64	770	186	0
832	128	128	770	186	98
832	128	192	770	188	169
832	128	256	771	189	235
832	128	320	771	192	298
832	128	384	772	195	360
832	128	448	773	198	422
832	128	512	775	203	484
832	128	576	776	207	546
832	128	640	778	212	607
832	128	704	780	218	668
832	128	768	782	224	730
832	128	832	785	231	791
832	128	896	787	238	852
832	128	960	790	245	913
832	128	1023	793	253	973
832	192	0	770	230	0
832	192	64	771	230	0
832	192	128	771	231	99
832	192	192	771	232	170
832	192	256	772	233	235
832	192	320	772	235	298
832	192	384	773	238	360
832	192	448	774	240	422
832	192	512	776	244	484
832	192	576	777	247	546
832	192	640	779	252	607
832	192	704	781	256	668
832	192	768	783	261	730
832	192	832	785	267	791
832	192	896	788	273	852
832	192	960	791	279	913
832	192	1023	794	285	973
832	256	0	772	282	0
832	256	64	772	283	0
832	256	128	772	283	99
832	256	192	772	284	170
832	256	256	773	285	235
832	256	320	774	286	298
832	256	384	775	288	361
832	256	448	776	290	422
832	256	512	777	293	484
832	256	576	779	296	546
832	256	640	780	299	607
832	256	704	782	303	668
832	256	768	784	307	730
832	256	832	787	312	791
832	256	896	789	317	852
832	256	960	792	322	913
832	256	1023	795	327	973
832	320	0	774	338	0
832	320	64	774	338	0
832	320	128	774	339	100
832	320	192	774	339	171
832	320	256	775	340	235
832	320	320	775	341	298
832	320	384	776	343	361
832	320	448	778	345	423
832	320	512	779	347	484
832	320	576	780	349	546
832	320	640	782	352	607
832	320	704	784	355	668
832	320	768	786	359	730
832	320	832	789	363	791
832	320	896	791	367	852
832	320	960	794	371	913
832	320	1023	797	376	973
832	384	0	776	396	0
832	384	64	776	397	0
832	384	128	776	397	101
832	384	192	777	397	171
832	384	256	777	398	236
832	384	320	778	399	299
832	384	384	779	400	361
832	384	448	780	402	423
832	384	512	781	404	484
832	384	576	783	406	546
832	384	640	784	408	607
832	384	704	786	411	669
832	384	768	788	414	730
832	384	832	791	417	791
832	384	896	793	420	852
832	384	960	796	424	913
832	384	1023	799	428	973
832	448	0	779	456	0
832	448	64	779	456	0
832	448	128	779	456	103
832	448	192	779	457	172
832	448	256	780	457	236
832	448	320	781	458	299
832	448	384	781	459	361
832	448	448	783	460	423
832	448	512	784	462	485
832	448	576	785	464	546
832	448	640	787	466	607
832	448	704	789	468	669
832	448	768	791	470	730
832	448	832	794	473	791
832	448	896	796	476	852
832	448	960	799	479	913
832	448	1023	802	483	974
832	512	0	782	516	0
832	512	64	782	516	0
832	512	128	782	516	104
832	512	192	783	517	173
832	512	256	783	517	237
832	512	320	784	518	300
832	512	384	785	519	362
832	512	448	786	520	423
832	512	512	787	521	485
832	512	576	789	523	546
832	512	640	790	525	608
832	512	704	792	527	669
832	512	768	794	529	730
832	512	832	797	531	791
832	512	896	799	534	852
832	512	960	802	537	914
832	512	1023	805	540	974
832	576	0	786	577	0
832	576	64	786	577	0
832	576	128	786	577	106
832	576	192	786	578	174
832	576	256	787	578	238
832	576	320	788	579	300
832	576	384	789	579	362
832	576	448	790	580	424
832	576	512	791	582	485
832	576	576	792	583	547
832	576	640	794	584	608
832	576	704	796	586	669
832	576	768	798	588	730
832	576	832	801	590	791
832	576	896	803	592	853
832	576	960	806	595	914
832	576	1023	809	598	974
832	640	0	790	638	0
832	640	64	790	638	0
832	640	128	790	638	108
832	640	192	791	639	175
832	640	256	791	639	238
832	640	320	792	640	301
832	640	384	793	640	363
832	640	448	794	641	424
832	640	512	795	642	486
832	640	576	797	643	547
832	640	640	798	645	608
832	640	704	800	646	669
832	640	768	802	648	730
832	640	832	805	650	792
832	640	896	807	652	853
832	640	960	810	654	914
832	640	1023	813	657	974
832	704	0	795	700	0
832	704	64	795	700	22
832	704	128	795	700	111
832	704	192	796	700	176
832	704	256	796	701	239
832	704	320	797	701	301
832	704	384	798	702	363
832	704	448	799	702	425
832	704	512	800	703	486
832	704	576	802	704	547
832	704	640	803	706	608
832	704	704	805	707	670
832	704	768	807	709	731
832	704	832	810	710	792
832	704	896	812	712	853
832	704	960	815	714	914
832	704	1023	818	716	974
832	768	0	800	761	0
832	768	64	801	762	35
832	768	128	801	762	113
832	768	192	801	762	178
832	768	256	802	762	240
832	768	320	802	763	302
832	768	384	803	763	364
832	768	448	804	764	425
832	768	512	805	765	486
832	768	576	807	766	548
832	768	640	809	767	609
832	768	704	810	768	670
832	768	768	813	769	731
832	768	832	815	771	792
832	768	896	817	773	853
832	768	960	820	774	914
832	768	1023	823	776	974
832	832	0	806	823	0
832	832	64	806	823	44
832	832	128	807	824	116
832	832	192	807	824	179
832	832	256	807	824	241
832	832	320	808	824	303
832	832	384	809	825	364
832	832	448	810	826	426
832	832	512	811	826	487
832	832	576	813	827	548
832	832	640	814	828	609
832	832	704	816	829	670
832	832	768	818	831	731
832	832	832	821	832	792
832	832	896	823	834	853
832	832	960	826	835	914
832	832	1023	829	837	975
832	896	0	813	885	0
832	896	64	813	885	52
832	896	128	813	886	119
832	896	192	813	886	181
832	896	256	814	886	242
832	896	320	815	886	304
832	896	384	815	887	365
832	896	448	816	887	426
832	896	512	818	888	487
832	896	576	819	889	548
832	896	640	821	890	609
832	896	704	823	891	671
832	896	768	825	892	732
832	896	832	827	893	793
832	896	896	829	895	854
832	896	960	832	896	915
832	896	1023	835	898	975
832	960	0	820	947	0
832	960	64	820	948	60
832	960	128	820	948	121
832	960	192	820	948	183
832	960	256	821	948	244
832	960	320	821	948	305
832	960	384	822	949	366
832	960	448	823	949	427
832	960	512	825	950	488
832	960	576	826	951	549
832	960	640	828	952	610
832	960	704	829	953	671
832	960	768	831	954	732
832	960	832	834	955	793
832	960	896	836	956	854
832	960	960	839	957	915
832	960	1023	842	959	975
832	1023	0	827	1009	30
832	1023	64	827	1009	67
832	1023	128	827	1009	125
832	1023	192	828	1009	185
832	1023	256	828	1009	245
832	1023	320	829	1010	306
832	1023	384	830	1010	367
832	1023	448	831	1010	428
832	1023	512	832	1011	488
832	1023	576	833	1012	549
832	1023	640	835	1013	610
832	1023	704	837	1013	671
832	1023	768	839	1014	732
832	1023	832	841	1015	793
832	1023	896	843	1017	854
832	1023	960	846	1018	915
832	1023	1023	849	1019	975
896	0	0	828	156	0
896	0	64	828	156	0
896	0	128	828	157	93
896	0	192	829	158	167
896	0	256	829	161	233
896	0	320	830	163	297
896	0	384	831	167	359
896	0	448	832	171	421
896	0	512	833	176	483
896	0	576	834	182	545
896	0	640	836	188	606
896	0	704	838	194	668
896	0	768	840	201	729
896	0	832	842	209	790
896	0	896	844	217	852
896	0	960	847	225	913
896	0	1023	850	233	973
896	64	0	828	165	0
896	64	64	828	165	0
896	64	128	828	166	93
896	64	192	829	167	167
896	64	256	829	169	233
896	64	320	830	172	297
896	64	384	831	176	359
896	64	448	832	180	421
896	64	512	833	184	483
896	64	576	834	189	545
896	64	640	836	195	606
896	64	704	838	202	668
896	64	768	840	208	729
896	64	832	842	215	790
896	64	896	844	223	852
896	64	960	847	231	913
896	64	1023	850	239	973
896	128	0	829	194	0
896	128	64	829	194	0
896	128	128	829	195	93
896	128	192	829	196	167
896	128	256	830	198	233
896	128	320	830	200	297
896	128	384	831	203	359
896	128	448	832	206	421
896	128	512	833	210	483
896	128	576	835	215	545
896	128	640	836	220	606
896	128	704	838	225	668
896	128	768	840	231	729
896	128	832	842	237	790
896	128	896	845	244	852
896	128	960	847	251	913
896	128	1023	850	258	973
896	192	0	830	237	0
896	192	64	830	237	0
896	192	128	830	238	94
896	192	192	830	238	167
896	192	256	831	240	233
896	192	320	831	242	297
896	192	384	832	244	359
896	192	448	833	247	422
896	192	512	834	250	483
896	192	576	836	253	545
896	192	640	837	258	606
896	192	704	839	262	668
896	192	768	841	267	729
896	192	832	843	272	790
896	192	896	846	278	852
896	192	960	848	284	913
896	192	1023	851	291	973
896	256	0	831	288	0
896	256	64	831	288	0
896	256	128	831	288	94
896	256	192	831	289	168
896	256	256	832	290	233
896	256	320	832	291	297
896	256	384	833	293	360
896	256	448	834	295	422
896	256	512	835	298	483
896	256	576	837	301	545
896	256	640	838	304	607
896	256	704	840	308	668
896	256	768	842	312	729
896	256	832	844	317	790
896	256	896	847	321	852
896	256	960	849	326	913
896	256	1023	852	332	973
896	320	0	832	343	0
896	320	64	832	343	0
896	320	128	833	343	95
896	320	192	833	343	168
896	320	256	833	344	234
896	320	320	834	346	297
896	320	384	835	347	360
896	320	448	836	349	422
896	320	512	837	351	484
896	320	576	839	353	545
896	320	640	840	356	607
896	320	704	842	359	668
896	320	768	844	363	729
896	320	832	846	366	791
896	320	896	848	370	852
896	320	960	851	375	913
896	320	1023	854	379	973
896	384	0	835	400	0
896	384	64	835	400	0
896	384	128	835	400	97
896	384	192	835	401	169
896	384	256	836	401	234
896	384	320	836	402	297
896	384	384	837	404	360
896	384	448	838	405	422
896	384	512	839	407	484
896	384	576	841	409	545
896	384	640	842	411	607
896	384	704	844	414	668
896	384	768	846	417	729
896	384	832	848	420	791
896	384	896	851	423	852
896	384	960	853	427	913
896	384	1023	856	431	973
896	448	0	837	459	0
896	448	64	837	459	0
896	448	128	837	459	98
896	448	192	838	460	169
896	448	256	838	460	235
896	448	320	839	461	298
896	448	384	840	462	360
896	448	448	841	463	422
896	448	512	842	465	484
896	448	576	843	467	545
896	448	640	845	469	607
896	448	704	847	471	668
896	448	768	848	473	730
896	448	832	851	476	791
896	448	896	853	479	852
896	448	960	856	482	913
896	448	1023	858	486	973
896	512	0	840	519	0
896	512	64	840	519	0
896	512	128	840	519	100
896	512	192	841	519	170
896	512	256	841	520	235
896	512	320	842	521	298
896	512	384	843	521	361
896	512	448	844	523	423
896	512	512	845	524	484
896	512	576	846	525	546
896	512	640	848	527	607
896	512	704	850	529	668
896	512	768	851	531	730
896	512	832	854	534	791
896	512	896	856	536	852
896	512	960	859	539	913
896	512	1023	861	542	973
896	576	0	844	579	0
896	576	64	844	579	0
896	576	128	844	579	102
896	576	192	844	580	171
896	576	256	845	580	236
896	576	320	845	581	299
896	576	384	846	582	361
896	576	448	847	583	423
896	576	512	848	584	485
896	576	576	850	585	546
896	576	640	851	587	607
896	576	704	853	588	669
896	576	768	855	590	730
896	576	832	857	592	791
896	576	896	859	595	852
896	576	960	862	597	913
896	576	1023	865	600	973
896	640	0	848	640	0
896	640	64	848	640	0
896	640	128	848	640	104
896	640	192	848	641	172
896	640	256	849	641	237
896	640	320	849	642	299
896	640	384	850	642	362
896	640	448	851	643	423
896	640	512	852	644	485
896	640	576	854	645	546
896	640	640	855	647	608
896	640	704	857	648	669
896	640	768	859	650	730
896	640	832	861	652	791
896	640	896	863	654	852
896	640	960	866	656	913
896	640	1023	869	658	974
896	704	0	852	702	0
896	704	64	852	702	0
896	704	128	852	702	106
896	704	192	853	702	174
896	704	256	853	702	238
896	704	320	854	703	300
896	704	384	855	703	362
896	704	448	856	704	424
896	704	512	857	705	485
896	704	576	858	706	547
896	704	640	860	707	608
896	704	704	861	709	669
896	704	768	863	710	730
896	704	832	865	712	791
896	704	896	868	714	853
896	704	960	870	716	914
896	704	1023	873	718	974
896	768	0	857	763	0
896	768	64	857	763	0
896	768	128	857	763	109
896	768	192	858	763	175
896	768	256	858	764	239
896	768	320	859	764	301
896	768	384	859	765	363
896	768	448	860	765	424
896	768	512	862	766	486
896	768	576	863	767	547
896	768	640	864	768	608
896	768	704	866	770	669
896	768	768	868	771	731
896	768	832	870	773	792
896	768	896	873	774	853
896	768	960	875	776	914
896	768	1023	878	778	974
896	832	0	862	825	0
896	832	64	863	825	28
896	832	128	863	825	112
896	832	192	863	825	177
896	832	256	863	825	240
896	832	320	864	826	302
896	832	384	865	826	363
896	832	448	866	827	425
896	832	512	867	828	486
896	832	576	868	829	547
896	832	640	870	830	609
896	832	704	872	831	670
896	832	768	873	832	731
896	832	832	876	833	792
896	832	896	878	835	853
896	832	960	880	837	914
896	832	1023	883	838	974
896	896	0	868	887	0
896	896	64	868	887	40
896	896	128	869	887	115
896	896	192	869	887	179
896	896	256	869	887	241
896	896	320	870	888	303
896	896	384	871	888	364
896	896	448	872	889	425
896	896	512	873	889	487
896	896	576	874	890	548
896	896	640	876	891	609
896	896	704	877	892	670
896	896	768	879	893	731
896	896	832	881	895	792
896	896	896	884	896	853
896	896	960	886	898	914
896	896	1023	889	899	974
896	960	0	875	949	0
896	960	64	875	949	50
896	960	128	875	949	118
896	960	192	875	949	180
896	960	256	876	949	242
896	960	320	876	950	304
896	960	384	877	950	365
896	960	448	878	951	426
896	960	512	879	951	487
896	960	576	881	952	548
896	960	640	882	953	609
896	960	704	884	954	670
896	960	768	886	955	731
896	960	832	888	956	793
896	960	896	890	957	854
896	960	960	892	959	915
896	960	1023	895	960	975
896	1023	0	882	1010	0
896	1023	64	882	1010	58
896	1023	128	882	1010	121
896	1023	192	882	1010	182
896	1023	256	882	1010	243
896	1023	320	883	1011	305
896	1023	384	884	1011	366
896	1023	448	885	1012	427
896	1023	512	886	1012	488
896	1023	576	887	1013	549
896	1023	640	889	1014	610
896	1023	704	890	1015	671
896	1023	768	892	1016	732
896	1023	832	894	1017	793
896	1023	896	897	1018	854
896	1023	960	899	1019	915
896	1023	1023	902	1020	975
960	0	0	887	167	0
960	0	64	887	167	0
960	0	128	887	168	87
960	0	192	888	169	164
960	0	256	888	171	231
960	0	320	889	174	295
960	0	384	890	177	358
960	0	448	891	181	420
960	0	512	892	186	482
960	0	576	893	191	544
960	0	640	894	197	606
960	0	704	896	203	667
960	0	768	898	210	729
960	0	832	900	217	790
960	0	896	902	224	851
960	0	960	905	232	912
960	0	1023	907	240	973
960	64	0	887	175	0
960	64	64	887	176	0
960	64	128	888	176	87
960	64	192	888	178	164
960	64	256	888	180	231
960	64	320	889	182	295
960	64	384	890	185	358
960	64	448	891	189	420
960	64	512	892	193	482
960	64	576	893	198	544
960	64	640	895	204	606
960	64	704	896	210	667
960	64	768	898	216	729
960	64	832	900	223	790
960	64	896	902	230	851
960	64	960	905	238	912
960	64	1023	907	246	973
960	128	0	888	203	0
960	128	64	888	203	0
960	128	128	888	203	87
960	128	192	888	205	164
960	128	256	889	206	231
960	128	320	889	208	295
960	128	384	890	211	358
960	128	448	891	214	421
960	128	512	892	218	482
960	128	576	893	222	544
960	128	640	895	227	606
960	128	704	897	232	667
960	128	768	898	238	729
960	128	832	900	244	790
960	128	896	903	251	851
960	128	960	905	258	912
960	128	1023	908	265	973
960	192	0	889	244	0
960	192	64	889	244	0
960	192	128	889	244	88
960	192	192	889	245	164
960	192	256	890	247	231
960	192	320	890	248	295
960	192	384	891	251	358
960	192	448	892	253	421
960	192	512	893	256	483
960	192	576	894	260	544
960	192	640	896	264	606
960	192	704	897	268	667
960	192	768	899	273	729
960	192	832	901	278	790
960	192	896	903	284	851
960	192	960	906	290	912
960	192	1023	908	296	973
960	256	0	890	293	0
960	256	64	890	293	0
960	256	128	890	294	89
960	256	192	890	294	165
960	256	256	891	295	231
960	256	320	891	297	295
960	256	384	892	298	358
960	256	448	893	301	421
960	256	512	894	303	483
960	256	576	895	306	544
960	256	640	897	309	606
960	256	704	898	313	667
960	256	768	900	317	729
960	256	832	902	321	790
960	256	896	905	326	851
960	256	960	907	331	912
960	256	1023	910	336	973
960	320	0	891	347	0
960	320	64	891	347	0
960	320	128	891	347	90
960	320	192	892	348	165
960	320	256	892	349	232
960	320	320	893	350	296
960	320	384	894	351	359
960	320	448	894	353	421
960	320	512	896	355	483
960	320	576	897	358	544
960	320	640	898	360	606
960	320	704	900	363	667
960	320	768	902	367	729
960	320	832	904	371	790
960	320	896	906	375	851
960	320	960	908	379	913
960	320	1023	911	383	973
960	384	0	893	404	0
960	384	64	893	404	0
960	384	128	893	404	91
960	384	192	894	404	166
960	384	256	894	405	232
960	384	320	895	406	296
960	384	384	895	407	359
960	384	448	896	409	421
960	384	512	898	411	483
960	384	576	899	413	545
960	384	640	900	415	606
960	384	704	902	418	668
960	384	768	904	420	729
960	384	832	906	423	790
960	384	896	908	427	851
960	384	960	910	431	913
960	384	1023	913	434	973
960	448	0	896	462	0
960	448	64	896	462	0
960	448	128	896	462	93
960	448	192	896	463	167
960	448	256	896	463	233
960	448	320	897	464	296
960	448	384	898	465	359
960	448	448	899	466	421
960	448	512	900	468	483
960	448	576	901	470	545
960	448	640	903	472	606
960	448	704	904	474	668
960	448	768	906	476	729
960	448	832	908	479	790
960	448	896	910	482	852
960	448	960	913	485	913
960	448	1023	915	488	973
960	512	0	898	521	0
960	512	64	898	521	0
960	512	128	899	522	94
960	512	192	899	522	168
960	512	256	899	523	233
960	512	320	900	523	297
960	512	384	901	524	360
960	512	448	902	525	422
960	512	512	903	527	483
960	512	576	904	528	545
960	512	640	905	530	606
960	512	704	907	532	668
960	512	768	909	534	729
960	512	832	911	536	790
960	512	896	913	539	852
960	512	960	915	542	913
960	512	1023	918	545	973
960	576	0	902	582	0
960	576	64	902	582	0
960	576	128	902	582	96
960	576	192	902	582	169
960	576	256	902	583	234
960	576	320	903	583	297
960	576	384	904	584	360
960	576	448	905	585	422
960	576	512	906	586	484
960	576	576	907	587	545
960	576	640	909	589	607
960	576	704	910	591	668
960	576	768	912	593	729
960	576	832	914	595	791
960	576	896	916	597	852
960	576	960	919	599	913
960	576	1023	921	602	973
960	640	0	905	642	0
960	640	64	905	642	0
960	640	128	905	643	99
960	640	192	906	643	170
960	640	256	906	643	235
960	640	320	907	644	298
960	640	384	908	644	360
960	640	448	908	645	422
960	640	512	910	646	484
960	640	576	911	648	546
960	640	640	912	649	607
960	640	704	914	650	668
960	640	768	916	652	730
960	640	832	918	654	791
960	640	896	920	656	852
960	640	960	922	658	913
960	640	1023	925	660	973
960	704	0	909	703	0
960	704	64	909	703	0
960	704	128	910	704	101
960	704	192	910	704	171
960	704	256	910	704	236
960	704	320	911	705	299
960	704	384	912	705	361
960	704	448	913	706	423
960	704	512	914	707	484
960	704	576	915	708	546
960	704	640	916	709	607
960	704	704	918	711	669
960	704	768	920	712	730
960	704	832	922	714	791
960	704	896	924	716	852
960	704	960	926	718	913
960	704	1023	929	720	973
960	768	0	914	765	0
960	768	64	914	765	0
960	768	128	914	765	104
960	768	192	914	765	173
960	768	256	915	765	237
960	768	320	915	766	299
960	768	384	916	767	362
960	768	448	917	767	423
960	768	512	918	768	485
960	768	576	919	769	546
960	768	640	921	770	608
960	768	704	922	771	669
960	768	768	924	773	730
960	768	832	926	774	791
960	768	896	928	776	852
960	768	960	931	778	913
960	768	1023	933	780	974
960	832	0	919	826	0
960	832	64	919	826	0
960	832	128	919	827	107
960	832	192	919	827	174
960	832	256	920	827	238
960	832	320	920	827	300
960	832	384	921	828	362
960	832	448	922	829	424
960	832	512	923	829	485
960	832	576	924	830	547
960	832	640	926	831	608
960	832	704	927	832	669
960	832	768	929	834	730
960	832	832	931	835	791
960	832	896	933	836	853
960	832	960	936	838	914
960	832	1023	938	840	974
960	896	0	924	888	0
960	896	64	925	888	18
960	896	128	925	888	110
960	896	192	925	888	176
960	896	256	925	889	239
960	896	320	926	889	301
960	896	384	927	890	363
960	896	448	928	890	424
960	896	512	929	891	486
960	896	576	930	892	547
960	896	640	931	893	608
960	896	704	933	894	670
960	896	768	935	895	731
960	896	832	937	896	792
960	896	896	939	897	853
960	896	960	941	899	914
960	896	1023	943	901	974
960	960	0	930	950	0
960	960	64	930	950	36
960	960	128	931	950	113
960	960	192	931	950	178
960	960	256	931	951	240
960	960	320	932	951	302
960	960	384	933	951	364
960	960	448	934	952	425
960	960	512	935	953	486
960	960	576	936	953	548
960	960	640	937	954	609
960	960	704	939	955	670
960	960	768	940	956	731
960	960	832	942	957	792
960	960	896	945	959	853
960	960	960	947	960	914
960	960	1023	949	961	974
960	1023	0	937	1011	0
960	1023	64	937	1011	47
960	1023	128	937	1011	117
960	1023	192	937	1011	180
960	1023	256	938	1012	242
960	1023	320	938	1012	303
960	1023	384	939	1012	365
960	1023	448	940	1013	426
960	1023	512	941	1013	487
960	1023	576	942	1014	548
960	1023	640	943	1015	609
960	1023	704	945	1016	670
960	1023	768	947	1017	731
960	1023	832	949	1018	792
960	1023	896	951	1019	853
960	1023	960	953	1020	914
960	1023	1023	955	1022	975
1023	0	0	945	178	0
1023	0	64	946	178	0
1023	0	128	946	179	80
1023	0	192	946	180	161
1023	0	256	946	182	229
1023	0	320	947	184	294
1023	0	384	948	188	357
1023	0	448	949	191	419
1023	0	512	950	196	482
1023	0	576	951	201	543
1023	0	640	952	206	605
1023	0	704	954	212	667
1023	0	768	955	218	728
1023	0	832	957	225	789
1023	0	896	959	232	851
1023	0	960	962	240	912
1023	0	1023	964	247	972
1023	64	0	946	186	0
1023	64	64	946	186	0
1023	64	128	946	187	80
1023	64	192	946	188	161
1023	64	256	946	190	229
1023	64	320	947	192	294
1023	64	384	948	195	357
1023	64	448	949	199	419
1023	64	512	950	203	482
1023	64	576	951	207	543
1023	64	640	952	213	605
1023	64	704	954	218	667
1023	64	768	955	224	728
1023	64	832	957	231	789
1023	64	896	959	238	851
1023	64	960	962	245	912
1023	64	1023	964	253	972
1023	128	0	946	212	0
1023	128	64	946	212	0
1023	128	128	946	212	80
1023	128	192	946	213	161
1023	128	256	947	215	229
1023	128	320	947	217	294
1023	128	384	948	219	357
1023	128	448	949	223	420
1023	128	512	950	226	482
1023	128	576	951	230	543
1023	128	640	953	235	605
1023	128	704	954	240	667
1023	128	768	956	245	728
1023	128	832	958	251	789
1023	128	896	960	258	851
1023	128	960	962	264	912
1023	128	1023	964	271	972
1023	192	0	947	251	0
1023	192	64	947	251	0
1023	192	128	947	251	81
1023	192	192	947	252	161
1023	192	256	948	254	229
1023	192	320	948	255	294
1023	192	384	949	257	357
1023	192	448	950	260	420
1023	192	512	951	263	482
1023	192	576	952	266	544
1023	192	640	953	270	605
1023	192	704	955	275	667
1023	192	768	957	279	728
1023	192	832	958	284	789
1023	192	896	961	290	851
1023	192	960	963	296	912
1023	192	1023	965	302	972
1023	256	0	948	299	0
1023	256	64	948	299	0
1023	256	128	948	299	82
1023	256	192	948	300	162
1023	256	256	949	301	229
1023	256	320	949	302	294
1023	256	384	950	304	357
1023	256	448	951	306	420
1023	256	512	952	309	482
1023	256	576	953	312	544
1023	256	640	954	315	605
1023	256	704	956	318	667
1023	256	768	958	322	728
1023	256	832	959	327	790
1023	256	896	962	331	851
1023	256	960	964	336	912
1023	256	1023	966	341	972
1023	320	0	949	352	0
1023	320	64	949	352	0
1023	320	128	949	352	83
1023	320	192	950	353	162
1023	320	256	950	353	230
1023	320	320	951	355	294
1023	320	384	951	356	357
1023	320	448	952	358	420
1023	320	512	953	360	482
1023	320	576	954	362	544
1023	320	640	956	365	605
1023	320	704	957	368	667
1023	320	768	959	371	728
1023	320	832	961	375	790
1023	320	896	963	379	851
1023	320	960	965	383	912
1023	320	1023	968	387	972
1023	384	0	951	408	0
1023	384	64	951	408	0
1023	384	128	951	408	85
1023	384	192	951	408	163
1023	384	256	952	409	230
1023	384	320	952	410	295
1023	384	384	953	411	358
1023	384	448	954	413	420
1023	384	512	955	414	482
1023	384	576	956	416	544
1023	384	640	958	419	606
1023	384	704	959	421	667
1023	384	768	961	424	728
1023	384	832	963	427	790
1023	384	896	965	431	851
1023	384	960	967	434	912
1023	384	1023	969	438	972
1023	448	0	953	465	0
1023	448	64	953	465	0
1023	448	128	953	466	86
1023	448	192	954	466	164
1023	448	256	954	467	231
1023	448	320	955	467	295
1023	448	384	955	468	358
1023	448	448	956	470	420
1023	448	512	957	471	482
1023	448	576	958	473	544
1023	448	640	960	475	606
1023	448	704	961	477	667
1023	448	768	963	480	729
1023	448	832	965	482	790
1023	448	896	967	485	851
1023	448	960	969	488	912
1023	448	1023	971	492	973
1023	512	0	956	524	0
1023	512	64	956	524	0
1023	512	128	956	525	88
1023	512	192	956	525	164
1023	512	256	957	525	231
1023	512	320	957	526	295
1023	512	384	958	527	358
1023	512	448	959	528	421
1023	512	512	960	529	483
1023	512	576	961	531	544
1023	512	640	962	533	606
1023	512	704	964	535	667
1023	512	768	966	537	729
1023	512	832	967	539	790
1023	512	896	969	542	851
1023	512	960	972	544	912
1023	512	1023	974	547	973
1023	576	0	959	584	0
1023	576	64	959	584	0
1023	576	128	959	584	90
1023	576	192	959	585	166
1023	576	256	960	585	232
1023	576	320	960	586	296
1023	576	384	961	587	359
1023	576	448	962	588	421
1023	576	512	963	589	483
1023	576	576	964	590	545
1023	576	640	965	591	606
1023	576	704	967	593	668
1023	576	768	968	595	729
1023	576	832	970	597	790
1023	576	896	972	599	851
1023	576	960	975	602	913
1023	576	1023	977	604	973
1023	640	0	962	645	0
1023	640	64	962	645	0
1023	640	128	962	645	93
1023	640	192	963	645	167
1023	640	256	963	645	233
1023	640	320	964	646	297
1023	640	384	964	647	359
1023	640	448	965	648	421
1023	640	512	966	649	483
1023	640	576	967	650	545
1023	640	640	969	651	606
1023	640	704	970	653	668
1023	640	768	972	654	729
1023	640	832	974	656	790
1023	640	896	976	658	852
1023	640	960	978	660	913
1023	640	1023	980	663	973
1023	704	0	966	705	0
1023	704	64	966	705	0
1023	704	128	966	706	96
1023	704	192	966	706	168
1023	704	256	967	706	234
1023	704	320	967	707	297
1023	704	384	968	707	360
1023	704	448	969	708	422
1023	704	512	970	709	484
1023	704	576	971	710	545
1023	704	640	972	711	607
1023	704	704	974	713	668
1023	704	768	976	714	729
1023	704	832	978	716	791
1023	704	896	980	718	852
1023	704	960	982	720	913
1023	704	1023	984	722	973
1023	768	0	970	767	0
1023	768	64	970	767	0
1023	768	128	970	767	99
1023	768	192	971	767	170
1023	768	256	971	767	235
1023	768	320	972	768	298
1023	768	384	972	768	360
1023	768	448	973	769	422
1023	768	512	974	770	484
1023	768	576	975	771	546
1023	768	640	977	772	607
1023	768	704	978	773	668
1023	768	768	980	775	730
1023	768	832	982	776	791
1023	768	896	984	778	852
1023	768	960	986	779	913
1023	768	1023	988	781	973
1023	832	0	975	828	0
1023	832	64	975	828	0
1023	832	128	975	828	102
1023	832	192	975	828	171
1023	832	256	976	829	236
1023	832	320	976	829	299
1023	832	384	977	830	361
1023	832	448	978	830	423
1023	832	512	979	831	484
1023	832	576	980	832	546
1023	832	640	981	833	607
1023	832	704	983	834	669
1023	832	768	985	835	730
1023	832	832	986	837	791
1023	832	896	988	838	852
1023	832	960	990	840	913
1023	832	1023	993	842	973
1023	896	0	980	890	0
1023	896	64	980	890	0
1023	896	128	980	890	105
1023	896	192	981	890	173
1023	896	256	981	890	237
1023	896	320	981	891	300
1023	896	384	982	891	362
1023	896	448	983	892	423
1023	896	512	984	892	485
1023	896	576	985	893	546
1023	896	640	986	894	608
1023	896	704	988	895	669
1023	896	768	990	896	730
1023	896	832	991	898	791
1023	896	896	993	899	852
1023	896	960	996	900	914
1023	896	1023	998	902	974
1023	960	0	986	951	0
1023	960	64	986	951	0
1023	960	128	986	952	108
1023	960	192	986	952	175
1023	960	256	986	952	238
1023	960	320	987	952	301
1023	960	384	988	953	363
1023	960	448	989	953	424
1023	960	512	989	954	486
1023	960	576	991	955	547
1023	960	640	992	956	608
1023	960	704	993	956	669
1023	960	768	995	958	730
1023	960	832	997	959	792
1023	960	896	999	960	853
1023	960	960	1001	961	914
1023	960	1023	1003	963	974
1023	1023	0	991	1012	0
1023	1023	64	992	1012	30
1023	1023	128	992	1012	112
1023	1023	192	992	1013	177
1023	1023	256	992	1013	240
1023	1023	320	993	1013	302
1023	1023	384	994	1014	363
1023	1023	448	994	1014	425
1023	1023	512	995	1015	486
1023	1023	576	996	1015	547
1023	1023	640	998	1016	609
1023	1023	704	999	1017	670
1023	1023	768	1001	1018	731
1023	1023	832	1003	1019	792
1023	1023	896	1005	1020	853
1023	1023	960	1007	1022	914
1023	1023	1023	1009	1023	974