0	0	0	0	0	0
0	0	64	15	11	62
0	0	128	30	22	121
0	0	192	45	33	183
0	0	256	60	44	245
0	0	320	75	54	305
0	0	384	89	65	365
0	0	448	104	76	426
0	0	512	118	86	484
0	0	576	134	98	547
0	0	640	149	108	608
0	0	704	163	119	668
0	0	768	178	130	727
0	0	832	192	140	787
0	0	896	206	151	846
0	0	960	221	161	906
0	0	1023	235	172	965
0	64	0	17	63	7
0	64	64	22	64	62
0	64	128	33	66	122
0	64	192	47	70	183
0	64	256	61	75	245
0	64	320	76	81	305
0	64	384	90	88	365
0	64	448	105	96	426
0	64	512	119	104	484
0	64	576	134	113	547
0	64	640	150	122	608
0	64	704	164	132	668
0	64	768	178	141	727
0	64	832	193	151	786
0	64	896	207	160	846
0	64	960	221	171	906
0	64	1023	236	181	964
0	128	0	34	125	15
0	128	64	37	127	63
0	128	128	44	129	122
0	128	192	55	130	184
0	128	256	67	133	245
0	128	320	80	136	305
0	128	384	94	140	365
0	128	448	108	145	426
0	128	512	122	150	484
0	128	576	137	156	547
0	128	640	151	162	608
0	128	704	166	169	668
0	128	768	180	176	726
0	128	832	194	184	787
0	128	896	208	191	846
0	128	960	223	200	906
0	128	1023	237	208	965
0	192	0	52	190	23
0	192	64	54	192	65
0	192	128	59	193	123
0	192	192	67	194	185
0	192	256	77	196	245
0	192	320	88	198	306
0	192	384	101	201	366
0	192	448	114	204	427
0	192	512	127	207	485
0	192	576	141	211	548
0	192	640	155	216	608
0	192	704	169	220	669
0	192	768	183	226	727
0	192	832	197	231	787
0	192	896	211	237	846
0	192	960	226	243	907
0	192	1023	239	250	965
0	256	0	68	252	30
0	256	64	70	255	68
0	256	128	74	255	124
0	256	192	80	256	186
0	256	256	89	257	246
0	256	320	99	259	306
0	256	384	110	261	367
0	256	448	122	263	427
0	256	512	133	266	485
0	256	576	147	269	548
0	256	640	160	272	609
0	256	704	174	276	669
0	256	768	187	280	727
0	256	832	201	284	788
0	256	896	215	288	846
0	256	960	228	293	906
0	256	1023	242	299	965
0	320	0	86	315	38
0	320	64	87	318	71
0	320	128	90	319	126
0	320	192	95	319	186
0	320	256	102	321	247
0	320	320	111	322	307
0	320	384	121	324	367
0	320	448	131	325	427
0	320	512	142	328	485
0	320	576	155	330	548
0	320	640	168	332	609
0	320	704	180	335	669
0	320	768	193	338	727
0	320	832	206	342	787
0	320	896	220	345	847
0	320	960	233	349	907
0	320	1023	247	354	966
0	384	0	102	377	46
0	384	64	104	381	75
0	384	128	107	381	128
0	384	192	111	382	188
0	384	256	117	383	248
0	384	320	124	384	308
0	384	384	133	386	368
0	384	448	142	387	428
0	384	512	153	389	486
0	384	576	164	391	549
0	384	640	176	393	610
0	384	704	188	395	670
0	384	768	200	397	728
0	384	832	213	400	788
0	384	896	226	403	848
0	384	960	239	405	907
0	384	1023	252	409	966
0	448	0	119	438	53
0	448	64	121	442	79
0	448	128	123	443	131
0	448	192	127	444	190
0	448	256	132	445	249
0	448	320	138	446	309
0	448	384	146	447	369
0	448	448	154	448	429
0	448	512	164	450	487
0	448	576	175	452	550
0	448	640	186	453	610
0	448	704	197	455	670
0	448	768	209	457	729
0	448	832	221	459	789
0	448	896	233	461	848
0	448	960	246	464	908
0	448	1023	259	467	967
0	512	0	135	498	60
0	512	64	137	503	84
0	512	128	139	504	133
0	512	192	142	505	192
0	512	256	147	505	251
0	512	320	153	506	310
0	512	384	159	508	370
0	512	448	167	509	430
0	512	512	176	510	488
0	512	576	186	512	551
0	512	640	196	513	611
0	512	704	207	514	671
0	512	768	218	516	729
0	512	832	230	518	790
0	512	896	241	520	850
0	512	960	253	522	909
0	512	1023	266	524	967
0	576	0	154	565	68
0	576	64	155	570	90
0	576	128	157	571	137
0	576	192	160	571	194
0	576	256	164	573	253
0	576	320	169	574	312
0	576	384	175	574	371
0	576	448	182	575	431
0	576	512	190	576	489
0	576	576	199	578	552
0	576	640	208	579	612
0	576	704	218	580	672
0	576	768	229	581	730
0	576	832	240	584	791
0	576	896	251	585	850
0	576	960	263	587	910
0	576	1023	275	589	969
0	640	0	170	627	75
0	640	64	172	632	95
0	640	128	174	632	140
0	640	192	176	634	196
0	640	256	180	634	254
0	640	320	184	635	313
0	640	384	190	636	373
0	640	448	196	636	432
0	640	512	203	638	490
0	640	576	212	639	553
0	640	640	221	640	613
0	640	704	230	641	674
0	640	768	240	643	732
0	640	832	250	644	791
0	640	896	261	644	851
0	640	960	272	646	911
0	640	1023	283	648	970
0	704	0	187	688	82
0	704	64	189	694	101
0	704	128	190	695	144
0	704	192	193	696	199
0	704	256	196	696	256
0	704	320	200	697	315
0	704	384	205	699	375
0	704	448	211	699	434
0	704	512	218	700	492
0	704	576	226	702	555
0	704	640	234	702	615
0	704	704	243	703	675
0	704	768	252	704	733
0	704	832	262	706	793
0	704	896	272	706	853
0	704	960	283	708	913
0	704	1023	294	710	972
0	768	0	204	749	90
0	768	64	205	754	107
0	768	128	207	756	148
0	768	192	209	757	202
0	768	256	212	758	259
0	768	320	216	758	318
0	768	384	221	760	377
0	768	448	226	759	436
0	768	512	232	761	494
0	768	576	239	762	556
0	768	640	247	762	617
0	768	704	255	762	676
0	768	768	264	765	735
0	768	832	274	765	795
0	768	896	283	766	854
0	768	960	293	767	914
0	768	1023	304	769	973
0	832	0	220	808	97
0	832	64	222	814	113
0	832	128	223	815	153
0	832	192	225	816	205
0	832	256	228	817	261
0	832	320	231	817	319
0	832	384	236	819	378
0	832	448	241	819	437
0	832	512	246	820	495
0	832	576	253	821	557
0	832	640	260	821	618
0	832	704	268	822	677
0	832	768	276	823	735
0	832	832	285	825	796
0	832	896	294	825	855
0	832	960	304	826	915
0	832	1023	314	828	974
0	896	0	236	869	104
0	896	64	238	876	119
0	896	128	240	877	157
0	896	192	241	877	208
0	896	256	244	878	263
0	896	320	247	879	321
0	896	384	251	880	380
0	896	448	256	881	439
0	896	512	261	882	496
0	896	576	268	883	559
0	896	640	275	883	619
0	896	704	282	883	679
0	896	768	290	884	737
0	896	832	299	886	797
0	896	896	307	886	856
0	896	960	317	887	916
0	896	1023	326	889	975
0	960	0	253	929	111
0	960	64	255	936	125
0	960	128	256	937	161
0	960	192	258	938	212
0	960	256	260	939	266
0	960	320	263	939	323
0	960	384	267	940	381
0	960	448	271	941	441
0	960	512	276	942	498
0	960	576	282	943	560
0	960	640	289	943	620
0	960	704	296	943	680
0	960	768	303	944	738
0	960	832	311	946	798
0	960	896	319	945	857
0	960	960	328	945	917
0	960	1023	337	947	976
0	1023	0	269	988	118
0	1023	64	271	995	132
0	1023	128	272	996	166
0	1023	192	273	997	215
0	1023	256	276	997	269
0	1023	320	278	998	326
0	1023	384	282	999	384
0	1023	448	286	1000	443
0	1023	512	291	1000	499
0	1023	576	297	1001	562
0	1023	640	303	1001	621
0	1023	704	309	1002	682
0	1023	768	316	1002	740
0	1023	832	323	1003	799
0	1023	896	331	1002	858
0	1023	960	340	1003	919
0	1023	1023	349	1003	978
64	0	0	63	10	0
64	0	64	64	14	62
64	0	128	68	23	121
64	0	192	75	34	183
64	0	256	84	44	244
64	0	320	95	55	304
64	0	384	106	65	365
64	0	448	118	76	425
64	0	512	131	86	483
64	0	576	145	98	546
64	0	640	159	108	607
64	0	704	172	119	667
64	0	768	185	129	725
64	0	832	200	140	786
64	0	896	214	151	846
64	0	960	227	161	905
64	0	1023	241	172	965
64	64	0	64	63	7
64	64	64	65	65	62
64	64	128	69	67	121
64	64	192	76	70	183
64	64	256	85	75	244
64	64	320	95	81	304
64	64	384	107	89	365
64	64	448	119	96	425
64	64	512	132	104	483
64	64	576	146	113	546
64	64	640	159	122	607
64	64	704	173	132	667
64	64	768	186	141	725
64	64	832	200	151	786
64	64	896	214	161	845
64	64	960	228	171	905
64	64	1023	241	181	964
64	128	0	69	127	15
64	128	64	70	128	63
64	128	128	74	129	122
64	128	192	80	131	184
64	128	256	89	133	244
64	128	320	99	137	305
64	128	384	110	141	365
64	128	448	122	145	425
64	128	512	134	150	484
64	128	576	147	156	547
64	128	640	161	163	607
64	128	704	174	170	667
64	128	768	188	177	725
64	128	832	201	184	786
64	128	896	215	192	845
64	128	960	229	200	905
64	128	1023	242	208	964
64	192	0	78	191	23
64	192	64	79	193	65
64	192	128	82	194	123
64	192	192	88	195	184
64	192	256	96	197	245
64	192	320	105	199	305
64	192	384	116	202	366
64	192	448	127	204	426
64	192	512	138	208	483
64	192	576	151	212	546
64	192	640	164	217	608
64	192	704	178	221	668
64	192	768	191	226	726
64	192	832	204	232	786
64	192	896	217	237	845
64	192	960	231	244	905
64	192	1023	245	250	964
64	256	0	88	253	30
64	256	64	90	256	68
64	256	128	92	256	124
64	256	192	98	257	185
64	256	256	105	258	245
64	256	320	113	260	306
64	256	384	123	262	366
64	256	448	133	264	426
64	256	512	144	267	484
64	256	576	157	270	547
64	256	640	169	273	608
64	256	704	182	277	668
64	256	768	194	281	726
64	256	832	208	285	786
64	256	896	221	289	845
64	256	960	234	294	906
64	256	1023	248	299	965
64	320	0	101	317	38
64	320	64	102	319	71
64	320	128	105	320	126
64	320	192	109	321	186
64	320	256	116	322	246
64	320	320	123	323	306
64	320	384	132	325	366
64	320	448	142	327	427
64	320	512	153	329	484
64	320	576	164	331	547
64	320	640	176	334	608
64	320	704	188	336	668
64	320	768	200	339	726
64	320	832	213	343	787
64	320	896	226	346	846
64	320	960	239	350	906
64	320	1023	253	355	965
64	384	0	115	379	46
64	384	64	116	382	75
64	384	128	118	382	128
64	384	192	122	383	188
64	384	256	128	384	247
64	384	320	135	385	307
64	384	384	143	387	367
64	384	448	152	388	427
64	384	512	162	390	485
64	384	576	173	392	548
64	384	640	184	394	609
64	384	704	195	396	669
64	384	768	207	399	727
64	384	832	220	402	788
64	384	896	232	404	846
64	384	960	244	407	906
64	384	1023	257	411	965
64	448	0	129	440	53
64	448	64	130	443	79
64	448	128	133	445	130
64	448	192	136	445	189
64	448	256	141	446	249
64	448	320	147	447	308
64	448	384	154	448	368
64	448	448	163	449	428
64	448	512	172	451	486
64	448	576	182	453	549
64	448	640	193	454	610
64	448	704	204	456	670
64	448	768	215	458	728
64	448	832	227	461	788
64	448	896	239	463	848
64	448	960	251	466	907
64	448	1023	263	469	966
64	512	0	144	501	60
64	512	64	146	505	84
64	512	128	147	505	133
64	512	192	150	506	191
64	512	256	155	507	250
64	512	320	160	508	310
64	512	384	167	510	370
64	512	448	175	510	430
64	512	512	183	511	487
64	512	576	193	513	550
64	512	640	203	515	611
64	512	704	213	516	671
64	512	768	224	518	729
64	512	832	236	521	789
64	512	896	246	521	848
64	512	960	258	523	908
64	512	1023	271	526	967
64	576	0	162	568	69
64	576	64	163	572	90
64	576	128	165	573	137
64	576	192	168	574	194
64	576	256	171	574	252
64	576	320	176	575	311
64	576	384	182	576	371
64	576	448	189	577	431
64	576	512	197	578	488
64	576	576	206	580	551
64	576	640	215	581	612
64	576	704	225	582	671
64	576	768	235	583	730
64	576	832	246	586	790
64	576	896	257	587	849
64	576	960	268	589	909
64	576	1023	279	591	968
64	640	0	179	630	75
64	640	64	180	633	95
64	640	128	181	634	140
64	640	192	184	635	196
64	640	256	187	636	254
64	640	320	192	637	313
64	640	384	197	638	372
64	640	448	203	638	432
64	640	512	211	640	490
64	640	576	219	641	552
64	640	640	228	642	613
64	640	704	237	643	673
64	640	768	246	645	731
64	640	832	257	646	791
64	640	896	267	647	850
64	640	960	278	648	910
64	640	1023	288	651	969
64	704	0	195	692	83
64	704	64	196	696	101
64	704	128	197	696	144
64	704	192	200	698	199
64	704	256	203	698	256
64	704	320	207	699	315
64	704	384	212	701	374
64	704	448	218	701	434
64	704	512	224	701	491
64	704	576	232	703	553
64	704	640	240	704	614
64	704	704	249	705	674
64	704	768	258	706	732
64	704	832	268	708	793
64	704	896	277	708	851
64	704	960	288	709	911
64	704	1023	298	711	970
64	768	0	211	752	90
64	768	64	212	756	107
64	768	128	213	758	148
64	768	192	215	758	202
64	768	256	219	759	259
64	768	320	222	760	317
64	768	384	227	761	376
64	768	448	232	762	436
64	768	512	238	762	493
64	768	576	246	764	556
64	768	640	253	764	616
64	768	704	261	765	676
64	768	768	270	766	734
64	768	832	280	768	794
64	768	896	289	768	854
64	768	960	299	769	913
64	768	1023	309	772	973
64	832	0	226	812	97
64	832	64	228	817	113
64	832	128	229	817	152
64	832	192	231	818	205
64	832	256	234	819	261
64	832	320	237	819	319
64	832	384	241	821	378
64	832	448	246	821	437
64	832	512	252	822	494
64	832	576	259	824	557
64	832	640	266	824	617
64	832	704	274	824	677
64	832	768	282	825	735
64	832	832	290	827	795
64	832	896	299	828	854
64	832	960	309	829	914
64	832	1023	319	830	973
64	896	0	243	873	104
64	896	64	245	878	119
64	896	128	246	878	156
64	896	192	248	879	208
64	896	256	250	880	263
64	896	320	254	881	321
64	896	384	258	882	379
64	896	448	262	883	438
64	896	512	267	883	495
64	896	576	274	884	557
64	896	640	281	885	618
64	896	704	288	885	678
64	896	768	296	887	736
64	896	832	304	888	796
64	896	896	312	887	854
64	896	960	321	888	914
64	896	1023	331	890	973
64	960	0	259	934	111
64	960	64	261	938	125
64	960	128	261	939	161
64	960	192	263	940	211
64	960	256	266	940	266
64	960	320	269	941	323
64	960	384	272	943	381
64	960	448	276	942	440
64	960	512	281	943	497
64	960	576	288	944	559
64	960	640	294	944	619
64	960	704	301	946	679
64	960	768	308	947	737
64	960	832	316	948	797
64	960	896	324	948	856
64	960	960	333	948	916
64	960	1023	341	950	975
64	1023	0	275	992	118
64	1023	64	276	997	132
64	1023	128	277	998	166
64	1023	192	279	999	215
64	1023	256	281	999	269
64	1023	320	284	1000	325
64	1023	384	288	1002	383
64	1023	448	292	1001	442
64	1023	512	296	1002	499
64	1023	576	302	1003	561
64	1023	640	308	1003	620
64	1023	704	314	1003	680
64	1023	768	321	1005	739
64	1023	832	328	1005	798
64	1023	896	336	1005	858
64	1023	960	344	1006	918
64	1023	1023	353	1007	977
128	0	0	126	20	0
128	0	64	126	22	62
128	0	128	128	28	121
128	0	192	131	37	183
128	0	256	136	47	244
128	0	320	142	57	304
128	0	384	150	67	365
128	0	448	158	77	425
128	0	512	167	87	483
128	0	576	178	99	546
128	0	640	188	109	607
128	0	704	200	120	667
128	0	768	211	130	725
128	0	832	223	141	785
128	0	896	235	151	845
128	0	960	248	162	904
128	0	1023	260	172	963
128	64	0	126	65	6
128	64	64	126	67	62
128	64	128	128	68	121
128	64	192	132	72	183
128	64	256	136	77	244
128	64	320	142	83	304
128	64	384	150	90	365
128	64	448	158	97	425
128	64	512	168	105	483
128	64	576	178	114	546
128	64	640	189	123	607
128	64	704	200	132	667
128	64	768	211	142	725
128	64	832	223	151	786
128	64	896	236	161	845
128	64	960	248	171	904
128	64	1023	260	181	963
128	128	0	128	128	14
128	128	64	129	129	63
128	128	128	130	130	122
128	128	192	134	132	184
128	128	256	139	134	244
128	128	320	145	137	305
128	128	384	152	141	365
128	128	448	160	146	425
128	128	512	169	151	483
128	128	576	180	157	546
128	128	640	190	163	607
128	128	704	202	170	667
128	128	768	213	177	726
128	128	832	225	185	786
128	128	896	236	192	845
128	128	960	249	200	904
128	128	1023	261	208	964
128	192	0	133	192	23
128	192	64	133	194	65
128	192	128	135	194	123
128	192	192	138	196	184
128	192	256	143	197	245
128	192	320	149	199	305
128	192	384	156	202	365
128	192	448	164	205	425
128	192	512	173	208	483
128	192	576	183	213	547
128	192	640	193	217	607
128	192	704	204	222	668
128	192	768	215	227	726
128	192	832	227	232	785
128	192	896	239	238	845
128	192	960	251	244	905
128	192	1023	263	251	963
128	256	0	139	254	30
128	256	64	139	256	67
128	256	128	141	257	124
128	256	192	144	258	185
128	256	256	149	259	245
128	256	320	154	260	306
128	256	384	161	263	366
128	256	448	169	264	426
128	256	512	178	267	484
128	256	576	188	271	547
128	256	640	197	274	608
128	256	704	208	277	668
128	256	768	219	281	726
128	256	832	231	285	786
128	256	896	242	289	845
128	256	960	254	294	905
128	256	1023	266	300	964
128	320	0	147	317	38
128	320	64	147	320	71
128	320	128	149	320	125
128	320	192	152	321	186
128	320	256	156	322	246
128	320	320	162	323	306
128	320	384	168	325	366
128	320	448	175	327	426
128	320	512	184	329	484
128	320	576	194	332	547
128	320	640	203	334	608
128	320	704	213	337	668
128	320	768	224	340	726
128	320	832	235	344	786
128	320	896	246	347	846
128	320	960	258	350	905
128	320	1023	270	354	964
128	384	0	156	380	46
128	384	64	156	382	75
128	384	128	158	382	128
128	384	192	161	383	187
128	384	256	165	384	247
128	384	320	170	386	307
128	384	384	176	387	367
128	384	448	183	388	427
128	384	512	191	390	485
128	384	576	201	392	548
128	384	640	210	394	608
128	384	704	220	396	668
128	384	768	230	399	727
128	384	832	241	402	787
128	384	896	252	404	846
128	384	960	263	407	906
128	384	1023	275	411	965
128	448	0	166	441	53
128	448	64	167	444	79
128	448	128	169	445	130
128	448	192	171	445	189
128	448	256	175	446	248
128	448	320	179	447	308
128	448	384	185	449	368
128	448	448	192	450	428
128	448	512	200	451	486
128	448	576	209	453	549
128	448	640	218	454	609
128	448	704	227	456	669
128	448	768	237	458	727
128	448	832	248	461	788
128	448	896	258	463	847
128	448	960	270	466	907
128	448	1023	281	469	966
128	512	0	178	502	60
128	512	64	178	504	84
128	512	128	180	505	133
128	512	192	182	506	191
128	512	256	186	507	250
128	512	320	191	508	310
128	512	384	196	509	369
128	512	448	202	510	429
128	512	512	209	511	487
128	512	576	218	513	550
128	512	640	226	514	610
128	512	704	235	516	670
128	512	768	245	518	729
128	512	832	255	520	788
128	512	896	265	521	848
128	512	960	276	523	907
128	512	1023	288	526	967
128	576	0	192	569	69
128	576	64	193	572	90
128	576	128	194	572	136
128	576	192	196	574	193
128	576	256	199	574	252
128	576	320	204	575	311
128	576	384	209	577	371
128	576	448	215	577	430
128	576	512	221	578	488
128	576	576	229	580	550
128	576	640	237	581	611
128	576	704	246	582	671
128	576	768	255	584	729
128	576	832	265	586	790
128	576	896	274	586	848
128	576	960	285	588	908
128	576	1023	296	591	967
128	640	0	206	630	75
128	640	64	207	633	95
128	640	128	208	635	140
128	640	192	210	635	196
128	640	256	213	636	254
128	640	320	217	637	313
128	640	384	222	638	372
128	640	448	227	639	432
128	640	512	233	639	489
128	640	576	241	641	552
128	640	640	249	642	612
128	640	704	256	643	672
128	640	768	265	644	730
128	640	832	275	646	791
128	640	896	284	647	850
128	640	960	294	649	910
128	640	1023	305	651	969
128	704	0	220	693	83
128	704	64	221	696	101
128	704	128	222	697	144
128	704	192	224	698	199
128	704	256	227	698	256
128	704	320	230	700	315
128	704	384	235	701	374
128	704	448	240	700	433
128	704	512	246	702	491
128	704	576	253	703	553
128	704	640	260	704	614
128	704	704	268	705	674
128	704	768	276	707	732
128	704	832	285	707	792
128	704	896	294	708	851
128	704	960	303	709	911
128	704	1023	313	711	970
128	768	0	234	753	90
128	768	64	235	757	107
128	768	128	236	758	148
128	768	192	238	758	202
128	768	256	240	759	258
128	768	320	244	760	317
128	768	384	248	761	376
128	768	448	253	761	435
128	768	512	259	763	493
128	768	576	266	764	556
128	768	640	272	764	616
128	768	704	280	765	676
128	768	768	288	766	734
128	768	832	296	768	794
128	768	896	305	769	854
128	768	960	314	770	914
128	768	1023	323	772	972
128	832	0	248	813	97
128	832	64	249	817	113
128	832	128	250	817	152
128	832	192	252	819	205
128	832	256	254	819	261
128	832	320	258	820	319
128	832	384	261	821	378
128	832	448	266	822	437
128	832	512	271	822	494
128	832	576	278	824	556
128	832	640	284	824	617
128	832	704	291	825	677
128	832	768	298	826	735
128	832	832	307	828	795
128	832	896	315	827	853
128	832	960	324	828	913
128	832	1023	333	830	972
128	896	0	263	874	104
128	896	64	264	878	119
128	896	128	265	879	157
128	896	192	267	880	208
128	896	256	269	880	263
128	896	320	272	881	320
128	896	384	276	883	379
128	896	448	280	883	438
128	896	512	285	883	495
128	896	576	291	884	557
128	896	640	297	884	617
128	896	704	304	886	678
128	896	768	312	887	736
128	896	832	319	888	795
128	896	896	327	888	855
128	896	960	336	889	914
128	896	1023	345	891	973
128	960	0	278	935	111
128	960	64	278	938	126
128	960	128	280	939	161
128	960	192	281	939	211
128	960	256	283	941	266
128	960	320	286	942	323
128	960	384	290	942	380
128	960	448	293	942	439
128	960	512	298	943	496
128	960	576	304	945	558
128	960	640	310	944	619
128	960	704	316	945	678
128	960	768	323	947	737
128	960	832	330	948	796
128	960	896	338	948	856
128	960	960	346	949	916
128	960	1023	355	950	975
128	1023	0	292	992	119
128	1023	64	294	997	131
128	1023	128	294	998	166
128	1023	192	296	998	215
128	1023	256	298	1000	269
128	1023	320	300	1000	325
128	1023	384	304	1001	383
128	1023	448	307	1001	441
128	1023	512	312	1002	498
128	1023	576	318	1004	561
128	1023	640	323	1003	621
128	1023	704	329	1003	680
128	1023	768	335	1004	738
128	1023	832	343	1006	798
128	1023	896	350	1005	857
128	1023	960	358	1006	917
128	1023	1023	366	1007	977
192	0	0	190	30	0
192	0	64	190	31	61
192	0	128	191	35	121
192	0	192	193	42	183
192	0	256	196	51	244
192	0	320	200	60	304
192	0	384	205	70	365
192	0	448	211	80	425
192	0	512	218	90	483
192	0	576	226	100	546
192	0	640	233	111	606
192	0	704	242	121	667
192	0	768	251	131	725
192	0	832	261	142	785
192	0	896	271	152	844
192	0	960	281	163	904
192	0	1023	292	173	964
192	64	0	190	69	0
192	64	64	190	70	62
192	64	128	191	71	121
192	64	192	193	75	183
192	64	256	196	79	244
192	64	320	201	85	304
192	64	384	206	92	365
192	64	448	211	99	425
192	64	512	218	107	483
192	64	576	226	116	546
192	64	640	234	125	606
192	64	704	243	134	667
192	64	768	252	144	725
192	64	832	262	152	785
192	64	896	271	162	844
192	64	960	282	172	904
192	64	1023	293	182	964
192	128	0	192	129	13
192	128	64	192	130	63
192	128	128	193	131	122
192	128	192	195	133	184
192	128	256	198	136	244
192	128	320	202	139	305
192	128	384	207	143	365
192	128	448	213	147	425
192	128	512	219	152	483
192	128	576	227	158	546
192	128	640	235	164	607
192	128	704	243	171	667
192	128	768	253	178	726
192	128	832	262	185	785
192	128	896	272	193	844
192	128	960	283	201	905
192	128	1023	294	209	964
192	192	0	194	193	22
192	192	64	194	194	65
192	192	128	195	195	123
192	192	192	197	196	184
192	192	256	201	198	245
192	192	320	205	200	305
192	192	384	209	203	365
192	192	448	215	206	425
192	192	512	222	209	483
192	192	576	230	213	546
192	192	640	237	218	607
192	192	704	246	222	667
192	192	768	254	228	725
192	192	832	265	233	785
192	192	896	274	239	845
192	192	960	285	245	905
192	192	1023	295	252	964
192	256	0	198	255	30
192	256	64	199	257	67
192	256	128	199	257	124
192	256	192	201	258	185
192	256	256	204	259	245
192	256	320	208	261	305
192	256	384	213	263	365
192	256	448	219	265	426
192	256	512	225	268	484
192	256	576	233	271	547
192	256	640	241	274	607
192	256	704	249	278	667
192	256	768	258	281	725
192	256	832	268	286	786
192	256	896	277	290	846
192	256	960	288	295	905
192	256	1023	299	301	965
192	320	0	204	318	38
192	320	64	204	320	71
192	320	128	205	321	125
192	320	192	207	322	186
192	320	256	210	323	246
192	320	320	214	324	306
192	320	384	219	326	366
192	320	448	224	327	426
192	320	512	230	329	484
192	320	576	238	332	547
192	320	640	245	334	608
192	320	704	253	337	668
192	320	768	262	341	726
192	320	832	271	343	786
192	320	896	281	347	845
192	320	960	291	350	905
192	320	1023	302	355	964
192	384	0	210	380	45
192	384	64	210	382	75
192	384	128	211	383	128
192	384	192	213	383	187
192	384	256	216	384	247
192	384	320	220	385	307
192	384	384	224	387	367
192	384	448	230	389	427
192	384	512	236	390	485
192	384	576	243	393	548
192	384	640	251	394	608
192	384	704	258	396	668
192	384	768	267	399	726
192	384	832	276	402	787
192	384	896	286	405	846
192	384	960	295	408	906
192	384	1023	306	411	965
192	448	0	217	442	53
192	448	64	218	445	79
192	448	128	218	444	130
192	448	192	221	446	189
192	448	256	224	446	248
192	448	320	227	448	308
192	448	384	232	449	368
192	448	448	237	450	428
192	448	512	243	451	485
192	448	576	250	453	548
192	448	640	257	455	609
192	448	704	265	457	669
192	448	768	273	459	727
192	448	832	282	461	787
192	448	896	290	463	846
192	448	960	301	465	906
192	448	1023	310	469	965
192	512	0	226	502	60
192	512	64	227	505	84
192	512	128	228	506	133
192	512	192	229	506	191
192	512	256	232	507	250
192	512	320	235	508	309
192	512	384	240	509	369
192	512	448	245	511	429
192	512	512	251	512	487
192	512	576	258	514	549
192	512	640	264	514	610
192	512	704	271	516	670
192	512	768	279	518	728
192	512	832	289	520	788
192	512	896	297	522	848
192	512	960	307	524	908
192	512	1023	316	527	966
192	576	0	237	570	68
192	576	64	237	573	90
192	576	128	238	573	136
192	576	192	240	573	193
192	576	256	243	575	252
192	576	320	246	575	311
192	576	384	250	577	370
192	576	448	255	577	430
192	576	512	260	578	488
192	576	576	267	580	550
192	576	640	273	581	611
192	576	704	281	582	671
192	576	768	289	584	729
192	576	832	297	585	789
192	576	896	305	587	848
192	576	960	315	588	908
192	576	1023	324	591	967
192	640	0	248	630	75
192	640	64	249	634	95
192	640	128	249	635	140
192	640	192	251	635	196
192	640	256	253	635	253
192	640	320	257	637	312
192	640	384	261	638	372
192	640	448	265	638	431
192	640	512	271	640	489
192	640	576	277	641	552
192	640	640	283	642	612
192	640	704	290	643	672
192	640	768	298	644	730
192	640	832	306	647	791
192	640	896	314	647	850
192	640	960	323	649	910
192	640	1023	332	650	968
192	704	0	259	692	82
192	704	64	260	696	101
192	704	128	261	697	144
192	704	192	262	697	198
192	704	256	265	698	256
192	704	320	268	699	315
192	704	384	271	700	373
192	704	448	276	701	433
192	704	512	281	702	490
192	704	576	287	703	553
192	704	640	293	703	613
192	704	704	300	704	673
192	704	768	307	706	731
192	704	832	315	707	791
192	704	896	323	708	851
192	704	960	332	710	911
192	704	1023	340	712	970
192	768	0	271	753	90
192	768	64	272	757	107
192	768	128	273	757	148
192	768	192	274	758	202
192	768	256	277	759	258
192	768	320	280	760	317
192	768	384	283	761	376
192	768	448	287	762	435
192	768	512	292	762	492
192	768	576	298	764	555
192	768	640	303	764	615
192	768	704	310	765	675
192	768	768	317	767	734
192	768	832	325	767	793
192	768	896	332	767	852
192	768	960	341	769	912
192	768	1023	349	771	971
192	832	0	283	813	97
192	832	64	284	816	113
192	832	128	284	817	152
192	832	192	286	818	205
192	832	256	288	818	260
192	832	320	291	819	318
192	832	384	295	821	377
192	832	448	298	821	436
192	832	512	303	822	493
192	832	576	308	823	556
192	832	640	314	823	616
192	832	704	320	824	676
192	832	768	327	826	735
192	832	832	334	827	794
192	832	896	342	827	853
192	832	960	350	828	913
192	832	1023	358	830	972
192	896	0	296	874	104
192	896	64	297	878	119
192	896	128	298	878	156
192	896	192	299	879	207
192	896	256	301	880	263
192	896	320	304	880	320
192	896	384	307	882	378
192	896	448	311	882	437
192	896	512	316	883	495
192	896	576	321	884	557
192	896	640	326	884	617
192	896	704	332	885	676
192	896	768	338	886	735
192	896	832	346	888	795
192	896	896	353	888	854
192	896	960	360	889	914
192	896	1023	369	890	973
192	960	0	309	934	112
192	960	64	310	938	125
192	960	128	310	939	161
192	960	192	312	940	211
192	960	256	313	940	265
192	960	320	316	941	322
192	960	384	319	942	380
192	960	448	323	943	439
192	960	512	327	944	496
192	960	576	332	945	559
192	960	640	337	945	619
192	960	704	343	945	678
192	960	768	349	946	736
192	960	832	356	948	796
192	960	896	363	948	856
192	960	960	371	949	916
192	960	1023	379	950	975
192	1023	0	322	993	118
192	1023	64	323	997	131
192	1023	128	324	998	165
192	1023	192	325	998	214
192	1023	256	327	999	268
192	1023	320	329	999	325
192	1023	384	332	1001	382
192	1023	448	336	1001	441
192	1023	512	340	1002	498
192	1023	576	345	1004	560
192	1023	640	349	1003	620
192	1023	704	355	1003	680
192	1023	768	361	1004	738
192	1023	832	368	1006	798
192	1023	896	374	1006	857
192	1023	960	381	1006	917
192	1023	1023	389	1007	976
256	0	0	251	40	0
256	0	64	251	40	61
256	0	128	251	44	121
256	0	192	253	49	183
256	0	256	255	56	243
256	0	320	258	64	304
256	0	384	262	73	364
256	0	448	266	83	424
256	0	512	272	92	483
256	0	576	278	103	545
256	0	640	284	113	606
256	0	704	291	123	666
256	0	768	298	133	725
256	0	832	306	144	785
256	0	896	314	154	844
256	0	960	323	164	904
256	0	1023	332	175	963
256	64	0	251	73	0
256	64	64	251	74	61
256	64	128	252	75	121
256	64	192	253	78	183
256	64	256	255	83	243
256	64	320	258	88	304
256	64	384	262	95	364
256	64	448	267	102	425
256	64	512	272	109	482
256	64	576	278	118	546
256	64	640	284	126	606
256	64	704	291	136	666
256	64	768	298	145	725
256	64	832	306	154	785
256	64	896	314	164	844
256	64	960	324	173	904
256	64	1023	333	184	963
256	128	0	252	131	12
256	128	64	252	132	62
256	128	128	252	133	121
256	128	192	254	135	183
256	128	256	256	137	243
256	128	320	259	140	304
256	128	384	263	144	364
256	128	448	268	149	425
256	128	512	273	153	483
256	128	576	279	160	546
256	128	640	285	165	606
256	128	704	292	172	667
256	128	768	299	179	724
256	128	832	307	186	785
256	128	896	315	194	844
256	128	960	324	202	904
256	128	1023	333	210	962
256	192	0	254	194	21
256	192	64	254	196	64
256	192	128	254	196	122
256	192	192	256	197	184
256	192	256	258	199	244
256	192	320	262	201	304
256	192	384	265	204	365
256	192	448	269	206	424
256	192	512	274	210	482
256	192	576	281	214	546
256	192	640	287	218	606
256	192	704	294	223	667
256	192	768	301	228	725
256	192	832	309	234	785
256	192	896	316	239	844
256	192	960	325	245	904
256	192	1023	335	252	963
256	256	0	257	256	29
256	256	64	256	257	67
256	256	128	257	258	123
256	256	192	259	259	185
256	256	256	262	260	245
256	256	320	265	262	305
256	256	384	268	264	365
256	256	448	272	265	425
256	256	512	277	268	483
256	256	576	284	271	546
256	256	640	289	274	607
256	256	704	296	278	667
256	256	768	303	282	725
256	256	832	311	286	785
256	256	896	319	290	844
256	256	960	328	295	905
256	256	1023	337	301	963
256	320	0	261	318	37
256	320	64	261	321	70
256	320	128	262	321	125
256	320	192	263	322	185
256	320	256	265	323	245
256	320	320	268	324	305
256	320	384	272	326	365
256	320	448	276	328	426
256	320	512	281	330	484
256	320	576	287	333	547
256	320	640	293	335	607
256	320	704	300	337	667
256	320	768	307	340	725
256	320	832	315	344	786
256	320	896	323	347	845
256	320	960	331	351	905
256	320	1023	340	356	964
256	384	0	266	380	45
256	384	64	266	383	74
256	384	128	266	383	127
256	384	192	268	384	187
256	384	256	270	385	246
256	384	320	273	386	307
256	384	384	277	388	366
256	384	448	281	388	426
256	384	512	286	390	484
256	384	576	292	393	547
256	384	640	297	394	607
256	384	704	304	397	668
256	384	768	311	399	726
256	384	832	318	402	786
256	384	896	326	404	845
256	384	960	335	407	905
256	384	1023	343	412	964
256	448	0	271	441	52
256	448	64	272	444	79
256	448	128	273	445	130
256	448	192	274	445	188
256	448	256	276	446	248
256	448	320	279	447	307
256	448	384	282	449	367
256	448	448	286	450	427
256	448	512	291	452	485
256	448	576	297	454	548
256	448	640	303	455	608
256	448	704	309	456	668
256	448	768	316	458	726
256	448	832	324	462	787
256	448	896	331	463	846
256	448	960	339	466	906
256	448	1023	348	469	965
256	512	0	278	502	60
256	512	64	279	505	84
256	512	128	279	506	133
256	512	192	281	507	191
256	512	256	283	507	249
256	512	320	286	508	309
256	512	384	289	509	368
256	512	448	293	510	428
256	512	512	298	511	486
256	512	576	303	513	549
256	512	640	309	514	609
256	512	704	315	516	670
256	512	768	322	518	728
256	512	832	329	520	787
256	512	896	337	521	847
256	512	960	344	524	907
256	512	1023	353	527	966
256	576	0	287	569	68
256	576	64	287	573	89
256	576	128	288	573	136
256	576	192	289	573	193
256	576	256	291	574	251
256	576	320	294	575	310
256	576	384	298	577	370
256	576	448	301	577	430
256	576	512	306	579	488
256	576	576	312	580	550
256	576	640	317	581	611
256	576	704	323	582	671
256	576	768	329	584	729
256	576	832	337	586	789
256	576	896	344	587	848
256	576	960	352	589	908
256	576	1023	361	592	967
256	640	0	296	631	75
256	640	64	296	634	95
256	640	128	297	635	140
256	640	192	298	635	195
256	640	256	301	636	253
256	640	320	303	637	312
256	640	384	306	637	371
256	640	448	310	638	431
256	640	512	314	639	489
256	640	576	320	641	551
256	640	640	325	642	612
256	640	704	331	642	671
256	640	768	338	645	730
256	640	832	344	646	790
256	640	896	351	647	849
256	640	960	359	648	909
256	640	1023	367	651	968
256	704	0	306	693	82
256	704	64	306	696	101
256	704	128	306	696	143
256	704	192	308	698	198
256	704	256	310	698	255
256	704	320	312	699	314
256	704	384	316	700	373
256	704	448	319	701	433
256	704	512	323	702	490
256	704	576	329	703	553
256	704	640	333	703	613
256	704	704	340	705	673
256	704	768	346	706	731
256	704	832	352	707	791
256	704	896	359	708	850
256	704	960	366	709	910
256	704	1023	374	711	969
256	768	0	316	753	90
256	768	64	316	757	107
256	768	128	317	758	148
256	768	192	318	758	201
256	768	256	320	759	258
256	768	320	322	759	316
256	768	384	325	761	375
256	768	448	329	761	434
256	768	512	333	762	492
256	768	576	338	764	555
256	768	640	343	764	615
256	768	704	348	765	675
256	768	768	354	766	733
256	768	832	361	768	793
256	768	896	368	768	853
256	768	960	375	769	913
256	768	1023	383	772	972
256	832	0	326	813	97
256	832	64	326	817	113
256	832	128	326	817	152
256	832	192	328	818	204
256	832	256	330	818	260
256	832	320	332	819	318
256	832	384	335	820	377
256	832	448	338	821	436
256	832	512	342	822	493
256	832	576	347	824	556
256	832	640	352	823	616
256	832	704	357	824	676
256	832	768	363	825	734
256	832	832	370	827	794
256	832	896	377	827	853
256	832	960	383	827	912
256	832	1023	391	829	971
256	896	0	337	874	104
256	896	64	338	878	119
256	896	128	338	878	156
256	896	192	339	879	207
256	896	256	341	879	262
256	896	320	343	880	320
256	896	384	346	882	378
256	896	448	349	881	437
256	896	512	353	883	494
256	896	576	358	884	556
256	896	640	362	884	616
256	896	704	368	885	677
256	896	768	373	886	735
256	896	832	379	887	794
256	896	896	385	887	854
256	896	960	393	888	914
256	896	1023	400	890	973
256	960	0	348	935	111
256	960	64	348	938	125
256	960	128	349	939	161
256	960	192	350	940	211
256	960	256	352	940	265
256	960	320	354	941	322
256	960	384	357	942	380
256	960	448	359	942	439
256	960	512	363	943	496
256	960	576	368	944	558
256	960	640	372	944	618
256	960	704	377	945	677
256	960	768	383	947	736
256	960	832	389	948	796
256	960	896	395	947	855
256	960	960	402	948	915
256	960	1023	409	950	974
256	1023	0	360	994	118
256	1023	64	360	997	131
256	1023	128	360	997	165
256	1023	192	362	999	215
256	1023	256	363	999	268
256	1023	320	365	1000	325
256	1023	384	368	1001	382
256	1023	448	371	1000	440
256	1023	512	374	1002	498
256	1023	576	379	1003	560
256	1023	640	383	1003	620
256	1023	704	388	1003	679
256	1023	768	394	1005	738
256	1023	832	399	1005	797
256	1023	896	405	1005	857
256	1023	960	411	1005	917
256	1023	1023	419	1006	976
320	0	0	311	49	0
320	0	64	310	50	61
320	0	128	311	52	120
320	0	192	312	57	182
320	0	256	314	63	243
320	0	320	317	70	304
320	0	384	320	78	364
320	0	448	323	87	424
320	0	512	327	96	482
320	0	576	332	106	545
320	0	640	337	116	606
320	0	704	342	126	666
320	0	768	349	135	725
320	0	832	355	146	784
320	0	896	362	156	844
320	0	960	369	166	904
320	0	1023	377	176	963
320	64	0	312	78	0
320	64	64	311	78	61
320	64	128	311	80	120
320	64	192	313	83	183
320	64	256	315	87	243
320	64	320	317	92	304
320	64	384	320	98	364
320	64	448	323	105	424
320	64	512	327	112	482
320	64	576	333	121	545
320	64	640	337	129	606
320	64	704	342	138	666
320	64	768	349	147	725
320	64	832	355	156	784
320	64	896	362	165	844
320	64	960	369	175	904
320	64	1023	377	185	962
320	128	0	312	133	9
320	128	64	312	135	62
320	128	128	312	136	121
320	128	192	313	137	183
320	128	256	315	140	243
320	128	320	318	143	304
320	128	384	321	146	364
320	128	448	324	151	424
320	128	512	328	155	482
320	128	576	333	162	545
320	128	640	338	167	606
320	128	704	343	174	666
320	128	768	349	181	724
320	128	832	356	188	785
320	128	896	363	196	844
320	128	960	370	204	904
320	128	1023	378	212	963
320	192	0	314	195	20
320	192	64	313	197	64
320	192	128	314	198	122
320	192	192	315	199	183
320	192	256	317	200	244
320	192	320	319	203	304
320	192	384	322	205	364
320	192	448	326	208	425
320	192	512	330	211	483
320	192	576	335	216	546
320	192	640	340	220	607
320	192	704	345	224	666
320	192	768	351	230	724
320	192	832	358	235	785
320	192	896	364	241	844
320	192	960	372	247	905
320	192	1023	379	254	963
320	256	0	316	257	28
320	256	64	316	259	67
320	256	128	316	259	123
320	256	192	317	260	184
320	256	256	319	261	244
320	256	320	322	263	305
320	256	384	325	265	365
320	256	448	328	267	425
320	256	512	332	269	483
320	256	576	337	273	546
320	256	640	342	276	607
320	256	704	347	279	667
320	256	768	353	283	725
320	256	832	360	288	785
320	256	896	367	292	845
320	256	960	373	296	904
320	256	1023	381	301	963
320	320	0	319	320	37
320	320	64	319	321	70
320	320	128	320	322	125
320	320	192	321	323	186
320	320	256	323	324	246
320	320	320	325	325	306
320	320	384	328	327	366
320	320	448	331	329	426
320	320	512	335	331	484
320	320	576	340	333	546
320	320	640	345	335	607
320	320	704	350	338	667
320	320	768	356	342	726
320	320	832	363	345	785
320	320	896	369	348	845
320	320	960	376	352	905
320	320	1023	384	356	964
320	384	0	323	381	44
320	384	64	323	384	74
320	384	128	324	384	127
320	384	192	325	385	187
320	384	256	326	386	246
320	384	320	329	387	306
320	384	384	332	388	366
320	384	448	335	389	426
320	384	512	339	391	484
320	384	576	344	394	547
320	384	640	349	395	608
320	384	704	354	397	668
320	384	768	360	400	726
320	384	832	367	403	786
320	384	896	373	406	846
320	384	960	380	409	905
320	384	1023	388	413	965
320	448	0	328	443	52
320	448	64	328	446	79
320	448	128	328	446	130
320	448	192	330	447	189
320	448	256	331	447	248
320	448	320	334	448	308
320	448	384	337	450	367
320	448	448	339	450	427
320	448	512	344	452	485
320	448	576	349	454	548
320	448	640	353	455	608
320	448	704	359	458	669
320	448	768	364	460	727
320	448	832	370	462	786
320	448	896	377	464	846
320	448	960	383	466	906
320	448	1023	391	470	965
320	512	0	333	503	59
320	512	64	333	506	83
320	512	128	334	506	133
320	512	192	335	507	190
320	512	256	337	508	249
320	512	320	339	508	309
320	512	384	342	510	368
320	512	448	345	511	428
320	512	512	349	512	486
320	512	576	354	514	549
320	512	640	358	515	609
320	512	704	363	516	669
320	512	768	369	518	727
320	512	832	376	521	788
320	512	896	382	522	847
320	512	960	389	525	907
320	512	1023	396	528	966
320	576	0	341	570	68
320	576	64	340	573	89
320	576	128	341	574	136
320	576	192	342	574	193
320	576	256	344	575	251
320	576	320	346	576	310
320	576	384	349	577	370
320	576	448	352	577	429
320	576	512	356	579	487
320	576	576	361	580	550
320	576	640	365	581	610
320	576	704	370	582	670
320	576	768	376	585	729
320	576	832	382	586	788
320	576	896	388	587	848
320	576	960	395	589	908
320	576	1023	402	592	967
320	640	0	348	632	75
320	640	64	348	635	95
320	640	128	349	635	139
320	640	192	350	636	195
320	640	256	351	636	253
320	640	320	354	637	312
320	640	384	357	639	371
320	640	448	360	639	431
320	640	512	363	640	488
320	640	576	367	641	551
320	640	640	372	642	612
320	640	704	377	643	672
320	640	768	383	645	730
320	640	832	389	647	790
320	640	896	394	647	849
320	640	960	401	648	909
320	640	1023	408	651	968
320	704	0	356	693	82
320	704	64	356	697	101
320	704	128	357	697	143
320	704	192	358	698	198
320	704	256	359	698	255
320	704	320	361	699	314
320	704	384	364	701	373
320	704	448	367	701	433
320	704	512	371	702	490
320	704	576	376	704	553
320	704	640	380	704	613
320	704	704	384	705	673
320	704	768	390	706	731
320	704	832	396	708	791
320	704	896	402	709	851
320	704	960	408	710	911
320	704	1023	415	712	969
320	768	0	365	754	89
320	768	64	365	758	106
320	768	128	365	758	147
320	768	192	367	759	201
320	768	256	368	759	258
320	768	320	370	760	316
320	768	384	373	761	375
320	768	448	375	761	434
320	768	512	379	763	492
320	768	576	383	764	554
320	768	640	388	764	615
320	768	704	393	766	675
320	768	768	398	767	733
320	768	832	404	768	793
320	768	896	409	768	852
320	768	960	416	769	912
320	768	1023	422	772	971
320	832	0	373	813	96
320	832	64	373	817	112
320	832	128	374	818	152
320	832	192	375	818	204
320	832	256	376	819	260
320	832	320	379	820	318
320	832	384	381	820	376
320	832	448	384	821	436
320	832	512	387	822	493
320	832	576	392	824	555
320	832	640	395	823	616
320	832	704	400	824	675
320	832	768	405	825	733
320	832	832	411	827	793
320	832	896	417	827	853
320	832	960	423	828	913
320	832	1023	430	830	972
320	896	0	383	874	104
320	896	64	383	878	118
320	896	128	384	879	156
320	896	192	384	879	207
320	896	256	386	880	262
320	896	320	388	880	320
320	896	384	391	882	378
320	896	448	393	882	437
320	896	512	397	883	494
320	896	576	401	885	557
320	896	640	405	885	617
320	896	704	409	885	676
320	896	768	414	886	734
320	896	832	420	888	795
320	896	896	425	888	854
320	896	960	431	889	914
320	896	1023	438	891	973
320	960	0	392	934	111
320	960	64	392	939	125
320	960	128	393	939	161
320	960	192	394	939	211
320	960	256	395	940	265
320	960	320	397	941	322
320	960	384	400	942	380
320	960	448	402	943	439
320	960	512	405	943	495
320	960	576	410	944	558
320	960	640	414	945	618
320	960	704	418	945	678
320	960	768	423	947	736
320	960	832	429	948	796
320	960	896	433	947	854
320	960	960	439	948	914
320	960	1023	446	950	973
320	1023	0	402	993	118
320	1023	64	403	998	131
320	1023	128	403	998	165
320	1023	192	404	998	214
320	1023	256	405	999	268
320	1023	320	407	1000	324
320	1023	384	410	1001	382
320	1023	448	413	1001	441
320	1023	512	415	1001	497
320	1023	576	419	1003	559
320	1023	640	424	1004	620
320	1023	704	428	1004	679
320	1023	768	432	1005	737
320	1023	832	438	1006	798
320	1023	896	442	1004	856
320	1023	960	448	1005	916
320	1023	1023	455	1006	975
384	0	0	374	59	0
384	0	64	373	59	60
384	0	128	373	61	120
384	0	192	374	65	182
384	0	256	375	70	243
384	0	320	377	77	303
384	0	384	380	84	364
384	0	448	383	92	424
384	0	512	386	100	482
384	0	576	391	110	545
384	0	640	394	119	606
384	0	704	399	129	666
384	0	768	404	138	724
384	0	832	410	148	785
384	0	896	415	158	844
384	0	960	421	168	904
384	0	1023	427	179	962
384	64	0	374	84	0
384	64	64	373	84	61
384	64	128	373	86	120
384	64	192	374	88	182
384	64	256	376	92	243
384	64	320	378	97	304
384	64	384	381	103	364
384	64	448	383	109	424
384	64	512	386	116	482
384	64	576	391	124	545
384	64	640	394	132	606
384	64	704	399	141	666
384	64	768	404	150	724
384	64	832	410	159	784
384	64	896	415	168	844
384	64	960	421	178	904
384	64	1023	428	187	962
384	128	0	374	137	1
384	128	64	374	138	62
384	128	128	374	139	121
384	128	192	375	140	183
384	128	256	376	143	243
384	128	320	378	146	304
384	128	384	381	149	364
384	128	448	384	154	425
384	128	512	387	158	482
384	128	576	391	164	545
384	128	640	396	170	607
384	128	704	400	176	666
384	128	768	405	183	724
384	128	832	411	191	785
384	128	896	416	197	844
384	128	960	422	205	903
384	128	1023	429	214	962
384	192	0	376	198	18
384	192	64	375	199	64
384	192	128	375	200	122
384	192	192	377	201	183
384	192	256	378	203	244
384	192	320	380	205	304
384	192	384	383	207	364
384	192	448	385	210	424
384	192	512	388	213	482
384	192	576	393	217	545
384	192	640	396	221	606
384	192	704	401	226	667
384	192	768	406	232	725
384	192	832	411	237	784
384	192	896	417	242	844
384	192	960	423	248	904
384	192	1023	430	255	963
384	256	0	378	258	27
384	256	64	377	260	66
384	256	128	378	261	123
384	256	192	379	261	184
384	256	256	380	263	244
384	256	320	382	264	305
384	256	384	385	266	365
384	256	448	387	268	425
384	256	512	391	271	483
384	256	576	394	274	546
384	256	640	398	277	606
384	256	704	403	280	666
384	256	768	408	285	725
384	256	832	413	289	785
384	256	896	418	293	844
384	256	960	425	298	905
384	256	1023	431	303	963
384	320	0	380	321	36
384	320	64	380	323	70
384	320	128	380	323	125
384	320	192	381	324	185
384	320	256	382	325	245
384	320	320	384	326	305
384	320	384	387	328	365
384	320	448	389	330	425
384	320	512	392	331	483
384	320	576	397	334	546
384	320	640	401	337	607
384	320	704	405	339	667
384	320	768	410	343	725
384	320	832	416	346	786
384	320	896	421	349	844
384	320	960	427	353	904
384	320	1023	433	357	963
384	384	0	384	382	44
384	384	64	383	384	74
384	384	128	383	385	127
384	384	192	384	386	187
384	384	256	386	387	246
384	384	320	388	388	306
384	384	384	391	389	366
384	384	448	393	390	426
384	384	512	396	392	484
384	384	576	401	395	547
384	384	640	404	396	608
384	384	704	408	398	667
384	384	768	414	401	726
384	384	832	419	404	786
384	384	896	424	406	845
384	384	960	430	409	905
384	384	1023	437	413	964
384	448	0	388	443	52
384	448	64	387	446	78
384	448	128	388	447	130
384	448	192	388	447	188
384	448	256	390	448	247
384	448	320	392	449	307
384	448	384	394	450	367
384	448	448	397	451	427
384	448	512	400	453	485
384	448	576	404	455	548
384	448	640	408	456	608
384	448	704	412	458	668
384	448	768	417	460	726
384	448	832	423	463	787
384	448	896	428	465	846
384	448	960	434	468	906
384	448	1023	441	471	965
384	512	0	392	504	59
384	512	64	391	506	83
384	512	128	392	507	132
384	512	192	393	508	190
384	512	256	395	509	249
384	512	320	396	509	309
384	512	384	399	511	368
384	512	448	401	511	428
384	512	512	404	513	486
384	512	576	409	515	549
384	512	640	412	516	609
384	512	704	417	517	669
384	512	768	422	520	728
384	512	832	427	521	787
384	512	896	432	523	847
384	512	960	438	525	907
384	512	1023	445	528	966
384	576	0	398	571	67
384	576	64	398	574	89
384	576	128	398	574	136
384	576	192	399	575	193
384	576	256	400	575	251
384	576	320	402	576	310
384	576	384	405	578	370
384	576	448	408	578	429
384	576	512	410	579	487
384	576	576	414	581	549
384	576	640	418	582	611
384	576	704	422	583	670
384	576	768	427	585	728
384	576	832	433	587	789
384	576	896	437	587	847
384	576	960	442	589	907
384	576	1023	449	592	966
384	640	0	404	632	75
384	640	64	404	635	94
384	640	128	405	636	139
384	640	192	405	636	195
384	640	256	407	637	253
384	640	320	408	637	312
384	640	384	411	638	371
384	640	448	414	639	431
384	640	512	417	640	488
384	640	576	421	642	551
384	640	640	424	642	611
384	640	704	428	643	671
384	640	768	433	645	729
384	640	832	438	647	789
384	640	896	443	648	849
384	640	960	449	649	909
384	640	1023	455	652	968
384	704	0	411	694	82
384	704	64	411	698	100
384	704	128	412	698	143
384	704	192	412	698	198
384	704	256	414	699	255
384	704	320	416	700	314
384	704	384	418	701	373
384	704	448	420	701	432
384	704	512	423	702	490
384	704	576	428	704	552
384	704	640	431	704	613
384	704	704	435	706	673
384	704	768	440	707	731
384	704	832	445	708	791
384	704	896	450	709	850
384	704	960	455	710	910
384	704	1023	461	712	969
384	768	0	419	755	89
384	768	64	419	758	106
384	768	128	419	759	148
384	768	192	420	759	201
384	768	256	421	759	258
384	768	320	423	760	316
384	768	384	426	762	375
384	768	448	428	762	434
384	768	512	431	763	492
384	768	576	435	765	554
384	768	640	438	765	615
384	768	704	442	766	675
384	768	768	447	767	733
384	768	832	452	769	793
384	768	896	457	769	853
384	768	960	462	770	912
384	768	1023	468	772	971
384	832	0	426	814	97
384	832	64	426	818	112
384	832	128	426	818	152
384	832	192	427	818	204
384	832	256	428	819	260
384	832	320	430	820	318
384	832	384	433	821	376
384	832	448	435	822	436
384	832	512	438	822	493
384	832	576	442	824	555
384	832	640	445	824	616
384	832	704	449	825	676
384	832	768	453	826	734
384	832	832	459	828	794
384	832	896	463	827	853
384	832	960	468	828	912
384	832	1023	475	830	971
384	896	0	434	875	103
384	896	64	435	879	118
384	896	128	435	880	156
384	896	192	436	880	207
384	896	256	437	880	262
384	896	320	439	881	320
384	896	384	441	883	378
384	896	448	443	882	437
384	896	512	446	883	494
384	896	576	449	885	556
384	896	640	453	884	616
384	896	704	457	885	676
384	896	768	461	887	735
384	896	832	466	888	794
384	896	896	470	888	853
384	896	960	476	889	913
384	896	1023	482	891	972
384	960	0	442	935	111
384	960	64	442	939	125
384	960	128	443	940	160
384	960	192	443	940	210
384	960	256	445	941	265
384	960	320	447	942	322
384	960	384	449	942	380
384	960	448	451	942	438
384	960	512	454	944	496
384	960	576	458	945	558
384	960	640	460	945	618
384	960	704	464	945	677
384	960	768	469	946	735
384	960	832	474	948	796
384	960	896	478	948	855
384	960	960	484	949	915
384	960	1023	490	951	974
384	1023	0	451	994	118
384	1023	64	452	998	131
384	1023	128	452	999	165
384	1023	192	453	999	214
384	1023	256	454	1000	268
384	1023	320	456	1001	324
384	1023	384	458	1001	382
384	1023	448	460	1001	440
384	1023	512	463	1002	497
384	1023	576	466	1004	560
384	1023	640	469	1004	620
384	1023	704	473	1004	679
384	1023	768	477	1004	737
384	1023	832	482	1006	797
384	1023	896	486	1006	857
384	1023	960	492	1006	917
384	1023	1023	497	1007	976
448	0	0	433	68	0
448	0	64	433	68	60
448	0	128	433	70	120
448	0	192	434	73	182
448	0	256	435	78	243
448	0	320	436	84	303
448	0	384	439	91	364
448	0	448	441	98	424
448	0	512	444	105	482
448	0	576	448	115	545
448	0	640	451	124	606
448	0	704	454	133	666
448	0	768	459	142	724
448	0	832	464	152	784
448	0	896	468	162	844
448	0	960	474	171	904
448	0	1023	479	181	962
448	64	0	434	90	0
448	64	64	433	91	60
448	64	128	433	92	120
448	64	192	434	94	182
448	64	256	435	98	243
448	64	320	437	102	303
448	64	384	439	108	364
448	64	448	441	114	424
448	64	512	444	121	482
448	64	576	448	128	545
448	64	640	451	136	606
448	64	704	455	144	666
448	64	768	459	153	724
448	64	832	464	162	784
448	64	896	469	171	844
448	64	960	474	180	904
448	64	1023	479	190	962
448	128	0	434	140	0
448	128	64	434	142	61
448	128	128	433	142	120
448	128	192	435	144	183
448	128	256	436	146	243
448	128	320	437	149	304
448	128	384	440	153	364
448	128	448	442	157	424
448	128	512	445	161	482
448	128	576	448	167	545
448	128	640	452	173	606
448	128	704	455	179	666
448	128	768	460	186	724
448	128	832	465	193	785
448	128	896	469	200	843
448	128	960	474	208	903
448	128	1023	480	215	962
448	192	0	436	200	17
448	192	64	435	202	63
448	192	128	435	202	121
448	192	192	436	203	183
448	192	256	437	205	244
448	192	320	439	207	304
448	192	384	441	209	364
448	192	448	443	212	424
448	192	512	446	215	482
448	192	576	449	220	545
448	192	640	453	224	606
448	192	704	457	229	666
448	192	768	461	233	725
448	192	832	465	238	784
448	192	896	470	244	843
448	192	960	475	250	904
448	192	1023	481	257	962
448	256	0	437	260	26
448	256	64	436	262	66
448	256	128	436	262	123
448	256	192	438	263	184
448	256	256	439	264	244
448	256	320	440	266	305
448	256	384	443	268	365
448	256	448	444	270	425
448	256	512	448	272	483
448	256	576	451	275	546
448	256	640	454	278	606
448	256	704	458	282	666
448	256	768	463	286	725
448	256	832	467	290	785
448	256	896	472	295	844
448	256	960	477	299	904
448	256	1023	483	305	963
448	320	0	439	322	35
448	320	64	439	325	69
448	320	128	439	325	125
448	320	192	440	326	185
448	320	256	441	326	245
448	320	320	443	328	305
448	320	384	445	330	365
448	320	448	447	331	425
448	320	512	450	333	483
448	320	576	454	336	546
448	320	640	457	338	607
448	320	704	460	340	667
448	320	768	465	344	725
448	320	832	470	347	785
448	320	896	474	351	845
448	320	960	478	354	904
448	320	1023	485	358	963
448	384	0	442	383	43
448	384	64	441	385	73
448	384	128	442	386	127
448	384	192	443	387	187
448	384	256	444	388	246
448	384	320	445	389	306
448	384	384	448	390	366
448	384	448	450	391	426
448	384	512	453	393	484
448	384	576	456	396	547
448	384	640	459	397	607
448	384	704	463	399	667
448	384	768	467	402	726
448	384	832	472	405	785
448	384	896	476	407	845
448	384	960	481	410	905
448	384	1023	487	414	964
448	448	0	445	444	51
448	448	64	445	447	78
448	448	128	445	448	129
448	448	192	446	448	188
448	448	256	447	448	247
448	448	320	449	450	307
448	448	384	451	451	367
448	448	448	453	452	427
448	448	512	456	454	485
448	448	576	460	456	548
448	448	640	463	457	608
448	448	704	466	459	668
448	448	768	470	461	726
448	448	832	476	464	786
448	448	896	480	466	846
448	448	960	485	468	906
448	448	1023	491	472	965
448	512	0	450	505	59
448	512	64	450	508	83
448	512	128	449	508	132
448	512	192	450	509	190
448	512	256	452	509	249
448	512	320	453	510	309
448	512	384	456	512	368
448	512	448	457	512	428
448	512	512	460	514	486
448	512	576	464	515	548
448	512	640	467	516	609
448	512	704	470	518	669
448	512	768	475	520	728
448	512	832	479	522	787
448	512	896	484	523	847
448	512	960	488	525	906
448	512	1023	494	529	965
448	576	0	455	572	67
448	576	64	455	575	89
448	576	128	454	575	135
448	576	192	456	576	193
448	576	256	457	576	251
448	576	320	458	577	310
448	576	384	460	578	369
448	576	448	463	579	429
448	576	512	465	579	486
448	576	576	469	581	549
448	576	640	472	583	610
448	576	704	476	584	670
448	576	768	480	586	728
448	576	832	485	588	789
448	576	896	488	588	847
448	576	960	493	590	907
448	576	1023	499	592	966
448	640	0	460	632	74
448	640	64	460	636	94
448	640	128	461	637	139
448	640	192	461	636	195
448	640	256	462	637	253
448	640	320	464	638	312
448	640	384	466	639	371
448	640	448	468	640	431
448	640	512	471	641	488
448	640	576	475	643	551
448	640	640	477	643	611
448	640	704	481	644	671
448	640	768	485	645	729
448	640	832	490	648	790
448	640	896	494	648	849
448	640	960	499	650	909
448	640	1023	504	653	968
448	704	0	466	695	82
448	704	64	466	698	100
448	704	128	466	698	143
448	704	192	467	699	198
448	704	256	468	700	255
448	704	320	470	700	314
448	704	384	472	702	373
448	704	448	474	701	432
448	704	512	477	703	490
448	704	576	480	705	552
448	704	640	483	705	613
448	704	704	487	706	673
448	704	768	491	708	731
448	704	832	495	708	791
448	704	896	499	709	850
448	704	960	504	710	910
448	704	1023	509	713	969
448	768	0	473	755	89
448	768	64	473	759	106
448	768	128	473	759	147
448	768	192	474	759	201
448	768	256	475	760	257
448	768	320	476	760	316
448	768	384	479	762	375
448	768	448	481	762	434
448	768	512	483	763	492
448	768	576	487	765	554
448	768	640	490	765	615
448	768	704	493	766	674
448	768	768	497	767	732
448	768	832	502	769	793
448	768	896	506	769	852
448	768	960	511	771	912
448	768	1023	516	773	971
448	832	0	479	815	96
448	832	64	479	818	112
448	832	128	479	818	151
448	832	192	480	819	204
448	832	256	481	819	259
448	832	320	483	820	318
448	832	384	485	821	376
448	832	448	487	822	436
448	832	512	489	822	492
448	832	576	493	824	555
448	832	640	496	825	616
448	832	704	499	825	675
448	832	768	503	826	734
448	832	832	508	828	794
448	832	896	511	827	852
448	832	960	516	828	912
448	832	1023	521	830	971
448	896	0	487	876	103
448	896	64	487	880	118
448	896	128	487	880	156
448	896	192	488	881	207
448	896	256	488	881	262
448	896	320	490	881	319
448	896	384	492	883	378
448	896	448	494	882	437
448	896	512	496	883	494
448	896	576	500	885	556
448	896	640	502	885	616
448	896	704	507	886	677
448	896	768	510	887	735
448	896	832	514	888	794
448	896	896	518	888	853
448	896	960	523	889	913
448	896	1023	528	891	972
448	960	0	494	936	111
448	960	64	493	939	124
448	960	128	494	940	160
448	960	192	494	940	210
448	960	256	496	941	265
448	960	320	497	942	322
448	960	384	500	943	380
448	960	448	501	942	438
448	960	512	503	944	495
448	960	576	507	945	557
448	960	640	509	945	617
448	960	704	512	945	677
448	960	768	517	948	736
448	960	832	521	948	795
448	960	896	525	948	854
448	960	960	530	949	915
448	960	1023	535	951	974
448	1023	0	502	994	117
448	1023	64	502	999	130
448	1023	128	502	999	165
448	1023	192	502	999	214
448	1023	256	504	1000	267
448	1023	320	505	1001	324
448	1023	384	507	1001	381
448	1023	448	509	1001	440
448	1023	512	511	1002	497
448	1023	576	515	1004	559
448	1023	640	517	1003	619
448	1023	704	520	1003	679
448	1023	768	524	1004	737
448	1023	832	529	1006	797
448	1023	896	532	1006	856
448	1023	960	537	1005	916
448	1023	1023	542	1006	975
512	0	0	492	77	0
512	0	64	491	78	59
512	0	128	491	79	120
512	0	192	492	82	182
512	0	256	493	86	243
512	0	320	494	91	303
512	0	384	496	97	363
512	0	448	498	104	424
512	0	512	501	111	482
512	0	576	504	120	545
512	0	640	507	128	606
512	0	704	510	137	666
512	0	768	513	146	724
512	0	832	518	155	784
512	0	896	522	164	844
512	0	960	526	174	904
512	0	1023	532	184	963
512	64	0	492	97	0
512	64	64	491	97	60
512	64	128	492	99	120
512	64	192	492	101	182
512	64	256	493	104	243
512	64	320	494	108	303
512	64	384	496	113	363
512	64	448	498	119	424
512	64	512	501	125	482
512	64	576	504	133	545
512	64	640	507	141	605
512	64	704	510	149	665
512	64	768	513	157	724
512	64	832	518	165	784
512	64	896	522	174	844
512	64	960	527	183	904
512	64	1023	532	192	963
512	128	0	492	144	0
512	128	64	492	146	61
512	128	128	491	146	120
512	128	192	493	148	182
512	128	256	493	150	243
512	128	320	495	153	303
512	128	384	497	156	364
512	128	448	499	161	424
512	128	512	502	165	482
512	128	576	505	170	545
512	128	640	507	176	606
512	128	704	510	182	666
512	128	768	514	188	724
512	128	832	519	195	785
512	128	896	523	202	844
512	128	960	526	210	903
512	128	1023	532	219	962
512	192	0	494	203	15
512	192	64	493	204	63
512	192	128	493	205	121
512	192	192	494	206	183
512	192	256	495	208	243
512	192	320	496	209	304
512	192	384	498	212	364
512	192	448	499	215	424
512	192	512	502	218	482
512	192	576	505	222	545
512	192	640	508	226	606
512	192	704	512	231	666
512	192	768	515	236	725
512	192	832	519	241	784
512	192	896	523	246	844
512	192	960	528	252	903
512	192	1023	533	259	963
512	256	0	495	262	26
512	256	64	494	264	66
512	256	128	495	264	123
512	256	192	495	265	184
512	256	256	497	267	244
512	256	320	498	268	305
512	256	384	500	270	365
512	256	448	502	272	425
512	256	512	504	274	483
512	256	576	507	277	545
512	256	640	510	280	606
512	256	704	513	284	666
512	256	768	517	288	725
512	256	832	521	292	785
512	256	896	525	296	844
512	256	960	529	301	904
512	256	1023	535	306	963
512	320	0	497	324	34
512	320	64	496	326	69
512	320	128	497	327	125
512	320	192	497	327	185
512	320	256	498	328	245
512	320	320	500	329	305
512	320	384	501	331	365
512	320	448	503	332	425
512	320	512	506	334	483
512	320	576	509	337	546
512	320	640	512	339	607
512	320	704	515	342	667
512	320	768	518	345	725
512	320	832	523	349	785
512	320	896	527	352	845
512	320	960	532	356	905
512	320	1023	536	360	964
512	384	0	500	385	43
512	384	64	499	387	73
512	384	128	499	387	126
512	384	192	500	388	186
512	384	256	501	389	246
512	384	320	502	390	306
512	384	384	504	392	366
512	384	448	505	392	426
512	384	512	508	394	483
512	384	576	512	397	547
512	384	640	514	398	607
512	384	704	518	401	668
512	384	768	521	403	726
512	384	832	525	406	785
512	384	896	529	408	845
512	384	960	533	411	905
512	384	1023	538	415	964
512	448	0	502	445	51
512	448	64	502	448	78
512	448	128	502	449	129
512	448	192	503	449	188
512	448	256	503	449	247
512	448	320	505	450	307
512	448	384	507	452	367
512	448	448	509	453	427
512	448	512	512	455	485
512	448	576	515	457	547
512	448	640	517	458	608
512	448	704	520	460	668
512	448	768	524	462	726
512	448	832	528	465	786
512	448	896	532	467	846
512	448	960	536	469	906
512	448	1023	542	473	965
512	512	0	507	506	58
512	512	64	506	509	82
512	512	128	506	509	132
512	512	192	507	510	190
512	512	256	508	510	249
512	512	320	509	511	308
512	512	384	511	512	368
512	512	448	512	513	428
512	512	512	515	514	485
512	512	576	518	516	548
512	512	640	521	517	609
512	512	704	524	519	669
512	512	768	528	521	727
512	512	832	532	522	787
512	512	896	535	524	846
512	512	960	540	526	906
512	512	1023	545	529	965
512	576	0	511	572	66
512	576	64	511	576	89
512	576	128	511	576	135
512	576	192	511	576	192
512	576	256	512	577	250
512	576	320	513	578	310
512	576	384	516	579	369
512	576	448	517	580	429
512	576	512	520	581	487
512	576	576	523	583	550
512	576	640	526	583	610
512	576	704	528	585	670
512	576	768	532	586	728
512	576	832	537	588	788
512	576	896	540	589	848
512	576	960	545	592	908
512	576	1023	549	593	966
512	640	0	516	634	74
512	640	64	515	636	94
512	640	128	516	637	139
512	640	192	516	637	195
512	640	256	517	638	253
512	640	320	519	639	312
512	640	384	520	640	371
512	640	448	522	640	430
512	640	512	525	641	488
512	640	576	528	643	551
512	640	640	530	644	611
512	640	704	533	644	671
512	640	768	538	647	730
512	640	832	541	648	789
512	640	896	545	649	849
512	640	960	549	651	909
512	640	1023	554	653	968
512	704	0	522	696	82
512	704	64	521	699	99
512	704	128	521	699	143
512	704	192	522	700	198
512	704	256	523	700	255
512	704	320	524	701	313
512	704	384	526	702	373
512	704	448	528	703	432
512	704	512	530	703	489
512	704	576	533	705	552
512	704	640	535	705	612
512	704	704	539	707	673
512	704	768	542	708	731
512	704	832	546	709	790
512	704	896	550	710	850
512	704	960	554	711	910
512	704	1023	559	713	969
512	768	0	528	756	89
512	768	64	527	759	106
512	768	128	528	760	147
512	768	192	528	760	201
512	768	256	529	760	257
512	768	320	530	761	316
512	768	384	532	763	375
512	768	448	534	763	434
512	768	512	536	764	492
512	768	576	540	765	554
512	768	640	542	766	615
512	768	704	545	766	674
512	768	768	548	768	733
512	768	832	553	770	793
512	768	896	556	770	852
512	768	960	560	771	912
512	768	1023	565	773	971
512	832	0	533	815	96
512	832	64	533	819	112
512	832	128	532	819	151
512	832	192	533	820	204
512	832	256	534	820	259
512	832	320	536	821	317
512	832	384	538	822	376
512	832	448	539	823	435
512	832	512	542	824	493
512	832	576	545	825	555
512	832	640	547	825	616
512	832	704	550	826	675
512	832	768	554	827	733
512	832	832	558	829	794
512	832	896	561	829	853
512	832	960	565	829	912
512	832	1023	570	831	971
512	896	0	539	876	103
512	896	64	539	880	118
512	896	128	539	881	155
512	896	192	540	881	207
512	896	256	541	881	262
512	896	320	542	882	319
512	896	384	544	883	378
512	896	448	545	883	436
512	896	512	548	884	493
512	896	576	551	885	556
512	896	640	553	885	616
512	896	704	556	887	676
512	896	768	560	888	734
512	896	832	563	888	794
512	896	896	567	889	853
512	896	960	571	890	913
512	896	1023	576	892	972
512	960	0	546	937	110
512	960	64	545	940	124
512	960	128	545	940	160
512	960	192	547	942	211
512	960	256	547	942	265
512	960	320	549	943	322
512	960	384	551	944	380
512	960	448	551	943	438
512	960	512	554	944	495
512	960	576	557	946	557
512	960	640	559	946	617
512	960	704	562	946	677
512	960	768	566	948	736
512	960	832	570	949	795
512	960	896	573	949	855
512	960	960	577	950	915
512	960	1023	582	951	974
512	1023	0	553	996	118
512	1023	64	552	998	130
512	1023	128	552	999	165
512	1023	192	553	999	214
512	1023	256	554	1000	268
512	1023	320	556	1001	324
512	1023	384	558	1002	382
512	1023	448	559	1001	440
512	1023	512	561	1003	497
512	1023	576	564	1004	559
512	1023	640	566	1003	619
512	1023	704	569	1003	678
512	1023	768	573	1006	737
512	1023	832	576	1006	796
512	1023	896	580	1006	856
512	1023	960	583	1006	916
512	1023	1023	589	1006	975
576	0	0	558	87	0
576	0	64	557	87	58
576	0	128	558	88	120
576	0	192	557	91	182
576	0	256	559	94	243
576	0	320	560	99	303
576	0	384	562	105	363
576	0	448	563	111	424
576	0	512	565	118	482
576	0	576	568	125	545
576	0	640	570	134	605
576	0	704	573	142	665
576	0	768	576	151	724
576	0	832	580	160	784
576	0	896	584	169	844
576	0	960	587	178	904
576	0	1023	592	188	963
576	64	0	558	104	0
576	64	64	557	105	59
576	64	128	558	106	120
576	64	192	558	108	182
576	64	256	559	111	243
576	64	320	560	115	303
576	64	384	562	120	363
576	64	448	563	125	424
576	64	512	566	131	482
576	64	576	568	138	545
576	64	640	570	146	605
576	64	704	573	153	665
576	64	768	577	161	724
576	64	832	580	169	784
576	64	896	584	178	844
576	64	960	587	187	904
576	64	1023	592	196	962
576	128	0	558	149	0
576	128	64	558	150	60
576	128	128	558	151	120
576	128	192	558	153	182
576	128	256	559	155	243
576	128	320	560	157	303
576	128	384	562	161	363
576	128	448	564	165	424
576	128	512	566	169	482
576	128	576	569	174	545
576	128	640	571	180	606
576	128	704	573	186	665
576	128	768	577	192	723
576	128	832	581	199	784
576	128	896	584	206	844
576	128	960	588	213	904
576	128	1023	593	221	963
576	192	0	559	206	7
576	192	64	559	208	62
576	192	128	558	208	121
576	192	192	559	209	183
576	192	256	560	211	243
576	192	320	561	213	303
576	192	384	563	215	364
576	192	448	565	218	424
576	192	512	567	221	482
576	192	576	570	225	545
576	192	640	572	229	606
576	192	704	575	233	666
576	192	768	578	238	724
576	192	832	582	244	785
576	192	896	584	248	843
576	192	960	588	254	903
576	192	1023	593	261	962
576	256	0	561	264	22
576	256	64	560	266	65
576	256	128	560	267	122
576	256	192	561	267	184
576	256	256	562	268	244
576	256	320	563	270	304
576	256	384	564	272	364
576	256	448	566	274	425
576	256	512	568	276	482
576	256	576	571	280	545
576	256	640	573	282	606
576	256	704	576	286	667
576	256	768	579	290	725
576	256	832	582	294	784
576	256	896	586	298	844
576	256	960	590	303	904
576	256	1023	594	308	963
576	320	0	562	325	33
576	320	64	562	328	68
576	320	128	562	328	124
576	320	192	562	329	185
576	320	256	563	329	244
576	320	320	564	331	305
576	320	384	566	333	365
576	320	448	567	334	425
576	320	512	570	336	483
576	320	576	573	339	546
576	320	640	575	341	606
576	320	704	577	343	666
576	320	768	581	347	725
576	320	832	585	350	785
576	320	896	588	353	845
576	320	960	592	357	905
576	320	1023	596	362	963
576	384	0	565	386	41
576	384	64	564	389	72
576	384	128	564	389	126
576	384	192	565	390	186
576	384	256	565	390	246
576	384	320	567	391	306
576	384	384	569	393	366
576	384	448	570	394	426
576	384	512	572	396	483
576	384	576	575	398	546
576	384	640	578	400	608
576	384	704	580	402	667
576	384	768	583	405	726
576	384	832	587	408	786
576	384	896	589	409	844
576	384	960	593	412	904
576	384	1023	598	416	964
576	448	0	568	447	49
576	448	64	566	449	77
576	448	128	567	450	129
576	448	192	567	450	188
576	448	256	568	451	247
576	448	320	570	452	307
576	448	384	571	453	366
576	448	448	573	454	427
576	448	512	575	456	484
576	448	576	578	458	547
576	448	640	580	459	608
576	448	704	582	461	668
576	448	768	586	464	727
576	448	832	590	466	786
576	448	896	593	468	846
576	448	960	596	470	905
576	448	1023	601	473	965
576	512	0	571	507	57
576	512	64	570	510	82
576	512	128	570	510	131
576	512	192	571	511	190
576	512	256	572	511	249
576	512	320	573	512	308
576	512	384	574	513	368
576	512	448	576	514	428
576	512	512	578	515	485
576	512	576	581	517	548
576	512	640	583	518	609
576	512	704	586	520	669
576	512	768	589	522	727
576	512	832	593	524	788
576	512	896	595	525	846
576	512	960	599	527	906
576	512	1023	604	530	965
576	576	0	575	573	66
576	576	64	574	576	88
576	576	128	574	577	135
576	576	192	575	577	192
576	576	256	575	577	250
576	576	320	577	578	310
576	576	384	579	580	369
576	576	448	580	580	429
576	576	512	582	581	486
576	576	576	585	583	549
576	576	640	587	584	610
576	576	704	589	585	670
576	576	768	593	587	728
576	576	832	597	589	788
576	576	896	600	590	848
576	576	960	604	592	908
576	576	1023	608	595	967
576	640	0	580	634	73
576	640	64	579	638	93
576	640	128	579	638	138
576	640	192	580	639	195
576	640	256	580	639	252
576	640	320	582	640	311
576	640	384	584	641	371
576	640	448	584	641	430
576	640	512	586	642	487
576	640	576	590	644	550
576	640	640	591	644	611
576	640	704	594	645	671
576	640	768	598	648	730
576	640	832	601	649	789
576	640	896	604	650	849
576	640	960	608	651	909
576	640	1023	613	654	968
576	704	0	585	697	81
576	704	64	584	700	99
576	704	128	584	700	142
576	704	192	585	701	198
576	704	256	585	701	255
576	704	320	587	702	313
576	704	384	588	703	372
576	704	448	590	704	432
576	704	512	592	705	490
576	704	576	595	706	552
576	704	640	597	706	613
576	704	704	599	707	673
576	704	768	602	709	731
576	704	832	607	711	791
576	704	896	609	711	851
576	704	960	612	712	910
576	704	1023	617	714	969
576	768	0	590	756	88
576	768	64	589	760	105
576	768	128	589	761	147
576	768	192	590	761	201
576	768	256	591	762	257
576	768	320	592	762	316
576	768	384	594	763	374
576	768	448	595	763	434
576	768	512	597	765	491
576	768	576	600	766	554
576	768	640	602	766	614
576	768	704	604	767	674
576	768	768	607	768	732
576	768	832	612	770	793
576	768	896	614	770	852
576	768	960	618	772	912
576	768	1023	622	774	971
576	832	0	595	816	95
576	832	64	594	820	112
576	832	128	594	820	151
576	832	192	595	820	203
576	832	256	595	820	259
576	832	320	596	821	317
576	832	384	599	823	376
576	832	448	600	823	435
576	832	512	602	824	492
576	832	576	605	825	555
576	832	640	607	825	615
576	832	704	609	826	675
576	832	768	612	827	733
576	832	832	616	829	794
576	832	896	619	830	853
576	832	960	623	831	913
576	832	1023	627	832	972
576	896	0	600	877	102
576	896	64	600	881	117
576	896	128	600	881	155
576	896	192	600	881	206
576	896	256	601	882	262
576	896	320	602	882	319
576	896	384	604	883	377
576	896	448	606	884	437
576	896	512	607	884	493
576	896	576	610	885	555
576	896	640	612	886	616
576	896	704	615	887	676
576	896	768	618	888	734
576	896	832	622	890	794
576	896	896	623	889	853
576	896	960	627	890	913
576	896	1023	632	892	972
576	960	0	606	937	110
576	960	64	606	941	124
576	960	128	605	941	160
576	960	192	606	942	210
576	960	256	607	942	264
576	960	320	608	943	321
576	960	384	610	944	379
576	960	448	611	943	438
576	960	512	613	944	495
576	960	576	616	946	557
576	960	640	617	946	617
576	960	704	620	947	677
576	960	768	623	948	735
576	960	832	626	949	795
576	960	896	629	949	854
576	960	960	633	950	914
576	960	1023	637	952	973
576	1023	0	613	996	117
576	1023	64	612	1000	130
576	1023	128	612	1000	165
576	1023	192	613	1001	213
576	1023	256	613	1001	267
576	1023	320	614	1001	324
576	1023	384	616	1002	381
576	1023	448	617	1002	440
576	1023	512	619	1003	497
576	1023	576	622	1004	559
576	1023	640	623	1004	619
576	1023	704	627	1005	679
576	1023	768	630	1006	737
576	1023	832	633	1006	796
576	1023	896	635	1006	856
576	1023	960	639	1006	916
576	1023	1023	643	1007	975
640	0	0	617	96	0
640	0	64	616	96	58
640	0	128	616	97	119
640	0	192	616	99	182
640	0	256	617	103	242
640	0	320	618	107	303
640	0	384	620	112	363
640	0	448	621	118	424
640	0	512	623	124	481
640	0	576	626	132	544
640	0	640	627	140	605
640	0	704	629	148	665
640	0	768	633	156	724
640	0	832	636	164	784
640	0	896	639	173	844
640	0	960	643	183	904
640	0	1023	647	192	963
640	64	0	618	112	0
640	64	64	616	112	58
640	64	128	616	113	119
640	64	192	616	115	182
640	64	256	618	118	243
640	64	320	619	122	303
640	64	384	620	126	363
640	64	448	621	132	424
640	64	512	623	137	482
640	64	576	626	143	545
640	64	640	628	150	606
640	64	704	630	158	665
640	64	768	634	166	725
640	64	832	637	174	784
640	64	896	639	182	844
640	64	960	643	191	904
640	64	1023	647	200	963
640	128	0	617	154	0
640	128	64	617	156	59
640	128	128	617	156	120
640	128	192	617	157	182
640	128	256	618	160	243
640	128	320	618	162	303
640	128	384	620	165	363
640	128	448	622	169	424
640	128	512	624	173	482
640	128	576	626	179	545
640	128	640	628	184	605
640	128	704	630	190	665
640	128	768	633	196	724
640	128	832	637	203	784
640	128	896	640	209	844
640	128	960	643	217	904
640	128	1023	648	224	963
640	192	0	618	210	0
640	192	64	618	211	62
640	192	128	617	212	121
640	192	192	618	213	183
640	192	256	618	214	243
640	192	320	620	216	303
640	192	384	621	219	364
640	192	448	623	221	424
640	192	512	625	224	482
640	192	576	628	228	545
640	192	640	629	232	606
640	192	704	631	236	666
640	192	768	634	241	724
640	192	832	638	247	785
640	192	896	641	251	844
640	192	960	644	257	904
640	192	1023	648	264	963
640	256	0	620	267	19
640	256	64	619	269	64
640	256	128	618	269	122
640	256	192	619	270	184
640	256	256	620	271	244
640	256	320	621	273	304
640	256	384	623	275	364
640	256	448	624	277	425
640	256	512	626	279	482
640	256	576	628	282	545
640	256	640	631	285	607
640	256	704	633	289	667
640	256	768	636	293	725
640	256	832	640	297	785
640	256	896	641	300	844
640	256	960	645	305	904
640	256	1023	649	310	963
640	320	0	621	328	31
640	320	64	620	330	68
640	320	128	620	331	124
640	320	192	620	331	185
640	320	256	622	332	245
640	320	320	623	333	305
640	320	384	624	335	365
640	320	448	626	337	425
640	320	512	627	338	483
640	320	576	630	341	546
640	320	640	632	343	607
640	320	704	634	346	666
640	320	768	637	349	725
640	320	832	640	352	785
640	320	896	644	355	845
640	320	960	647	359	905
640	320	1023	651	363	964
640	384	0	623	388	41
640	384	64	623	391	72
640	384	128	623	391	126
640	384	192	623	392	186
640	384	256	623	392	246
640	384	320	625	393	306
640	384	384	626	395	366
640	384	448	628	396	426
640	384	512	630	398	484
640	384	576	633	400	547
640	384	640	634	402	608
640	384	704	636	404	667
640	384	768	639	406	725
640	384	832	643	409	786
640	384	896	645	412	845
640	384	960	648	414	905
640	384	1023	652	418	964
640	448	0	626	449	49
640	448	64	624	451	77
640	448	128	625	452	129
640	448	192	626	452	188
640	448	256	626	453	247
640	448	320	627	454	307
640	448	384	629	455	367
640	448	448	630	456	427
640	448	512	632	457	484
640	448	576	634	459	547
640	448	640	636	460	608
640	448	704	638	462	668
640	448	768	642	465	727
640	448	832	645	467	786
640	448	896	647	469	846
640	448	960	651	472	906
640	448	1023	655	475	965
640	512	0	629	508	57
640	512	64	628	512	82
640	512	128	628	512	131
640	512	192	628	512	190
640	512	256	629	513	248
640	512	320	630	513	308
640	512	384	632	515	368
640	512	448	633	515	428
640	512	512	635	517	486
640	512	576	638	519	549
640	512	640	640	520	609
640	512	704	642	521	669
640	512	768	645	523	727
640	512	832	648	526	788
640	512	896	651	527	847
640	512	960	654	529	907
640	512	1023	658	531	965
640	576	0	632	574	66
640	576	64	632	578	88
640	576	128	632	578	135
640	576	192	632	578	192
640	576	256	633	580	250
640	576	320	634	580	310
640	576	384	635	581	369
640	576	448	636	581	429
640	576	512	639	583	487
640	576	576	641	585	549
640	576	640	643	585	610
640	576	704	645	586	670
640	576	768	648	588	728
640	576	832	652	590	788
640	576	896	655	591	848
640	576	960	658	593	908
640	576	1023	662	596	967
640	640	0	637	636	72
640	640	64	636	639	93
640	640	128	636	639	138
640	640	192	636	640	195
640	640	256	637	640	252
640	640	320	638	641	311
640	640	384	640	642	371
640	640	448	641	642	430
640	640	512	643	644	488
640	640	576	645	645	550
640	640	640	647	645	611
640	640	704	650	647	671
640	640	768	653	649	730
640	640	832	656	650	789
640	640	896	658	651	849
640	640	960	662	652	909
640	640	1023	666	655	968
640	704	0	642	698	80
640	704	64	641	701	99
640	704	128	641	702	143
640	704	192	641	702	197
640	704	256	642	702	255
640	704	320	643	703	313
640	704	384	645	704	373
640	704	448	646	704	432
640	704	512	648	706	490
640	704	576	650	707	552
640	704	640	652	707	613
640	704	704	654	708	673
640	704	768	657	710	731
640	704	832	661	712	791
640	704	896	663	712	851
640	704	960	667	714	910
640	704	1023	671	716	970
640	768	0	647	758	88
640	768	64	646	761	105
640	768	128	646	762	147
640	768	192	647	763	201
640	768	256	647	763	257
640	768	320	648	763	316
640	768	384	650	765	375
640	768	448	651	765	434
640	768	512	653	765	491
640	768	576	655	767	554
640	768	640	657	767	614
640	768	704	659	768	674
640	768	768	663	770	733
640	768	832	665	771	793
640	768	896	668	771	852
640	768	960	671	773	912
640	768	1023	675	775	971
640	832	0	651	817	95
640	832	64	650	821	111
640	832	128	650	821	151
640	832	192	650	821	203
640	832	256	652	822	259
640	832	320	652	822	317
640	832	384	654	823	376
640	832	448	655	824	435
640	832	512	657	824	492
640	832	576	659	826	555
640	832	640	661	826	615
640	832	704	663	827	675
640	832	768	666	828	733
640	832	832	670	830	794
640	832	896	672	830	853
640	832	960	676	831	913
640	832	1023	679	833	972
640	896	0	656	878	102
640	896	64	655	882	117
640	896	128	656	883	155
640	896	192	656	882	206
640	896	256	656	883	262
640	896	320	657	883	319
640	896	384	659	884	377
640	896	448	660	885	437
640	896	512	662	886	494
640	896	576	665	888	556
640	896	640	667	888	617
640	896	704	668	888	676
640	896	768	671	889	734
640	896	832	675	891	795
640	896	896	677	891	854
640	896	960	681	892	914
640	896	1023	685	894	973
640	960	0	661	938	110
640	960	64	661	942	124
640	960	128	660	942	160
640	960	192	661	943	210
640	960	256	661	943	264
640	960	320	663	944	321
640	960	384	664	945	379
640	960	448	666	945	438
640	960	512	667	945	495
640	960	576	669	947	557
640	960	640	672	948	618
640	960	704	674	948	677
640	960	768	676	949	735
640	960	832	680	951	796
640	960	896	681	950	855
640	960	960	685	951	915
640	960	1023	689	952	974
640	1023	0	667	997	117
640	1023	64	666	1001	130
640	1023	128	666	1000	164
640	1023	192	667	1002	214
640	1023	256	668	1002	267
640	1023	320	669	1002	324
640	1023	384	670	1003	382
640	1023	448	672	1004	440
640	1023	512	673	1004	497
640	1023	576	675	1005	559
640	1023	640	676	1005	619
640	1023	704	679	1006	679
640	1023	768	682	1007	737
640	1023	832	685	1007	796
640	1023	896	687	1007	856
640	1023	960	690	1007	916
640	1023	1023	694	1007	975
704	0	0	678	105	0
704	0	64	677	105	56
704	0	128	676	106	118
704	0	192	677	108	181
704	0	256	678	111	242
704	0	320	678	115	302
704	0	384	680	120	363
704	0	448	681	125	423
704	0	512	683	131	481
704	0	576	686	138	544
704	0	640	687	145	605
704	0	704	690	153	666
704	0	768	692	161	724
704	0	832	694	169	783
704	0	896	697	178	843
704	0	960	700	187	903
704	0	1023	704	196	962
704	64	0	678	120	0
704	64	64	677	120	57
704	64	128	677	121	119
704	64	192	677	123	181
704	64	256	678	125	242
704	64	320	679	129	303
704	64	384	681	133	363
704	64	448	681	138	423
704	64	512	683	143	481
704	64	576	686	149	544
704	64	640	687	156	605
704	64	704	690	164	666
704	64	768	693	170	724
704	64	832	695	178	784
704	64	896	697	186	843
704	64	960	700	195	903
704	64	1023	704	204	962
704	128	0	679	160	0
704	128	64	677	161	58
704	128	128	677	161	119
704	128	192	678	163	182
704	128	256	678	164	242
704	128	320	679	167	303
704	128	384	681	171	363
704	128	448	682	174	423
704	128	512	683	178	481
704	128	576	686	183	544
704	128	640	687	188	605
704	128	704	689	194	665
704	128	768	693	200	724
704	128	832	695	206	784
704	128	896	697	213	843
704	128	960	701	221	903
704	128	1023	705	228	962
704	192	0	679	213	0
704	192	64	678	215	60
704	192	128	678	216	120
704	192	192	678	216	182
704	192	256	679	218	243
704	192	320	680	220	304
704	192	384	681	222	363
704	192	448	682	224	424
704	192	512	684	227	482
704	192	576	687	231	545
704	192	640	688	235	605
704	192	704	690	239	666
704	192	768	693	244	724
704	192	832	696	249	784
704	192	896	698	255	844
704	192	960	702	261	904
704	192	1023	706	267	963
704	256	0	680	269	14
704	256	64	679	272	63
704	256	128	679	272	121
704	256	192	679	273	183
704	256	256	680	274	243
704	256	320	681	275	303
704	256	384	682	277	364
704	256	448	684	279	424
704	256	512	686	281	482
704	256	576	688	285	545
704	256	640	690	287	606
704	256	704	691	291	666
704	256	768	694	295	724
704	256	832	698	299	785
704	256	896	700	303	844
704	256	960	703	307	905
704	256	1023	707	313	964
704	320	0	681	330	29
704	320	64	681	332	67
704	320	128	681	333	123
704	320	192	681	333	184
704	320	256	681	334	244
704	320	320	682	335	304
704	320	384	684	337	365
704	320	448	685	338	424
704	320	512	686	340	482
704	320	576	689	343	545
704	320	640	690	345	606
704	320	704	693	348	667
704	320	768	696	351	725
704	320	832	698	354	785
704	320	896	701	357	844
704	320	960	704	361	904
704	320	1023	708	365	964
704	384	0	683	389	38
704	384	64	682	392	71
704	384	128	683	393	125
704	384	192	683	393	186
704	384	256	684	394	245
704	384	320	684	395	305
704	384	384	686	396	365
704	384	448	687	397	425
704	384	512	689	399	483
704	384	576	692	402	546
704	384	640	693	403	607
704	384	704	695	405	667
704	384	768	697	407	725
704	384	832	700	411	785
704	384	896	703	413	845
704	384	960	706	416	905
704	384	1023	710	420	964
704	448	0	686	450	47
704	448	64	685	453	76
704	448	128	684	453	128
704	448	192	685	454	187
704	448	256	686	454	247
704	448	320	687	455	307
704	448	384	688	456	366
704	448	448	690	458	426
704	448	512	691	459	484
704	448	576	694	461	547
704	448	640	696	462	608
704	448	704	698	464	668
704	448	768	700	466	726
704	448	832	704	469	787
704	448	896	705	470	845
704	448	960	708	473	905
704	448	1023	712	476	965
704	512	0	689	509	55
704	512	64	688	512	81
704	512	128	688	513	130
704	512	192	688	513	189
704	512	256	689	514	248
704	512	320	689	514	308
704	512	384	691	516	367
704	512	448	692	517	427
704	512	512	694	518	485
704	512	576	697	520	548
704	512	640	698	521	609
704	512	704	700	522	668
704	512	768	703	524	727
704	512	832	706	526	787
704	512	896	708	528	847
704	512	960	711	530	907
704	512	1023	715	533	966
704	576	0	692	576	64
704	576	64	692	579	87
704	576	128	691	579	134
704	576	192	692	580	192
704	576	256	692	580	250
704	576	320	693	581	309
704	576	384	695	582	369
704	576	448	696	582	428
704	576	512	697	583	486
704	576	576	700	585	549
704	576	640	701	586	609
704	576	704	704	588	670
704	576	768	706	590	728
704	576	832	709	591	788
704	576	896	711	592	847
704	576	960	714	594	907
704	576	1023	717	596	966
704	640	0	696	636	71
704	640	64	695	639	92
704	640	128	695	640	138
704	640	192	695	640	194
704	640	256	696	641	252
704	640	320	697	642	311
704	640	384	698	642	370
704	640	448	700	643	430
704	640	512	702	644	488
704	640	576	704	646	551
704	640	640	705	646	611
704	640	704	707	647	671
704	640	768	710	649	729
704	640	832	713	651	789
704	640	896	715	652	849
704	640	960	718	654	909
704	640	1023	722	656	968
704	704	0	700	697	80
704	704	64	699	701	98
704	704	128	699	702	142
704	704	192	699	702	197
704	704	256	701	703	254
704	704	320	702	704	313
704	704	384	702	704	372
704	704	448	704	704	431
704	704	512	705	706	489
704	704	576	708	707	552
704	704	640	709	707	612
704	704	704	711	708	672
704	704	768	714	710	730
704	704	832	717	712	790
704	704	896	719	712	850
704	704	960	722	714	910
704	704	1023	726	716	969
704	768	0	705	758	87
704	768	64	705	762	104
704	768	128	704	762	146
704	768	192	704	762	200
704	768	256	705	763	257
704	768	320	706	764	315
704	768	384	708	765	374
704	768	448	709	765	434
704	768	512	710	766	491
704	768	576	712	767	553
704	768	640	715	768	614
704	768	704	716	769	674
704	768	768	719	770	732
704	768	832	722	772	793
704	768	896	723	771	851
704	768	960	727	772	912
704	768	1023	730	775	971
704	832	0	709	818	94
704	832	64	708	821	110
704	832	128	708	821	150
704	832	192	709	822	203
704	832	256	709	822	259
704	832	320	710	823	317
704	832	384	712	824	376
704	832	448	712	824	434
704	832	512	714	825	492
704	832	576	717	826	554
704	832	640	718	826	614
704	832	704	719	827	674
704	832	768	723	829	733
704	832	832	726	830	793
704	832	896	728	830	852
704	832	960	731	831	912
704	832	1023	734	833	972
704	896	0	713	878	102
704	896	64	713	882	117
704	896	128	713	883	155
704	896	192	713	883	206
704	896	256	714	884	261
704	896	320	715	884	319
704	896	384	716	885	377
704	896	448	717	885	436
704	896	512	719	886	493
704	896	576	721	888	555
704	896	640	723	887	616
704	896	704	724	888	675
704	896	768	727	889	733
704	896	832	730	891	794
704	896	896	732	891	853
704	896	960	735	892	913
704	896	1023	739	894	973
704	960	0	718	938	109
704	960	64	717	942	123
704	960	128	718	943	159
704	960	192	718	943	209
704	960	256	718	943	264
704	960	320	719	943	321
704	960	384	720	945	379
704	960	448	722	945	438
704	960	512	724	946	495
704	960	576	726	948	557
704	960	640	727	948	617
704	960	704	729	948	677
704	960	768	731	949	735
704	960	832	735	951	795
704	960	896	737	951	855
704	960	960	740	952	915
704	960	1023	743	954	974
704	1023	0	723	997	117
704	1023	64	723	1001	129
704	1023	128	723	1002	164
704	1023	192	723	1001	213
704	1023	256	724	1002	267
704	1023	320	724	1002	323
704	1023	384	726	1003	381
704	1023	448	727	1004	439
704	1023	512	729	1005	497
704	1023	576	732	1006	559
704	1023	640	733	1006	619
704	1023	704	735	1006	678
704	1023	768	737	1007	737
704	1023	832	740	1008	797
704	1023	896	743	1008	856
704	1023	960	745	1008	916
704	1023	1023	749	1008	976
768	0	0	738	114	0
768	0	64	737	114	56
768	0	128	737	115	118
768	0	192	737	117	181
768	0	256	737	120	242
768	0	320	738	123	302
768	0	384	740	127	363
768	0	448	740	132	423
768	0	512	743	138	481
768	0	576	745	145	544
768	0	640	746	152	605
768	0	704	748	159	665
768	0	768	750	166	724
768	0	832	754	174	784
768	0	896	756	183	844
768	0	960	758	191	904
768	0	1023	761	200	962
768	64	0	738	127	0
768	64	64	737	128	56
768	64	128	737	129	118
768	64	192	737	130	181
768	64	256	738	132	242
768	64	320	738	136	302
768	64	384	740	140	363
768	64	448	741	145	423
768	64	512	743	149	481
768	64	576	745	155	544
768	64	640	746	162	605
768	64	704	748	169	665
768	64	768	750	176	723
768	64	832	754	183	784
768	64	896	756	191	844
768	64	960	758	199	904
768	64	1023	761	208	962
768	128	0	738	165	0
768	128	64	737	166	57
768	128	128	737	167	119
768	128	192	738	168	181
768	128	256	738	170	242
768	128	320	739	172	303
768	128	384	740	175	363
768	128	448	741	179	423
768	128	512	742	182	481
768	128	576	745	188	544
768	128	640	747	192	606
768	128	704	748	198	665
768	128	768	751	204	724
768	128	832	754	211	784
768	128	896	755	217	843
768	128	960	758	224	903
768	128	1023	761	231	962
768	192	0	739	217	0
768	192	64	738	219	59
768	192	128	738	219	120
768	192	192	738	220	182
768	192	256	739	222	242
768	192	320	740	223	303
768	192	384	741	226	363
768	192	448	742	228	423
768	192	512	743	231	481
768	192	576	745	235	544
768	192	640	746	239	605
768	192	704	749	243	666
768	192	768	752	248	724
768	192	832	754	253	784
768	192	896	756	258	843
768	192	960	759	263	903
768	192	1023	762	270	963
768	256	0	740	273	9
768	256	64	739	274	62
768	256	128	739	275	121
768	256	192	739	276	183
768	256	256	740	277	243
768	256	320	741	278	304
768	256	384	743	280	364
768	256	448	743	282	424
768	256	512	744	284	482
768	256	576	747	287	545
768	256	640	748	290	605
768	256	704	750	293	665
768	256	768	753	297	725
768	256	832	755	301	784
768	256	896	757	305	844
768	256	960	760	310	904
768	256	1023	764	315	963
768	320	0	741	332	26
768	320	64	740	334	66
768	320	128	740	335	123
768	320	192	741	336	184
768	320	256	741	336	244
768	320	320	742	337	304
768	320	384	743	339	364
768	320	448	744	341	424
768	320	512	746	343	482
768	320	576	749	345	546
768	320	640	749	347	606
768	320	704	751	350	666
768	320	768	754	353	724
768	320	832	757	356	785
768	320	896	759	359	844
768	320	960	761	363	904
768	320	1023	764	367	963
768	384	0	743	391	36
768	384	64	742	394	70
768	384	128	742	394	125
768	384	192	742	395	185
768	384	256	743	395	245
768	384	320	744	397	305
768	384	384	745	398	365
768	384	448	746	399	425
768	384	512	747	401	483
768	384	576	750	403	546
768	384	640	751	404	606
768	384	704	752	406	666
768	384	768	756	410	725
768	384	832	758	412	785
768	384	896	760	415	845
768	384	960	763	418	905
768	384	1023	766	421	964
768	448	0	745	451	47
768	448	64	744	454	75
768	448	128	744	455	128
768	448	192	744	455	187
768	448	256	745	455	246
768	448	320	746	456	306
768	448	384	747	458	366
768	448	448	748	459	426
768	448	512	750	460	484
768	448	576	752	462	547
768	448	640	754	463	608
768	448	704	755	465	667
768	448	768	757	467	725
768	448	832	761	470	786
768	448	896	763	472	846
768	448	960	765	474	906
768	448	1023	769	478	965
768	512	0	748	510	54
768	512	64	747	514	80
768	512	128	747	514	130
768	512	192	747	515	189
768	512	256	748	515	248
768	512	320	748	516	307
768	512	384	750	517	367
768	512	448	750	517	427
768	512	512	752	518	484
768	512	576	755	521	547
768	512	640	756	521	608
768	512	704	757	522	668
768	512	768	761	526	727
768	512	832	763	527	786
768	512	896	765	529	846
768	512	960	767	531	906
768	512	1023	771	534	965
768	576	0	751	576	64
768	576	64	750	580	86
768	576	128	749	580	134
768	576	192	750	581	191
768	576	256	751	581	250
768	576	320	751	582	309
768	576	384	753	583	368
768	576	448	754	584	428
768	576	512	755	584	486
768	576	576	758	587	549
768	576	640	759	587	609
768	576	704	761	588	669
768	576	768	763	590	728
768	576	832	767	592	788
768	576	896	767	592	847
768	576	960	770	594	907
768	576	1023	774	597	966
768	640	0	754	637	71
768	640	64	753	640	92
768	640	128	753	641	137
768	640	192	753	641	194
768	640	256	755	642	252
768	640	320	756	643	311
768	640	384	756	643	370
768	640	448	757	644	429
768	640	512	759	645	487
768	640	576	762	647	550
768	640	640	762	647	610
768	640	704	764	648	670
768	640	768	767	649	728
768	640	832	770	652	789
768	640	896	772	652	848
768	640	960	774	654	908
768	640	1023	778	657	968
768	704	0	759	699	79
768	704	64	758	703	98
768	704	128	758	703	141
768	704	192	758	703	197
768	704	256	758	703	254
768	704	320	759	704	313
768	704	384	761	705	372
768	704	448	761	705	431
768	704	512	763	706	488
768	704	576	765	708	551
768	704	640	766	708	611
768	704	704	769	710	672
768	704	768	771	711	730
768	704	832	773	712	790
768	704	896	775	713	849
768	704	960	778	714	910
768	704	1023	781	716	969
768	768	0	763	759	86
768	768	64	762	762	104
768	768	128	762	763	146
768	768	192	763	763	200
768	768	256	763	763	256
768	768	320	764	764	315
768	768	384	765	765	374
768	768	448	766	766	433
768	768	512	768	767	491
768	768	576	770	768	554
768	768	640	771	768	614
768	768	704	773	769	674
768	768	768	775	770	732
768	768	832	778	772	792
768	768	896	780	773	852
768	768	960	783	774	912
768	768	1023	787	776	971
768	832	0	767	818	94
768	832	64	766	822	110
768	832	128	766	822	149
768	832	192	766	823	202
768	832	256	766	823	259
768	832	320	767	823	316
768	832	384	769	824	375
768	832	448	770	825	435
768	832	512	771	825	491
768	832	576	773	826	554
768	832	640	775	828	615
768	832	704	777	828	675
768	832	768	779	829	732
768	832	832	782	831	793
768	832	896	783	830	852
768	832	960	786	831	912
768	832	1023	789	833	971
768	896	0	771	879	101
768	896	64	771	883	116
768	896	128	770	883	154
768	896	192	771	884	206
768	896	256	771	884	261
768	896	320	772	885	319
768	896	384	773	886	377
768	896	448	773	885	435
768	896	512	775	886	493
768	896	576	778	888	555
768	896	640	778	887	615
768	896	704	781	889	676
768	896	768	784	890	734
768	896	832	785	891	793
768	896	896	787	891	853
768	896	960	790	892	913
768	896	1023	794	894	972
768	960	0	776	939	109
768	960	64	774	942	122
768	960	128	774	943	159
768	960	192	775	943	209
768	960	256	776	944	264
768	960	320	777	945	321
768	960	384	778	946	379
768	960	448	778	945	437
768	960	512	780	947	494
768	960	576	782	948	557
768	960	640	783	948	617
768	960	704	785	948	676
768	960	768	788	951	736
768	960	832	790	951	795
768	960	896	792	951	854
768	960	960	795	952	915
768	960	1023	798	954	974
768	1023	0	781	998	116
768	1023	64	780	1001	129
768	1023	128	780	1002	164
768	1023	192	779	1002	212
768	1023	256	781	1003	267
768	1023	320	782	1004	323
768	1023	384	782	1004	380
768	1023	448	783	1004	439
768	1023	512	785	1005	496
768	1023	576	788	1006	558
768	1023	640	788	1006	618
768	1023	704	790	1006	678
768	1023	768	792	1007	736
768	1023	832	795	1008	796
768	1023	896	797	1008	856
768	1023	960	800	1009	916
768	1023	1023	803	1008	975
832	0	0	797	123	0
832	0	64	796	123	54
832	0	128	796	124	117
832	0	192	796	126	180
832	0	256	797	128	242
832	0	320	798	131	302
832	0	384	799	136	362
832	0	448	799	140	423
832	0	512	801	145	481
832	0	576	803	151	544
832	0	640	804	158	605
832	0	704	806	165	665
832	0	768	808	172	723
832	0	832	811	180	784
832	0	896	813	188	843
832	0	960	816	196	904
832	0	1023	818	205	963
832	64	0	797	135	0
832	64	64	796	136	54
832	64	128	796	136	117
832	64	192	796	138	181
832	64	256	797	140	242
832	64	320	798	143	302
832	64	384	799	147	362
832	64	448	799	151	423
832	64	512	801	155	481
832	64	576	803	162	544
832	64	640	804	168	605
832	64	704	806	174	665
832	64	768	808	181	723
832	64	832	811	188	784
832	64	896	813	196	843
832	64	960	816	204	904
832	64	1023	819	212	963
832	128	0	798	171	0
832	128	64	797	172	55
832	128	128	796	173	118
832	128	192	796	174	181
832	128	256	797	175	241
832	128	320	798	178	302
832	128	384	799	181	363
832	128	448	800	184	423
832	128	512	801	188	481
832	128	576	804	193	544
832	128	640	805	198	605
832	128	704	806	203	665
832	128	768	809	209	723
832	128	832	812	215	784
832	128	896	813	221	844
832	128	960	816	228	904
832	128	1023	819	236	963
832	192	0	798	221	0
832	192	64	797	223	58
832	192	128	798	224	119
832	192	192	798	224	182
832	192	256	798	226	242
832	192	320	798	227	303
832	192	384	800	230	363
832	192	448	801	232	423
832	192	512	802	235	481
832	192	576	805	239	545
832	192	640	805	243	605
832	192	704	807	247	666
832	192	768	809	251	724
832	192	832	813	257	784
832	192	896	814	261	844
832	192	960	817	267	904
832	192	1023	819	272	963
832	256	0	799	276	0
832	256	64	798	278	60
832	256	128	798	278	120
832	256	192	798	279	182
832	256	256	799	280	243
832	256	320	800	281	303
832	256	384	801	283	364
832	256	448	802	285	424
832	256	512	803	287	482
832	256	576	805	290	544
832	256	640	807	293	606
832	256	704	808	296	666
832	256	768	811	300	725
832	256	832	814	305	785
832	256	896	814	308	844
832	256	960	817	313	904
832	256	1023	820	318	963
832	320	0	800	335	22
832	320	64	799	337	64
832	320	128	799	337	122
832	320	192	799	338	183
832	320	256	801	339	244
832	320	320	801	340	304
832	320	384	802	342	364
832	320	448	803	343	424
832	320	512	804	345	482
832	320	576	806	347	545
832	320	640	807	350	606
832	320	704	809	352	666
832	320	768	811	355	724
832	320	832	814	359	785
832	320	896	816	361	844
832	320	960	819	365	905
832	320	1023	822	370	963
832	384	0	802	393	34
832	384	64	801	396	69
832	384	128	800	396	124
832	384	192	801	397	185
832	384	256	802	398	245
832	384	320	803	399	305
832	384	384	804	400	365
832	384	448	804	402	425
832	384	512	805	403	482
832	384	576	808	405	546
832	384	640	809	407	607
832	384	704	811	409	667
832	384	768	813	411	725
832	384	832	816	414	786
832	384	896	817	416	844
832	384	960	819	419	904
832	384	1023	823	423	964
832	448	0	804	453	45
832	448	64	803	456	73
832	448	128	803	456	127
832	448	192	804	457	187
832	448	256	804	458	246
832	448	320	805	459	306
832	448	384	806	460	366
832	448	448	806	460	426
832	448	512	808	462	483
832	448	576	810	464	546
832	448	640	811	465	607
832	448	704	812	467	667
832	448	768	816	469	726
832	448	832	818	471	786
832	448	896	820	473	845
832	448	960	822	476	906
832	448	1023	825	479	965
832	512	0	806	512	53
832	512	64	806	515	79
832	512	128	805	515	129
832	512	192	805	516	188
832	512	256	806	517	248
832	512	320	807	517	307
832	512	384	808	519	367
832	512	448	809	519	427
832	512	512	811	521	485
832	512	576	813	523	548
832	512	640	814	524	609
832	512	704	816	525	669
832	512	768	818	527	727
832	512	832	821	530	787
832	512	896	822	531	847
832	512	960	824	532	906
832	512	1023	827	535	965
832	576	0	809	578	62
832	576	64	808	581	85
832	576	128	808	582	133
832	576	192	808	582	191
832	576	256	809	583	249
832	576	320	810	583	309
832	576	384	811	584	368
832	576	448	812	585	428
832	576	512	813	586	486
832	576	576	816	588	549
832	576	640	816	588	609
832	576	704	818	589	669
832	576	768	821	591	727
832	576	832	823	593	788
832	576	896	825	594	847
832	576	960	827	596	907
832	576	1023	831	599	967
832	640	0	813	638	70
832	640	64	812	642	91
832	640	128	812	642	137
832	640	192	812	643	193
832	640	256	813	643	251
832	640	320	813	644	310
832	640	384	815	645	370
832	640	448	815	645	429
832	640	512	817	646	487
832	640	576	819	648	549
832	640	640	819	648	610
832	640	704	822	650	671
832	640	768	825	651	729
832	640	832	826	652	789
832	640	896	828	653	848
832	640	960	830	655	908
832	640	1023	833	657	967
832	704	0	817	700	78
832	704	64	816	703	97
832	704	128	816	704	141
832	704	192	816	704	196
832	704	256	816	705	253
832	704	320	817	705	312
832	704	384	818	706	371
832	704	448	819	707	431
832	704	512	821	708	489
832	704	576	823	710	552
832	704	640	824	710	612
832	704	704	826	711	672
832	704	768	828	712	730
832	704	832	831	714	791
832	704	896	833	714	850
832	704	960	835	716	910
832	704	1023	838	718	970
832	768	0	822	760	85
832	768	64	820	764	103
832	768	128	820	764	145
832	768	192	821	765	200
832	768	256	821	765	256
832	768	320	822	766	315
832	768	384	824	767	374
832	768	448	823	766	433
832	768	512	825	768	491
832	768	576	827	769	553
832	768	640	828	769	613
832	768	704	829	770	673
832	768	768	833	772	732
832	768	832	834	773	792
832	768	896	836	773	852
832	768	960	839	774	912
832	768	1023	842	776	971
832	832	0	824	819	93
832	832	64	823	822	110
832	832	128	823	823	149
832	832	192	823	823	202
832	832	256	824	824	258
832	832	320	824	824	316
832	832	384	826	825	375
832	832	448	827	826	434
832	832	512	828	827	492
832	832	576	831	828	554
832	832	640	831	828	615
832	832	704	833	829	674
832	832	768	835	830	732
832	832	832	838	832	793
832	832	896	840	832	852
832	832	960	842	833	913
832	832	1023	845	835	972
832	896	0	828	880	100
832	896	64	827	884	116
832	896	128	828	885	154
832	896	192	827	884	205
832	896	256	828	884	260
832	896	320	828	885	318
832	896	384	830	886	377
832	896	448	831	887	436
832	896	512	832	888	493
832	896	576	835	889	555
832	896	640	836	889	616
832	896	704	837	889	675
832	896	768	839	891	733
832	896	832	842	892	794
832	896	896	844	893	854
832	896	960	846	894	914
832	896	1023	848	894	972
832	960	0	833	940	108
832	960	64	832	944	122
832	960	128	831	944	158
832	960	192	832	945	209
832	960	256	832	945	263
832	960	320	833	945	320
832	960	384	834	947	378
832	960	448	835	947	438
832	960	512	836	947	494
832	960	576	838	948	556
832	960	640	840	949	617
832	960	704	841	950	677
832	960	768	844	951	735
832	960	832	845	951	794
832	960	896	847	951	854
832	960	960	849	952	914
832	960	1023	852	954	973
832	1023	0	838	999	115
832	1023	64	837	1003	128
832	1023	128	836	1003	163
832	1023	192	837	1003	213
832	1023	256	837	1004	266
832	1023	320	838	1004	323
832	1023	384	839	1005	381
832	1023	448	839	1004	439
832	1023	512	841	1005	496
832	1023	576	843	1006	558
832	1023	640	844	1006	618
832	1023	704	846	1008	678
832	1023	768	848	1008	736
832	1023	832	850	1009	796
832	1023	896	852	1008	856
832	1023	960	854	1009	916
832	1023	1023	858	1009	975
896	0	0	855	132	0
896	0	64	853	131	53
896	0	128	853	132	117
896	0	192	853	134	180
896	0	256	854	136	241
896	0	320	854	139	302
896	0	384	856	143	363
896	0	448	857	147	423
896	0	512	857	152	481
896	0	576	860	158	544
896	0	640	862	165	605
896	0	704	863	171	665
896	0	768	865	178	724
896	0	832	866	185	784
896	0	896	868	193	843
896	0	960	871	201	904
896	0	1023	874	209	963
896	64	0	855	143	0
896	64	64	854	143	53
896	64	128	853	144	117
896	64	192	854	145	181
896	64	256	854	147	241
896	64	320	855	150	302
896	64	384	856	154	363
896	64	448	857	158	423
896	64	512	858	162	481
896	64	576	860	168	544
896	64	640	861	174	605
896	64	704	863	180	665
896	64	768	865	187	724
896	64	832	867	193	783
896	64	896	868	201	843
896	64	960	871	208	903
896	64	1023	874	217	963
896	128	0	855	177	0
896	128	64	854	178	55
896	128	128	854	179	118
896	128	192	854	180	181
896	128	256	854	181	242
896	128	320	855	184	302
896	128	384	857	186	363
896	128	448	857	189	423
896	128	512	858	193	481
896	128	576	860	198	544
896	128	640	861	202	605
896	128	704	863	208	666
896	128	768	866	213	724
896	128	832	867	219	784
896	128	896	869	225	843
896	128	960	871	233	904
896	128	1023	874	240	963
896	192	0	856	226	0
896	192	64	854	227	57
896	192	128	854	228	118
896	192	192	855	229	182
896	192	256	855	230	242
896	192	320	856	232	303
896	192	384	857	234	363
896	192	448	857	236	423
896	192	512	859	239	481
896	192	576	861	243	544
896	192	640	862	246	605
896	192	704	863	250	665
896	192	768	866	255	725
896	192	832	868	260	784
896	192	896	869	265	844
896	192	960	872	270	904
896	192	1023	875	277	963
896	256	0	856	279	0
896	256	64	855	281	60
896	256	128	855	282	120
896	256	192	855	282	182
896	256	256	856	283	243
896	256	320	856	285	303
896	256	384	858	287	363
896	256	448	858	288	424
896	256	512	860	290	482
896	256	576	862	294	545
896	256	640	863	296	606
896	256	704	864	299	666
896	256	768	866	303	724
896	256	832	869	307	785
896	256	896	871	311	844
896	256	960	873	316	904
896	256	1023	876	321	964
896	320	0	858	337	18
896	320	64	857	340	64
896	320	128	856	340	122
896	320	192	856	341	183
896	320	256	857	342	243
896	320	320	858	343	304
896	320	384	859	344	364
896	320	448	860	346	425
896	320	512	860	347	482
896	320	576	862	350	545
896	320	640	863	352	606
896	320	704	866	355	666
896	320	768	868	358	725
896	320	832	870	361	785
896	320	896	871	364	844
896	320	960	873	367	904
896	320	1023	877	372	964
896	384	0	859	395	33
896	384	64	858	398	68
896	384	128	858	399	124
896	384	192	858	399	185
896	384	256	859	400	245
896	384	320	860	402	305
896	384	384	860	402	365
896	384	448	861	403	425
896	384	512	863	405	483
896	384	576	865	407	546
896	384	640	865	409	606
896	384	704	867	411	666
896	384	768	868	413	725
896	384	832	871	416	785
896	384	896	873	419	845
896	384	960	875	422	905
896	384	1023	878	426	964
896	448	0	861	455	43
896	448	64	860	458	73
896	448	128	859	458	126
896	448	192	860	459	186
896	448	256	861	460	246
896	448	320	861	460	306
896	448	384	862	462	366
896	448	448	863	463	426
896	448	512	864	463	483
896	448	576	867	466	547
896	448	640	868	467	608
896	448	704	869	469	668
896	448	768	871	471	726
896	448	832	874	474	786
896	448	896	876	476	846
896	448	960	877	477	905
896	448	1023	880	481	965
896	512	0	864	514	52
896	512	64	862	517	79
896	512	128	862	517	129
896	512	192	862	518	188
896	512	256	863	519	248
896	512	320	864	519	307
896	512	384	864	520	367
896	512	448	865	521	427
896	512	512	867	522	485
896	512	576	869	524	547
896	512	640	869	525	608
896	512	704	871	526	668
896	512	768	874	529	727
896	512	832	876	531	787
896	512	896	877	532	847
896	512	960	880	534	907
896	512	1023	883	537	966
896	576	0	866	579	61
896	576	64	865	583	85
896	576	128	865	583	133
896	576	192	865	584	191
896	576	256	865	584	249
896	576	320	866	585	309
896	576	384	868	586	368
896	576	448	868	586	428
896	576	512	869	587	485
896	576	576	871	589	548
896	576	640	872	589	609
896	576	704	874	591	670
896	576	768	876	593	728
896	576	832	878	594	788
896	576	896	880	595	847
896	576	960	882	597	907
896	576	1023	885	600	967
896	640	0	869	640	69
896	640	64	868	643	90
896	640	128	868	644	136
896	640	192	868	644	193
896	640	256	869	644	251
896	640	320	870	645	310
896	640	384	871	646	370
896	640	448	872	647	429
896	640	512	873	648	487
896	640	576	875	649	550
896	640	640	876	650	611
896	640	704	877	651	671
896	640	768	879	653	729
896	640	832	882	655	789
896	640	896	884	656	849
896	640	960	886	657	909
896	640	1023	889	659	969
896	704	0	874	702	78
896	704	64	872	705	97
896	704	128	872	705	140
896	704	192	873	706	196
896	704	256	873	706	254
896	704	320	874	707	313
896	704	384	875	708	372
896	704	448	875	708	431
896	704	512	877	709	489
896	704	576	879	710	551
896	704	640	879	711	612
896	704	704	881	711	672
896	704	768	884	714	731
896	704	832	885	715	790
896	704	896	887	715	850
896	704	960	889	717	910
896	704	1023	892	719	969
896	768	0	877	761	85
896	768	64	876	765	102
896	768	128	876	765	145
896	768	192	876	766	199
896	768	256	877	766	256
896	768	320	877	766	315
896	768	384	879	768	374
896	768	448	880	768	433
896	768	512	880	768	490
896	768	576	882	770	553
896	768	640	884	771	614
896	768	704	885	771	674
896	768	768	887	773	732
896	768	832	890	775	793
896	768	896	890	774	851
896	768	960	893	775	911
896	768	1023	896	777	971
896	832	0	880	820	93
896	832	64	880	824	109
896	832	128	879	824	149
896	832	192	880	825	202
896	832	256	880	825	258
896	832	320	881	826	316
896	832	384	882	827	375
896	832	448	882	826	434
896	832	512	883	827	491
896	832	576	885	829	554
896	832	640	886	829	614
896	832	704	889	831	675
896	832	768	891	832	733
896	832	832	892	832	793
896	832	896	893	832	852
896	832	960	896	834	912
896	832	1023	899	836	972
896	896	0	885	882	101
896	896	64	883	885	115
896	896	128	883	885	153
896	896	192	883	885	205
896	896	256	884	887	261
896	896	320	885	887	318
896	896	384	885	887	376
896	896	448	886	887	436
896	896	512	887	888	493
896	896	576	889	890	555
896	896	640	890	890	615
896	896	704	891	890	675
896	896	768	895	893	734
896	896	832	896	893	794
896	896	896	897	893	853
896	896	960	900	894	914
896	896	1023	903	896	973
896	960	0	888	940	108
896	960	64	887	945	122
896	960	128	887	946	158
896	960	192	887	946	209
896	960	256	887	945	263
896	960	320	888	946	320
896	960	384	889	947	378
896	960	448	890	948	437
896	960	512	892	949	495
896	960	576	894	950	557
896	960	640	894	950	617
896	960	704	895	950	676
896	960	768	897	951	735
896	960	832	900	953	795
896	960	896	902	953	855
896	960	960	904	954	915
896	960	1023	907	956	974
896	1023	0	893	999	115
896	1023	64	892	1004	128
896	1023	128	892	1005	163
896	1023	192	891	1004	212
896	1023	256	892	1004	266
896	1023	320	892	1005	323
896	1023	384	894	1006	380
896	1023	448	894	1006	439
896	1023	512	896	1007	496
896	1023	576	898	1008	558
896	1023	640	899	1008	619
896	1023	704	900	1008	678
896	1023	768	902	1009	736
896	1023	832	905	1011	797
896	1023	896	907	1010	857
896	1023	960	909	1010	917
896	1023	1023	911	1010	976
960	0	0	913	140	0
960	0	64	912	141	52
960	0	128	912	141	116
960	0	192	912	143	180
960	0	256	912	144	241
960	0	320	913	147	302
960	0	384	914	151	362
960	0	448	915	155	423
960	0	512	916	160	481
960	0	576	919	166	544
960	0	640	919	171	605
960	0	704	920	178	665
960	0	768	922	184	724
960	0	832	925	192	784
960	0	896	926	199	844
960	0	960	928	207	905
960	0	1023	931	215	964
960	64	0	913	151	0
960	64	64	912	151	52
960	64	128	912	152	117
960	64	192	912	154	180
960	64	256	912	155	241
960	64	320	913	158	302
960	64	384	914	161	362
960	64	448	915	165	423
960	64	512	916	170	481
960	64	576	919	175	544
960	64	640	919	180	605
960	64	704	920	186	665
960	64	768	922	193	724
960	64	832	925	200	784
960	64	896	926	206	844
960	64	960	928	214	904
960	64	1023	931	223	964
960	128	0	913	184	0
960	128	64	913	184	53
960	128	128	912	185	117
960	128	192	912	186	181
960	128	256	913	188	242
960	128	320	913	189	302
960	128	384	915	192	363
960	128	448	915	196	423
960	128	512	917	199	481
960	128	576	919	204	545
960	128	640	920	208	605
960	128	704	921	213	666
960	128	768	923	219	724
960	128	832	926	225	785
960	128	896	927	231	844
960	128	960	928	237	904
960	128	1023	931	244	963
960	192	0	914	231	0
960	192	64	913	232	55
960	192	128	913	233	118
960	192	192	913	234	181
960	192	256	913	235	242
960	192	320	914	236	303
960	192	384	916	239	363
960	192	448	915	241	423
960	192	512	917	244	481
960	192	576	919	247	544
960	192	640	919	250	605
960	192	704	922	255	666
960	192	768	923	260	724
960	192	832	925	264	784
960	192	896	927	269	844
960	192	960	929	274	904
960	192	1023	932	280	963
960	256	0	916	283	0
960	256	64	914	285	59
960	256	128	913	285	120
960	256	192	914	286	182
960	256	256	915	287	243
960	256	320	915	289	303
960	256	384	917	291	364
960	256	448	916	292	424
960	256	512	918	294	482
960	256	576	920	297	545
960	256	640	920	300	606
960	256	704	922	303	666
960	256	768	925	307	725
960	256	832	926	311	785
960	256	896	928	314	844
960	256	960	930	319	905
960	256	1023	933	324	964
960	320	0	916	341	16
960	320	64	915	343	63
960	320	128	915	344	121
960	320	192	914	344	183
960	320	256	915	345	243
960	320	320	916	346	304
960	320	384	917	347	364
960	320	448	918	349	424
960	320	512	919	351	482
960	320	576	921	353	546
960	320	640	922	355	606
960	320	704	923	358	666
960	320	768	925	361	725
960	320	832	928	364	785
960	320	896	929	367	845
960	320	960	931	371	906
960	320	1023	934	375	965
960	384	0	918	399	29
960	384	64	917	401	67
960	384	128	916	402	124
960	384	192	917	402	184
960	384	256	917	403	244
960	384	320	918	404	305
960	384	384	919	405	365
960	384	448	919	406	425
960	384	512	920	407	483
960	384	576	922	410	546
960	384	640	923	411	607
960	384	704	925	414	667
960	384	768	927	417	726
960	384	832	928	419	785
960	384	896	930	421	845
960	384	960	932	425	906
960	384	1023	935	428	965
960	448	0	919	457	41
960	448	64	918	460	72
960	448	128	918	461	126
960	448	192	918	461	186
960	448	256	919	462	246
960	448	320	919	463	306
960	448	384	920	464	365
960	448	448	921	465	426
960	448	512	923	466	484
960	448	576	925	468	547
960	448	640	925	469	607
960	448	704	926	471	668
960	448	768	928	473	726
960	448	832	931	476	786
960	448	896	932	478	846
960	448	960	935	480	907
960	448	1023	938	483	966
960	512	0	922	516	50
960	512	64	921	520	78
960	512	128	920	520	129
960	512	192	921	520	188
960	512	256	921	521	248
960	512	320	922	522	307
960	512	384	923	523	367
960	512	448	923	523	427
960	512	512	925	524	485
960	512	576	926	526	548
960	512	640	927	527	608
960	512	704	929	529	669
960	512	768	931	531	727
960	512	832	933	533	787
960	512	896	934	534	847
960	512	960	936	536	907
960	512	1023	939	539	967
960	576	0	925	581	60
960	576	64	923	585	84
960	576	128	924	586	133
960	576	192	923	586	191
960	576	256	924	586	249
960	576	320	924	587	309
960	576	384	926	588	368
960	576	448	926	589	429
960	576	512	928	590	486
960	576	576	930	592	549
960	576	640	930	592	610
960	576	704	932	593	670
960	576	768	934	595	728
960	576	832	936	597	789
960	576	896	938	598	848
960	576	960	940	600	909
960	576	1023	941	602	967
960	640	0	928	642	68
960	640	64	927	645	90
960	640	128	926	645	136
960	640	192	926	646	193
960	640	256	928	647	251
960	640	320	928	648	311
960	640	384	929	648	370
960	640	448	929	648	430
960	640	512	931	649	487
960	640	576	933	651	550
960	640	640	933	651	611
960	640	704	934	652	671
960	640	768	937	655	730
960	640	832	939	656	790
960	640	896	940	657	849
960	640	960	942	658	910
960	640	1023	945	661	969
960	704	0	931	703	76
960	704	64	930	707	96
960	704	128	930	707	140
960	704	192	930	708	196
960	704	256	931	708	253
960	704	320	931	709	312
960	704	384	933	710	372
960	704	448	934	710	432
960	704	512	934	710	489
960	704	576	936	712	551
960	704	640	936	712	612
960	704	704	939	714	673
960	704	768	941	715	731
960	704	832	942	716	791
960	704	896	944	717	850
960	704	960	946	718	911
960	704	1023	948	720	970
960	768	0	935	763	84
960	768	64	934	767	103
960	768	128	934	767	145
960	768	192	934	767	199
960	768	256	935	768	256
960	768	320	935	768	315
960	768	384	936	769	374
960	768	448	937	770	433
960	768	512	938	771	491
960	768	576	940	772	554
960	768	640	941	772	614
960	768	704	942	773	674
960	768	768	944	774	732
960	768	832	947	776	793
960	768	896	948	776	853
960	768	960	950	778	913
960	768	1023	953	779	972
960	832	0	938	822	92
960	832	64	937	826	109
960	832	128	936	826	149
960	832	192	937	826	202
960	832	256	937	826	258
960	832	320	938	827	316
960	832	384	939	828	375
960	832	448	940	829	435
960	832	512	942	830	492
960	832	576	944	831	555
960	832	640	944	831	615
960	832	704	945	832	675
960	832	768	947	833	733
960	832	832	950	835	794
960	832	896	951	835	853
960	832	960	952	835	913
960	832	1023	955	837	972
960	896	0	942	883	99
960	896	64	941	887	114
960	896	128	940	887	153
960	896	192	941	888	205
960	896	256	941	888	261
960	896	320	942	888	318
960	896	384	943	889	377
960	896	448	943	889	435
960	896	512	944	889	493
960	896	576	946	891	555
960	896	640	946	891	615
960	896	704	949	892	676
960	896	768	951	894	734
960	896	832	952	894	794
960	896	896	953	894	854
960	896	960	955	895	914
960	896	1023	959	897	973
960	960	0	946	943	107
960	960	64	943	946	122
960	960	128	944	947	158
960	960	192	944	947	209
960	960	256	945	948	263
960	960	320	945	948	320
960	960	384	947	950	379
960	960	448	946	949	437
960	960	512	948	950	494
960	960	576	950	951	557
960	960	640	950	951	617
960	960	704	951	951	677
960	960	768	954	953	736
960	960	832	956	954	795
960	960	896	957	954	855
960	960	960	959	955	915
960	960	1023	963	957	975
960	1023	0	950	1001	114
960	1023	64	948	1005	128
960	1023	128	948	1006	163
960	1023	192	949	1007	212
960	1023	256	949	1007	266
960	1023	320	950	1007	323
960	1023	384	951	1008	381
960	1023	448	951	1007	439
960	1023	512	952	1008	496
960	1023	576	954	1009	558
960	1023	640	955	1009	619
960	1023	704	956	1009	678
960	1023	768	959	1011	737
960	1023	832	960	1011	797
960	1023	896	962	1011	857
960	1023	960	964	1011	917
960	1023	1023	967	1012	976
1023	0	0	973	149	0
1023	0	64	972	149	50
1023	0	128	971	150	116
1023	0	192	972	151	179
1023	0	256	972	153	241
1023	0	320	973	156	302
1023	0	384	974	159	362
1023	0	448	975	163	423
1023	0	512	975	168	480
1023	0	576	977	173	544
1023	0	640	978	179	605
1023	0	704	980	185	666
1023	0	768	981	191	724
1023	0	832	984	198	785
1023	0	896	984	205	843
1023	0	960	986	213	904
1023	0	1023	989	221	963
1023	64	0	973	159	0
1023	64	64	972	159	50
1023	64	128	971	160	116
1023	64	192	972	161	180
1023	64	256	972	163	241
1023	64	320	973	165	302
1023	64	384	974	169	362
1023	64	448	975	173	423
1023	64	512	975	176	481
1023	64	576	977	181	544
1023	64	640	979	187	605
1023	64	704	980	192	666
1023	64	768	981	199	724
1023	64	832	984	205	785
1023	64	896	984	212	844
1023	64	960	986	220	904
1023	64	1023	989	227	963
1023	128	0	973	190	0
1023	128	64	972	191	51
1023	128	128	972	191	116
1023	128	192	972	192	180
1023	128	256	972	194	241
1023	128	320	973	196	302
1023	128	384	975	199	363
1023	128	448	975	202	423
1023	128	512	976	204	481
1023	128	576	977	209	544
1023	128	640	978	213	605
1023	128	704	980	219	666
1023	128	768	982	224	724
1023	128	832	983	230	784
1023	128	896	985	236	844
1023	128	960	986	242	904
1023	128	1023	990	249	964
1023	192	0	974	236	0
1023	192	64	972	237	54
1023	192	128	972	237	117
1023	192	192	973	238	181
1023	192	256	973	239	242
1023	192	320	974	241	303
1023	192	384	976	243	363
1023	192	448	975	245	423
1023	192	512	976	248	481
1023	192	576	978	252	544
1023	192	640	979	255	605
1023	192	704	979	259	665
1023	192	768	983	263	725
1023	192	832	984	268	784
1023	192	896	985	273	844
1023	192	960	988	278	905
1023	192	1023	991	284	964
1023	256	0	975	287	0
1023	256	64	974	289	58
1023	256	128	974	289	119
1023	256	192	973	290	181
1023	256	256	975	291	242
1023	256	320	975	292	303
1023	256	384	976	294	363
1023	256	448	976	296	424
1023	256	512	977	298	482
1023	256	576	979	301	545
1023	256	640	980	303	606
1023	256	704	981	307	666
1023	256	768	983	310	724
1023	256	832	985	314	785
1023	256	896	987	318	845
1023	256	960	989	322	905
1023	256	1023	991	327	965
1023	320	0	975	343	7
1023	320	64	974	346	61
1023	320	128	974	346	120
1023	320	192	974	347	183
1023	320	256	975	347	243
1023	320	320	975	349	303
1023	320	384	977	350	364
1023	320	448	978	352	424
1023	320	512	978	353	482
1023	320	576	980	356	545
1023	320	640	981	358	606
1023	320	704	982	361	666
1023	320	768	984	363	725
1023	320	832	985	366	784
1023	320	896	986	369	844
1023	320	960	989	373	905
1023	320	1023	991	377	964
1023	384	0	977	401	27
1023	384	64	976	403	66
1023	384	128	975	404	123
1023	384	192	975	404	184
1023	384	256	977	405	244
1023	384	320	977	406	304
1023	384	384	978	407	364
1023	384	448	978	408	425
1023	384	512	979	410	483
1023	384	576	981	412	546
1023	384	640	982	414	606
1023	384	704	983	416	667
1023	384	768	986	419	726
1023	384	832	988	421	786
1023	384	896	989	424	845
1023	384	960	991	426	906
1023	384	1023	993	430	965
1023	448	0	979	459	39
1023	448	64	978	462	71
1023	448	128	978	463	125
1023	448	192	978	463	186
1023	448	256	978	464	245
1023	448	320	978	465	305
1023	448	384	980	466	365
1023	448	448	981	467	426
1023	448	512	982	469	484
1023	448	576	984	470	547
1023	448	640	984	471	607
1023	448	704	985	473	668
1023	448	768	987	475	726
1023	448	832	990	478	787
1023	448	896	991	480	846
1023	448	960	992	482	906
1023	448	1023	994	485	966
1023	512	0	981	518	49
1023	512	64	980	521	77
1023	512	128	980	521	129
1023	512	192	980	522	188
1023	512	256	981	523	247
1023	512	320	981	524	307
1023	512	384	983	525	367
1023	512	448	982	524	426
1023	512	512	984	526	485
1023	512	576	985	528	548
1023	512	640	986	529	608
1023	512	704	986	530	668
1023	512	768	990	533	727
1023	512	832	991	534	787
1023	512	896	993	536	847
1023	512	960	994	538	907
1023	512	1023	997	541	967
1023	576	0	984	583	59
1023	576	64	982	586	83
1023	576	128	982	586	132
1023	576	192	982	587	190
1023	576	256	983	588	249
1023	576	320	983	588	308
1023	576	384	985	590	368
1023	576	448	986	590	428
1023	576	512	985	590	485
1023	576	576	987	592	548
1023	576	640	988	593	609
1023	576	704	990	595	670
1023	576	768	992	596	728
1023	576	832	993	598	788
1023	576	896	995	599	848
1023	576	960	996	601	908
1023	576	1023	999	603	967
1023	640	0	986	642	67
1023	640	64	985	646	89
1023	640	128	985	647	135
1023	640	192	985	647	192
1023	640	256	985	647	250
1023	640	320	986	648	310
1023	640	384	987	649	369
1023	640	448	988	650	429
1023	640	512	989	651	487
1023	640	576	991	653	550
1023	640	640	992	653	611
1023	640	704	992	654	670
1023	640	768	994	655	729
1023	640	832	997	657	789
1023	640	896	998	658	849
1023	640	960	1000	660	910
1023	640	1023	1003	662	969
1023	704	0	990	704	75
1023	704	64	989	708	95
1023	704	128	989	708	140
1023	704	192	989	709	195
1023	704	256	989	709	253
1023	704	320	990	710	312
1023	704	384	991	711	371
1023	704	448	991	711	431
1023	704	512	993	712	489
1023	704	576	994	713	551
1023	704	640	994	713	612
1023	704	704	996	714	672
1023	704	768	999	716	731
1023	704	832	1000	717	791
1023	704	896	1001	718	851
1023	704	960	1003	719	911
1023	704	1023	1006	722	971
1023	768	0	994	764	83
1023	768	64	993	768	101
1023	768	128	992	768	144
1023	768	192	993	768	199
1023	768	256	993	768	255
1023	768	320	994	769	314
1023	768	384	995	771	373
1023	768	448	996	771	433
1023	768	512	997	772	491
1023	768	576	999	773	554
1023	768	640	999	773	614
1023	768	704	1000	774	674
1023	768	768	1002	775	732
1023	768	832	1005	777	793
1023	768	896	1006	778	853
1023	768	960	1006	778	912
1023	768	1023	1010	780	972
1023	832	0	997	823	91
1023	832	64	996	828	108
1023	832	128	995	827	148
1023	832	192	996	828	202
1023	832	256	996	828	258
1023	832	320	997	829	316
1023	832	384	998	830	375
1023	832	448	997	829	434
1023	832	512	999	830	491
1023	832	576	1000	831	554
1023	832	640	1001	831	614
1023	832	704	1003	833	675
1023	832	768	1005	834	733
1023	832	832	1006	835	793
1023	832	896	1007	835	853
1023	832	960	1009	836	913
1023	832	1023	1012	838	973
1023	896	0	1000	884	99
1023	896	64	998	887	114
1023	896	128	998	888	153
1023	896	192	999	889	205
1023	896	256	999	889	260
1023	896	320	1000	890	318
1023	896	384	1001	891	377
1023	896	448	1001	890	435
1023	896	512	1002	891	493
1023	896	576	1004	892	555
1023	896	640	1004	892	615
1023	896	704	1005	893	675
1023	896	768	1009	895	734
1023	896	832	1010	896	794
1023	896	896	1011	896	854
1023	896	960	1013	897	915
1023	896	1023	1015	898	974
1023	960	0	1002	943	107
1023	960	64	1001	947	121
1023	960	128	1002	948	158
1023	960	192	1001	948	208
1023	960	256	1003	950	263
1023	960	320	1002	949	320
1023	960	384	1004	950	378
1023	960	448	1004	950	437
1023	960	512	1006	951	494
1023	960	576	1008	953	557
1023	960	640	1008	952	617
1023	960	704	1009	953	677
1023	960	768	1011	953	735
1023	960	832	1013	955	795
1023	960	896	1014	955	855
1023	960	960	1017	956	916
1023	960	1023	1019	958	975
1023	1023	0	1007	1002	114
1023	1023	64	1006	1007	127
1023	1023	128	1006	1008	163
1023	1023	192	1006	1007	212
1023	1023	256	1006	1007	266
1023	1023	320	1006	1008	322
1023	1023	384	1008	1009	380
1023	1023	448	1008	1009	440
1023	1023	512	1010	1010	497
1023	1023	576	1012	1012	559
1023	1023	640	1012	1011	619
1023	1023	704	1013	1011	679
1023	1023	768	1015	1012	737
1023	1023	832	1017	1014	798
1023	1023	896	1018	1014	858
1023	1023	960	1021	1015	919
1023	1023	1023	1023	1016	978
