0	0	0	0	0	0
0	0	64	15	11	60
0	0	128	28	21	117
0	0	192	43	31	176
0	0	256	57	42	235
0	0	320	72	52	293
0	0	384	86	63	351
0	0	448	100	73	410
0	0	512	114	83	465
0	0	576	129	94	526
0	0	640	143	104	585
0	0	704	157	114	642
0	0	768	171	125	699
0	0	832	185	135	756
0	0	896	198	145	813
0	0	960	212	155	871
0	0	1023	226	165	928
0	64	0	32	62	19
0	64	64	35	63	62
0	64	128	42	65	118
0	64	192	52	68	177
0	64	256	64	73	236
0	64	320	77	79	294
0	64	384	90	86	351
0	64	448	104	93	410
0	64	512	117	101	466
0	64	576	131	110	526
0	64	640	145	118	584
0	64	704	159	128	642
0	64	768	173	137	699
0	64	832	187	145	756
0	64	896	200	155	813
0	64	960	214	165	871
0	64	1023	228	174	927
0	128	0	63	124	38
0	128	64	65	126	69
0	128	128	69	127	121
0	128	192	75	128	179
0	128	256	84	131	237
0	128	320	93	133	295
0	128	384	104	137	352
0	128	448	116	142	411
0	128	512	127	146	466
0	128	576	140	152	527
0	128	640	153	158	585
0	128	704	167	165	642
0	128	768	179	171	699
0	128	832	192	179	757
0	128	896	206	186	814
0	128	960	219	194	871
0	128	1023	233	202	928
0	192	0	96	187	58
0	192	64	98	190	81
0	192	128	100	191	128
0	192	192	104	191	184
0	192	256	110	193	240
0	192	320	117	195	297
0	192	384	126	198	355
0	192	448	135	200	412
0	192	512	145	204	468
0	192	576	157	208	528
0	192	640	168	212	586
0	192	704	180	216	644
0	192	768	191	221	700
0	192	832	204	226	758
0	192	896	216	232	814
0	192	960	229	238	873
0	192	1023	242	244	929
0	256	0	127	248	76
0	256	64	129	251	95
0	256	128	131	252	136
0	256	192	134	253	189
0	256	256	138	254	244
0	256	320	144	255	300
0	256	384	151	257	357
0	256	448	158	259	414
0	256	512	167	261	469
0	256	576	176	265	529
0	256	640	186	268	588
0	256	704	197	271	645
0	256	768	207	275	701
0	256	832	219	279	759
0	256	896	230	282	815
0	256	960	242	287	872
0	256	1023	254	292	929
0	320	0	159	310	95
0	320	64	161	314	110
0	320	128	163	315	147
0	320	192	165	315	196
0	320	256	169	317	250
0	320	320	173	318	305
0	320	384	179	319	361
0	320	448	185	321	417
0	320	512	192	323	472
0	320	576	200	325	532
0	320	640	209	327	590
0	320	704	218	329	647
0	320	768	227	333	703
0	320	832	238	336	760
0	320	896	248	339	817
0	320	960	259	343	875
0	320	1023	270	347	931
0	384	0	191	372	114
0	384	64	193	375	127
0	384	128	194	376	159
0	384	192	196	377	206
0	384	256	199	377	257
0	384	320	203	379	310
0	384	384	207	380	366
0	384	448	213	381	421
0	384	512	219	383	476
0	384	576	226	385	535
0	384	640	233	387	593
0	384	704	241	388	650
0	384	768	250	391	705
0	384	832	259	394	763
0	384	896	268	396	819
0	384	960	278	398	876
0	384	1023	288	402	932
0	448	0	222	432	133
0	448	64	224	436	144
0	448	128	225	437	173
0	448	192	227	438	216
0	448	256	230	439	265
0	448	320	233	440	317
0	448	384	237	441	371
0	448	448	241	442	426
0	448	512	246	443	480
0	448	576	253	445	539
0	448	640	259	446	596
0	448	704	266	448	652
0	448	768	274	450	708
0	448	832	282	452	765
0	448	896	290	454	822
0	448	960	299	456	878
0	448	1023	309	459	935
0	512	0	252	491	151
0	512	64	255	496	161
0	512	128	256	497	187
0	512	192	257	498	227
0	512	256	260	498	273
0	512	320	262	499	324
0	512	384	266	501	377
0	512	448	270	501	431
0	512	512	274	503	485
0	512	576	280	505	543
0	512	640	286	505	600
0	512	704	292	506	656
0	512	768	299	508	711
0	512	832	306	511	768
0	512	896	314	512	825
0	512	960	322	514	881
0	512	1023	330	516	937
0	576	0	286	557	171
0	576	64	289	562	180
0	576	128	290	563	203
0	576	192	291	564	240
0	576	256	293	565	285
0	576	320	296	566	334
0	576	384	298	566	385
0	576	448	302	567	438
0	576	512	306	568	490
0	576	576	311	570	548
0	576	640	316	570	604
0	576	704	321	571	660
0	576	768	327	573	715
0	576	832	334	575	772
0	576	896	341	576	828
0	576	960	348	578	884
0	576	1023	356	580	941
0	640	0	317	618	190
0	640	64	320	623	198
0	640	128	321	624	219
0	640	192	322	625	253
0	640	256	324	625	295
0	640	320	326	626	343
0	640	384	329	627	393
0	640	448	332	627	445
0	640	512	335	629	496
0	640	576	340	630	554
0	640	640	344	630	609
0	640	704	350	632	665
0	640	768	355	633	719
0	640	832	361	634	775
0	640	896	367	635	831
0	640	960	374	636	888
0	640	1023	381	638	943
0	704	0	348	679	208
0	704	64	351	685	216
0	704	128	352	686	235
0	704	192	353	686	267
0	704	256	355	686	307
0	704	320	357	688	353
0	704	384	360	689	402
0	704	448	362	689	453
0	704	512	366	690	504
0	704	576	370	692	560
0	704	640	374	692	615
0	704	704	378	693	670
0	704	768	383	694	724
0	704	832	389	696	780
0	704	896	395	696	836
0	704	960	401	697	892
0	704	1023	407	699	948
0	768	0	379	739	227
0	768	64	382	744	234
0	768	128	383	745	252
0	768	192	384	746	282
0	768	256	386	747	320
0	768	320	388	748	364
0	768	384	390	749	412
0	768	448	392	749	461
0	768	512	395	750	511
0	768	576	399	751	567
0	768	640	402	751	621
0	768	704	406	751	676
0	768	768	412	754	730
0	768	832	417	754	785
0	768	896	422	755	841
0	768	960	427	756	897
0	768	1023	434	758	952
0	832	0	409	797	245
0	832	64	412	803	251
0	832	128	413	804	268
0	832	192	414	805	296
0	832	256	416	806	332
0	832	320	417	806	374
0	832	384	419	807	420
0	832	448	422	808	469
0	832	512	424	809	518
0	832	576	428	810	573
0	832	640	431	810	627
0	832	704	435	810	681
0	832	768	439	811	734
0	832	832	444	813	790
0	832	896	449	813	845
0	832	960	454	814	901
0	832	1023	460	816	956
0	896	0	440	857	263
0	896	64	443	864	270
0	896	128	444	865	285
0	896	192	445	865	311
0	896	256	446	866	345
0	896	320	448	867	386
0	896	384	450	868	431
0	896	448	452	868	479
0	896	512	455	869	527
0	896	576	458	871	581
0	896	640	461	871	634
0	896	704	465	871	687
0	896	768	469	872	740
0	896	832	473	873	795
0	896	896	477	873	850
0	896	960	482	874	905
0	896	1023	488	876	961
0	960	0	470	917	281
0	960	64	474	923	288
0	960	128	474	924	302
0	960	192	475	925	327
0	960	256	477	926	359
0	960	320	478	926	398
0	960	384	480	927	441
0	960	448	482	928	488
0	960	512	485	928	535
0	960	576	488	930	588
0	960	640	491	930	641
0	960	704	494	930	694
0	960	768	497	931	746
0	960	832	502	933	801
0	960	896	505	931	854
0	960	960	510	932	910
0	960	1023	515	933	965
0	1023	0	500	974	299
0	1023	64	504	981	305
0	1023	128	504	982	318
0	1023	192	505	983	342
0	1023	256	506	984	373
0	1023	320	508	984	410
0	1023	384	510	986	453
0	1023	448	512	986	498
0	1023	512	514	986	544
0	1023	576	516	987	596
0	1023	640	519	987	648
0	1023	704	522	988	701
0	1023	768	526	988	753
0	1023	832	529	989	806
0	1023	896	532	988	860
0	1023	960	537	988	915
0	1023	1023	541	989	970
64	0	0	58	16	10
64	0	64	59	19	60
64	0	128	63	26	117
64	0	192	70	34	176
64	0	256	79	44	234
64	0	320	89	54	293
64	0	384	101	64	351
64	0	448	113	74	409
64	0	512	125	84	465
64	0	576	138	94	525
64	0	640	152	105	584
64	0	704	165	115	642
64	0	768	177	125	697
64	0	832	191	135	755
64	0	896	205	145	813
64	0	960	218	156	870
64	0	1023	232	166	927
64	64	0	64	64	21
64	64	64	65	65	62
64	64	128	69	67	118
64	64	192	75	70	177
64	64	256	83	74	235
64	64	320	93	80	293
64	64	384	104	87	351
64	64	448	116	94	409
64	64	512	128	101	465
64	64	576	141	110	525
64	64	640	154	119	584
64	64	704	167	128	642
64	64	768	180	137	697
64	64	832	193	146	755
64	64	896	206	155	812
64	64	960	219	165	870
64	64	1023	233	175	927
64	128	0	83	125	39
64	128	64	84	127	69
64	128	128	87	128	121
64	128	192	92	129	179
64	128	256	98	131	236
64	128	320	107	135	294
64	128	384	116	138	352
64	128	448	126	143	410
64	128	512	137	147	466
64	128	576	149	153	526
64	128	640	161	159	584
64	128	704	174	166	642
64	128	768	186	172	698
64	128	832	199	179	756
64	128	896	211	187	813
64	128	960	225	195	870
64	128	1023	237	202	927
64	192	0	109	189	58
64	192	64	110	191	81
64	192	128	112	191	128
64	192	192	116	193	183
64	192	256	121	194	240
64	192	320	128	196	297
64	192	384	136	199	354
64	192	448	144	201	411
64	192	512	153	204	467
64	192	576	164	208	527
64	192	640	175	213	586
64	192	704	187	217	643
64	192	768	198	222	699
64	192	832	210	227	757
64	192	896	221	232	813
64	192	960	234	238	871
64	192	1023	246	244	927
64	256	0	137	250	77
64	256	64	138	252	95
64	256	128	140	253	136
64	256	192	143	254	189
64	256	256	147	255	244
64	256	320	152	257	300
64	256	384	159	259	357
64	256	448	166	260	414
64	256	512	174	263	469
64	256	576	183	266	529
64	256	640	193	269	587
64	256	704	203	272	645
64	256	768	213	276	700
64	256	832	224	280	757
64	256	896	235	284	815
64	256	960	247	288	872
64	256	1023	259	293	929
64	320	0	167	312	96
64	320	64	168	315	111
64	320	128	170	316	147
64	320	192	172	316	196
64	320	256	175	317	249
64	320	320	180	319	304
64	320	384	185	320	360
64	320	448	191	322	417
64	320	512	198	324	472
64	320	576	206	326	531
64	320	640	215	328	589
64	320	704	224	331	646
64	320	768	233	334	702
64	320	832	243	338	759
64	320	896	253	340	816
64	320	960	263	344	874
64	320	1023	274	348	930
64	384	0	197	374	115
64	384	64	198	377	127
64	384	128	199	377	159
64	384	192	202	378	206
64	384	256	204	379	256
64	384	320	208	380	310
64	384	384	213	382	365
64	384	448	218	383	421
64	384	512	224	384	475
64	384	576	231	386	534
64	384	640	238	388	592
64	384	704	246	390	649
64	384	768	255	393	704
64	384	832	264	396	762
64	384	896	272	397	818
64	384	960	282	400	875
64	384	1023	292	404	932
64	448	0	227	434	134
64	448	64	228	437	144
64	448	128	230	438	173
64	448	192	231	439	216
64	448	256	234	440	265
64	448	320	237	441	317
64	448	384	241	442	370
64	448	448	246	443	425
64	448	512	251	445	479
64	448	576	257	447	538
64	448	640	264	448	595
64	448	704	270	449	652
64	448	768	278	451	707
64	448	832	286	454	764
64	448	896	295	456	821
64	448	960	303	458	878
64	448	1023	312	461	934
64	512	0	257	495	152
64	512	64	259	498	162
64	512	128	260	498	187
64	512	192	261	499	227
64	512	256	264	500	274
64	512	320	266	501	324
64	512	384	270	503	377
64	512	448	274	503	431
64	512	512	279	504	484
64	512	576	284	506	542
64	512	640	290	507	599
64	512	704	296	509	656
64	512	768	303	510	711
64	512	832	311	513	768
64	512	896	317	513	823
64	512	960	325	515	880
64	512	1023	334	518	936
64	576	0	290	561	172
64	576	64	292	564	181
64	576	128	294	565	204
64	576	192	295	566	240
64	576	256	297	566	284
64	576	320	299	567	333
64	576	384	302	568	384
64	576	448	306	569	438
64	576	512	310	570	490
64	576	576	315	572	548
64	576	640	320	573	604
64	576	704	325	573	660
64	576	768	332	575	714
64	576	832	338	577	771
64	576	896	345	578	827
64	576	960	352	580	884
64	576	1023	360	582	940
64	640	0	322	622	191
64	640	64	323	624	198
64	640	128	324	625	219
64	640	192	326	626	254
64	640	256	328	627	296
64	640	320	330	628	342
64	640	384	333	629	393
64	640	448	336	629	445
64	640	512	339	631	496
64	640	576	344	632	553
64	640	640	348	633	609
64	640	704	353	634	664
64	640	768	359	636	719
64	640	832	365	636	775
64	640	896	371	637	831
64	640	960	378	639	887
64	640	1023	385	641	943
64	704	0	353	683	210
64	704	64	355	687	217
64	704	128	355	687	236
64	704	192	357	688	268
64	704	256	359	689	307
64	704	320	361	690	353
64	704	384	363	691	402
64	704	448	366	691	453
64	704	512	369	692	503
64	704	576	374	693	559
64	704	640	377	694	615
64	704	704	382	695	670
64	704	768	387	696	724
64	704	832	393	698	780
64	704	896	398	698	835
64	704	960	404	699	891
64	704	1023	411	701	947
64	768	0	383	742	228
64	768	64	385	746	234
64	768	128	386	747	252
64	768	192	387	747	282
64	768	256	389	749	320
64	768	320	391	750	364
64	768	384	393	751	411
64	768	448	396	751	461
64	768	512	399	752	511
64	768	576	403	753	567
64	768	640	406	753	621
64	768	704	410	754	675
64	768	768	415	755	729
64	768	832	420	757	785
64	768	896	425	757	840
64	768	960	431	758	896
64	768	1023	437	760	952
64	832	0	413	801	246
64	832	64	415	805	252
64	832	128	416	806	268
64	832	192	417	807	296
64	832	256	419	807	332
64	832	320	420	808	374
64	832	384	423	810	421
64	832	448	425	810	469
64	832	512	428	811	518
64	832	576	432	812	573
64	832	640	435	812	627
64	832	704	438	813	681
64	832	768	443	814	734
64	832	832	448	815	789
64	832	896	452	816	844
64	832	960	458	817	900
64	832	1023	464	818	956
64	896	0	444	861	264
64	896	64	446	866	270
64	896	128	447	866	285
64	896	192	448	867	311
64	896	256	450	868	345
64	896	320	451	869	386
64	896	384	453	870	430
64	896	448	456	871	478
64	896	512	458	871	526
64	896	576	461	872	580
64	896	640	465	873	634
64	896	704	468	873	687
64	896	768	472	874	740
64	896	832	477	876	795
64	896	896	480	875	848
64	896	960	485	876	904
64	896	1023	491	877	959
64	960	0	474	921	282
64	960	64	477	925	288
64	960	128	477	926	302
64	960	192	478	927	327
64	960	256	480	927	359
64	960	320	481	928	398
64	960	384	483	930	441
64	960	448	485	929	488
64	960	512	488	930	535
64	960	576	491	931	587
64	960	640	493	931	640
64	960	704	497	933	694
64	960	768	501	934	746
64	960	832	505	934	800
64	960	896	509	934	854
64	960	960	513	935	909
64	960	1023	518	936	964
64	1023	0	504	979	300
64	1023	64	507	984	306
64	1023	128	507	984	319
64	1023	192	508	985	342
64	1023	256	509	986	373
64	1023	320	511	987	411
64	1023	384	513	988	453
64	1023	448	514	987	498
64	1023	512	517	988	544
64	1023	576	520	990	596
64	1023	640	522	989	647
64	1023	704	525	989	700
64	1023	768	529	991	752
64	1023	832	532	991	806
64	1023	896	536	991	860
64	1023	960	540	992	915
64	1023	1023	545	992	969
128	0	0	115	32	19
128	0	64	116	33	61
128	0	128	117	37	117
128	0	192	121	43	177
128	0	256	126	51	235
128	0	320	132	60	293
128	0	384	140	69	351
128	0	448	148	78	409
128	0	512	157	87	465
128	0	576	168	98	525
128	0	640	178	107	584
128	0	704	189	117	642
128	0	768	200	127	697
128	0	832	212	137	755
128	0	896	224	147	812
128	0	960	236	157	869
128	0	1023	248	167	926
128	64	0	118	69	26
128	64	64	119	70	64
128	64	128	120	71	118
128	64	192	124	74	177
128	64	256	128	79	235
128	64	320	134	84	293
128	64	384	142	90	351
128	64	448	150	97	409
128	64	512	159	104	465
128	64	576	169	113	526
128	64	640	180	121	584
128	64	704	191	130	642
128	64	768	201	139	698
128	64	832	213	148	756
128	64	896	225	157	813
128	64	960	237	166	869
128	64	1023	249	176	926
128	128	0	128	128	42
128	128	64	129	129	71
128	128	128	130	130	122
128	128	192	134	132	180
128	128	256	138	134	237
128	128	320	144	137	295
128	128	384	150	141	352
128	128	448	158	145	410
128	128	512	166	149	465
128	128	576	177	155	526
128	128	640	186	161	585
128	128	704	197	167	642
128	128	768	207	174	698
128	128	832	219	181	756
128	128	896	230	188	813
128	128	960	242	195	870
128	128	1023	254	203	927
128	192	0	146	191	60
128	192	64	146	192	82
128	192	128	148	193	128
128	192	192	151	194	184
128	192	256	154	195	240
128	192	320	159	198	297
128	192	384	165	200	354
128	192	448	172	202	411
128	192	512	180	206	467
128	192	576	189	210	527
128	192	640	198	214	585
128	192	704	208	219	643
128	192	768	218	223	699
128	192	832	228	228	756
128	192	896	239	233	813
128	192	960	250	239	871
128	192	1023	262	246	927
128	256	0	167	251	78
128	256	64	167	253	96
128	256	128	169	254	137
128	256	192	171	255	190
128	256	256	175	256	244
128	256	320	179	257	300
128	256	384	184	260	357
128	256	448	190	261	414
128	256	512	197	264	469
128	256	576	206	267	529
128	256	640	214	270	587
128	256	704	223	273	644
128	256	768	232	277	700
128	256	832	242	281	758
128	256	896	252	285	815
128	256	960	262	289	872
128	256	1023	273	294	929
128	320	0	191	314	97
128	320	64	192	316	112
128	320	128	193	316	148
128	320	192	196	317	197
128	320	256	198	318	250
128	320	320	202	319	305
128	320	384	207	321	360
128	320	448	212	323	417
128	320	512	218	324	471
128	320	576	226	327	532
128	320	640	233	329	589
128	320	704	241	332	646
128	320	768	250	335	702
128	320	832	259	338	759
128	320	896	268	341	816
128	320	960	277	344	872
128	320	1023	288	348	929
128	384	0	217	375	116
128	384	64	218	377	128
128	384	128	219	378	160
128	384	192	221	379	206
128	384	256	224	380	257
128	384	320	227	381	310
128	384	384	231	382	365
128	384	448	236	383	420
128	384	512	241	385	475
128	384	576	248	387	534
128	384	640	255	388	592
128	384	704	262	390	649
128	384	768	270	393	704
128	384	832	278	396	761
128	384	896	286	398	818
128	384	960	295	401	875
128	384	1023	305	405	931
128	448	0	244	435	134
128	448	64	246	438	145
128	448	128	247	439	173
128	448	192	248	439	216
128	448	256	251	440	264
128	448	320	254	441	317
128	448	384	257	443	370
128	448	448	262	444	426
128	448	512	266	445	479
128	448	576	273	447	538
128	448	640	278	448	595
128	448	704	285	450	651
128	448	768	292	452	707
128	448	832	300	455	764
128	448	896	307	456	821
128	448	960	316	459	878
128	448	1023	324	462	934
128	512	0	272	495	153
128	512	64	273	498	162
128	512	128	275	499	187
128	512	192	276	500	227
128	512	256	278	501	274
128	512	320	281	502	324
128	512	384	284	502	377
128	512	448	288	503	431
128	512	512	292	505	484
128	512	576	298	506	542
128	512	640	303	507	599
128	512	704	309	508	655
128	512	768	316	511	711
128	512	832	322	512	767
128	512	896	329	514	823
128	512	960	337	516	880
128	512	1023	345	518	936
128	576	0	304	561	173
128	576	64	306	565	181
128	576	128	306	565	204
128	576	192	308	566	241
128	576	256	310	566	284
128	576	320	312	567	333
128	576	384	315	569	385
128	576	448	318	569	438
128	576	512	322	570	489
128	576	576	327	572	547
128	576	640	332	573	604
128	576	704	337	574	660
128	576	768	343	576	714
128	576	832	350	578	771
128	576	896	355	578	826
128	576	960	362	579	883
128	576	1023	370	582	939
128	640	0	333	621	191
128	640	64	335	625	199
128	640	128	336	626	220
128	640	192	337	626	254
128	640	256	339	628	295
128	640	320	341	629	343
128	640	384	344	629	392
128	640	448	347	630	445
128	640	512	350	631	496
128	640	576	355	633	553
128	640	640	359	633	609
128	640	704	364	634	664
128	640	768	369	635	718
128	640	832	375	637	775
128	640	896	381	638	831
128	640	960	387	639	887
128	640	1023	394	642	943
128	704	0	364	684	210
128	704	64	365	687	217
128	704	128	366	688	236
128	704	192	367	688	268
128	704	256	369	689	308
128	704	320	371	690	353
128	704	384	374	691	402
128	704	448	376	691	452
128	704	512	379	692	503
128	704	576	384	694	559
128	704	640	387	694	614
128	704	704	392	695	670
128	704	768	397	697	724
128	704	832	402	697	779
128	704	896	407	698	835
128	704	960	413	699	891
128	704	1023	419	701	946
128	768	0	393	743	228
128	768	64	395	747	235
128	768	128	396	747	252
128	768	192	397	748	282
128	768	256	398	748	320
128	768	320	400	749	363
128	768	384	403	751	411
128	768	448	405	751	461
128	768	512	408	752	511
128	768	576	412	754	567
128	768	640	416	754	621
128	768	704	420	755	676
128	768	768	424	756	729
128	768	832	429	758	785
128	768	896	434	758	840
128	768	960	440	759	897
128	768	1023	445	761	952
128	832	0	423	802	246
128	832	64	424	806	252
128	832	128	425	806	269
128	832	192	426	808	297
128	832	256	428	808	332
128	832	320	429	809	374
128	832	384	432	810	421
128	832	448	434	811	470
128	832	512	436	811	518
128	832	576	440	812	573
128	832	640	443	813	627
128	832	704	447	814	681
128	832	768	451	815	734
128	832	832	456	816	790
128	832	896	460	815	844
128	832	960	465	816	899
128	832	1023	471	818	955
128	896	0	453	862	265
128	896	64	455	866	271
128	896	128	455	867	286
128	896	192	456	868	312
128	896	256	458	868	346
128	896	320	459	869	386
128	896	384	462	871	431
128	896	448	464	871	478
128	896	512	466	871	526
128	896	576	469	872	580
128	896	640	472	872	633
128	896	704	476	874	687
128	896	768	480	875	740
128	896	832	484	875	794
128	896	896	488	875	849
128	896	960	493	876	904
128	896	1023	498	878	959
128	960	0	483	922	283
128	960	64	484	925	288
128	960	128	485	926	302
128	960	192	486	926	327
128	960	256	487	928	359
128	960	320	489	929	398
128	960	384	491	929	441
128	960	448	492	930	487
128	960	512	495	931	535
128	960	576	498	932	588
128	960	640	501	931	640
128	960	704	504	932	693
128	960	768	508	934	746
128	960	832	512	935	800
128	960	896	516	935	854
128	960	960	520	935	909
128	960	1023	525	937	964
128	1023	0	511	979	301
128	1023	64	513	983	306
128	1023	128	514	984	319
128	1023	192	515	985	342
128	1023	256	516	986	373
128	1023	320	518	987	411
128	1023	384	520	987	452
128	1023	448	521	988	497
128	1023	512	524	989	544
128	1023	576	527	990	596
128	1023	640	529	990	648
128	1023	704	532	990	700
128	1023	768	535	990	751
128	1023	832	539	992	806
128	1023	896	543	991	860
128	1023	960	547	992	915
128	1023	1023	551	993	969
192	0	0	174	49	29
192	0	64	175	49	65
192	0	128	175	52	119
192	0	192	178	56	178
192	0	256	181	62	235
192	0	320	185	69	293
192	0	384	190	77	351
192	0	448	195	85	409
192	0	512	202	93	465
192	0	576	210	103	525
192	0	640	218	112	583
192	0	704	227	122	641
192	0	768	236	131	697
192	0	832	245	141	755
192	0	896	255	150	812
192	0	960	265	160	869
192	0	1023	276	170	927
192	64	0	176	77	34
192	64	64	176	78	67
192	64	128	177	79	120
192	64	192	179	82	178
192	64	256	182	86	236
192	64	320	187	90	294
192	64	384	192	96	352
192	64	448	197	103	409
192	64	512	204	109	465
192	64	576	212	118	525
192	64	640	220	125	584
192	64	704	228	134	642
192	64	768	237	143	698
192	64	832	247	151	755
192	64	896	256	160	812
192	64	960	267	169	870
192	64	1023	278	179	927
192	128	0	183	132	47
192	128	64	183	133	73
192	128	128	184	134	123
192	128	192	186	136	180
192	128	256	189	138	238
192	128	320	193	141	295
192	128	384	198	144	352
192	128	448	203	148	410
192	128	512	210	153	466
192	128	576	217	158	526
192	128	640	225	164	584
192	128	704	233	170	642
192	128	768	242	177	698
192	128	832	251	183	755
192	128	896	261	191	812
192	128	960	271	198	870
192	128	1023	282	206	927
192	192	0	194	193	63
192	192	64	195	195	84
192	192	128	196	195	130
192	192	192	197	196	184
192	192	256	201	198	241
192	192	320	204	200	297
192	192	384	209	202	354
192	192	448	214	205	412
192	192	512	220	208	467
192	192	576	227	212	527
192	192	640	234	216	585
192	192	704	242	220	643
192	192	768	250	225	698
192	192	832	260	230	756
192	192	896	269	236	813
192	192	960	279	241	871
192	192	1023	289	248	928
192	256	0	210	253	81
192	256	64	210	255	98
192	256	128	211	256	138
192	256	192	213	256	190
192	256	256	216	257	244
192	256	320	219	259	300
192	256	384	223	261	357
192	256	448	228	263	414
192	256	512	234	265	469
192	256	576	241	269	529
192	256	640	247	271	587
192	256	704	255	275	644
192	256	768	263	278	700
192	256	832	271	283	758
192	256	896	280	286	815
192	256	960	290	291	872
192	256	1023	299	296	929
192	320	0	229	316	99
192	320	64	230	318	113
192	320	128	231	318	149
192	320	192	232	319	198
192	320	256	235	320	250
192	320	320	238	321	305
192	320	384	242	323	361
192	320	448	246	324	417
192	320	512	251	326	472
192	320	576	258	329	531
192	320	640	264	330	589
192	320	704	271	333	647
192	320	768	278	336	702
192	320	832	286	339	759
192	320	896	294	342	816
192	320	960	303	346	873
192	320	1023	312	350	930
192	384	0	250	376	117
192	384	64	251	378	129
192	384	128	252	379	161
192	384	192	254	379	206
192	384	256	256	380	257
192	384	320	259	381	310
192	384	384	262	383	365
192	384	448	267	384	421
192	384	512	271	386	475
192	384	576	277	388	534
192	384	640	283	390	592
192	384	704	289	391	648
192	384	768	296	394	704
192	384	832	304	397	761
192	384	896	311	399	818
192	384	960	319	402	875
192	384	1023	328	405	932
192	448	0	274	437	136
192	448	64	275	440	146
192	448	128	276	439	174
192	448	192	278	441	217
192	448	256	279	441	265
192	448	320	282	442	317
192	448	384	285	444	371
192	448	448	289	445	426
192	448	512	293	446	479
192	448	576	299	448	538
192	448	640	304	449	595
192	448	704	310	451	652
192	448	768	316	453	707
192	448	832	323	455	763
192	448	896	329	457	820
192	448	960	337	459	877
192	448	1023	345	462	933
192	512	0	298	496	154
192	512	64	300	499	163
192	512	128	301	500	188
192	512	192	302	500	228
192	512	256	304	501	274
192	512	320	306	501	324
192	512	384	309	503	377
192	512	448	313	504	431
192	512	512	317	505	484
192	512	576	322	507	542
192	512	640	326	508	599
192	512	704	331	509	655
192	512	768	337	511	710
192	512	832	344	513	767
192	512	896	350	515	823
192	512	960	357	517	880
192	512	1023	365	519	936
192	576	0	328	562	174
192	576	64	329	565	182
192	576	128	330	566	205
192	576	192	331	566	241
192	576	256	333	567	285
192	576	320	335	568	334
192	576	384	337	569	385
192	576	448	340	570	437
192	576	512	344	571	490
192	576	576	349	573	548
192	576	640	353	573	604
192	576	704	358	574	659
192	576	768	363	576	714
192	576	832	369	578	770
192	576	896	375	579	826
192	576	960	381	580	883
192	576	1023	388	583	939
192	640	0	355	622	192
192	640	64	356	626	200
192	640	128	357	627	220
192	640	192	358	627	254
192	640	256	359	627	296
192	640	320	362	628	342
192	640	384	364	630	393
192	640	448	367	630	445
192	640	512	371	632	496
192	640	576	375	633	553
192	640	640	379	633	609
192	640	704	383	634	664
192	640	768	388	636	718
192	640	832	394	638	775
192	640	896	399	639	831
192	640	960	405	640	887
192	640	1023	411	641	942
192	704	0	383	683	211
192	704	64	384	687	218
192	704	128	385	688	236
192	704	192	386	688	268
192	704	256	388	689	308
192	704	320	390	690	353
192	704	384	392	691	401
192	704	448	394	692	452
192	704	512	397	692	503
192	704	576	402	694	559
192	704	640	405	694	614
192	704	704	409	695	669
192	704	768	413	696	723
192	704	832	419	698	779
192	704	896	424	699	835
192	704	960	430	700	891
192	704	1023	436	702	947
192	768	0	411	744	229
192	768	64	413	747	235
192	768	128	413	747	253
192	768	192	414	749	283
192	768	256	416	749	320
192	768	320	418	750	364
192	768	384	420	751	411
192	768	448	422	752	461
192	768	512	425	752	510
192	768	576	428	753	566
192	768	640	431	754	621
192	768	704	436	755	675
192	768	768	440	756	729
192	768	832	445	757	784
192	768	896	449	757	839
192	768	960	454	758	895
192	768	1023	460	760	951
192	832	0	439	802	247
192	832	64	440	805	253
192	832	128	441	807	269
192	832	192	442	807	297
192	832	256	443	808	333
192	832	320	445	809	374
192	832	384	447	810	420
192	832	448	449	810	469
192	832	512	452	811	518
192	832	576	455	812	572
192	832	640	458	812	626
192	832	704	461	812	680
192	832	768	466	815	734
192	832	832	470	815	789
192	832	896	474	816	844
192	832	960	479	817	899
192	832	1023	485	818	955
192	896	0	468	862	265
192	896	64	469	866	271
192	896	128	470	867	286
192	896	192	471	867	312
192	896	256	472	868	346
192	896	320	474	869	386
192	896	384	476	870	430
192	896	448	478	870	478
192	896	512	480	871	526
192	896	576	484	872	580
192	896	640	486	872	633
192	896	704	489	873	686
192	896	768	493	874	739
192	896	832	498	876	794
192	896	896	502	876	848
192	896	960	506	877	904
192	896	1023	511	878	959
192	960	0	496	922	284
192	960	64	498	925	289
192	960	128	499	927	303
192	960	192	500	927	327
192	960	256	501	927	359
192	960	320	502	928	398
192	960	384	504	929	441
192	960	448	506	930	488
192	960	512	508	931	535
192	960	576	512	932	588
192	960	640	514	932	640
192	960	704	517	932	693
192	960	768	521	933	745
192	960	832	525	935	800
192	960	896	529	935	854
192	960	960	533	936	909
192	960	1023	538	937	964
192	1023	0	525	980	301
192	1023	64	526	984	306
192	1023	128	527	985	319
192	1023	192	528	985	342
192	1023	256	529	985	373
192	1023	320	530	986	410
192	1023	384	532	987	452
192	1023	448	534	988	498
192	1023	512	536	989	544
192	1023	576	539	990	596
192	1023	640	541	990	648
192	1023	704	544	990	700
192	1023	768	547	991	751
192	1023	832	552	992	806
192	1023	896	555	992	860
192	1023	960	559	992	915
192	1023	1023	563	993	969
256	0	0	230	65	38
256	0	64	230	65	68
256	0	128	231	67	121
256	0	192	232	70	178
256	0	256	234	74	236
256	0	320	238	80	293
256	0	384	242	87	351
256	0	448	246	94	409
256	0	512	251	101	465
256	0	576	257	110	525
256	0	640	263	119	583
256	0	704	270	128	641
256	0	768	277	136	697
256	0	832	286	146	755
256	0	896	294	155	812
256	0	960	303	165	870
256	0	1023	312	174	926
256	64	0	232	87	42
256	64	64	232	88	70
256	64	128	232	89	122
256	64	192	234	91	179
256	64	256	236	95	236
256	64	320	239	99	294
256	64	384	243	104	351
256	64	448	247	110	409
256	64	512	252	116	465
256	64	576	259	124	525
256	64	640	265	131	584
256	64	704	271	139	641
256	64	768	279	147	697
256	64	832	287	156	755
256	64	896	295	165	812
256	64	960	304	173	870
256	64	1023	313	183	926
256	128	0	236	137	52
256	128	64	236	139	77
256	128	128	237	139	125
256	128	192	238	141	181
256	128	256	241	143	238
256	128	320	244	145	295
256	128	384	248	149	353
256	128	448	252	153	410
256	128	512	257	157	466
256	128	576	263	163	526
256	128	640	269	168	584
256	128	704	276	174	642
256	128	768	282	181	697
256	128	832	291	187	756
256	128	896	298	194	812
256	128	960	307	201	870
256	128	1023	316	209	926
256	192	0	245	197	67
256	192	64	245	198	87
256	192	128	246	198	131
256	192	192	247	200	185
256	192	256	249	201	241
256	192	320	252	203	298
256	192	384	256	206	355
256	192	448	260	208	411
256	192	512	265	211	466
256	192	576	271	215	527
256	192	640	276	219	585
256	192	704	283	223	643
256	192	768	290	228	699
256	192	832	298	233	756
256	192	896	305	238	812
256	192	960	314	244	870
256	192	1023	322	250	927
256	256	0	257	256	84
256	256	64	257	257	100
256	256	128	258	258	139
256	256	192	260	259	191
256	256	256	262	260	245
256	256	320	264	262	301
256	256	384	268	263	357
256	256	448	271	265	414
256	256	512	276	267	469
256	256	576	282	271	529
256	256	640	287	273	587
256	256	704	293	276	644
256	256	768	300	281	700
256	256	832	307	284	757
256	256	896	315	288	814
256	256	960	323	293	872
256	256	1023	331	298	928
256	320	0	272	317	101
256	320	64	273	319	115
256	320	128	273	320	150
256	320	192	275	320	198
256	320	256	277	321	250
256	320	320	279	322	305
256	320	384	283	324	361
256	320	448	286	326	417
256	320	512	291	328	472
256	320	576	296	330	531
256	320	640	301	332	589
256	320	704	307	335	646
256	320	768	314	338	701
256	320	832	321	341	759
256	320	896	328	344	816
256	320	960	335	347	873
256	320	1023	344	352	930
256	384	0	290	378	119
256	384	64	291	380	131
256	384	128	291	380	162
256	384	192	293	381	207
256	384	256	295	382	257
256	384	320	297	383	311
256	384	384	300	384	365
256	384	448	303	385	421
256	384	512	308	387	475
256	384	576	313	389	534
256	384	640	317	391	591
256	384	704	323	393	649
256	384	768	329	395	704
256	384	832	335	398	761
256	384	896	342	400	817
256	384	960	349	403	874
256	384	1023	357	407	931
256	448	0	310	437	137
256	448	64	311	440	147
256	448	128	312	441	175
256	448	192	313	441	217
256	448	256	314	442	265
256	448	320	317	443	317
256	448	384	320	444	371
256	448	448	323	445	426
256	448	512	327	447	479
256	448	576	332	449	538
256	448	640	336	450	595
256	448	704	341	451	651
256	448	768	347	453	706
256	448	832	353	456	764
256	448	896	359	458	820
256	448	960	366	461	877
256	448	1023	373	464	933
256	512	0	332	497	155
256	512	64	333	500	164
256	512	128	333	500	189
256	512	192	335	501	229
256	512	256	336	502	274
256	512	320	338	503	325
256	512	384	341	504	377
256	512	448	344	504	431
256	512	512	347	506	484
256	512	576	352	508	542
256	512	640	356	508	598
256	512	704	361	510	655
256	512	768	366	512	710
256	512	832	372	514	766
256	512	896	378	515	823
256	512	960	384	517	879
256	512	1023	391	520	936
256	576	0	357	563	175
256	576	64	359	566	183
256	576	128	359	567	206
256	576	192	360	567	242
256	576	256	362	568	285
256	576	320	364	569	334
256	576	384	367	570	385
256	576	448	369	571	438
256	576	512	373	572	490
256	576	576	377	574	548
256	576	640	381	574	604
256	576	704	385	575	659
256	576	768	390	577	714
256	576	832	396	579	771
256	576	896	401	580	827
256	576	960	406	582	883
256	576	1023	413	584	939
256	640	0	383	624	193
256	640	64	384	626	201
256	640	128	384	627	221
256	640	192	385	627	255
256	640	256	387	628	296
256	640	320	389	630	343
256	640	384	391	630	392
256	640	448	393	631	445
256	640	512	397	632	496
256	640	576	400	633	553
256	640	640	404	634	608
256	640	704	408	635	664
256	640	768	413	637	719
256	640	832	418	638	774
256	640	896	423	639	830
256	640	960	428	640	886
256	640	1023	434	642	942
256	704	0	409	685	212
256	704	64	410	688	219
256	704	128	410	688	237
256	704	192	411	689	269
256	704	256	413	690	308
256	704	320	415	691	353
256	704	384	417	692	402
256	704	448	419	692	453
256	704	512	422	693	503
256	704	576	426	695	559
256	704	640	429	695	614
256	704	704	433	696	670
256	704	768	437	697	723
256	704	832	442	698	779
256	704	896	446	699	834
256	704	960	451	700	890
256	704	1023	457	702	946
256	768	0	435	744	230
256	768	64	436	748	236
256	768	128	437	748	254
256	768	192	438	749	283
256	768	256	439	749	320
256	768	320	440	750	364
256	768	384	443	751	411
256	768	448	445	751	461
256	768	512	448	753	511
256	768	576	451	754	566
256	768	640	454	754	621
256	768	704	457	755	675
256	768	768	461	756	728
256	768	832	466	758	784
256	768	896	470	758	840
256	768	960	475	759	896
256	768	1023	481	761	951
256	832	0	461	803	248
256	832	64	462	807	254
256	832	128	462	806	270
256	832	192	464	807	297
256	832	256	465	808	333
256	832	320	466	809	375
256	832	384	469	810	421
256	832	448	470	810	469
256	832	512	473	811	518
256	832	576	477	813	573
256	832	640	479	813	626
256	832	704	482	813	680
256	832	768	486	814	733
256	832	832	491	816	789
256	832	896	495	816	844
256	832	960	499	816	899
256	832	1023	504	818	954
256	896	0	488	863	266
256	896	64	490	867	272
256	896	128	490	867	286
256	896	192	491	868	312
256	896	256	492	868	346
256	896	320	494	869	386
256	896	384	496	870	431
256	896	448	497	870	478
256	896	512	500	871	526
256	896	576	503	872	579
256	896	640	505	872	632
256	896	704	509	874	687
256	896	768	513	875	739
256	896	832	516	875	793
256	896	896	520	876	848
256	896	960	524	877	904
256	896	1023	529	878	959
256	960	0	516	923	284
256	960	64	517	926	290
256	960	128	518	927	303
256	960	192	519	928	328
256	960	256	520	928	360
256	960	320	521	929	398
256	960	384	523	930	442
256	960	448	524	930	487
256	960	512	527	931	534
256	960	576	530	932	587
256	960	640	532	932	640
256	960	704	535	932	692
256	960	768	539	935	745
256	960	832	542	935	799
256	960	896	546	935	853
256	960	960	550	936	909
256	960	1023	554	937	963
256	1023	0	543	981	302
256	1023	64	544	984	307
256	1023	128	545	984	320
256	1023	192	546	986	343
256	1023	256	547	986	374
256	1023	320	548	987	411
256	1023	384	550	988	453
256	1023	448	551	987	497
256	1023	512	553	989	544
256	1023	576	556	990	596
256	1023	640	558	990	647
256	1023	704	561	990	700
256	1023	768	565	992	752
256	1023	832	568	992	806
256	1023	896	571	992	859
256	1023	960	575	992	914
256	1023	1023	579	992	969
320	0	0	286	80	47
320	0	64	285	80	73
320	0	128	286	82	123
320	0	192	287	84	180
320	0	256	289	88	237
320	0	320	291	92	294
320	0	384	295	98	352
320	0	448	298	104	409
320	0	512	302	111	465
320	0	576	307	119	525
320	0	640	312	127	584
320	0	704	317	135	641
320	0	768	324	143	698
320	0	832	330	152	755
320	0	896	337	161	812
320	0	960	344	170	870
320	0	1023	352	179	926
320	64	0	287	99	50
320	64	64	286	99	75
320	64	128	287	100	124
320	64	192	288	102	181
320	64	256	290	105	237
320	64	320	292	109	295
320	64	384	296	114	352
320	64	448	299	119	410
320	64	512	303	125	465
320	64	576	308	131	526
320	64	640	313	139	584
320	64	704	318	146	641
320	64	768	325	154	698
320	64	832	331	162	755
320	64	896	338	170	812
320	64	960	345	179	870
320	64	1023	353	188	926
320	128	0	290	144	59
320	128	64	290	145	81
320	128	128	291	146	127
320	128	192	292	147	183
320	128	256	294	149	239
320	128	320	296	152	296
320	128	384	299	155	353
320	128	448	302	159	411
320	128	512	306	163	466
320	128	576	311	168	526
320	128	640	316	173	584
320	128	704	321	179	642
320	128	768	327	185	697
320	128	832	335	192	756
320	128	896	341	198	813
320	128	960	348	206	870
320	128	1023	356	213	926
320	192	0	297	201	72
320	192	64	297	203	91
320	192	128	298	203	133
320	192	192	299	204	187
320	192	256	300	205	242
320	192	320	303	207	298
320	192	384	306	210	355
320	192	448	309	212	412
320	192	512	313	215	467
320	192	576	318	219	527
320	192	640	323	223	586
320	192	704	328	227	643
320	192	768	334	232	698
320	192	832	340	237	756
320	192	896	347	242	813
320	192	960	354	247	871
320	192	1023	362	254	927
320	256	0	307	259	88
320	256	64	307	261	103
320	256	128	308	261	142
320	256	192	309	262	192
320	256	256	310	263	246
320	256	320	313	265	302
320	256	384	316	267	358
320	256	448	319	268	414
320	256	512	322	271	469
320	256	576	327	274	529
320	256	640	332	277	587
320	256	704	337	280	644
320	256	768	342	283	700
320	256	832	349	288	758
320	256	896	355	291	815
320	256	960	361	295	871
320	256	1023	369	300	928
320	320	0	320	320	105
320	320	64	320	322	118
320	320	128	320	322	152
320	320	192	322	323	200
320	320	256	323	324	252
320	320	320	326	325	306
320	320	384	328	327	362
320	320	448	331	328	418
320	320	512	335	330	472
320	320	576	339	333	531
320	320	640	344	334	589
320	320	704	348	337	646
320	320	768	354	340	702
320	320	832	360	343	759
320	320	896	366	346	816
320	320	960	373	350	873
320	320	1023	380	354	930
320	384	0	335	380	122
320	384	64	335	382	133
320	384	128	336	383	164
320	384	192	337	383	209
320	384	256	338	384	258
320	384	320	340	385	311
320	384	384	343	386	366
320	384	448	346	387	421
320	384	512	349	389	476
320	384	576	354	392	535
320	384	640	358	393	592
320	384	704	362	395	649
320	384	768	368	397	704
320	384	832	374	400	762
320	384	896	379	403	818
320	384	960	386	406	875
320	384	1023	393	409	932
320	448	0	352	440	140
320	448	64	353	443	150
320	448	128	353	443	177
320	448	192	354	444	219
320	448	256	356	444	267
320	448	320	357	445	318
320	448	384	360	447	372
320	448	448	362	447	426
320	448	512	366	449	479
320	448	576	370	451	538
320	448	640	374	452	595
320	448	704	379	454	652
320	448	768	384	456	707
320	448	832	389	458	764
320	448	896	394	459	820
320	448	960	400	462	877
320	448	1023	407	465	933
320	512	0	371	499	157
320	512	64	371	502	166
320	512	128	372	502	191
320	512	192	373	502	230
320	512	256	374	503	275
320	512	320	376	504	325
320	512	384	379	506	378
320	512	448	381	506	431
320	512	512	384	508	484
320	512	576	388	510	543
320	512	640	392	510	599
320	512	704	396	511	655
320	512	768	401	513	710
320	512	832	406	516	767
320	512	896	412	517	824
320	512	960	417	519	880
320	512	1023	424	522	937
320	576	0	393	565	177
320	576	64	394	567	185
320	576	128	395	568	207
320	576	192	395	568	243
320	576	256	397	569	286
320	576	320	399	570	335
320	576	384	401	571	385
320	576	448	403	572	438
320	576	512	406	573	490
320	576	576	410	575	548
320	576	640	413	575	604
320	576	704	417	576	659
320	576	768	423	579	715
320	576	832	427	580	770
320	576	896	432	581	826
320	576	960	437	582	883
320	576	1023	443	585	939
320	640	0	416	625	195
320	640	64	417	628	202
320	640	128	417	628	222
320	640	192	418	629	256
320	640	256	420	629	297
320	640	320	421	630	344
320	640	384	424	632	394
320	640	448	426	632	445
320	640	512	428	633	496
320	640	576	432	634	553
320	640	640	435	635	609
320	640	704	439	636	664
320	640	768	443	638	719
320	640	832	448	640	775
320	640	896	452	640	830
320	640	960	457	641	886
320	640	1023	463	643	942
320	704	0	439	685	213
320	704	64	441	689	220
320	704	128	441	690	239
320	704	192	442	690	270
320	704	256	443	690	309
320	704	320	445	691	354
320	704	384	447	693	402
320	704	448	449	693	453
320	704	512	452	694	503
320	704	576	455	696	560
320	704	640	458	696	615
320	704	704	462	697	669
320	704	768	465	698	723
320	704	832	470	700	779
320	704	896	475	700	835
320	704	960	479	702	891
320	704	1023	484	704	947
320	768	0	464	745	231
320	768	64	465	749	238
320	768	128	466	749	255
320	768	192	466	750	284
320	768	256	468	751	321
320	768	320	469	751	365
320	768	384	471	752	412
320	768	448	473	752	461
320	768	512	476	754	511
320	768	576	479	755	566
320	768	640	481	755	620
320	768	704	485	756	676
320	768	768	489	758	729
320	768	832	493	758	784
320	768	896	497	759	839
320	768	960	501	760	895
320	768	1023	506	762	951
320	832	0	488	804	249
320	832	64	489	807	255
320	832	128	490	808	271
320	832	192	490	808	298
320	832	256	492	809	334
320	832	320	493	810	375
320	832	384	495	811	421
320	832	448	497	811	470
320	832	512	499	812	518
320	832	576	502	814	573
320	832	640	505	813	626
320	832	704	508	814	680
320	832	768	511	815	733
320	832	832	516	817	789
320	832	896	519	817	844
320	832	960	524	818	899
320	832	1023	529	819	955
320	896	0	514	864	267
320	896	64	515	868	273
320	896	128	516	868	287
320	896	192	516	869	313
320	896	256	517	869	347
320	896	320	519	870	387
320	896	384	521	871	431
320	896	448	522	871	478
320	896	512	525	873	526
320	896	576	528	874	580
320	896	640	530	874	633
320	896	704	533	874	686
320	896	768	536	875	739
320	896	832	540	877	794
320	896	896	544	877	849
320	896	960	548	878	904
320	896	1023	553	880	959
320	960	0	539	923	285
320	960	64	541	927	291
320	960	128	541	927	304
320	960	192	542	928	328
320	960	256	543	928	360
320	960	320	544	929	399
320	960	384	546	930	442
320	960	448	548	931	488
320	960	512	550	931	535
320	960	576	553	933	588
320	960	640	555	933	640
320	960	704	558	934	693
320	960	768	561	935	745
320	960	832	565	936	800
320	960	896	568	935	853
320	960	960	571	936	908
320	960	1023	576	938	963
320	1023	0	565	981	303
320	1023	64	567	985	308
320	1023	128	567	985	321
320	1023	192	568	986	344
320	1023	256	569	986	374
320	1023	320	570	987	411
320	1023	384	572	988	453
320	1023	448	574	989	498
320	1023	512	575	988	543
320	1023	576	578	990	596
320	1023	640	581	991	648
320	1023	704	583	991	700
320	1023	768	586	992	752
320	1023	832	590	993	806
320	1023	896	592	991	859
320	1023	960	596	992	914
320	1023	1023	599	993	968
384	0	0	343	96	57
384	0	64	343	96	79
384	0	128	342	97	126
384	0	192	344	99	182
384	0	256	345	102	238
384	0	320	347	106	295
384	0	384	350	111	353
384	0	448	352	116	410
384	0	512	356	122	466
384	0	576	360	129	526
384	0	640	364	136	584
384	0	704	369	144	642
384	0	768	374	152	698
384	0	832	380	160	756
384	0	896	385	168	813
384	0	960	391	177	870
384	0	1023	398	186	926
384	64	0	344	111	59
384	64	64	343	112	81
384	64	128	343	113	127
384	64	192	345	114	183
384	64	256	346	117	239
384	64	320	348	120	296
384	64	384	351	125	353
384	64	448	353	129	410
384	64	512	357	135	466
384	64	576	361	141	526
384	64	640	365	147	584
384	64	704	369	154	642
384	64	768	374	162	698
384	64	832	380	169	755
384	64	896	386	177	813
384	64	960	391	185	870
384	64	1023	398	194	926
384	128	0	347	153	66
384	128	64	347	154	86
384	128	128	346	154	130
384	128	192	348	156	185
384	128	256	349	158	240
384	128	320	351	160	297
384	128	384	354	163	354
384	128	448	357	167	412
384	128	512	359	170	466
384	128	576	364	175	527
384	128	640	368	181	585
384	128	704	372	186	642
384	128	768	377	192	698
384	128	832	383	198	756
384	128	896	388	204	812
384	128	960	394	211	870
384	128	1023	401	218	926
384	192	0	353	207	79
384	192	64	352	209	96
384	192	128	352	209	136
384	192	192	354	210	189
384	192	256	355	211	243
384	192	320	357	213	299
384	192	384	359	215	356
384	192	448	362	218	413
384	192	512	365	221	468
384	192	576	369	224	528
384	192	640	373	228	586
384	192	704	378	232	643
384	192	768	383	237	699
384	192	832	388	242	756
384	192	896	393	246	813
384	192	960	399	252	870
384	192	1023	406	258	927
384	256	0	361	263	93
384	256	64	360	265	107
384	256	128	361	266	145
384	256	192	362	267	194
384	256	256	363	268	248
384	256	320	365	269	303
384	256	384	367	271	359
384	256	448	370	273	415
384	256	512	373	275	470
384	256	576	377	278	530
384	256	640	380	280	587
384	256	704	385	283	644
384	256	768	390	288	700
384	256	832	395	291	757
384	256	896	400	295	814
384	256	960	406	299	872
384	256	1023	413	304	928
384	320	0	371	323	109
384	320	64	371	325	121
384	320	128	371	325	154
384	320	192	372	326	202
384	320	256	373	327	253
384	320	320	375	328	307
384	320	384	378	330	362
384	320	448	380	331	418
384	320	512	383	333	472
384	320	576	387	335	532
384	320	640	391	338	590
384	320	704	395	340	647
384	320	768	400	343	702
384	320	832	406	347	760
384	320	896	410	349	816
384	320	960	415	352	873
384	320	1023	421	357	929
384	384	0	384	383	125
384	384	64	383	385	136
384	384	128	384	385	166
384	384	192	385	386	210
384	384	256	387	387	260
384	384	320	388	388	313
384	384	384	391	389	367
384	384	448	393	390	422
384	384	512	396	392	476
384	384	576	400	394	535
384	384	640	403	396	592
384	384	704	407	397	649
384	384	768	412	400	705
384	384	832	417	402	761
384	384	896	421	405	818
384	384	960	427	408	875
384	384	1023	433	411	932
384	448	0	398	442	143
384	448	64	399	445	152
384	448	128	399	445	179
384	448	192	400	445	220
384	448	256	401	446	268
384	448	320	403	447	319
384	448	384	405	449	372
384	448	448	407	449	427
384	448	512	411	451	480
384	448	576	414	453	539
384	448	640	417	454	596
384	448	704	421	456	652
384	448	768	426	458	707
384	448	832	431	460	764
384	448	896	435	462	821
384	448	960	441	465	878
384	448	1023	447	468	934
384	512	0	415	501	160
384	512	64	415	503	168
384	512	128	416	504	193
384	512	192	417	505	231
384	512	256	418	506	277
384	512	320	420	506	326
384	512	384	422	508	379
384	512	448	423	508	432
384	512	512	426	509	485
384	512	576	430	511	543
384	512	640	433	512	599
384	512	704	437	513	655
384	512	768	442	516	711
384	512	832	446	517	767
384	512	896	450	519	823
384	512	960	455	520	880
384	512	1023	461	524	936
384	576	0	435	567	179
384	576	64	436	570	187
384	576	128	436	569	209
384	576	192	437	570	244
384	576	256	438	571	287
384	576	320	440	572	335
384	576	384	442	573	386
384	576	448	444	574	439
384	576	512	446	574	491
384	576	576	450	576	548
384	576	640	453	577	604
384	576	704	456	578	660
384	576	768	460	580	714
384	576	832	465	582	771
384	576	896	468	582	826
384	576	960	473	583	883
384	576	1023	479	586	939
384	640	0	455	626	197
384	640	64	456	629	204
384	640	128	456	630	224
384	640	192	457	630	257
384	640	256	458	631	298
384	640	320	459	631	344
384	640	384	462	633	394
384	640	448	464	633	446
384	640	512	466	634	497
384	640	576	470	636	554
384	640	640	472	636	609
384	640	704	475	637	664
384	640	768	479	639	718
384	640	832	484	641	775
384	640	896	487	641	831
384	640	960	492	643	887
384	640	1023	497	645	943
384	704	0	477	687	215
384	704	64	478	691	222
384	704	128	478	691	240
384	704	192	479	692	271
384	704	256	480	692	310
384	704	320	481	693	355
384	704	384	484	694	403
384	704	448	485	694	453
384	704	512	487	695	504
384	704	576	491	697	560
384	704	640	493	697	615
384	704	704	497	698	670
384	704	768	500	700	724
384	704	832	504	701	779
384	704	896	508	701	835
384	704	960	512	702	891
384	704	1023	517	705	947
384	768	0	499	747	233
384	768	64	500	750	239
384	768	128	501	751	256
384	768	192	501	751	285
384	768	256	502	751	322
384	768	320	504	752	365
384	768	384	506	754	413
384	768	448	507	754	462
384	768	512	510	755	512
384	768	576	513	757	567
384	768	640	515	757	621
384	768	704	518	757	676
384	768	768	521	758	729
384	768	832	526	760	785
384	768	896	529	761	840
384	768	960	533	762	896
384	768	1023	538	764	952
384	832	0	521	805	251
384	832	64	522	809	256
384	832	128	522	809	272
384	832	192	523	809	299
384	832	256	524	810	335
384	832	320	526	811	376
384	832	384	528	812	422
384	832	448	529	813	470
384	832	512	531	813	519
384	832	576	534	814	573
384	832	640	537	815	627
384	832	704	540	816	681
384	832	768	543	817	734
384	832	832	547	818	790
384	832	896	550	818	844
384	832	960	553	819	899
384	832	1023	558	820	955
384	896	0	545	865	269
384	896	64	547	869	274
384	896	128	547	870	289
384	896	192	548	870	315
384	896	256	548	870	348
384	896	320	550	871	388
384	896	384	552	873	432
384	896	448	553	872	479
384	896	512	555	873	527
384	896	576	558	874	580
384	896	640	560	874	633
384	896	704	562	875	687
384	896	768	566	877	740
384	896	832	569	877	794
384	896	896	572	877	848
384	896	960	576	878	904
384	896	1023	581	880	959
384	960	0	569	924	286
384	960	64	570	928	292
384	960	128	571	929	305
384	960	192	571	929	329
384	960	256	573	930	362
384	960	320	574	931	400
384	960	384	575	931	442
384	960	448	577	931	488
384	960	512	579	933	536
384	960	576	582	934	588
384	960	640	583	934	640
384	960	704	586	934	693
384	960	768	589	935	745
384	960	832	593	937	800
384	960	896	596	937	854
384	960	960	599	938	909
384	960	1023	604	939	964
384	1023	0	594	982	304
384	1023	64	595	986	309
384	1023	128	596	987	322
384	1023	192	596	987	345
384	1023	256	597	988	376
384	1023	320	599	989	412
384	1023	384	600	989	454
384	1023	448	601	989	499
384	1023	512	603	990	545
384	1023	576	606	992	597
384	1023	640	608	992	648
384	1023	704	610	991	700
384	1023	768	613	992	752
384	1023	832	616	994	806
384	1023	896	619	993	860
384	1023	960	622	994	915
384	1023	1023	626	994	969
448	0	0	398	111	66
448	0	64	398	111	86
448	0	128	398	112	130
448	0	192	398	114	184
448	0	256	399	116	240
448	0	320	401	120	297
448	0	384	404	124	354
448	0	448	406	129	411
448	0	512	409	134	466
448	0	576	413	140	526
448	0	640	416	147	585
448	0	704	419	154	642
448	0	768	424	161	698
448	0	832	429	169	756
448	0	896	433	177	813
448	0	960	439	185	870
448	0	1023	444	193	926
448	64	0	399	125	68
448	64	64	398	125	87
448	64	128	399	126	131
448	64	192	399	127	185
448	64	256	400	129	240
448	64	320	402	132	297
448	64	384	404	136	354
448	64	448	407	141	411
448	64	512	409	145	466
448	64	576	413	151	527
448	64	640	416	157	585
448	64	704	420	163	642
448	64	768	424	170	698
448	64	832	430	178	756
448	64	896	434	185	813
448	64	960	440	193	871
448	64	1023	445	201	926
448	128	0	401	162	74
448	128	64	401	163	92
448	128	128	401	163	134
448	128	192	402	165	187
448	128	256	403	166	242
448	128	320	405	169	298
448	128	384	407	172	355
448	128	448	409	175	412
448	128	512	412	179	467
448	128	576	415	183	527
448	128	640	419	188	585
448	128	704	423	193	643
448	128	768	427	199	699
448	128	832	432	205	757
448	128	896	436	211	813
448	128	960	441	218	870
448	128	1023	447	224	927
448	192	0	406	214	85
448	192	64	406	215	101
448	192	128	406	215	140
448	192	192	407	217	191
448	192	256	408	218	245
448	192	320	410	220	301
448	192	384	412	222	357
448	192	448	413	224	413
448	192	512	417	227	468
448	192	576	420	230	528
448	192	640	423	234	586
448	192	704	428	238	644
448	192	768	432	242	700
448	192	832	436	247	757
448	192	896	440	252	813
448	192	960	446	257	871
448	192	1023	452	263	927
448	256	0	413	268	98
448	256	64	412	270	112
448	256	128	413	271	148
448	256	192	414	271	197
448	256	256	415	272	249
448	256	320	416	274	304
448	256	384	419	276	360
448	256	448	420	277	416
448	256	512	423	280	471
448	256	576	427	282	530
448	256	640	430	285	588
448	256	704	433	288	645
448	256	768	439	292	701
448	256	832	443	296	758
448	256	896	447	299	815
448	256	960	452	304	872
448	256	1023	458	309	929
448	320	0	422	327	113
448	320	64	422	329	125
448	320	128	422	329	158
448	320	192	423	330	204
448	320	256	424	331	255
448	320	320	426	332	308
448	320	384	428	334	363
448	320	448	430	336	419
448	320	512	433	337	473
448	320	576	436	340	533
448	320	640	439	342	590
448	320	704	442	344	647
448	320	768	447	347	702
448	320	832	452	350	760
448	320	896	456	353	817
448	320	960	460	356	873
448	320	1023	466	360	930
448	384	0	433	386	129
448	384	64	432	388	140
448	384	128	433	388	169
448	384	192	434	389	212
448	384	256	435	390	261
448	384	320	436	391	314
448	384	384	439	392	368
448	384	448	441	393	423
448	384	512	443	395	477
448	384	576	447	397	536
448	384	640	449	398	593
448	384	704	453	400	649
448	384	768	457	403	705
448	384	832	461	405	761
448	384	896	466	408	818
448	384	960	470	411	875
448	384	1023	476	414	932
448	448	0	446	445	146
448	448	64	446	447	155
448	448	128	446	448	182
448	448	192	447	448	222
448	448	256	448	449	269
448	448	320	449	450	320
448	448	384	452	451	373
448	448	448	453	452	427
448	448	512	456	454	481
448	448	576	460	456	539
448	448	640	462	457	596
448	448	704	466	458	652
448	448	768	469	460	707
448	448	832	474	463	764
448	448	896	478	465	821
448	448	960	483	467	878
448	448	1023	488	470	934
448	512	0	461	504	163
448	512	64	461	507	171
448	512	128	461	506	195
448	512	192	462	507	233
448	512	256	463	508	278
448	512	320	464	509	328
448	512	384	466	510	379
448	512	448	468	510	433
448	512	512	471	512	486
448	512	576	474	514	543
448	512	640	476	514	600
448	512	704	479	515	656
448	512	768	484	518	711
448	512	832	488	519	767
448	512	896	492	521	824
448	512	960	496	523	880
448	512	1023	501	526	936
448	576	0	479	569	182
448	576	64	479	572	189
448	576	128	479	572	211
448	576	192	480	572	246
448	576	256	481	573	289
448	576	320	482	574	336
448	576	384	484	575	387
448	576	448	486	576	440
448	576	512	488	576	491
448	576	576	491	578	548
448	576	640	494	579	605
448	576	704	497	580	660
448	576	768	501	582	715
448	576	832	505	584	771
448	576	896	508	584	827
448	576	960	512	586	883
448	576	1023	517	588	939
448	640	0	496	628	199
448	640	64	497	631	206
448	640	128	498	632	226
448	640	192	498	632	259
448	640	256	499	633	299
448	640	320	501	634	346
448	640	384	502	635	395
448	640	448	504	635	447
448	640	512	506	636	498
448	640	576	510	638	554
448	640	640	512	638	610
448	640	704	515	639	665
448	640	768	518	640	719
448	640	832	522	643	775
448	640	896	526	643	831
448	640	960	530	644	887
448	640	1023	535	647	943
448	704	0	516	689	217
448	704	64	517	692	224
448	704	128	517	693	242
448	704	192	518	693	273
448	704	256	519	694	311
448	704	320	520	694	356
448	704	384	522	696	404
448	704	448	523	696	454
448	704	512	526	697	504
448	704	576	529	699	561
448	704	640	531	698	615
448	704	704	534	700	671
448	704	768	537	701	724
448	704	832	541	702	779
448	704	896	544	702	835
448	704	960	548	704	891
448	704	1023	552	706	947
448	768	0	537	748	235
448	768	64	537	752	241
448	768	128	538	752	258
448	768	192	538	752	287
448	768	256	539	753	323
448	768	320	540	753	366
448	768	384	542	755	413
448	768	448	544	755	463
448	768	512	546	756	512
448	768	576	549	758	567
448	768	640	551	758	622
448	768	704	554	758	676
448	768	768	557	759	729
448	768	832	561	761	785
448	768	896	564	762	840
448	768	960	568	763	896
448	768	1023	572	765	952
448	832	0	557	807	252
448	832	64	558	810	258
448	832	128	558	810	273
448	832	192	559	811	301
448	832	256	560	811	336
448	832	320	561	812	377
448	832	384	563	813	422
448	832	448	565	814	471
448	832	512	566	814	519
448	832	576	569	816	574
448	832	640	571	816	628
448	832	704	574	817	682
448	832	768	577	818	734
448	832	832	581	820	790
448	832	896	583	819	844
448	832	960	586	820	900
448	832	1023	591	822	955
448	896	0	580	867	270
448	896	64	581	871	276
448	896	128	581	871	290
448	896	192	582	871	316
448	896	256	582	871	349
448	896	320	583	872	389
448	896	384	585	873	433
448	896	448	586	873	480
448	896	512	588	874	527
448	896	576	591	876	581
448	896	640	593	875	634
448	896	704	596	877	688
448	896	768	599	878	740
448	896	832	601	878	794
448	896	896	604	878	849
448	896	960	608	879	904
448	896	1023	612	881	959
448	960	0	602	926	288
448	960	64	603	929	293
448	960	128	603	930	307
448	960	192	604	930	331
448	960	256	605	931	362
448	960	320	606	932	401
448	960	384	608	933	443
448	960	448	608	932	489
448	960	512	611	933	536
448	960	576	613	935	589
448	960	640	615	934	641
448	960	704	617	935	693
448	960	768	621	937	746
448	960	832	623	937	800
448	960	896	626	937	854
448	960	960	630	938	910
448	960	1023	634	940	964
448	1023	0	625	983	305
448	1023	64	626	987	310
448	1023	128	626	988	323
448	1023	192	627	988	346
448	1023	256	628	988	376
448	1023	320	629	989	413
448	1023	384	630	990	454
448	1023	448	631	990	499
448	1023	512	633	991	545
448	1023	576	636	992	597
448	1023	640	637	992	648
448	1023	704	639	992	700
448	1023	768	642	992	752
448	1023	832	645	994	806
448	1023	896	648	994	860
448	1023	960	651	994	915
448	1023	1023	654	994	969
512	0	0	452	126	75
512	0	64	451	126	92
512	0	128	451	127	134
512	0	192	452	129	187
512	0	256	453	131	242
512	0	320	454	134	298
512	0	384	456	137	355
512	0	448	458	142	412
512	0	512	461	146	467
512	0	576	464	152	527
512	0	640	467	158	585
512	0	704	470	164	642
512	0	768	473	171	698
512	0	832	478	178	756
512	0	896	482	185	813
512	0	960	487	193	871
512	0	1023	492	201	928
512	64	0	452	138	76
512	64	64	452	138	94
512	64	128	452	139	135
512	64	192	452	140	188
512	64	256	453	142	242
512	64	320	455	145	298
512	64	384	457	148	355
512	64	448	459	152	412
512	64	512	461	156	467
512	64	576	465	162	527
512	64	640	467	167	585
512	64	704	470	173	642
512	64	768	474	180	698
512	64	832	479	186	756
512	64	896	483	193	813
512	64	960	488	201	871
512	64	1023	493	209	928
512	128	0	454	172	82
512	128	64	454	173	98
512	128	128	454	173	138
512	128	192	455	175	190
512	128	256	456	176	244
512	128	320	457	178	300
512	128	384	459	181	356
512	128	448	461	184	413
512	128	512	464	188	468
512	128	576	467	192	528
512	128	640	470	196	586
512	128	704	473	202	643
512	128	768	477	207	699
512	128	832	481	212	757
512	128	896	485	218	814
512	128	960	489	225	870
512	128	1023	494	232	927
512	192	0	459	221	92
512	192	64	458	222	107
512	192	128	458	223	144
512	192	192	459	224	194
512	192	256	460	225	247
512	192	320	461	226	302
512	192	384	463	229	358
512	192	448	465	231	414
512	192	512	468	233	469
512	192	576	471	237	529
512	192	640	473	240	587
512	192	704	477	244	644
512	192	768	481	249	700
512	192	832	485	253	757
512	192	896	488	257	814
512	192	960	493	263	871
512	192	1023	498	268	928
512	256	0	465	274	104
512	256	64	464	276	117
512	256	128	464	276	151
512	256	192	465	277	199
512	256	256	466	278	251
512	256	320	468	279	306
512	256	384	470	281	361
512	256	448	471	283	417
512	256	512	474	285	472
512	256	576	477	288	531
512	256	640	479	290	588
512	256	704	482	293	645
512	256	768	487	297	702
512	256	832	490	300	758
512	256	896	494	304	815
512	256	960	499	308	873
512	256	1023	504	313	929
512	320	0	472	332	118
512	320	64	472	334	130
512	320	128	473	334	161
512	320	192	473	335	206
512	320	256	474	335	256
512	320	320	475	337	310
512	320	384	477	338	364
512	320	448	479	340	420
512	320	512	482	341	474
512	320	576	485	344	533
512	320	640	487	346	591
512	320	704	490	348	648
512	320	768	494	351	703
512	320	832	498	354	761
512	320	896	502	357	817
512	320	960	507	360	875
512	320	1023	511	364	931
512	384	0	482	390	134
512	384	64	482	392	144
512	384	128	482	392	172
512	384	192	483	393	215
512	384	256	484	394	263
512	384	320	485	394	315
512	384	384	487	396	369
512	384	448	488	397	424
512	384	512	491	398	477
512	384	576	494	401	536
512	384	640	497	402	593
512	384	704	500	404	650
512	384	768	503	407	705
512	384	832	507	409	762
512	384	896	511	411	819
512	384	960	515	414	875
512	384	1023	520	417	932
512	448	0	493	448	149
512	448	64	494	451	159
512	448	128	494	451	185
512	448	192	494	451	224
512	448	256	495	452	271
512	448	320	496	453	321
512	448	384	499	454	374
512	448	448	500	455	428
512	448	512	503	456	482
512	448	576	506	458	540
512	448	640	508	459	597
512	448	704	511	461	653
512	448	768	514	463	708
512	448	832	518	466	765
512	448	896	522	467	821
512	448	960	526	470	878
512	448	1023	531	473	935
512	512	0	507	506	166
512	512	64	507	509	174
512	512	128	507	509	198
512	512	192	508	510	235
512	512	256	509	510	280
512	512	320	510	511	329
512	512	384	512	512	380
512	512	448	513	513	434
512	512	512	515	514	486
512	512	576	519	516	544
512	512	640	521	517	600
512	512	704	524	519	657
512	512	768	527	520	711
512	512	832	531	522	767
512	512	896	534	523	824
512	512	960	538	525	880
512	512	1023	543	528	937
512	576	0	523	571	184
512	576	64	523	574	192
512	576	128	524	574	213
512	576	192	524	575	248
512	576	256	525	575	290
512	576	320	526	576	338
512	576	384	528	577	388
512	576	448	530	578	441
512	576	512	532	579	492
512	576	576	535	581	550
512	576	640	537	581	605
512	576	704	539	582	661
512	576	768	543	584	715
512	576	832	547	586	772
512	576	896	550	587	828
512	576	960	554	589	884
512	576	1023	558	590	940
512	640	0	540	631	202
512	640	64	540	633	209
512	640	128	540	634	228
512	640	192	540	634	260
512	640	256	542	635	301
512	640	320	543	636	347
512	640	384	544	636	396
512	640	448	546	637	447
512	640	512	548	638	498
512	640	576	551	640	555
512	640	640	553	640	610
512	640	704	555	641	665
512	640	768	559	643	720
512	640	832	563	644	776
512	640	896	566	645	831
512	640	960	569	647	888
512	640	1023	574	649	943
512	704	0	558	691	220
512	704	64	558	694	226
512	704	128	558	694	244
512	704	192	559	695	274
512	704	256	560	696	313
512	704	320	561	696	357
512	704	384	563	698	405
512	704	448	564	698	455
512	704	512	566	698	505
512	704	576	569	700	561
512	704	640	570	700	616
512	704	704	573	702	671
512	704	768	576	703	725
512	704	832	580	704	780
512	704	896	582	704	835
512	704	960	586	706	892
512	704	1023	591	708	947
512	768	0	576	750	237
512	768	64	577	754	243
512	768	128	577	754	260
512	768	192	578	754	288
512	768	256	578	754	325
512	768	320	580	755	368
512	768	384	582	757	414
512	768	448	583	757	464
512	768	512	585	758	513
512	768	576	588	759	568
512	768	640	589	760	622
512	768	704	592	760	677
512	768	768	595	761	730
512	768	832	598	763	786
512	768	896	601	764	841
512	768	960	605	765	897
512	768	1023	609	766	952
512	832	0	595	808	254
512	832	64	596	812	260
512	832	128	596	812	275
512	832	192	597	813	302
512	832	256	597	813	337
512	832	320	599	814	378
512	832	384	600	815	424
512	832	448	602	815	472
512	832	512	604	816	520
512	832	576	607	818	575
512	832	640	608	818	628
512	832	704	610	818	682
512	832	768	613	819	735
512	832	832	617	821	790
512	832	896	620	821	845
512	832	960	622	821	900
512	832	1023	626	823	955
512	896	0	616	868	272
512	896	64	617	872	278
512	896	128	617	872	292
512	896	192	618	873	317
512	896	256	618	873	350
512	896	320	619	874	390
512	896	384	621	875	434
512	896	448	622	875	480
512	896	512	624	875	528
512	896	576	626	877	581
512	896	640	628	877	634
512	896	704	631	878	688
512	896	768	634	879	741
512	896	832	636	880	795
512	896	896	639	880	849
512	896	960	642	881	905
512	896	1023	646	882	960
512	960	0	637	927	290
512	960	64	638	931	295
512	960	128	638	931	308
512	960	192	639	932	333
512	960	256	639	932	364
512	960	320	641	933	402
512	960	384	642	934	445
512	960	448	643	934	490
512	960	512	645	935	537
512	960	576	647	936	589
512	960	640	649	936	641
512	960	704	651	936	694
512	960	768	654	938	747
512	960	832	657	939	800
512	960	896	659	939	855
512	960	960	662	940	910
512	960	1023	666	941	964
512	1023	0	659	986	307
512	1023	64	659	988	312
512	1023	128	659	988	324
512	1023	192	660	989	347
512	1023	256	661	990	377
512	1023	320	662	990	414
512	1023	384	664	992	455
512	1023	448	664	991	500
512	1023	512	666	992	546
512	1023	576	668	993	597
512	1023	640	670	993	649
512	1023	704	671	993	701
512	1023	768	675	995	753
512	1023	832	677	995	806
512	1023	896	680	995	860
512	1023	960	682	995	915
512	1023	1023	686	995	970
576	0	0	512	143	85
576	0	64	512	143	100
576	0	128	512	144	140
576	0	192	512	145	190
576	0	256	513	147	245
576	0	320	514	149	300
576	0	384	516	152	356
576	0	448	518	156	413
576	0	512	520	160	468
576	0	576	523	165	528
576	0	640	525	171	586
576	0	704	528	177	643
576	0	768	531	183	699
576	0	832	535	189	757
576	0	896	539	196	814
576	0	960	542	204	871
576	0	1023	547	211	928
576	64	0	513	153	86
576	64	64	512	153	101
576	64	128	513	154	140
576	64	192	513	155	191
576	64	256	514	157	245
576	64	320	515	159	300
576	64	384	517	162	357
576	64	448	518	166	413
576	64	512	521	170	468
576	64	576	523	174	528
576	64	640	525	180	586
576	64	704	528	185	643
576	64	768	532	191	699
576	64	832	536	197	757
576	64	896	539	204	814
576	64	960	543	211	871
576	64	1023	548	218	927
576	128	0	515	184	91
576	128	64	514	185	106
576	128	128	514	185	143
576	128	192	515	186	193
576	128	256	515	188	246
576	128	320	517	190	302
576	128	384	519	192	358
576	128	448	520	195	414
576	128	512	522	198	469
576	128	576	525	203	529
576	128	640	528	207	587
576	128	704	530	211	644
576	128	768	533	216	699
576	128	832	538	222	757
576	128	896	541	227	814
576	128	960	545	233	872
576	128	1023	550	240	928
576	192	0	518	230	100
576	192	64	518	231	113
576	192	128	517	231	148
576	192	192	518	232	197
576	192	256	519	233	249
576	192	320	520	235	304
576	192	384	522	237	360
576	192	448	524	240	416
576	192	512	526	242	470
576	192	576	529	245	530
576	192	640	531	249	588
576	192	704	534	252	645
576	192	768	537	256	701
576	192	832	541	261	758
576	192	896	544	265	814
576	192	960	548	270	872
576	192	1023	552	276	928
576	256	0	524	281	111
576	256	64	523	283	123
576	256	128	523	283	156
576	256	192	524	284	202
576	256	256	525	285	253
576	256	320	526	286	307
576	256	384	527	288	362
576	256	448	529	290	418
576	256	512	531	291	472
576	256	576	534	294	532
576	256	640	536	296	589
576	256	704	539	300	647
576	256	768	542	303	702
576	256	832	545	307	759
576	256	896	549	310	816
576	256	960	553	314	873
576	256	1023	557	319	929
576	320	0	530	337	124
576	320	64	530	339	135
576	320	128	530	340	165
576	320	192	530	340	209
576	320	256	531	341	259
576	320	320	532	342	311
576	320	384	534	343	366
576	320	448	536	345	421
576	320	512	538	347	475
576	320	576	541	349	534
576	320	640	543	351	591
576	320	704	546	353	648
576	320	768	549	356	703
576	320	832	553	359	761
576	320	896	556	362	818
576	320	960	560	365	875
576	320	1023	564	369	931
576	384	0	539	394	139
576	384	64	539	396	149
576	384	128	539	397	176
576	384	192	539	397	218
576	384	256	540	398	265
576	384	320	541	399	317
576	384	384	543	400	370
576	384	448	545	402	425
576	384	512	547	403	478
576	384	576	549	405	537
576	384	640	552	407	595
576	384	704	555	409	651
576	384	768	557	411	706
576	384	832	561	414	763
576	384	896	563	415	819
576	384	960	567	418	876
576	384	1023	572	421	932
576	448	0	549	452	154
576	448	64	549	454	163
576	448	128	549	455	188
576	448	192	549	455	227
576	448	256	551	456	273
576	448	320	552	457	323
576	448	384	553	458	376
576	448	448	555	459	430
576	448	512	557	460	483
576	448	576	559	462	541
576	448	640	561	463	597
576	448	704	564	465	654
576	448	768	568	468	709
576	448	832	571	469	766
576	448	896	574	471	822
576	448	960	577	473	878
576	448	1023	582	476	935
576	512	0	561	509	170
576	512	64	561	512	178
576	512	128	560	512	201
576	512	192	561	513	238
576	512	256	562	514	282
576	512	320	563	514	331
576	512	384	565	515	382
576	512	448	567	517	435
576	512	512	568	517	487
576	512	576	571	519	545
576	512	640	573	520	602
576	512	704	576	522	657
576	512	768	579	523	712
576	512	832	582	526	769
576	512	896	584	526	824
576	512	960	588	528	881
576	512	1023	592	531	937
576	576	0	575	574	188
576	576	64	575	577	196
576	576	128	576	577	216
576	576	192	576	577	250
576	576	256	576	578	292
576	576	320	578	579	339
576	576	384	579	580	389
576	576	448	581	580	441
576	576	512	583	582	493
576	576	576	585	583	550
576	576	640	587	584	606
576	576	704	589	585	661
576	576	768	592	586	716
576	576	832	596	588	772
576	576	896	599	589	828
576	576	960	602	591	885
576	576	1023	607	593	941
576	640	0	590	633	205
576	640	64	591	637	212
576	640	128	590	637	231
576	640	192	591	637	263
576	640	256	592	638	303
576	640	320	593	638	349
576	640	384	595	640	398
576	640	448	596	639	448
576	640	512	597	640	499
576	640	576	600	642	556
576	640	640	602	642	611
576	640	704	604	643	666
576	640	768	608	646	721
576	640	832	611	647	776
576	640	896	613	647	832
576	640	960	616	649	888
576	640	1023	621	651	944
576	704	0	607	694	223
576	704	64	607	697	229
576	704	128	607	697	246
576	704	192	608	698	277
576	704	256	608	698	315
576	704	320	609	699	359
576	704	384	611	700	406
576	704	448	612	700	457
576	704	512	614	702	507
576	704	576	617	703	562
576	704	640	619	703	617
576	704	704	621	704	672
576	704	768	623	705	725
576	704	832	627	707	781
576	704	896	630	708	837
576	704	960	632	708	892
576	704	1023	636	710	948
576	768	0	624	752	240
576	768	64	624	756	246
576	768	128	624	756	262
576	768	192	625	756	290
576	768	256	626	757	327
576	768	320	627	758	369
576	768	384	628	758	415
576	768	448	629	759	465
576	768	512	631	760	514
576	768	576	634	762	569
576	768	640	635	761	623
576	768	704	637	762	677
576	768	768	640	763	730
576	768	832	644	765	786
576	768	896	646	765	841
576	768	960	649	766	897
576	768	1023	653	768	953
576	832	0	641	810	257
576	832	64	642	814	263
576	832	128	642	815	278
576	832	192	642	815	304
576	832	256	643	815	339
576	832	320	644	815	380
576	832	384	646	817	425
576	832	448	646	817	473
576	832	512	649	818	521
576	832	576	651	819	576
576	832	640	652	819	629
576	832	704	654	820	682
576	832	768	657	821	735
576	832	832	660	823	791
576	832	896	663	823	846
576	832	960	666	824	901
576	832	1023	669	826	956
576	896	0	660	870	274
576	896	64	661	874	280
576	896	128	660	874	294
576	896	192	661	874	319
576	896	256	662	875	352
576	896	320	663	875	391
576	896	384	664	876	435
576	896	448	666	877	482
576	896	512	667	877	529
576	896	576	669	878	582
576	896	640	671	879	635
576	896	704	673	879	688
576	896	768	676	880	741
576	896	832	679	882	796
576	896	896	680	881	849
576	896	960	683	882	905
576	896	1023	687	884	960
576	960	0	679	929	292
576	960	64	680	933	297
576	960	128	680	933	310
576	960	192	681	933	334
576	960	256	681	934	365
576	960	320	682	934	403
576	960	384	684	936	446
576	960	448	685	935	491
576	960	512	686	936	537
576	960	576	689	937	590
576	960	640	690	937	642
576	960	704	692	939	695
576	960	768	695	939	747
576	960	832	697	940	801
576	960	896	699	940	855
576	960	960	702	941	910
576	960	1023	706	943	965
576	1023	0	700	987	309
576	1023	64	701	991	314
576	1023	128	700	990	326
576	1023	192	701	991	349
576	1023	256	702	992	379
576	1023	320	702	992	415
576	1023	384	704	993	456
576	1023	448	704	992	501
576	1023	512	706	993	546
576	1023	576	709	995	598
576	1023	640	709	994	649
576	1023	704	712	996	702
576	1023	768	715	996	754
576	1023	832	717	997	807
576	1023	896	718	996	860
576	1023	960	721	996	916
576	1023	1023	724	997	970
640	0	0	567	158	94
640	0	64	565	158	108
640	0	128	566	158	145
640	0	192	566	159	194
640	0	256	567	161	247
640	0	320	568	164	302
640	0	384	570	166	358
640	0	448	571	170	415
640	0	512	573	174	469
640	0	576	575	178	529
640	0	640	577	183	587
640	0	704	579	189	644
640	0	768	583	195	700
640	0	832	586	200	758
640	0	896	589	207	815
640	0	960	593	214	872
640	0	1023	597	221	929
640	64	0	568	167	95
640	64	64	566	167	109
640	64	128	566	168	145
640	64	192	566	169	195
640	64	256	568	170	248
640	64	320	569	173	303
640	64	384	570	175	358
640	64	448	571	179	415
640	64	512	574	182	470
640	64	576	576	187	530
640	64	640	578	191	587
640	64	704	580	196	644
640	64	768	584	202	701
640	64	832	587	208	757
640	64	896	590	214	814
640	64	960	593	220	872
640	64	1023	597	228	928
640	128	0	568	195	99
640	128	64	568	196	113
640	128	128	568	197	148
640	128	192	568	197	197
640	128	256	570	199	249
640	128	320	570	201	304
640	128	384	572	203	359
640	128	448	573	206	416
640	128	512	575	209	470
640	128	576	578	213	530
640	128	640	580	217	588
640	128	704	582	221	645
640	128	768	585	226	700
640	128	832	589	231	758
640	128	896	591	236	815
640	128	960	595	242	872
640	128	1023	600	248	929
640	192	0	572	239	107
640	192	64	571	240	120
640	192	128	571	240	153
640	192	192	572	241	200
640	192	256	572	242	252
640	192	320	573	244	306
640	192	384	575	246	361
640	192	448	576	248	417
640	192	512	579	251	472
640	192	576	581	254	531
640	192	640	583	257	589
640	192	704	585	260	646
640	192	768	588	264	701
640	192	832	592	269	759
640	192	896	595	273	816
640	192	960	598	278	873
640	192	1023	602	283	930
640	256	0	577	288	117
640	256	64	576	290	129
640	256	128	576	290	160
640	256	192	577	291	206
640	256	256	577	292	256
640	256	320	578	293	309
640	256	384	580	295	364
640	256	448	581	297	420
640	256	512	583	298	473
640	256	576	586	301	533
640	256	640	588	304	591
640	256	704	590	307	648
640	256	768	593	310	703
640	256	832	597	314	760
640	256	896	599	316	817
640	256	960	602	320	874
640	256	1023	606	325	930
640	320	0	583	343	130
640	320	64	582	345	140
640	320	128	582	346	170
640	320	192	582	346	213
640	320	256	584	347	262
640	320	320	585	348	314
640	320	384	586	349	368
640	320	448	588	351	423
640	320	512	589	352	476
640	320	576	592	355	535
640	320	640	594	356	593
640	320	704	596	359	649
640	320	768	598	361	704
640	320	832	602	365	762
640	320	896	605	367	819
640	320	960	609	371	876
640	320	1023	613	374	932
640	384	0	591	399	144
640	384	64	590	402	153
640	384	128	591	402	180
640	384	192	591	403	221
640	384	256	591	403	268
640	384	320	593	404	319
640	384	384	594	405	372
640	384	448	595	406	427
640	384	512	597	408	480
640	384	576	600	410	539
640	384	640	602	411	596
640	384	704	604	413	652
640	384	768	606	415	707
640	384	832	610	418	764
640	384	896	613	420	820
640	384	960	615	422	877
640	384	1023	619	426	933
640	448	0	600	456	159
640	448	64	599	459	167
640	448	128	599	459	192
640	448	192	600	460	230
640	448	256	601	460	276
640	448	320	602	461	326
640	448	384	603	463	378
640	448	448	604	463	431
640	448	512	606	464	484
640	448	576	609	466	542
640	448	640	610	467	598
640	448	704	612	469	654
640	448	768	616	471	710
640	448	832	619	473	766
640	448	896	621	475	822
640	448	960	625	477	879
640	448	1023	629	480	936
640	512	0	610	513	174
640	512	64	610	517	182
640	512	128	610	517	205
640	512	192	611	517	241
640	512	256	611	517	284
640	512	320	612	518	332
640	512	384	614	520	384
640	512	448	615	520	437
640	512	512	617	522	489
640	512	576	620	523	547
640	512	640	621	524	603
640	512	704	623	525	658
640	512	768	626	527	713
640	512	832	630	529	770
640	512	896	632	531	826
640	512	960	635	532	883
640	512	1023	638	534	938
640	576	0	623	577	192
640	576	64	623	580	199
640	576	128	623	581	219
640	576	192	624	581	253
640	576	256	625	582	295
640	576	320	626	583	342
640	576	384	627	583	391
640	576	448	628	584	443
640	576	512	630	585	495
640	576	576	633	587	551
640	576	640	634	587	607
640	576	704	636	588	662
640	576	768	639	589	717
640	576	832	642	592	773
640	576	896	645	593	829
640	576	960	648	594	886
640	576	1023	652	597	942
640	640	0	637	636	208
640	640	64	638	640	215
640	640	128	637	640	234
640	640	192	638	640	266
640	640	256	639	641	305
640	640	320	639	641	350
640	640	384	641	642	399
640	640	448	642	642	450
640	640	512	644	644	501
640	640	576	646	645	557
640	640	640	647	645	612
640	640	704	650	647	667
640	640	768	653	649	721
640	640	832	655	649	777
640	640	896	657	650	832
640	640	960	661	652	889
640	640	1023	664	654	945
640	704	0	653	696	226
640	704	64	653	700	232
640	704	128	653	700	250
640	704	192	653	700	279
640	704	256	654	701	317
640	704	320	655	701	360
640	704	384	656	703	408
640	704	448	657	703	458
640	704	512	659	704	508
640	704	576	662	706	564
640	704	640	663	706	618
640	704	704	665	706	672
640	704	768	667	708	726
640	704	832	671	710	782
640	704	896	673	710	837
640	704	960	676	711	893
640	704	1023	680	713	949
640	768	0	669	756	243
640	768	64	669	758	248
640	768	128	669	759	265
640	768	192	670	760	293
640	768	256	670	760	329
640	768	320	671	760	371
640	768	384	673	762	417
640	768	448	673	761	466
640	768	512	675	762	515
640	768	576	677	764	570
640	768	640	679	764	624
640	768	704	680	764	678
640	768	768	684	767	732
640	768	832	686	767	787
640	768	896	688	768	842
640	768	960	691	769	898
640	768	1023	695	771	953
640	832	0	684	813	259
640	832	64	685	817	265
640	832	128	685	817	280
640	832	192	685	817	307
640	832	256	686	818	341
640	832	320	686	818	381
640	832	384	688	819	426
640	832	448	689	819	474
640	832	512	691	820	522
640	832	576	693	821	576
640	832	640	695	822	630
640	832	704	696	822	683
640	832	768	699	823	736
640	832	832	702	825	792
640	832	896	704	825	846
640	832	960	707	826	902
640	832	1023	710	828	957
640	896	0	702	872	277
640	896	64	702	876	282
640	896	128	703	877	296
640	896	192	703	877	321
640	896	256	703	877	354
640	896	320	704	877	393
640	896	384	706	878	436
640	896	448	707	879	483
640	896	512	709	880	531
640	896	576	711	882	584
640	896	640	712	882	637
640	896	704	714	882	689
640	896	768	716	883	742
640	896	832	719	884	797
640	896	896	721	885	851
640	896	960	724	886	907
640	896	1023	728	887	962
640	960	0	720	931	294
640	960	64	721	935	299
640	960	128	720	935	313
640	960	192	721	936	336
640	960	256	721	936	367
640	960	320	723	936	405
640	960	384	724	938	447
640	960	448	725	938	493
640	960	512	726	938	539
640	960	576	728	939	591
640	960	640	730	940	644
640	960	704	732	941	696
640	960	768	734	941	748
640	960	832	737	943	802
640	960	896	738	942	856
640	960	960	741	943	911
640	960	1023	744	944	965
640	1023	0	739	989	311
640	1023	64	740	993	316
640	1023	128	739	992	328
640	1023	192	740	993	351
640	1023	256	741	994	381
640	1023	320	741	994	417
640	1023	384	743	995	458
640	1023	448	744	996	503
640	1023	512	745	995	548
640	1023	576	747	997	599
640	1023	640	748	996	650
640	1023	704	750	998	703
640	1023	768	753	998	755
640	1023	832	755	998	808
640	1023	896	756	998	862
640	1023	960	759	998	916
640	1023	1023	762	998	971
704	0	0	622	173	103
704	0	64	621	173	115
704	0	128	621	174	150
704	0	192	622	175	198
704	0	256	622	176	250
704	0	320	623	178	304
704	0	384	625	181	360
704	0	448	626	184	416
704	0	512	628	187	470
704	0	576	630	192	530
704	0	640	632	196	588
704	0	704	634	201	645
704	0	768	637	207	701
704	0	832	640	212	758
704	0	896	642	218	814
704	0	960	645	225	872
704	0	1023	649	231	929
704	64	0	623	182	104
704	64	64	622	182	116
704	64	128	622	182	151
704	64	192	623	183	199
704	64	256	623	185	251
704	64	320	624	187	305
704	64	384	626	189	360
704	64	448	626	192	416
704	64	512	628	195	471
704	64	576	631	199	530
704	64	640	632	204	588
704	64	704	635	209	645
704	64	768	638	214	701
704	64	832	640	219	758
704	64	896	643	225	815
704	64	960	646	231	872
704	64	1023	650	238	928
704	128	0	625	208	108
704	128	64	623	208	120
704	128	128	624	209	153
704	128	192	624	210	201
704	128	256	624	211	252
704	128	320	625	213	306
704	128	384	627	215	361
704	128	448	628	217	417
704	128	512	629	220	471
704	128	576	632	224	531
704	128	640	634	227	588
704	128	704	636	231	645
704	128	768	639	236	702
704	128	832	642	241	758
704	128	896	644	246	815
704	128	960	647	252	873
704	128	1023	651	258	929
704	192	0	627	248	115
704	192	64	626	250	127
704	192	128	627	250	158
704	192	192	626	251	204
704	192	256	628	252	255
704	192	320	629	253	309
704	192	384	630	255	363
704	192	448	631	257	419
704	192	512	633	259	473
704	192	576	635	263	532
704	192	640	637	266	589
704	192	704	639	269	646
704	192	768	641	272	702
704	192	832	645	277	759
704	192	896	647	281	816
704	192	960	650	286	873
704	192	1023	654	291	930
704	256	0	631	296	124
704	256	64	631	298	135
704	256	128	631	298	165
704	256	192	631	298	209
704	256	256	631	299	259
704	256	320	632	300	311
704	256	384	634	302	366
704	256	448	635	304	421
704	256	512	637	306	475
704	256	576	640	309	534
704	256	640	641	311	591
704	256	704	643	313	648
704	256	768	646	317	703
704	256	832	649	320	761
704	256	896	652	324	817
704	256	960	655	327	875
704	256	1023	658	332	931
704	320	0	637	349	136
704	320	64	636	351	146
704	320	128	636	352	174
704	320	192	637	352	216
704	320	256	637	353	264
704	320	320	638	354	316
704	320	384	640	355	369
704	320	448	641	357	424
704	320	512	642	358	477
704	320	576	645	360	536
704	320	640	646	362	593
704	320	704	649	365	650
704	320	768	652	368	705
704	320	832	654	370	762
704	320	896	656	373	818
704	320	960	660	376	876
704	320	1023	663	380	932
704	384	0	644	404	149
704	384	64	643	406	159
704	384	128	643	407	184
704	384	192	644	407	224
704	384	256	645	408	271
704	384	320	645	409	321
704	384	384	647	410	374
704	384	448	648	411	428
704	384	512	650	413	481
704	384	576	652	415	539
704	384	640	653	416	596
704	384	704	655	418	652
704	384	768	658	420	707
704	384	832	661	423	764
704	384	896	664	425	821
704	384	960	667	428	878
704	384	1023	670	431	934
704	448	0	652	461	164
704	448	64	652	463	172
704	448	128	651	463	195
704	448	192	652	464	233
704	448	256	653	465	278
704	448	320	654	466	327
704	448	384	655	467	379
704	448	448	657	468	433
704	448	512	658	469	485
704	448	576	660	470	543
704	448	640	662	472	600
704	448	704	664	473	656
704	448	768	667	476	710
704	448	832	670	478	767
704	448	896	671	479	823
704	448	960	674	481	880
704	448	1023	678	484	936
704	512	0	662	517	178
704	512	64	662	520	186
704	512	128	662	520	208
704	512	192	662	521	243
704	512	256	663	522	287
704	512	320	663	522	334
704	512	384	665	523	385
704	512	448	666	524	438
704	512	512	668	525	490
704	512	576	670	527	547
704	512	640	671	527	603
704	512	704	673	528	659
704	512	768	676	530	713
704	512	832	679	533	770
704	512	896	681	534	826
704	512	960	684	536	883
704	512	1023	688	538	939
704	576	0	674	581	196
704	576	64	674	584	203
704	576	128	674	584	223
704	576	192	674	585	256
704	576	256	675	585	297
704	576	320	676	586	343
704	576	384	677	587	393
704	576	448	678	587	444
704	576	512	680	588	495
704	576	576	682	590	552
704	576	640	683	590	607
704	576	704	686	592	664
704	576	768	688	593	718
704	576	832	690	594	773
704	576	896	693	595	829
704	576	960	695	597	886
704	576	1023	699	599	941
704	640	0	686	639	212
704	640	64	686	642	219
704	640	128	687	643	237
704	640	192	687	643	268
704	640	256	687	643	307
704	640	320	688	644	352
704	640	384	689	644	400
704	640	448	691	645	451
704	640	512	693	647	502
704	640	576	695	648	558
704	640	640	696	648	613
704	640	704	698	649	668
704	640	768	700	651	722
704	640	832	703	653	778
704	640	896	705	653	833
704	640	960	708	655	890
704	640	1023	712	657	946
704	704	0	700	698	229
704	704	64	700	702	235
704	704	128	700	702	252
704	704	192	700	702	281
704	704	256	702	704	319
704	704	320	703	704	362
704	704	384	704	704	409
704	704	448	705	705	459
704	704	512	706	706	508
704	704	576	709	707	564
704	704	640	710	707	618
704	704	704	711	708	673
704	704	768	714	709	726
704	704	832	717	711	782
704	704	896	719	712	837
704	704	960	722	713	894
704	704	1023	725	715	949
704	768	0	716	757	246
704	768	64	716	761	251
704	768	128	715	761	267
704	768	192	716	761	295
704	768	256	716	762	331
704	768	320	717	762	372
704	768	384	719	763	419
704	768	448	720	764	467
704	768	512	721	764	516
704	768	576	723	765	570
704	768	640	725	767	625
704	768	704	727	767	679
704	768	768	729	768	732
704	768	832	732	770	788
704	768	896	733	769	842
704	768	960	736	770	898
704	768	1023	739	772	953
704	832	0	731	815	262
704	832	64	730	818	268
704	832	128	730	818	283
704	832	192	731	819	309
704	832	256	731	820	343
704	832	320	732	820	383
704	832	384	734	821	428
704	832	448	734	821	475
704	832	512	736	822	523
704	832	576	738	823	577
704	832	640	739	823	630
704	832	704	740	823	684
704	832	768	744	826	737
704	832	832	746	826	792
704	832	896	748	827	846
704	832	960	750	828	902
704	832	1023	754	829	957
704	896	0	746	874	279
704	896	64	747	878	285
704	896	128	747	878	299
704	896	192	747	878	323
704	896	256	748	879	356
704	896	320	749	880	394
704	896	384	750	880	437
704	896	448	750	880	484
704	896	512	752	881	531
704	896	576	755	883	584
704	896	640	756	883	637
704	896	704	757	883	690
704	896	768	759	884	742
704	896	832	762	886	797
704	896	896	764	886	851
704	896	960	766	887	907
704	896	1023	770	889	962
704	960	0	763	932	296
704	960	64	764	937	302
704	960	128	764	937	315
704	960	192	764	937	338
704	960	256	765	937	369
704	960	320	765	938	406
704	960	384	767	939	448
704	960	448	768	939	493
704	960	512	769	940	540
704	960	576	772	942	592
704	960	640	772	942	644
704	960	704	774	942	696
704	960	768	776	942	748
704	960	832	779	944	802
704	960	896	781	944	857
704	960	960	783	945	912
704	960	1023	786	947	966
704	1023	0	781	990	313
704	1023	64	782	994	318
704	1023	128	782	995	331
704	1023	192	782	994	353
704	1023	256	782	995	382
704	1023	320	783	995	418
704	1023	384	784	996	459
704	1023	448	785	997	503
704	1023	512	787	998	549
704	1023	576	789	999	601
704	1023	640	790	998	651
704	1023	704	791	998	703
704	1023	768	793	999	755
704	1023	832	796	1001	809
704	1023	896	798	1001	862
704	1023	960	800	1001	917
704	1023	1023	803	1001	972
768	0	0	678	189	112
768	0	64	677	188	124
768	0	128	677	189	156
768	0	192	677	190	202
768	0	256	677	191	253
768	0	320	678	193	307
768	0	384	680	195	362
768	0	448	680	198	418
768	0	512	683	201	472
768	0	576	685	205	532
768	0	640	686	210	589
768	0	704	688	214	646
768	0	768	690	219	701
768	0	832	694	224	759
768	0	896	696	230	816
768	0	960	699	236	873
768	0	1023	701	242	929
768	64	0	678	196	113
768	64	64	677	196	125
768	64	128	677	196	157
768	64	192	677	197	203
768	64	256	678	198	254
768	64	320	679	200	307
768	64	384	680	203	362
768	64	448	681	206	418
768	64	512	683	208	472
768	64	576	685	212	532
768	64	640	687	216	589
768	64	704	688	221	646
768	64	768	690	226	701
768	64	832	694	231	759
768	64	896	696	236	816
768	64	960	699	242	873
768	64	1023	702	248	929
768	128	0	679	220	117
768	128	64	678	221	128
768	128	128	678	221	159
768	128	192	679	222	205
768	128	256	679	223	255
768	128	320	680	224	309
768	128	384	682	227	363
768	128	448	683	229	419
768	128	512	684	231	473
768	128	576	686	235	532
768	128	640	688	239	590
768	128	704	690	242	647
768	128	768	692	247	702
768	128	832	696	252	760
768	128	896	697	256	816
768	128	960	700	261	873
768	128	1023	703	267	930
768	192	0	682	259	123
768	192	64	681	260	134
768	192	128	681	260	164
768	192	192	681	261	208
768	192	256	682	262	258
768	192	320	683	263	311
768	192	384	684	265	365
768	192	448	685	267	420
768	192	512	686	269	474
768	192	576	689	272	533
768	192	640	690	275	590
768	192	704	693	278	648
768	192	768	695	282	703
768	192	832	697	286	760
768	192	896	699	290	816
768	192	960	702	294	874
768	192	1023	706	299	930
768	256	0	686	304	132
768	256	64	684	305	142
768	256	128	685	306	171
768	256	192	685	307	213
768	256	256	686	307	262
768	256	320	687	309	314
768	256	384	689	310	368
768	256	448	689	312	423
768	256	512	690	313	476
768	256	576	693	316	535
768	256	640	694	318	592
768	256	704	696	321	649
768	256	768	699	324	705
768	256	832	701	328	761
768	256	896	703	331	818
768	256	960	706	335	875
768	256	1023	710	339	932
768	320	0	691	356	143
768	320	64	690	358	152
768	320	128	690	358	179
768	320	192	691	359	220
768	320	256	691	359	267
768	320	320	692	361	318
768	320	384	693	362	371
768	320	448	694	363	426
768	320	512	696	365	479
768	320	576	698	367	538
768	320	640	699	369	594
768	320	704	701	371	651
768	320	768	703	374	706
768	320	832	707	377	763
768	320	896	709	379	820
768	320	960	710	382	876
768	320	1023	714	386	932
768	384	0	697	410	155
768	384	64	696	412	164
768	384	128	696	413	189
768	384	192	697	413	228
768	384	256	697	413	273
768	384	320	698	415	323
768	384	384	700	416	376
768	384	448	700	416	429
768	384	512	702	418	482
768	384	576	704	420	540
768	384	640	705	421	596
768	384	704	707	423	653
768	384	768	710	426	708
768	384	832	713	428	765
768	384	896	714	430	821
768	384	960	717	433	878
768	384	1023	721	436	934
768	448	0	705	465	169
768	448	64	704	468	177
768	448	128	704	468	200
768	448	192	704	469	237
768	448	256	705	469	281
768	448	320	706	470	329
768	448	384	707	471	381
768	448	448	708	472	434
768	448	512	710	474	486
768	448	576	712	475	544
768	448	640	713	476	600
768	448	704	715	477	656
768	448	768	717	480	711
768	448	832	721	482	768
768	448	896	722	484	824
768	448	960	725	486	881
768	448	1023	729	489	937
768	512	0	713	521	183
768	512	64	713	524	191
768	512	128	713	524	212
768	512	192	714	525	247
768	512	256	714	525	289
768	512	320	715	526	336
768	512	384	716	527	387
768	512	448	717	527	439
768	512	512	718	528	491
768	512	576	721	530	548
768	512	640	722	531	604
768	512	704	723	532	659
768	512	768	727	535	714
768	512	832	729	536	770
768	512	896	731	537	826
768	512	960	733	539	883
768	512	1023	737	542	939
768	576	0	725	584	200
768	576	64	724	587	207
768	576	128	724	587	226
768	576	192	725	588	259
768	576	256	725	588	299
768	576	320	726	589	345
768	576	384	727	590	394
768	576	448	728	591	446
768	576	512	729	591	496
768	576	576	732	593	554
768	576	640	733	594	609
768	576	704	735	595	664
768	576	768	737	596	718
768	576	832	740	598	775
768	576	896	741	598	829
768	576	960	743	600	886
768	576	1023	747	602	942
768	640	0	736	641	216
768	640	64	736	645	222
768	640	128	736	645	240
768	640	192	736	646	271
768	640	256	737	647	310
768	640	320	738	647	354
768	640	384	739	648	402
768	640	448	740	648	452
768	640	512	741	649	503
768	640	576	744	651	559
768	640	640	745	651	613
768	640	704	746	652	668
768	640	768	748	653	722
768	640	832	752	655	778
768	640	896	753	656	834
768	640	960	756	657	890
768	640	1023	759	660	946
768	704	0	749	702	232
768	704	64	749	705	239
768	704	128	749	705	255
768	704	192	750	706	284
768	704	256	750	706	321
768	704	320	751	707	364
768	704	384	752	708	411
768	704	448	753	707	460
768	704	512	754	708	509
768	704	576	756	710	565
768	704	640	757	710	619
768	704	704	760	712	674
768	704	768	762	713	727
768	704	832	764	714	782
768	704	896	765	714	838
768	704	960	768	716	894
768	704	1023	771	717	949
768	768	0	763	760	249
768	768	64	763	763	255
768	768	128	763	764	271
768	768	192	764	764	298
768	768	256	764	764	333
768	768	320	765	765	374
768	768	384	766	766	420
768	768	448	767	766	469
768	768	512	769	767	518
768	768	576	771	769	572
768	768	640	772	768	626
768	768	704	773	769	680
768	768	768	775	770	732
768	768	832	778	772	788
768	768	896	780	772	843
768	768	960	782	773	899
768	768	1023	786	775	954
768	832	0	777	817	265
768	832	64	777	821	271
768	832	128	777	821	285
768	832	192	777	821	311
768	832	256	777	821	345
768	832	320	778	822	385
768	832	384	780	823	429
768	832	448	781	823	477
768	832	512	781	823	524
768	832	576	784	825	578
768	832	640	786	826	632
768	832	704	787	827	685
768	832	768	789	828	737
768	832	832	792	829	793
768	832	896	792	828	846
768	832	960	795	829	902
768	832	1023	798	831	957
768	896	0	792	876	282
768	896	64	793	880	288
768	896	128	792	880	301
768	896	192	793	881	326
768	896	256	793	881	358
768	896	320	794	882	396
768	896	384	795	883	439
768	896	448	795	882	485
768	896	512	797	883	532
768	896	576	799	884	585
768	896	640	800	884	637
768	896	704	802	886	691
768	896	768	804	887	743
768	896	832	806	887	797
768	896	896	808	887	851
768	896	960	810	888	907
768	896	1023	813	890	962
768	960	0	809	935	299
768	960	64	808	938	304
768	960	128	808	939	317
768	960	192	808	939	340
768	960	256	809	940	371
768	960	320	810	941	408
768	960	384	811	942	450
768	960	448	811	941	495
768	960	512	813	942	541
768	960	576	815	943	593
768	960	640	816	943	645
768	960	704	818	944	697
768	960	768	821	946	750
768	960	832	822	946	803
768	960	896	824	946	857
768	960	960	826	947	912
768	960	1023	829	949	967
768	1023	0	825	992	316
768	1023	64	825	996	321
768	1023	128	825	997	333
768	1023	192	825	996	355
768	1023	256	826	998	385
768	1023	320	827	998	420
768	1023	384	827	998	460
768	1023	448	828	998	505
768	1023	512	830	999	550
768	1023	576	832	1000	601
768	1023	640	833	1000	652
768	1023	704	834	1000	704
768	1023	768	836	1001	755
768	1023	832	838	1002	809
768	1023	896	840	1002	863
768	1023	960	842	1002	918
768	1023	1023	845	1002	972
832	0	0	732	204	121
832	0	64	731	203	131
832	0	128	731	204	162
832	0	192	731	205	207
832	0	256	732	206	257
832	0	320	733	208	310
832	0	384	734	210	364
832	0	448	734	212	419
832	0	512	736	215	473
832	0	576	738	219	533
832	0	640	739	223	590
832	0	704	741	227	647
832	0	768	743	232	702
832	0	832	746	237	760
832	0	896	748	242	816
832	0	960	751	247	874
832	0	1023	754	254	931
832	64	0	732	210	122
832	64	64	731	210	132
832	64	128	731	211	162
832	64	192	731	212	207
832	64	256	732	213	257
832	64	320	733	215	310
832	64	384	734	217	364
832	64	448	735	219	420
832	64	512	736	222	474
832	64	576	739	226	533
832	64	640	740	229	590
832	64	704	741	233	647
832	64	768	744	237	702
832	64	832	747	243	760
832	64	896	749	248	817
832	64	960	751	253	874
832	64	1023	754	259	931
832	128	0	734	233	125
832	128	64	733	233	135
832	128	128	733	234	165
832	128	192	733	234	209
832	128	256	733	235	258
832	128	320	734	237	311
832	128	384	736	239	365
832	128	448	736	241	421
832	128	512	738	244	474
832	128	576	740	247	534
832	128	640	741	250	591
832	128	704	743	254	648
832	128	768	745	258	703
832	128	832	748	263	760
832	128	896	750	267	817
832	128	960	753	272	875
832	128	1023	756	277	931
832	192	0	736	269	131
832	192	64	735	270	141
832	192	128	735	271	170
832	192	192	736	271	213
832	192	256	736	272	261
832	192	320	737	273	313
832	192	384	738	275	367
832	192	448	739	277	422
832	192	512	740	279	476
832	192	576	743	282	535
832	192	640	744	285	592
832	192	704	745	288	649
832	192	768	748	291	704
832	192	832	751	295	761
832	192	896	753	299	818
832	192	960	755	304	875
832	192	1023	757	308	931
832	256	0	739	313	139
832	256	64	739	314	149
832	256	128	739	315	176
832	256	192	739	315	217
832	256	256	740	316	265
832	256	320	740	317	317
832	256	384	742	319	370
832	256	448	743	320	425
832	256	512	744	322	478
832	256	576	745	324	536
832	256	640	748	327	594
832	256	704	749	329	650
832	256	768	752	332	706
832	256	832	754	336	763
832	256	896	755	338	819
832	256	960	758	342	876
832	256	1023	761	346	932
832	320	0	744	363	150
832	320	64	743	365	158
832	320	128	743	366	184
832	320	192	743	366	224
832	320	256	745	367	270
832	320	320	745	368	321
832	320	384	746	369	373
832	320	448	747	370	427
832	320	512	749	372	481
832	320	576	751	374	539
832	320	640	751	376	595
832	320	704	753	378	652
832	320	768	755	380	707
832	320	832	758	383	764
832	320	896	760	386	820
832	320	960	763	389	878
832	320	1023	766	393	934
832	384	0	750	416	162
832	384	64	749	418	170
832	384	128	749	418	193
832	384	192	749	419	232
832	384	256	750	420	276
832	384	320	751	421	326
832	384	384	752	422	378
832	384	448	753	423	431
832	384	512	754	424	483
832	384	576	757	426	542
832	384	640	758	427	598
832	384	704	759	429	655
832	384	768	761	431	709
832	384	832	765	434	766
832	384	896	765	436	822
832	384	960	768	438	879
832	384	1023	771	441	935
832	448	0	757	471	175
832	448	64	756	473	182
832	448	128	756	474	204
832	448	192	757	474	241
832	448	256	757	475	284
832	448	320	758	476	332
832	448	384	760	477	383
832	448	448	760	477	436
832	448	512	761	478	488
832	448	576	763	480	545
832	448	640	764	481	601
832	448	704	766	482	657
832	448	768	769	485	712
832	448	832	771	487	768
832	448	896	773	488	825
832	448	960	775	491	881
832	448	1023	778	494	938
832	512	0	765	526	189
832	512	64	765	529	196
832	512	128	764	529	216
832	512	192	765	529	250
832	512	256	766	530	292
832	512	320	766	530	339
832	512	384	767	532	389
832	512	448	769	532	441
832	512	512	770	534	493
832	512	576	772	535	550
832	512	640	773	536	606
832	512	704	775	537	661
832	512	768	777	539	715
832	512	832	780	541	772
832	512	896	781	543	828
832	512	960	783	544	884
832	512	1023	786	546	940
832	576	0	775	588	204
832	576	64	775	591	212
832	576	128	775	592	230
832	576	192	775	592	262
832	576	256	776	593	302
832	576	320	776	593	347
832	576	384	778	594	396
832	576	448	778	594	447
832	576	512	780	596	498
832	576	576	782	597	555
832	576	640	783	597	610
832	576	704	785	599	665
832	576	768	787	600	719
832	576	832	789	602	775
832	576	896	791	603	831
832	576	960	793	605	887
832	576	1023	797	607	944
832	640	0	786	646	220
832	640	64	786	649	227
832	640	128	786	649	244
832	640	192	786	650	274
832	640	256	787	650	312
832	640	320	787	651	356
832	640	384	789	652	404
832	640	448	789	652	454
832	640	512	791	653	504
832	640	576	793	654	560
832	640	640	793	654	614
832	640	704	796	656	670
832	640	768	798	658	724
832	640	832	800	659	779
832	640	896	801	659	834
832	640	960	804	661	891
832	640	1023	807	663	946
832	704	0	798	705	236
832	704	64	798	708	242
832	704	128	798	709	259
832	704	192	798	709	287
832	704	256	799	709	324
832	704	320	800	710	366
832	704	384	801	711	413
832	704	448	802	711	462
832	704	512	803	712	511
832	704	576	805	714	567
832	704	640	806	714	621
832	704	704	808	715	675
832	704	768	810	716	728
832	704	832	813	718	784
832	704	896	814	718	839
832	704	960	816	720	895
832	704	1023	819	721	951
832	768	0	812	763	253
832	768	64	812	766	258
832	768	128	811	767	273
832	768	192	812	768	301
832	768	256	813	768	336
832	768	320	814	769	377
832	768	384	815	770	423
832	768	448	815	769	470
832	768	512	816	770	519
832	768	576	818	771	573
832	768	640	819	771	627
832	768	704	820	772	680
832	768	768	823	774	734
832	768	832	825	774	789
832	768	896	826	775	844
832	768	960	829	776	900
832	768	1023	832	778	955
832	832	0	824	820	269
832	832	64	824	823	274
832	832	128	824	824	288
832	832	192	824	824	314
832	832	256	825	824	347
832	832	320	825	825	387
832	832	384	826	826	431
832	832	448	827	826	478
832	832	512	829	827	526
832	832	576	831	829	580
832	832	640	832	829	633
832	832	704	833	829	686
832	832	768	835	830	738
832	832	832	838	832	793
832	832	896	839	832	848
832	832	960	842	833	904
832	832	1023	844	835	959
832	896	0	838	879	285
832	896	64	839	883	291
832	896	128	839	884	304
832	896	192	839	883	328
832	896	256	839	883	360
832	896	320	840	884	398
832	896	384	841	885	441
832	896	448	842	885	487
832	896	512	843	887	534
832	896	576	846	888	587
832	896	640	846	888	639
832	896	704	847	888	692
832	896	768	849	889	744
832	896	832	852	891	799
832	896	896	854	891	853
832	896	960	856	892	908
832	896	1023	857	892	962
832	960	0	854	937	302
832	960	64	854	942	307
832	960	128	853	941	320
832	960	192	854	942	343
832	960	256	854	942	373
832	960	320	855	943	410
832	960	384	856	944	451
832	960	448	857	944	497
832	960	512	857	944	542
832	960	576	860	945	594
832	960	640	861	946	646
832	960	704	862	946	698
832	960	768	865	948	750
832	960	832	866	948	803
832	960	896	867	948	857
832	960	960	870	949	913
832	960	1023	872	950	967
832	1023	0	870	995	319
832	1023	64	870	999	324
832	1023	128	869	998	335
832	1023	192	870	999	357
832	1023	256	870	999	386
832	1023	320	871	1000	422
832	1023	384	872	1001	462
832	1023	448	872	1000	506
832	1023	512	873	1001	551
832	1023	576	875	1002	602
832	1023	640	876	1001	653
832	1023	704	878	1003	705
832	1023	768	880	1004	756
832	1023	832	881	1004	810
832	1023	896	883	1004	863
832	1023	960	885	1004	918
832	1023	1023	887	1004	973
896	0	0	785	218	129
896	0	64	784	218	139
896	0	128	783	218	168
896	0	192	784	219	211
896	0	256	784	220	260
896	0	320	785	222	313
896	0	384	786	224	367
896	0	448	787	226	422
896	0	512	788	229	475
896	0	576	790	232	534
896	0	640	792	236	592
896	0	704	793	240	649
896	0	768	795	244	704
896	0	832	797	249	761
896	0	896	799	254	817
896	0	960	801	259	875
896	0	1023	805	265	932
896	64	0	785	224	130
896	64	64	784	224	140
896	64	128	784	225	169
896	64	192	784	225	212
896	64	256	785	226	261
896	64	320	785	228	313
896	64	384	787	230	367
896	64	448	788	233	422
896	64	512	788	235	475
896	64	576	790	238	534
896	64	640	792	242	592
896	64	704	793	246	649
896	64	768	796	250	704
896	64	832	797	254	761
896	64	896	799	259	817
896	64	960	802	264	875
896	64	1023	805	270	932
896	128	0	786	245	133
896	128	64	786	246	143
896	128	128	785	246	171
896	128	192	786	247	214
896	128	256	786	248	262
896	128	320	787	249	314
896	128	384	788	251	368
896	128	448	788	253	423
896	128	512	789	255	476
896	128	576	791	258	535
896	128	640	792	261	592
896	128	704	795	265	649
896	128	768	797	269	705
896	128	832	799	273	761
896	128	896	801	277	818
896	128	960	803	282	875
896	128	1023	806	288	932
896	192	0	789	280	139
896	192	64	787	281	148
896	192	128	787	281	175
896	192	192	788	282	218
896	192	256	788	283	265
896	192	320	789	284	317
896	192	384	790	286	370
896	192	448	790	287	424
896	192	512	792	289	478
896	192	576	794	292	536
896	192	640	795	294	593
896	192	704	796	297	650
896	192	768	799	301	706
896	192	832	801	305	762
896	192	896	803	308	819
896	192	960	805	312	876
896	192	1023	808	317	932
896	256	0	791	322	147
896	256	64	791	323	155
896	256	128	791	324	182
896	256	192	791	324	222
896	256	256	792	325	269
896	256	320	792	326	319
896	256	384	793	327	372
896	256	448	794	329	427
896	256	512	795	330	480
896	256	576	798	333	538
896	256	640	798	335	595
896	256	704	800	337	651
896	256	768	802	340	706
896	256	832	805	344	764
896	256	896	806	347	820
896	256	960	808	351	877
896	256	1023	812	354	934
896	320	0	796	371	157
896	320	64	795	373	165
896	320	128	795	373	190
896	320	192	795	374	228
896	320	256	796	374	274
896	320	320	796	375	324
896	320	384	798	377	376
896	320	448	799	378	430
896	320	512	799	379	482
896	320	576	801	381	540
896	320	640	802	382	596
896	320	704	805	385	654
896	320	768	807	388	708
896	320	832	808	390	765
896	320	896	810	392	821
896	320	960	812	396	878
896	320	1023	815	399	935
896	384	0	801	422	168
896	384	64	800	425	176
896	384	128	800	425	199
896	384	192	801	425	236
896	384	256	802	426	280
896	384	320	803	427	329
896	384	384	803	428	380
896	384	448	803	429	433
896	384	512	805	431	486
896	384	576	807	432	543
896	384	640	808	433	599
896	384	704	809	435	655
896	384	768	811	437	710
896	384	832	814	440	767
896	384	896	816	442	823
896	384	960	818	445	880
896	384	1023	821	448	936
896	448	0	808	476	180
896	448	64	807	479	188
896	448	128	807	479	209
896	448	192	807	480	245
896	448	256	808	480	287
896	448	320	808	481	335
896	448	384	810	482	385
896	448	448	811	483	438
896	448	512	812	484	489
896	448	576	815	486	547
896	448	640	815	487	603
896	448	704	816	489	659
896	448	768	818	490	713
896	448	832	821	493	770
896	448	896	823	494	826
896	448	960	824	496	882
896	448	1023	827	499	938
896	512	0	816	531	194
896	512	64	815	533	201
896	512	128	815	534	221
896	512	192	815	534	254
896	512	256	816	535	295
896	512	320	817	536	342
896	512	384	817	537	391
896	512	448	818	537	443
896	512	512	819	538	494
896	512	576	822	540	551
896	512	640	822	540	606
896	512	704	824	542	662
896	512	768	827	544	717
896	512	832	828	546	773
896	512	896	830	547	829
896	512	960	832	549	885
896	512	1023	835	551	941
896	576	0	825	592	209
896	576	64	825	596	216
896	576	128	824	596	234
896	576	192	825	596	266
896	576	256	825	597	305
896	576	320	826	597	350
896	576	384	827	598	399
896	576	448	827	598	449
896	576	512	829	599	500
896	576	576	831	601	556
896	576	640	831	601	611
896	576	704	834	603	667
896	576	768	836	605	720
896	576	832	838	606	776
896	576	896	839	607	832
896	576	960	841	608	888
896	576	1023	844	611	944
896	640	0	835	650	224
896	640	64	835	653	231
896	640	128	835	653	248
896	640	192	835	653	278
896	640	256	835	654	315
896	640	320	836	655	359
896	640	384	837	655	406
896	640	448	838	656	456
896	640	512	840	657	506
896	640	576	842	659	562
896	640	640	842	659	616
896	640	704	844	660	671
896	640	768	846	661	725
896	640	832	849	663	781
896	640	896	850	664	836
896	640	960	852	665	892
896	640	1023	855	667	948
896	704	0	847	709	241
896	704	64	846	712	246
896	704	128	846	712	262
896	704	192	847	713	291
896	704	256	847	713	327
896	704	320	848	714	369
896	704	384	849	715	415
896	704	448	849	714	464
896	704	512	851	715	513
896	704	576	853	717	568
896	704	640	853	717	622
896	704	704	855	718	676
896	704	768	858	720	730
896	704	832	859	721	785
896	704	896	860	721	840
896	704	960	863	722	896
896	704	1023	865	724	952
896	768	0	859	766	256
896	768	64	859	770	262
896	768	128	859	770	277
896	768	192	859	770	304
896	768	256	859	770	338
896	768	320	860	771	379
896	768	384	862	772	424
896	768	448	862	773	472
896	768	512	863	773	520
896	768	576	865	774	574
896	768	640	866	775	628
896	768	704	868	776	682
896	768	768	869	777	735
896	768	832	872	779	791
896	768	896	872	778	844
896	768	960	875	779	900
896	768	1023	877	781	956
896	832	0	871	823	272
896	832	64	871	827	278
896	832	128	870	827	292
896	832	192	871	827	317
896	832	256	871	827	350
896	832	320	872	828	389
896	832	384	874	829	433
896	832	448	873	829	480
896	832	512	875	830	527
896	832	576	877	831	581
896	832	640	877	831	633
896	832	704	880	833	688
896	832	768	882	834	740
896	832	832	883	834	794
896	832	896	884	834	849
896	832	960	886	835	905
896	832	1023	889	837	960
896	896	0	885	883	289
896	896	64	884	885	294
896	896	128	884	886	307
896	896	192	884	886	331
896	896	256	886	887	363
896	896	320	886	888	401
896	896	384	886	887	443
896	896	448	887	888	489
896	896	512	889	889	536
896	896	576	891	890	588
896	896	640	891	890	640
896	896	704	892	890	693
896	896	768	895	893	746
896	896	832	897	893	799
896	896	896	898	893	854
896	896	960	900	894	909
896	896	1023	903	896	964
896	960	0	898	939	305
896	960	64	898	944	310
896	960	128	899	945	323
896	960	192	899	944	345
896	960	256	898	944	375
896	960	320	899	945	412
896	960	384	901	946	453
896	960	448	901	947	498
896	960	512	903	947	544
896	960	576	905	949	596
896	960	640	905	948	647
896	960	704	906	949	699
896	960	768	908	950	751
896	960	832	911	951	805
896	960	896	912	951	859
896	960	960	914	952	914
896	960	1023	917	954	969
896	1023	0	914	997	322
896	1023	64	913	1001	327
896	1023	128	914	1002	339
896	1023	192	914	1002	360
896	1023	256	914	1001	388
896	1023	320	914	1002	424
896	1023	384	916	1003	464
896	1023	448	916	1003	508
896	1023	512	918	1004	553
896	1023	576	920	1005	604
896	1023	640	920	1005	655
896	1023	704	921	1005	706
896	1023	768	923	1006	757
896	1023	832	926	1007	811
896	1023	896	927	1007	865
896	1023	960	928	1007	920
896	1023	1023	931	1007	974
960	0	0	839	233	138
960	0	64	837	233	147
960	0	128	837	233	175
960	0	192	838	234	217
960	0	256	838	235	264
960	0	320	839	236	316
960	0	384	839	238	369
960	0	448	841	240	424
960	0	512	842	243	478
960	0	576	844	246	536
960	0	640	844	250	593
960	0	704	846	253	650
960	0	768	848	257	705
960	0	832	850	262	762
960	0	896	852	266	819
960	0	960	854	271	877
960	0	1023	857	277	933
960	64	0	839	239	139
960	64	64	837	239	148
960	64	128	838	239	175
960	64	192	838	240	217
960	64	256	838	241	265
960	64	320	839	242	316
960	64	384	840	244	370
960	64	448	841	246	424
960	64	512	842	249	478
960	64	576	844	252	537
960	64	640	845	255	593
960	64	704	846	259	650
960	64	768	848	263	705
960	64	832	851	267	763
960	64	896	852	271	819
960	64	960	854	277	877
960	64	1023	858	283	933
960	128	0	840	258	142
960	128	64	839	259	151
960	128	128	839	259	178
960	128	192	839	260	219
960	128	256	839	261	266
960	128	320	840	262	317
960	128	384	841	264	371
960	128	448	842	266	425
960	128	512	844	268	479
960	128	576	845	271	537
960	128	640	846	274	594
960	128	704	848	277	651
960	128	768	850	281	706
960	128	832	852	285	763
960	128	896	854	289	820
960	128	960	855	293	876
960	128	1023	858	298	933
960	192	0	842	291	147
960	192	64	841	292	156
960	192	128	841	292	182
960	192	192	841	293	222
960	192	256	841	294	269
960	192	320	842	295	320
960	192	384	844	297	373
960	192	448	844	298	427
960	192	512	845	300	480
960	192	576	847	303	538
960	192	640	847	305	595
960	192	704	850	308	652
960	192	768	852	312	707
960	192	832	853	315	763
960	192	896	855	318	820
960	192	960	857	322	877
960	192	1023	860	327	934
960	256	0	846	332	154
960	256	64	844	333	163
960	256	128	844	333	188
960	256	192	845	334	227
960	256	256	845	335	273
960	256	320	846	336	323
960	256	384	847	337	375
960	256	448	847	338	429
960	256	512	848	340	482
960	256	576	850	342	540
960	256	640	851	344	596
960	256	704	852	346	653
960	256	768	855	350	708
960	256	832	857	353	765
960	256	896	858	356	821
960	256	960	860	359	879
960	256	1023	863	363	935
960	320	0	849	379	164
960	320	64	848	381	172
960	320	128	848	382	195
960	320	192	848	382	233
960	320	256	849	382	277
960	320	320	849	383	327
960	320	384	850	385	378
960	320	448	851	386	432
960	320	512	853	388	485
960	320	576	855	390	543
960	320	640	855	391	599
960	320	704	856	393	655
960	320	768	858	396	710
960	320	832	861	398	767
960	320	896	863	400	823
960	320	960	865	404	880
960	320	1023	868	407	937
960	384	0	854	430	175
960	384	64	854	432	182
960	384	128	853	432	204
960	384	192	854	433	240
960	384	256	854	433	284
960	384	320	855	434	332
960	384	384	856	436	383
960	384	448	856	436	436
960	384	512	857	437	488
960	384	576	859	439	545
960	384	640	860	440	601
960	384	704	862	443	658
960	384	768	864	445	712
960	384	832	865	447	768
960	384	896	867	449	825
960	384	960	869	451	882
960	384	1023	872	455	938
960	448	0	860	483	187
960	448	64	859	485	194
960	448	128	860	486	215
960	448	192	860	486	249
960	448	256	860	486	291
960	448	320	861	487	338
960	448	384	861	488	388
960	448	448	862	489	440
960	448	512	864	490	492
960	448	576	866	492	549
960	448	640	866	493	604
960	448	704	868	494	660
960	448	768	870	496	714
960	448	832	872	499	771
960	448	896	874	500	827
960	448	960	876	502	884
960	448	1023	879	505	941
960	512	0	868	537	199
960	512	64	868	540	207
960	512	128	867	540	226
960	512	192	867	540	258
960	512	256	868	541	299
960	512	320	868	541	345
960	512	384	870	543	394
960	512	448	869	542	445
960	512	512	871	544	496
960	512	576	873	545	553
960	512	640	873	546	608
960	512	704	876	548	664
960	512	768	878	549	718
960	512	832	879	551	774
960	512	896	880	552	830
960	512	960	882	554	887
960	512	1023	885	557	943
960	576	0	877	598	215
960	576	64	876	601	221
960	576	128	876	602	239
960	576	192	876	601	270
960	576	256	876	602	309
960	576	320	877	602	353
960	576	384	878	604	401
960	576	448	879	604	452
960	576	512	881	605	503
960	576	576	882	607	558
960	576	640	883	607	613
960	576	704	884	608	668
960	576	768	886	610	722
960	576	832	889	612	778
960	576	896	890	613	834
960	576	960	892	614	891
960	576	1023	894	616	945
960	640	0	887	655	229
960	640	64	886	658	236
960	640	128	885	658	252
960	640	192	886	658	282
960	640	256	887	659	319
960	640	320	888	660	362
960	640	384	888	660	409
960	640	448	888	661	459
960	640	512	890	662	508
960	640	576	892	663	564
960	640	640	892	663	618
960	640	704	893	664	672
960	640	768	896	666	727
960	640	832	898	667	782
960	640	896	899	668	837
960	640	960	901	669	894
960	640	1023	904	672	949
960	704	0	897	713	245
960	704	64	897	716	251
960	704	128	896	717	267
960	704	192	897	717	294
960	704	256	897	717	330
960	704	320	898	718	372
960	704	384	899	719	418
960	704	448	900	720	467
960	704	512	900	719	515
960	704	576	902	721	570
960	704	640	902	721	623
960	704	704	905	723	678
960	704	768	907	724	731
960	704	832	908	725	786
960	704	896	910	725	841
960	704	960	912	726	897
960	704	1023	914	728	953
960	768	0	909	770	261
960	768	64	908	774	266
960	768	128	909	774	281
960	768	192	908	774	307
960	768	256	909	775	341
960	768	320	909	775	382
960	768	384	911	776	427
960	768	448	911	777	475
960	768	512	913	777	523
960	768	576	914	779	577
960	768	640	915	779	630
960	768	704	916	779	684
960	768	768	918	780	736
960	768	832	921	782	792
960	768	896	922	782	847
960	768	960	924	784	903
960	768	1023	926	785	958
960	832	0	920	827	276
960	832	64	920	831	282
960	832	128	919	831	295
960	832	192	920	831	320
960	832	256	920	831	353
960	832	320	921	832	392
960	832	384	922	833	436
960	832	448	923	833	482
960	832	512	924	834	530
960	832	576	926	836	583
960	832	640	926	836	636
960	832	704	928	836	689
960	832	768	929	837	741
960	832	832	932	839	797
960	832	896	933	839	851
960	832	960	933	838	906
960	832	1023	936	840	961
960	896	0	933	885	292
960	896	64	933	890	297
960	896	128	932	889	310
960	896	192	933	890	334
960	896	256	933	890	366
960	896	320	934	891	403
960	896	384	935	892	445
960	896	448	934	891	491
960	896	512	936	892	537
960	896	576	938	893	590
960	896	640	938	893	642
960	896	704	940	895	695
960	896	768	942	896	747
960	896	832	943	896	800
960	896	896	944	896	855
960	896	960	946	897	910
960	896	1023	949	899	965
960	960	0	946	944	309
960	960	64	945	947	314
960	960	128	945	947	326
960	960	192	946	948	349
960	960	256	946	948	378
960	960	320	947	949	415
960	960	384	948	950	456
960	960	448	948	949	500
960	960	512	949	950	546
960	960	576	951	952	598
960	960	640	952	951	649
960	960	704	952	951	701
960	960	768	955	954	753
960	960	832	957	954	806
960	960	896	958	954	860
960	960	960	959	955	915
960	960	1023	963	957	970
960	1023	0	960	1001	325
960	1023	64	959	1004	330
960	1023	128	960	1005	342
960	1023	192	961	1006	363
960	1023	256	961	1006	392
960	1023	320	962	1006	427
960	1023	384	963	1007	467
960	1023	448	962	1006	510
960	1023	512	964	1007	555
960	1023	576	965	1008	606
960	1023	640	965	1007	656
960	1023	704	967	1008	708
960	1023	768	969	1010	760
960	1023	832	971	1010	812
960	1023	896	972	1010	866
960	1023	960	973	1010	921
960	1023	1023	976	1010	975
1023	0	0	894	248	147
1023	0	64	893	248	156
1023	0	128	892	248	182
1023	0	192	892	249	222
1023	0	256	893	250	269
1023	0	320	894	251	319
1023	0	384	895	253	372
1023	0	448	896	255	427
1023	0	512	896	257	479
1023	0	576	897	260	538
1023	0	640	899	264	595
1023	0	704	900	267	652
1023	0	768	902	271	707
1023	0	832	905	275	764
1023	0	896	905	279	820
1023	0	960	907	284	877
1023	0	1023	910	289	934
1023	64	0	894	253	148
1023	64	64	893	253	156
1023	64	128	892	254	182
1023	64	192	893	254	222
1023	64	256	893	255	269
1023	64	320	894	256	320
1023	64	384	895	258	373
1023	64	448	896	261	427
1023	64	512	896	262	479
1023	64	576	898	265	538
1023	64	640	900	269	595
1023	64	704	901	272	652
1023	64	768	902	276	707
1023	64	832	905	280	764
1023	64	896	905	284	820
1023	64	960	908	289	877
1023	64	1023	910	294	934
1023	128	0	895	272	151
1023	128	64	894	272	159
1023	128	128	893	272	184
1023	128	192	894	273	224
1023	128	256	894	274	270
1023	128	320	895	275	321
1023	128	384	896	277	374
1023	128	448	896	279	427
1023	128	512	897	280	480
1023	128	576	899	284	539
1023	128	640	899	286	595
1023	128	704	902	289	653
1023	128	768	904	293	707
1023	128	832	905	297	764
1023	128	896	906	301	820
1023	128	960	908	305	878
1023	128	1023	911	310	934
1023	192	0	897	303	156
1023	192	64	895	303	164
1023	192	128	895	304	188
1023	192	192	896	304	228
1023	192	256	896	305	273
1023	192	320	897	306	323
1023	192	384	898	308	376
1023	192	448	898	309	429
1023	192	512	899	311	482
1023	192	576	901	314	540
1023	192	640	902	316	596
1023	192	704	903	318	653
1023	192	768	906	322	709
1023	192	832	907	326	765
1023	192	896	909	329	821
1023	192	960	911	333	879
1023	192	1023	914	337	935
1023	256	0	899	341	162
1023	256	64	899	343	170
1023	256	128	899	343	194
1023	256	192	898	343	232
1023	256	256	900	345	277
1023	256	320	900	346	326
1023	256	384	901	347	378
1023	256	448	901	348	431
1023	256	512	903	350	484
1023	256	576	905	352	542
1023	256	640	905	354	598
1023	256	704	906	356	654
1023	256	768	908	359	709
1023	256	832	911	362	766
1023	256	896	912	365	823
1023	256	960	914	368	880
1023	256	1023	917	372	937
1023	320	0	903	387	171
1023	320	64	902	389	179
1023	320	128	902	390	201
1023	320	192	902	390	238
1023	320	256	902	391	281
1023	320	320	903	392	330
1023	320	384	905	393	381
1023	320	448	905	394	434
1023	320	512	906	395	486
1023	320	576	907	397	544
1023	320	640	909	399	600
1023	320	704	910	401	656
1023	320	768	912	403	711
1023	320	832	913	405	767
1023	320	896	914	408	824
1023	320	960	917	411	881
1023	320	1023	919	414	937
1023	384	0	908	437	182
1023	384	64	907	439	189
1023	384	128	907	439	210
1023	384	192	907	440	245
1023	384	256	908	441	288
1023	384	320	908	441	335
1023	384	384	909	442	385
1023	384	448	909	443	438
1023	384	512	911	444	490
1023	384	576	913	446	547
1023	384	640	913	448	603
1023	384	704	914	449	658
1023	384	768	917	452	714
1023	384	832	919	454	770
1023	384	896	920	456	826
1023	384	960	922	458	883
1023	384	1023	925	461	939
1023	448	0	913	489	193
1023	448	64	913	491	200
1023	448	128	913	492	220
1023	448	192	913	492	253
1023	448	256	913	492	294
1023	448	320	914	493	341
1023	448	384	915	495	391
1023	448	448	916	495	442
1023	448	512	917	497	494
1023	448	576	919	498	551
1023	448	640	919	499	606
1023	448	704	920	500	662
1023	448	768	922	502	716
1023	448	832	925	505	773
1023	448	896	926	506	829
1023	448	960	927	508	885
1023	448	1023	930	510	941
1023	512	0	921	542	206
1023	512	64	920	545	212
1023	512	128	920	545	231
1023	512	192	920	546	263
1023	512	256	921	546	303
1023	512	320	921	547	348
1023	512	384	923	548	397
1023	512	448	922	548	447
1023	512	512	924	549	498
1023	512	576	925	551	555
1023	512	640	926	552	610
1023	512	704	926	552	665
1023	512	768	930	555	720
1023	512	832	931	556	775
1023	512	896	932	557	831
1023	512	960	934	559	888
1023	512	1023	937	562	944
1023	576	0	929	602	220
1023	576	64	928	606	226
1023	576	128	927	605	244
1023	576	192	928	606	274
1023	576	256	929	607	312
1023	576	320	929	607	356
1023	576	384	931	609	404
1023	576	448	931	609	454
1023	576	512	931	609	504
1023	576	576	933	611	559
1023	576	640	934	611	614
1023	576	704	936	613	670
1023	576	768	938	614	723
1023	576	832	939	615	779
1023	576	896	940	616	834
1023	576	960	942	618	891
1023	576	1023	945	620	947
1023	640	0	937	658	234
1023	640	64	937	662	240
1023	640	128	937	662	257
1023	640	192	937	662	285
1023	640	256	937	663	322
1023	640	320	938	663	364
1023	640	384	939	664	411
1023	640	448	940	665	461
1023	640	512	941	666	510
1023	640	576	943	667	565
1023	640	640	944	668	619
1023	640	704	944	668	674
1023	640	768	946	670	727
1023	640	832	949	672	783
1023	640	896	950	672	838
1023	640	960	952	674	895
1023	640	1023	954	676	951
1023	704	0	948	717	250
1023	704	64	947	720	255
1023	704	128	947	720	271
1023	704	192	948	721	298
1023	704	256	948	721	333
1023	704	320	949	722	375
1023	704	384	950	723	420
1023	704	448	950	723	468
1023	704	512	951	724	517
1023	704	576	953	725	571
1023	704	640	953	725	625
1023	704	704	954	726	679
1023	704	768	957	728	733
1023	704	832	958	729	787
1023	704	896	960	729	843
1023	704	960	961	730	899
1023	704	1023	964	732	955
1023	768	0	959	773	265
1023	768	64	959	777	270
1023	768	128	958	777	285
1023	768	192	959	778	311
1023	768	256	959	778	344
1023	768	320	960	779	385
1023	768	384	961	780	429
1023	768	448	962	780	477
1023	768	512	963	781	525
1023	768	576	965	782	579
1023	768	640	965	782	632
1023	768	704	966	783	685
1023	768	768	968	784	738
1023	768	832	970	786	793
1023	768	896	971	786	848
1023	768	960	972	786	903
1023	768	1023	975	788	959
1023	832	0	970	830	280
1023	832	64	970	835	286
1023	832	128	969	834	299
1023	832	192	970	835	324
1023	832	256	970	835	356
1023	832	320	971	836	395
1023	832	384	972	837	438
1023	832	448	971	836	484
1023	832	512	973	837	531
1023	832	576	974	838	584
1023	832	640	974	838	637
1023	832	704	977	840	690
1023	832	768	979	841	743
1023	832	832	980	841	797
1023	832	896	981	841	852
1023	832	960	983	842	907
1023	832	1023	985	844	962
1023	896	0	982	889	296
1023	896	64	980	892	301
1023	896	128	981	893	314
1023	896	192	982	894	338
1023	896	256	982	894	368
1023	896	320	983	894	406
1023	896	384	984	895	448
1023	896	448	983	894	493
1023	896	512	985	895	539
1023	896	576	986	896	591
1023	896	640	987	896	643
1023	896	704	988	897	696
1023	896	768	991	899	749
1023	896	832	992	900	802
1023	896	896	993	900	856
1023	896	960	995	901	912
1023	896	1023	997	902	967
1023	960	0	993	946	312
1023	960	64	993	950	317
1023	960	128	993	951	330
1023	960	192	993	951	351
1023	960	256	995	952	382
1023	960	320	994	951	417
1023	960	384	995	952	457
1023	960	448	996	953	502
1023	960	512	998	954	548
1023	960	576	999	955	599
1023	960	640	1000	955	650
1023	960	704	1000	955	702
1023	960	768	1002	956	753
1023	960	832	1005	957	808
1023	960	896	1005	957	862
1023	960	960	1007	958	917
1023	960	1023	1010	960	972
1023	1023	0	1007	1003	328
1023	1023	64	1007	1008	333
1023	1023	128	1008	1008	345
1023	1023	192	1007	1008	366
1023	1023	256	1007	1008	394
1023	1023	320	1008	1008	429
1023	1023	384	1009	1010	469
1023	1023	448	1010	1010	512
1023	1023	512	1011	1011	557
1023	1023	576	1013	1012	608
1023	1023	640	1013	1012	658
1023	1023	704	1014	1012	710
1023	1023	768	1015	1013	761
1023	1023	832	1018	1014	814
1023	1023	896	1019	1014	868
1023	1023	960	1021	1015	924
1023	1023	1023	1023	1016	978
