0	0	0	0	0	0
0	0	64	18	12	70
0	0	128	33	22	131
0	0	192	49	32	194
0	0	256	66	43	258
0	0	320	82	53	321
0	0	384	98	64	384
0	0	448	114	74	447
0	0	512	129	84	508
0	0	576	146	95	574
0	0	640	162	106	638
0	0	704	178	117	701
0	0	768	194	127	764
0	0	832	210	137	826
0	0	896	226	148	888
0	0	960	241	158	950
0	0	1023	257	168	1010
0	64	0	20	72	8
0	64	64	26	73	71
0	64	128	38	74	131
0	64	192	52	77	194
0	64	256	68	82	258
0	64	320	83	87	321
0	64	384	99	94	384
0	64	448	115	100	447
0	64	512	130	108	508
0	64	576	147	116	574
0	64	640	163	125	637
0	64	704	179	134	701
0	64	768	195	143	763
0	64	832	211	152	826
0	64	896	226	161	888
0	64	960	242	171	950
0	64	1023	257	180	1009
0	128	0	37	131	16
0	128	64	41	133	71
0	128	128	49	134	131
0	128	192	60	136	194
0	128	256	74	138	258
0	128	320	88	141	321
0	128	384	103	145	384
0	128	448	118	149	447
0	128	512	133	154	508
0	128	576	149	159	574
0	128	640	165	165	638
0	128	704	181	172	701
0	128	768	196	178	763
0	128	832	212	186	826
0	128	896	228	193	889
0	128	960	243	201	950
0	128	1023	258	209	1010
0	192	0	55	194	23
0	192	64	58	196	73
0	192	128	63	197	132
0	192	192	72	198	195
0	192	256	83	199	259
0	192	320	96	201	322
0	192	384	110	204	385
0	192	448	124	207	448
0	192	512	138	210	508
0	192	576	154	214	575
0	192	640	169	218	638
0	192	704	184	222	702
0	192	768	199	228	763
0	192	832	215	233	827
0	192	896	230	238	888
0	192	960	246	244	951
0	192	1023	261	251	1010
0	256	0	72	255	31
0	256	64	75	258	75
0	256	128	79	259	133
0	256	192	86	260	196
0	256	256	95	261	259
0	256	320	106	262	322
0	256	384	119	264	385
0	256	448	132	266	448
0	256	512	145	268	508
0	256	576	160	272	574
0	256	640	175	275	639
0	256	704	189	278	702
0	256	768	204	282	763
0	256	832	219	286	827
0	256	896	234	290	888
0	256	960	249	294	949
0	256	1023	264	300	1010
0	320	0	90	318	38
0	320	64	92	321	78
0	320	128	96	322	135
0	320	192	101	323	197
0	320	256	109	324	260
0	320	320	119	325	323
0	320	384	130	327	385
0	320	448	142	328	448
0	320	512	154	330	509
0	320	576	168	333	575
0	320	640	182	335	639
0	320	704	196	337	702
0	320	768	210	341	763
0	320	832	225	344	827
0	320	896	239	347	889
0	320	960	254	351	951
0	320	1023	268	355	1011
0	384	0	108	380	46
0	384	64	110	384	82
0	384	128	113	385	137
0	384	192	117	386	198
0	384	256	124	386	261
0	384	320	132	387	324
0	384	384	142	389	387
0	384	448	153	390	449
0	384	512	164	392	510
0	384	576	177	394	576
0	384	640	190	396	639
0	384	704	204	397	703
0	384	768	217	400	764
0	384	832	232	403	828
0	384	896	246	405	890
0	384	960	260	407	951
0	384	1023	274	411	1011
0	448	0	125	442	53
0	448	64	127	445	86
0	448	128	129	446	139
0	448	192	134	447	200
0	448	256	140	448	262
0	448	320	147	449	325
0	448	384	156	450	388
0	448	448	165	451	450
0	448	512	176	453	510
0	448	576	188	455	576
0	448	640	200	456	640
0	448	704	213	457	703
0	448	768	226	460	765
0	448	832	239	462	828
0	448	896	253	463	890
0	448	960	266	466	952
0	448	1023	280	469	1012
0	512	0	142	501	60
0	512	64	144	506	90
0	512	128	146	507	141
0	512	192	150	508	201
0	512	256	155	508	264
0	512	320	162	509	326
0	512	384	169	511	388
0	512	448	178	511	451
0	512	512	188	513	512
0	512	576	199	515	577
0	512	640	210	515	641
0	512	704	222	517	704
0	512	768	235	518	765
0	512	832	248	521	829
0	512	896	261	522	891
0	512	960	274	524	953
0	512	1023	287	526	1012
0	576	0	161	568	67
0	576	64	163	573	95
0	576	128	165	575	144
0	576	192	168	575	203
0	576	256	173	576	265
0	576	320	179	577	328
0	576	384	186	578	389
0	576	448	194	579	452
0	576	512	203	580	512
0	576	576	214	581	578
0	576	640	224	582	642
0	576	704	235	583	705
0	576	768	247	584	766
0	576	832	260	586	830
0	576	896	272	587	892
0	576	960	285	589	954
0	576	1023	297	592	1014
0	640	0	180	630	74
0	640	64	182	635	99
0	640	128	184	635	147
0	640	192	187	636	206
0	640	256	191	637	267
0	640	320	196	638	329
0	640	384	203	639	391
0	640	448	210	639	453
0	640	512	218	640	513
0	640	576	228	642	579
0	640	640	237	642	643
0	640	704	248	644	707
0	640	768	259	645	768
0	640	832	271	646	831
0	640	896	283	647	893
0	640	960	295	648	954
0	640	1023	306	650	1014
0	704	0	196	690	82
0	704	64	198	696	105
0	704	128	199	697	151
0	704	192	202	697	209
0	704	256	205	697	269
0	704	320	210	699	331
0	704	384	216	700	393
0	704	448	223	700	455
0	704	512	230	701	515
0	704	576	239	703	581
0	704	640	249	703	645
0	704	704	259	704	708
0	704	768	269	705	769
0	704	832	280	707	833
0	704	896	292	707	895
0	704	960	303	709	956
0	704	1023	315	710	1017
0	768	0	213	751	89
0	768	64	215	756	111
0	768	128	216	757	155
0	768	192	219	758	211
0	768	256	222	759	272
0	768	320	227	760	333
0	768	384	232	761	395
0	768	448	238	761	457
0	768	512	245	762	517
0	768	576	253	763	583
0	768	640	262	763	646
0	768	704	271	764	709
0	768	768	282	766	771
0	768	832	292	767	834
0	768	896	303	767	896
0	768	960	314	768	958
0	768	1023	326	770	1018
0	832	0	230	810	95
0	832	64	232	817	116
0	832	128	233	818	159
0	832	192	236	818	214
0	832	256	239	820	274
0	832	320	243	820	334
0	832	384	248	821	396
0	832	448	254	821	458
0	832	512	260	822	518
0	832	576	268	824	584
0	832	640	276	823	647
0	832	704	285	824	710
0	832	768	294	825	771
0	832	832	304	827	835
0	832	896	315	827	897
0	832	960	325	828	959
0	832	1023	337	829	1019
0	896	0	247	872	102
0	896	64	249	878	122
0	896	128	251	879	163
0	896	192	253	880	217
0	896	256	255	880	276
0	896	320	259	881	336
0	896	384	264	883	398
0	896	448	269	883	460
0	896	512	275	884	520
0	896	576	283	885	585
0	896	640	290	885	648
0	896	704	299	885	711
0	896	768	308	886	773
0	896	832	317	888	836
0	896	896	327	888	898
0	896	960	337	889	960
0	896	1023	348	890	1020
0	960	0	264	931	109
0	960	64	266	938	128
0	960	128	267	939	167
0	960	192	269	940	220
0	960	256	272	941	278
0	960	320	276	941	338
0	960	384	280	942	399
0	960	448	285	943	461
0	960	512	291	943	521
0	960	576	298	945	586
0	960	640	305	945	650
0	960	704	313	945	713
0	960	768	321	946	774
0	960	832	331	948	837
0	960	896	339	946	898
0	960	960	349	947	960
0	960	1023	360	948	1021
0	1023	0	280	989	116
0	1023	64	283	996	134
0	1023	128	284	997	171
0	1023	192	286	998	223
0	1023	256	288	998	281
0	1023	320	292	999	341
0	1023	384	296	1001	401
0	1023	448	301	1001	463
0	1023	512	306	1001	522
0	1023	576	312	1002	588
0	1023	640	319	1002	651
0	1023	704	327	1003	714
0	1023	768	335	1003	776
0	1023	832	343	1004	838
0	1023	896	352	1003	900
0	1023	960	361	1004	962
0	1023	1023	371	1004	1023
64	0	0	69	10	0
64	0	64	70	15	70
64	0	128	74	23	130
64	0	192	82	33	194
64	0	256	92	44	257
64	0	320	103	54	320
64	0	384	116	64	383
64	0	448	129	75	446
64	0	512	143	85	507
64	0	576	158	96	573
64	0	640	173	106	637
64	0	704	188	117	701
64	0	768	203	127	761
64	0	832	218	137	825
64	0	896	233	148	888
64	0	960	248	158	949
64	0	1023	263	168	1010
64	64	0	70	72	8
64	64	64	72	73	70
64	64	128	76	75	131
64	64	192	83	78	194
64	64	256	93	82	257
64	64	320	104	87	321
64	64	384	117	94	384
64	64	448	130	101	446
64	64	512	144	108	507
64	64	576	159	116	573
64	64	640	174	125	637
64	64	704	189	134	700
64	64	768	203	143	762
64	64	832	218	152	825
64	64	896	234	161	887
64	64	960	249	170	949
64	64	1023	263	180	1009
64	128	0	75	132	16
64	128	64	76	134	71
64	128	128	81	135	131
64	128	192	88	136	194
64	128	256	97	138	257
64	128	320	108	142	321
64	128	384	120	145	384
64	128	448	133	150	447
64	128	512	146	154	507
64	128	576	161	160	573
64	128	640	175	166	637
64	128	704	190	172	700
64	128	768	205	179	762
64	128	832	220	186	826
64	128	896	235	193	887
64	128	960	250	201	949
64	128	1023	264	209	1009
64	192	0	83	195	23
64	192	64	85	197	73
64	192	128	88	197	132
64	192	192	95	198	195
64	192	256	104	200	258
64	192	320	114	202	321
64	192	384	125	205	384
64	192	448	137	207	447
64	192	512	150	210	507
64	192	576	165	215	573
64	192	640	179	219	638
64	192	704	193	223	701
64	192	768	208	228	762
64	192	832	222	234	825
64	192	896	237	239	887
64	192	960	252	245	948
64	192	1023	267	250	1009
64	256	0	94	257	31
64	256	64	96	259	75
64	256	128	99	260	133
64	256	192	105	261	196
64	256	256	112	262	259
64	256	320	122	263	322
64	256	384	133	265	385
64	256	448	144	267	447
64	256	512	156	270	508
64	256	576	170	273	574
64	256	640	184	276	637
64	256	704	198	279	701
64	256	768	212	283	763
64	256	832	226	287	825
64	256	896	240	291	887
64	256	960	255	295	949
64	256	1023	270	300	1009
64	320	0	108	320	38
64	320	64	110	322	78
64	320	128	113	323	135
64	320	192	117	324	196
64	320	256	124	325	259
64	320	320	133	326	322
64	320	384	143	328	385
64	320	448	154	330	448
64	320	512	165	331	508
64	320	576	178	334	574
64	320	640	191	336	638
64	320	704	204	339	701
64	320	768	218	342	762
64	320	832	232	345	826
64	320	896	246	348	888
64	320	960	260	352	950
64	320	1023	275	356	1010
64	384	0	122	383	46
64	384	64	123	385	82
64	384	128	126	386	136
64	384	192	130	387	198
64	384	256	136	387	260
64	384	320	144	389	323
64	384	384	153	390	386
64	384	448	163	391	448
64	384	512	174	393	509
64	384	576	186	395	575
64	384	640	198	397	639
64	384	704	211	399	702
64	384	768	225	401	763
64	384	832	239	405	827
64	384	896	252	406	888
64	384	960	265	409	950
64	384	1023	279	413	1010
64	448	0	136	443	53
64	448	64	138	447	86
64	448	128	140	448	139
64	448	192	144	448	199
64	448	256	150	449	262
64	448	320	156	450	324
64	448	384	165	451	387
64	448	448	174	452	449
64	448	512	184	454	509
64	448	576	196	456	576
64	448	640	207	457	639
64	448	704	219	459	703
64	448	768	232	461	764
64	448	832	246	464	827
64	448	896	259	465	889
64	448	960	272	468	951
64	448	1023	285	471	1011
64	512	0	153	504	60
64	512	64	155	508	90
64	512	128	156	508	141
64	512	192	160	509	201
64	512	256	165	510	263
64	512	320	171	511	326
64	512	384	179	513	388
64	512	448	187	513	451
64	512	512	197	514	511
64	512	576	207	516	577
64	512	640	218	517	641
64	512	704	230	519	704
64	512	768	242	520	765
64	512	832	255	523	829
64	512	896	267	523	890
64	512	960	280	525	952
64	512	1023	293	528	1011
64	576	0	173	572	67
64	576	64	174	575	95
64	576	128	176	576	144
64	576	192	179	577	203
64	576	256	183	577	265
64	576	320	189	578	327
64	576	384	196	580	389
64	576	448	203	580	452
64	576	512	212	581	512
64	576	576	222	583	578
64	576	640	232	584	641
64	576	704	243	585	704
64	576	768	254	586	766
64	576	832	266	589	829
64	576	896	278	590	891
64	576	960	290	591	953
64	576	1023	303	593	1013
64	640	0	191	633	74
64	640	64	192	636	99
64	640	128	194	637	147
64	640	192	196	638	205
64	640	256	200	639	267
64	640	320	205	640	328
64	640	384	212	641	391
64	640	448	218	641	453
64	640	512	226	642	513
64	640	576	236	644	579
64	640	640	245	644	642
64	640	704	255	645	706
64	640	768	266	647	767
64	640	832	277	648	830
64	640	896	289	649	892
64	640	960	301	651	954
64	640	1023	312	653	1014
64	704	0	203	694	82
64	704	64	204	698	105
64	704	128	206	698	151
64	704	192	209	699	208
64	704	256	212	700	269
64	704	320	217	701	331
64	704	384	223	702	393
64	704	448	229	702	454
64	704	512	236	703	514
64	704	576	246	704	580
64	704	640	254	705	644
64	704	704	264	706	707
64	704	768	274	707	768
64	704	832	286	709	832
64	704	896	296	709	893
64	704	960	308	710	955
64	704	1023	319	712	1015
64	768	0	220	754	89
64	768	64	222	758	110
64	768	128	223	759	155
64	768	192	225	759	211
64	768	256	229	761	271
64	768	320	233	762	333
64	768	384	239	763	394
64	768	448	245	763	456
64	768	512	252	764	516
64	768	576	260	765	582
64	768	640	268	766	646
64	768	704	277	766	709
64	768	768	287	767	770
64	768	832	298	769	833
64	768	896	308	769	896
64	768	960	319	770	957
64	768	1023	331	773	1018
64	832	0	238	815	96
64	832	64	239	819	116
64	832	128	240	820	159
64	832	192	242	820	214
64	832	256	246	821	273
64	832	320	250	822	334
64	832	384	255	824	396
64	832	448	260	824	457
64	832	512	267	825	518
64	832	576	274	826	583
64	832	640	282	826	647
64	832	704	291	826	710
64	832	768	300	827	771
64	832	832	310	829	834
64	832	896	320	830	896
64	832	960	331	831	958
64	832	1023	342	832	1018
64	896	0	254	876	103
64	896	64	256	880	122
64	896	128	257	881	162
64	896	192	259	882	217
64	896	256	262	882	275
64	896	320	266	883	336
64	896	384	271	884	397
64	896	448	276	885	459
64	896	512	281	885	518
64	896	576	289	886	584
64	896	640	296	887	648
64	896	704	305	888	711
64	896	768	314	889	772
64	896	832	323	891	835
64	896	896	332	889	896
64	896	960	343	890	958
64	896	1023	353	892	1018
64	960	0	271	936	110
64	960	64	273	940	128
64	960	128	274	941	167
64	960	192	276	942	220
64	960	256	278	942	278
64	960	320	282	943	338
64	960	384	286	945	399
64	960	448	291	944	460
64	960	512	296	945	520
64	960	576	303	946	585
64	960	640	310	946	648
64	960	704	318	948	712
64	960	768	327	949	773
64	960	832	336	949	836
64	960	896	345	949	898
64	960	960	355	950	959
64	960	1023	364	951	1020
64	1023	0	288	994	116
64	1023	64	289	999	134
64	1023	128	290	999	171
64	1023	192	292	1000	223
64	1023	256	294	1001	280
64	1023	320	297	1001	340
64	1023	384	302	1003	401
64	1023	448	306	1002	462
64	1023	512	312	1003	522
64	1023	576	318	1005	587
64	1023	640	325	1004	650
64	1023	704	332	1004	713
64	1023	768	340	1006	775
64	1023	832	348	1006	837
64	1023	896	357	1006	899
64	1023	960	366	1007	961
64	1023	1023	376	1007	1022
128	0	0	127	19	0
128	0	64	127	22	70
128	0	128	130	28	130
128	0	192	134	36	194
128	0	256	139	46	257
128	0	320	147	56	320
128	0	384	155	66	384
128	0	448	165	76	446
128	0	512	175	86	507
128	0	576	188	97	573
128	0	640	200	107	637
128	0	704	213	117	700
128	0	768	225	128	761
128	0	832	239	138	825
128	0	896	253	148	887
128	0	960	266	158	948
128	0	1023	280	168	1008
128	64	0	128	74	7
128	64	64	128	75	70
128	64	128	130	76	130
128	64	192	134	79	194
128	64	256	140	83	257
128	64	320	147	89	320
128	64	384	156	95	384
128	64	448	166	102	446
128	64	512	176	109	507
128	64	576	188	117	573
128	64	640	200	126	637
128	64	704	213	134	700
128	64	768	226	143	762
128	64	832	239	152	825
128	64	896	253	161	887
128	64	960	267	171	948
128	64	1023	280	180	1008
128	128	0	130	133	15
128	128	64	131	135	71
128	128	128	133	135	131
128	128	192	137	137	194
128	128	256	143	139	257
128	128	320	150	142	321
128	128	384	158	146	384
128	128	448	168	150	446
128	128	512	178	155	506
128	128	576	190	160	573
128	128	640	202	166	637
128	128	704	215	173	700
128	128	768	227	180	762
128	128	832	241	186	825
128	128	896	254	193	887
128	128	960	268	201	948
128	128	1023	281	209	1009
128	192	0	135	196	23
128	192	64	136	197	73
128	192	128	137	198	132
128	192	192	141	199	195
128	192	256	147	200	258
128	192	320	154	203	321
128	192	384	162	205	384
128	192	448	171	208	446
128	192	512	181	211	507
128	192	576	193	215	573
128	192	640	205	219	637
128	192	704	217	224	701
128	192	768	230	229	762
128	192	832	243	234	824
128	192	896	256	239	887
128	192	960	270	245	948
128	192	1023	283	251	1008
128	256	0	141	258	31
128	256	64	142	259	75
128	256	128	144	260	133
128	256	192	148	261	195
128	256	256	153	262	259
128	256	320	160	264	322
128	256	384	168	266	385
128	256	448	176	267	447
128	256	512	186	270	508
128	256	576	198	273	574
128	256	640	209	276	637
128	256	704	221	279	701
128	256	768	234	284	762
128	256	832	247	287	825
128	256	896	260	291	887
128	256	960	273	296	949
128	256	1023	286	301	1009
128	320	0	150	321	38
128	320	64	151	323	78
128	320	128	153	323	134
128	320	192	157	324	196
128	320	256	161	325	259
128	320	320	168	326	322
128	320	384	175	328	385
128	320	448	184	330	447
128	320	512	193	331	507
128	320	576	204	335	574
128	320	640	215	337	638
128	320	704	227	339	701
128	320	768	239	342	762
128	320	832	252	346	826
128	320	896	264	349	888
128	320	960	277	352	948
128	320	1023	290	356	1009
128	384	0	160	383	45
128	384	64	161	385	81
128	384	128	162	386	136
128	384	192	166	387	198
128	384	256	171	388	260
128	384	320	176	389	323
128	384	384	184	390	386
128	384	448	191	391	448
128	384	512	200	393	508
128	384	576	211	395	575
128	384	640	222	397	638
128	384	704	233	399	701
128	384	768	245	402	763
128	384	832	257	404	826
128	384	896	270	406	888
128	384	960	282	409	950
128	384	1023	295	413	1010
128	448	0	171	444	53
128	448	64	172	447	86
128	448	128	173	448	139
128	448	192	176	448	199
128	448	256	181	449	261
128	448	320	186	450	324
128	448	384	193	452	387
128	448	448	201	453	449
128	448	512	209	454	509
128	448	576	219	456	575
128	448	640	230	457	639
128	448	704	240	459	702
128	448	768	252	461	764
128	448	832	264	464	827
128	448	896	276	466	889
128	448	960	288	468	951
128	448	1023	300	471	1011
128	512	0	184	505	60
128	512	64	185	507	89
128	512	128	187	508	141
128	512	192	189	509	201
128	512	256	193	510	263
128	512	320	199	511	325
128	512	384	205	512	388
128	512	448	212	513	450
128	512	512	220	514	510
128	512	576	230	516	576
128	512	640	239	517	640
128	512	704	250	518	703
128	512	768	261	521	765
128	512	832	272	522	827
128	512	896	283	524	890
128	512	960	296	525	951
128	512	1023	308	528	1012
128	576	0	200	572	67
128	576	64	201	576	95
128	576	128	202	576	144
128	576	192	205	577	203
128	576	256	209	577	264
128	576	320	214	578	326
128	576	384	220	580	389
128	576	448	226	580	451
128	576	512	233	581	511
128	576	576	243	583	577
128	576	640	252	584	641
128	576	704	262	585	704
128	576	768	272	587	765
128	576	832	283	589	829
128	576	896	294	589	890
128	576	960	305	591	952
128	576	1023	317	593	1012
128	640	0	215	633	74
128	640	64	217	636	99
128	640	128	218	637	147
128	640	192	220	638	205
128	640	256	224	639	266
128	640	320	228	640	328
128	640	384	233	641	390
128	640	448	240	641	452
128	640	512	247	642	513
128	640	576	255	644	578
128	640	640	264	644	642
128	640	704	273	645	705
128	640	768	283	647	766
128	640	832	294	649	830
128	640	896	304	650	892
128	640	960	315	651	954
128	640	1023	326	653	1014
128	704	0	226	695	82
128	704	64	227	698	105
128	704	128	229	698	151
128	704	192	231	699	208
128	704	256	234	700	269
128	704	320	238	701	330
128	704	384	244	702	392
128	704	448	249	702	454
128	704	512	256	703	514
128	704	576	264	705	580
128	704	640	272	705	643
128	704	704	282	706	707
128	704	768	291	708	768
128	704	832	301	708	831
128	704	896	311	709	893
128	704	960	322	710	955
128	704	1023	333	712	1015
128	768	0	242	754	89
128	768	64	243	758	111
128	768	128	244	759	155
128	768	192	246	760	211
128	768	256	249	760	271
128	768	320	253	761	332
128	768	384	258	763	394
128	768	448	263	763	456
128	768	512	270	764	516
128	768	576	278	766	582
128	768	640	286	766	645
128	768	704	294	767	709
128	768	768	303	768	770
128	768	832	313	770	833
128	768	896	323	770	896
128	768	960	333	771	957
128	768	1023	344	773	1017
128	832	0	258	816	96
128	832	64	259	819	116
128	832	128	260	820	158
128	832	192	262	821	214
128	832	256	265	822	273
128	832	320	268	822	334
128	832	384	273	824	396
128	832	448	278	824	458
128	832	512	284	824	517
128	832	576	291	826	583
128	832	640	299	827	647
128	832	704	307	827	710
128	832	768	315	828	771
128	832	832	325	830	834
128	832	896	334	829	895
128	832	960	344	830	957
128	832	1023	354	831	1017
128	896	0	273	876	103
128	896	64	274	880	122
128	896	128	275	881	163
128	896	192	277	882	216
128	896	256	280	882	275
128	896	320	283	883	336
128	896	384	288	885	397
128	896	448	292	885	459
128	896	512	298	885	518
128	896	576	305	887	583
128	896	640	312	887	647
128	896	704	319	888	711
128	896	768	328	889	772
128	896	832	336	890	834
128	896	896	345	890	896
128	896	960	356	891	958
128	896	1023	365	892	1018
128	960	0	288	937	110
128	960	64	289	940	128
128	960	128	291	941	167
128	960	192	292	941	219
128	960	256	295	943	278
128	960	320	298	944	338
128	960	384	302	944	398
128	960	448	306	944	460
128	960	512	312	945	519
128	960	576	319	947	585
128	960	640	325	946	648
128	960	704	332	947	711
128	960	768	341	949	773
128	960	832	349	950	835
128	960	896	358	950	898
128	960	960	366	950	959
128	960	1023	376	952	1019
128	1023	0	303	994	117
128	1023	64	305	998	133
128	1023	128	306	999	171
128	1023	192	308	1000	223
128	1023	256	310	1001	280
128	1023	320	313	1002	340
128	1023	384	317	1002	400
128	1023	448	321	1002	462
128	1023	512	326	1004	521
128	1023	576	333	1005	587
128	1023	640	338	1005	650
128	1023	704	345	1004	713
128	1023	768	353	1005	774
128	1023	832	361	1007	837
128	1023	896	370	1006	899
128	1023	960	379	1007	961
128	1023	1023	388	1008	1022
192	0	0	187	29	0
192	0	64	187	30	70
192	0	128	188	34	130
192	0	192	191	41	194
192	0	256	195	50	257
192	0	320	200	59	320
192	0	384	206	68	383
192	0	448	213	78	446
192	0	512	221	88	507
192	0	576	230	98	573
192	0	640	239	108	636
192	0	704	250	119	700
192	0	768	261	129	761
192	0	832	272	139	824
192	0	896	283	149	886
192	0	960	295	159	948
192	0	1023	308	169	1009
192	64	0	188	76	5
192	64	64	188	77	70
192	64	128	189	79	130
192	64	192	192	82	194
192	64	256	195	86	257
192	64	320	200	91	320
192	64	384	207	97	384
192	64	448	213	103	446
192	64	512	221	110	506
192	64	576	231	119	573
192	64	640	240	127	636
192	64	704	250	136	700
192	64	768	261	145	761
192	64	832	273	153	825
192	64	896	284	163	886
192	64	960	296	172	948
192	64	1023	308	181	1009
192	128	0	189	135	14
192	128	64	189	136	71
192	128	128	191	137	131
192	128	192	193	138	194
192	128	256	197	141	258
192	128	320	202	144	321
192	128	384	208	147	384
192	128	448	215	151	446
192	128	512	223	156	507
192	128	576	232	161	573
192	128	640	242	167	636
192	128	704	251	174	700
192	128	768	263	180	762
192	128	832	274	187	824
192	128	896	285	195	886
192	128	960	297	202	948
192	128	1023	309	209	1009
192	192	0	192	196	23
192	192	64	192	198	73
192	192	128	194	199	132
192	192	192	196	199	194
192	192	256	200	201	258
192	192	320	205	203	321
192	192	384	211	206	383
192	192	448	217	208	446
192	192	512	225	212	507
192	192	576	235	216	573
192	192	640	244	220	636
192	192	704	254	224	700
192	192	768	264	229	761
192	192	832	276	234	824
192	192	896	287	240	887
192	192	960	299	246	949
192	192	1023	311	252	1009
192	256	0	197	258	31
192	256	64	197	260	75
192	256	128	198	261	133
192	256	192	201	261	195
192	256	256	204	262	258
192	256	320	209	264	321
192	256	384	215	266	384
192	256	448	222	268	447
192	256	512	229	270	507
192	256	576	238	274	574
192	256	640	247	276	637
192	256	704	257	280	700
192	256	768	268	284	762
192	256	832	279	288	825
192	256	896	290	292	888
192	256	960	302	297	949
192	256	1023	314	302	1009
192	320	0	203	322	38
192	320	64	203	324	78
192	320	128	204	324	134
192	320	192	207	325	196
192	320	256	211	326	259
192	320	320	215	327	322
192	320	384	221	329	385
192	320	448	227	330	447
192	320	512	235	332	507
192	320	576	244	335	574
192	320	640	252	337	637
192	320	704	262	340	701
192	320	768	272	343	762
192	320	832	283	345	825
192	320	896	294	348	887
192	320	960	306	352	949
192	320	1023	317	356	1009
192	384	0	209	383	45
192	384	64	210	386	81
192	384	128	211	386	136
192	384	192	213	387	197
192	384	256	217	387	260
192	384	320	222	389	323
192	384	384	227	390	385
192	384	448	234	392	448
192	384	512	241	393	508
192	384	576	249	396	574
192	384	640	258	397	638
192	384	704	267	399	701
192	384	768	277	402	762
192	384	832	288	405	826
192	384	896	299	407	888
192	384	960	310	410	950
192	384	1023	322	413	1010
192	448	0	218	445	53
192	448	64	218	448	86
192	448	128	219	448	138
192	448	192	222	449	199
192	448	256	225	450	261
192	448	320	229	451	324
192	448	384	235	452	386
192	448	448	241	453	449
192	448	512	248	454	509
192	448	576	256	456	575
192	448	640	265	458	639
192	448	704	274	459	702
192	448	768	283	461	764
192	448	832	294	463	826
192	448	896	304	465	888
192	448	960	315	467	950
192	448	1023	326	471	1010
192	512	0	228	505	60
192	512	64	229	508	90
192	512	128	230	509	141
192	512	192	232	509	201
192	512	256	235	510	263
192	512	320	239	511	325
192	512	384	244	512	387
192	512	448	250	513	450
192	512	512	257	514	510
192	512	576	265	516	576
192	512	640	273	517	639
192	512	704	281	518	703
192	512	768	291	520	764
192	512	832	302	522	828
192	512	896	312	524	889
192	512	960	322	526	951
192	512	1023	333	529	1011
192	576	0	241	573	67
192	576	64	242	576	95
192	576	128	242	576	144
192	576	192	244	577	203
192	576	256	248	578	264
192	576	320	252	579	327
192	576	384	256	580	389
192	576	448	262	580	451
192	576	512	268	581	511
192	576	576	276	583	577
192	576	640	284	584	640
192	576	704	292	585	703
192	576	768	301	587	765
192	576	832	311	588	828
192	576	896	321	589	890
192	576	960	331	591	952
192	576	1023	342	593	1012
192	640	0	253	633	74
192	640	64	254	637	99
192	640	128	255	637	147
192	640	192	257	638	205
192	640	256	260	638	266
192	640	320	263	639	328
192	640	384	268	641	390
192	640	448	273	641	452
192	640	512	280	643	512
192	640	576	287	644	578
192	640	640	294	645	642
192	640	704	302	645	705
192	640	768	311	647	766
192	640	832	321	649	830
192	640	896	330	650	892
192	640	960	340	651	954
192	640	1023	350	652	1012
192	704	0	262	694	82
192	704	64	263	697	105
192	704	128	264	698	151
192	704	192	266	698	208
192	704	256	269	700	268
192	704	320	272	701	330
192	704	384	276	701	392
192	704	448	282	702	454
192	704	512	287	703	514
192	704	576	295	705	580
192	704	640	302	705	643
192	704	704	310	705	706
192	704	768	318	707	767
192	704	832	327	708	831
192	704	896	337	709	893
192	704	960	347	710	955
192	704	1023	357	713	1015
192	768	0	276	755	89
192	768	64	276	759	111
192	768	128	277	759	155
192	768	192	279	760	211
192	768	256	282	760	271
192	768	320	285	761	332
192	768	384	289	762	394
192	768	448	294	763	456
192	768	512	300	763	515
192	768	576	307	765	581
192	768	640	313	765	645
192	768	704	321	766	708
192	768	768	329	768	770
192	768	832	338	768	832
192	768	896	347	769	894
192	768	960	356	770	956
192	768	1023	366	772	1016
192	832	0	289	816	96
192	832	64	290	819	116
192	832	128	291	820	158
192	832	192	293	820	213
192	832	256	295	821	273
192	832	320	298	822	333
192	832	384	303	823	395
192	832	448	307	823	457
192	832	512	312	824	516
192	832	576	319	825	582
192	832	640	325	825	645
192	832	704	332	826	708
192	832	768	341	828	771
192	832	832	349	829	833
192	832	896	357	829	895
192	832	960	367	830	957
192	832	1023	376	832	1017
192	896	0	302	876	103
192	896	64	304	880	122
192	896	128	304	881	162
192	896	192	306	881	216
192	896	256	309	882	275
192	896	320	311	883	335
192	896	384	315	884	396
192	896	448	320	884	458
192	896	512	325	885	518
192	896	576	331	886	583
192	896	640	337	886	646
192	896	704	344	887	709
192	896	768	351	888	771
192	896	832	360	890	834
192	896	896	368	890	896
192	896	960	377	891	958
192	896	1023	387	892	1018
192	960	0	316	936	110
192	960	64	317	940	128
192	960	128	318	941	167
192	960	192	320	942	219
192	960	256	322	942	277
192	960	320	325	943	337
192	960	384	328	944	398
192	960	448	333	944	460
192	960	512	337	945	519
192	960	576	344	947	585
192	960	640	349	947	648
192	960	704	356	947	711
192	960	768	363	948	772
192	960	832	372	949	835
192	960	896	380	950	897
192	960	960	388	950	959
192	960	1023	397	952	1019
192	1023	0	330	994	116
192	1023	64	331	998	134
192	1023	128	332	999	171
192	1023	192	333	999	222
192	1023	256	335	1000	280
192	1023	320	338	1001	339
192	1023	384	342	1002	400
192	1023	448	346	1002	461
192	1023	512	351	1004	521
192	1023	576	356	1005	586
192	1023	640	362	1005	650
192	1023	704	368	1005	712
192	1023	768	375	1005	774
192	1023	832	383	1007	837
192	1023	896	391	1007	899
192	1023	960	399	1007	961
192	1023	1023	408	1007	1021
256	0	0	246	38	0
256	0	64	246	39	70
256	0	128	247	42	130
256	0	192	248	48	193
256	0	256	251	55	256
256	0	320	255	63	320
256	0	384	260	72	383
256	0	448	265	81	446
256	0	512	271	90	506
256	0	576	279	100	572
256	0	640	286	110	636
256	0	704	294	120	699
256	0	768	303	130	761
256	0	832	313	140	825
256	0	896	322	151	886
256	0	960	333	161	948
256	0	1023	343	171	1008
256	64	0	246	79	0
256	64	64	246	80	70
256	64	128	247	82	130
256	64	192	249	85	193
256	64	256	252	88	257
256	64	320	256	93	320
256	64	384	260	99	383
256	64	448	265	106	446
256	64	512	271	112	506
256	64	576	279	120	572
256	64	640	287	129	636
256	64	704	295	137	699
256	64	768	304	146	761
256	64	832	313	154	824
256	64	896	323	164	886
256	64	960	333	173	948
256	64	1023	344	182	1008
256	128	0	247	136	14
256	128	64	247	137	71
256	128	128	248	138	130
256	128	192	250	140	193
256	128	256	253	142	257
256	128	320	257	145	320
256	128	384	261	148	383
256	128	448	266	153	446
256	128	512	273	157	506
256	128	576	280	163	573
256	128	640	288	168	636
256	128	704	296	175	700
256	128	768	304	182	761
256	128	832	314	188	824
256	128	896	324	196	886
256	128	960	334	202	947
256	128	1023	344	210	1007
256	192	0	250	197	22
256	192	64	250	199	72
256	192	128	250	199	131
256	192	192	252	201	194
256	192	256	255	202	257
256	192	320	259	204	321
256	192	384	264	207	383
256	192	448	268	209	445
256	192	512	274	212	506
256	192	576	282	216	572
256	192	640	289	220	636
256	192	704	298	225	700
256	192	768	306	230	761
256	192	832	316	235	824
256	192	896	325	240	885
256	192	960	335	246	948
256	192	1023	346	252	1008
256	256	0	253	259	30
256	256	64	252	260	75
256	256	128	254	261	132
256	256	192	256	262	195
256	256	256	259	263	258
256	256	320	262	265	321
256	256	384	267	267	384
256	256	448	272	268	446
256	256	512	278	271	507
256	256	576	285	274	573
256	256	640	292	277	636
256	256	704	300	280	700
256	256	768	309	284	762
256	256	832	318	288	824
256	256	896	328	292	886
256	256	960	338	297	948
256	256	1023	348	302	1008
256	320	0	258	322	38
256	320	64	258	324	78
256	320	128	259	324	134
256	320	192	260	325	196
256	320	256	263	326	258
256	320	320	267	327	321
256	320	384	271	329	384
256	320	448	276	330	447
256	320	512	282	332	507
256	320	576	289	335	573
256	320	640	297	337	637
256	320	704	304	340	700
256	320	768	313	343	761
256	320	832	323	346	825
256	320	896	332	349	887
256	320	960	342	353	949
256	320	1023	352	357	1009
256	384	0	263	384	45
256	384	64	263	386	81
256	384	128	264	386	136
256	384	192	266	387	197
256	384	256	268	388	260
256	384	320	272	389	322
256	384	384	276	391	385
256	384	448	281	391	447
256	384	512	287	393	508
256	384	576	294	396	574
256	384	640	301	397	637
256	384	704	309	400	701
256	384	768	317	402	762
256	384	832	326	404	825
256	384	896	335	407	887
256	384	960	345	410	948
256	384	1023	355	413	1009
256	448	0	269	444	53
256	448	64	269	448	85
256	448	128	270	448	138
256	448	192	272	448	199
256	448	256	274	449	261
256	448	320	278	450	323
256	448	384	282	452	386
256	448	448	287	453	448
256	448	512	293	454	509
256	448	576	300	456	575
256	448	640	307	457	638
256	448	704	314	459	701
256	448	768	322	461	762
256	448	832	332	464	826
256	448	896	341	466	888
256	448	960	350	468	950
256	448	1023	360	471	1010
256	512	0	277	505	60
256	512	64	278	508	89
256	512	128	278	508	141
256	512	192	280	509	201
256	512	256	283	510	262
256	512	320	286	511	325
256	512	384	290	512	387
256	512	448	295	513	449
256	512	512	300	514	509
256	512	576	307	516	575
256	512	640	314	517	639
256	512	704	322	519	703
256	512	768	329	520	764
256	512	832	338	522	827
256	512	896	347	523	889
256	512	960	356	526	950
256	512	1023	366	529	1010
256	576	0	288	573	67
256	576	64	288	576	94
256	576	128	289	576	144
256	576	192	290	577	202
256	576	256	293	577	264
256	576	320	296	578	326
256	576	384	300	580	388
256	576	448	305	580	450
256	576	512	310	582	511
256	576	576	317	583	577
256	576	640	323	584	640
256	576	704	330	585	703
256	576	768	338	587	765
256	576	832	347	589	828
256	576	896	355	590	890
256	576	960	364	592	952
256	576	1023	374	594	1012
256	640	0	298	634	74
256	640	64	298	637	99
256	640	128	299	638	147
256	640	192	300	637	205
256	640	256	303	639	266
256	640	320	307	640	328
256	640	384	310	640	389
256	640	448	314	641	452
256	640	512	320	642	512
256	640	576	326	644	578
256	640	640	332	644	641
256	640	704	339	645	704
256	640	768	347	647	766
256	640	832	355	648	829
256	640	896	363	649	891
256	640	960	372	651	952
256	640	1023	382	653	1013
256	704	0	306	694	82
256	704	64	306	698	105
256	704	128	307	698	151
256	704	192	308	699	208
256	704	256	311	700	268
256	704	320	314	701	330
256	704	384	318	702	392
256	704	448	322	702	454
256	704	512	327	703	513
256	704	576	333	705	579
256	704	640	339	705	643
256	704	704	346	706	706
256	704	768	354	707	768
256	704	832	361	708	830
256	704	896	369	709	892
256	704	960	378	710	954
256	704	1023	387	712	1014
256	768	0	317	755	89
256	768	64	317	759	111
256	768	128	318	759	154
256	768	192	320	760	210
256	768	256	322	760	270
256	768	320	325	761	332
256	768	384	329	762	394
256	768	448	333	762	455
256	768	512	338	764	515
256	768	576	344	765	581
256	768	640	349	765	645
256	768	704	356	766	708
256	768	768	363	767	769
256	768	832	371	769	832
256	768	896	379	769	895
256	768	960	388	771	956
256	768	1023	397	772	1016
256	832	0	328	815	96
256	832	64	329	819	116
256	832	128	329	819	158
256	832	192	331	820	213
256	832	256	333	821	272
256	832	320	336	821	333
256	832	384	340	823	395
256	832	448	344	823	456
256	832	512	348	824	516
256	832	576	354	826	582
256	832	640	360	826	645
256	832	704	366	826	709
256	832	768	373	827	770
256	832	832	381	829	833
256	832	896	389	829	895
256	832	960	396	829	956
256	832	1023	405	831	1016
256	896	0	340	876	103
256	896	64	341	881	122
256	896	128	341	881	162
256	896	192	343	882	216
256	896	256	345	882	274
256	896	320	348	883	335
256	896	384	351	884	396
256	896	448	354	884	457
256	896	512	359	885	517
256	896	576	365	886	583
256	896	640	370	886	646
256	896	704	377	888	710
256	896	768	384	889	771
256	896	832	391	889	833
256	896	896	398	889	895
256	896	960	406	890	957
256	896	1023	415	892	1017
256	960	0	352	937	110
256	960	64	353	940	128
256	960	128	353	941	166
256	960	192	355	942	219
256	960	256	357	942	277
256	960	320	360	943	337
256	960	384	363	944	398
256	960	448	366	944	459
256	960	512	370	945	519
256	960	576	376	946	584
256	960	640	381	946	647
256	960	704	387	946	710
256	960	768	394	949	772
256	960	832	401	949	835
256	960	896	408	949	897
256	960	960	416	950	958
256	960	1023	424	951	1019
256	1023	0	365	995	117
256	1023	64	365	998	133
256	1023	128	366	999	171
256	1023	192	367	1000	223
256	1023	256	369	1000	280
256	1023	320	372	1001	340
256	1023	384	375	1002	400
256	1023	448	378	1002	461
256	1023	512	382	1003	521
256	1023	576	388	1004	586
256	1023	640	392	1004	649
256	1023	704	399	1004	712
256	1023	768	405	1006	774
256	1023	832	412	1006	836
256	1023	896	418	1006	898
256	1023	960	426	1006	961
256	1023	1023	434	1007	1021
320	0	0	305	47	0
320	0	64	304	47	69
320	0	128	305	50	130
320	0	192	306	55	193
320	0	256	309	61	257
320	0	320	312	68	320
320	0	384	316	76	383
320	0	448	319	85	445
320	0	512	324	93	506
320	0	576	330	103	572
320	0	640	337	113	636
320	0	704	343	123	699
320	0	768	351	132	761
320	0	832	359	142	824
320	0	896	367	152	886
320	0	960	375	162	948
320	0	1023	385	172	1008
320	64	0	305	84	0
320	64	64	304	84	70
320	64	128	305	86	130
320	64	192	307	88	193
320	64	256	309	92	257
320	64	320	312	97	320
320	64	384	316	102	383
320	64	448	320	108	445
320	64	512	325	115	506
320	64	576	331	123	572
320	64	640	337	131	635
320	64	704	343	140	699
320	64	768	352	148	761
320	64	832	359	157	823
320	64	896	367	165	886
320	64	960	376	175	948
320	64	1023	385	184	1007
320	128	0	306	138	12
320	128	64	306	140	71
320	128	128	306	140	130
320	128	192	308	142	193
320	128	256	310	144	257
320	128	320	313	147	320
320	128	384	317	150	383
320	128	448	321	154	445
320	128	512	326	159	506
320	128	576	332	164	572
320	128	640	338	170	636
320	128	704	344	176	699
320	128	768	352	183	760
320	128	832	360	189	824
320	128	896	368	197	886
320	128	960	377	204	947
320	128	1023	386	212	1007
320	192	0	308	199	22
320	192	64	307	200	72
320	192	128	308	201	131
320	192	192	309	202	194
320	192	256	311	203	257
320	192	320	315	205	320
320	192	384	318	208	383
320	192	448	322	211	446
320	192	512	327	214	506
320	192	576	333	218	572
320	192	640	340	222	636
320	192	704	346	226	699
320	192	768	353	231	760
320	192	832	362	236	824
320	192	896	370	242	886
320	192	960	379	247	948
320	192	1023	387	254	1008
320	256	0	310	260	29
320	256	64	310	262	75
320	256	128	311	262	132
320	256	192	312	263	195
320	256	256	314	264	258
320	256	320	317	266	321
320	256	384	321	268	384
320	256	448	325	269	446
320	256	512	330	272	507
320	256	576	336	275	573
320	256	640	342	278	637
320	256	704	348	281	700
320	256	768	356	285	761
320	256	832	364	289	825
320	256	896	372	293	887
320	256	960	380	297	948
320	256	1023	389	302	1008
320	320	0	314	323	37
320	320	64	314	324	77
320	320	128	315	325	134
320	320	192	316	326	196
320	320	256	319	327	259
320	320	320	321	328	322
320	320	384	325	330	384
320	320	448	329	331	447
320	320	512	334	333	507
320	320	576	340	336	573
320	320	640	345	338	637
320	320	704	352	340	700
320	320	768	359	344	762
320	320	832	367	347	824
320	320	896	375	350	887
320	320	960	383	353	948
320	320	1023	392	357	1008
320	384	0	318	384	45
320	384	64	318	387	81
320	384	128	319	388	136
320	384	192	321	388	197
320	384	256	322	389	260
320	384	320	325	390	322
320	384	384	329	391	385
320	384	448	333	392	447
320	384	512	338	394	508
320	384	576	344	397	574
320	384	640	350	398	638
320	384	704	356	400	701
320	384	768	363	403	762
320	384	832	371	405	826
320	384	896	379	408	888
320	384	960	387	411	949
320	384	1023	396	414	1010
320	448	0	324	446	52
320	448	64	324	449	85
320	448	128	324	449	138
320	448	192	326	450	199
320	448	256	328	450	261
320	448	320	331	451	324
320	448	384	334	453	386
320	448	448	338	453	448
320	448	512	343	455	508
320	448	576	349	457	574
320	448	640	354	458	638
320	448	704	361	460	702
320	448	768	368	462	763
320	448	832	375	464	826
320	448	896	383	466	888
320	448	960	391	468	949
320	448	1023	400	472	1009
320	512	0	330	506	59
320	512	64	330	509	89
320	512	128	331	509	141
320	512	192	332	510	200
320	512	256	334	510	262
320	512	320	337	511	324
320	512	384	341	513	387
320	512	448	344	513	449
320	512	512	349	515	510
320	512	576	355	517	576
320	512	640	360	517	639
320	512	704	366	519	702
320	512	768	373	521	764
320	512	832	381	523	827
320	512	896	389	525	889
320	512	960	397	527	951
320	512	1023	406	529	1011
320	576	0	339	573	67
320	576	64	339	576	94
320	576	128	340	577	144
320	576	192	341	577	202
320	576	256	343	578	264
320	576	320	346	579	326
320	576	384	349	580	388
320	576	448	353	580	450
320	576	512	357	582	510
320	576	576	363	583	576
320	576	640	368	584	640
320	576	704	374	585	703
320	576	768	381	588	765
320	576	832	388	589	828
320	576	896	396	590	890
320	576	960	404	591	951
320	576	1023	413	594	1011
320	640	0	348	634	74
320	640	64	348	638	99
320	640	128	348	638	146
320	640	192	350	639	205
320	640	256	352	639	266
320	640	320	354	640	327
320	640	384	358	641	390
320	640	448	361	642	452
320	640	512	365	642	512
320	640	576	371	644	577
320	640	640	376	645	641
320	640	704	382	646	705
320	640	768	389	647	766
320	640	832	396	649	829
320	640	896	403	649	890
320	640	960	411	651	952
320	640	1023	419	653	1012
320	704	0	354	694	82
320	704	64	354	698	105
320	704	128	355	699	151
320	704	192	356	699	207
320	704	256	358	700	268
320	704	320	360	700	329
320	704	384	364	702	391
320	704	448	367	702	453
320	704	512	372	703	513
320	704	576	377	705	579
320	704	640	382	705	643
320	704	704	388	706	706
320	704	768	395	707	767
320	704	832	402	709	831
320	704	896	409	710	893
320	704	960	417	711	954
320	704	1023	425	713	1014
320	768	0	364	756	88
320	768	64	364	759	110
320	768	128	365	759	154
320	768	192	366	760	211
320	768	256	368	761	270
320	768	320	370	761	332
320	768	384	374	763	393
320	768	448	377	763	455
320	768	512	381	764	515
320	768	576	386	765	581
320	768	640	391	765	644
320	768	704	397	767	708
320	768	768	404	768	770
320	768	832	410	769	832
320	768	896	417	769	894
320	768	960	425	770	956
320	768	1023	433	772	1016
320	832	0	373	816	95
320	832	64	374	819	116
320	832	128	375	820	158
320	832	192	376	820	213
320	832	256	378	821	272
320	832	320	380	822	333
320	832	384	383	823	395
320	832	448	386	824	456
320	832	512	390	824	516
320	832	576	395	826	582
320	832	640	400	825	645
320	832	704	406	826	708
320	832	768	412	827	769
320	832	832	419	829	833
320	832	896	426	829	895
320	832	960	433	830	956
320	832	1023	441	832	1017
320	896	0	383	877	103
320	896	64	384	881	121
320	896	128	385	881	162
320	896	192	386	882	216
320	896	256	387	882	274
320	896	320	390	883	335
320	896	384	393	884	396
320	896	448	396	884	457
320	896	512	400	886	517
320	896	576	405	887	583
320	896	640	410	887	646
320	896	704	415	887	709
320	896	768	421	888	770
320	896	832	428	890	834
320	896	896	434	890	896
320	896	960	441	891	957
320	896	1023	449	893	1018
320	960	0	394	936	110
320	960	64	394	941	128
320	960	128	395	941	166
320	960	192	396	941	219
320	960	256	398	942	277
320	960	320	400	942	337
320	960	384	403	944	398
320	960	448	406	944	459
320	960	512	410	945	518
320	960	576	415	946	584
320	960	640	420	947	648
320	960	704	425	947	711
320	960	768	431	948	772
320	960	832	438	950	835
320	960	896	443	949	896
320	960	960	450	950	958
320	960	1023	458	951	1018
320	1023	0	405	995	116
320	1023	64	406	999	133
320	1023	128	406	999	171
320	1023	192	407	1000	222
320	1023	256	409	1000	280
320	1023	320	411	1001	339
320	1023	384	414	1002	400
320	1023	448	417	1002	461
320	1023	512	420	1002	520
320	1023	576	425	1004	585
320	1023	640	430	1005	649
320	1023	704	435	1005	712
320	1023	768	441	1006	773
320	1023	832	447	1007	837
320	1023	896	453	1005	898
320	1023	960	460	1006	960
320	1023	1023	467	1006	1020
384	0	0	365	56	0
384	0	64	365	56	69
384	0	128	365	58	129
384	0	192	366	62	193
384	0	256	368	68	256
384	0	320	370	74	320
384	0	384	374	81	383
384	0	448	377	89	445
384	0	512	381	97	506
384	0	576	386	107	572
384	0	640	391	116	636
384	0	704	397	126	699
384	0	768	403	135	761
384	0	832	410	145	824
384	0	896	417	155	886
384	0	960	424	164	947
384	0	1023	432	174	1007
384	64	0	365	88	0
384	64	64	365	89	69
384	64	128	365	90	130
384	64	192	367	93	193
384	64	256	368	96	256
384	64	320	371	101	320
384	64	384	374	106	383
384	64	448	377	112	445
384	64	512	381	118	506
384	64	576	387	126	572
384	64	640	391	134	636
384	64	704	397	142	699
384	64	768	403	150	760
384	64	832	410	159	824
384	64	896	417	168	886
384	64	960	424	177	947
384	64	1023	432	186	1007
384	128	0	366	141	8
384	128	64	366	142	70
384	128	128	366	143	130
384	128	192	368	145	193
384	128	256	369	147	257
384	128	320	371	149	320
384	128	384	375	153	383
384	128	448	378	157	446
384	128	512	382	161	505
384	128	576	387	166	572
384	128	640	392	172	636
384	128	704	398	178	699
384	128	768	404	185	760
384	128	832	411	192	824
384	128	896	417	198	885
384	128	960	425	206	947
384	128	1023	433	213	1007
384	192	0	368	201	19
384	192	64	367	202	72
384	192	128	368	203	131
384	192	192	369	204	194
384	192	256	371	205	257
384	192	320	373	207	320
384	192	384	376	210	383
384	192	448	379	212	445
384	192	512	383	215	506
384	192	576	389	219	572
384	192	640	393	223	636
384	192	704	399	228	700
384	192	768	405	233	761
384	192	832	412	238	824
384	192	896	419	243	886
384	192	960	426	249	947
384	192	1023	434	255	1008
384	256	0	370	261	28
384	256	64	369	263	74
384	256	128	370	264	132
384	256	192	371	264	195
384	256	256	373	265	258
384	256	320	375	267	321
384	256	384	379	269	384
384	256	448	382	271	446
384	256	512	386	273	507
384	256	576	391	276	572
384	256	640	395	279	636
384	256	704	401	282	699
384	256	768	408	286	761
384	256	832	414	290	824
384	256	896	420	294	886
384	256	960	428	299	948
384	256	1023	436	304	1008
384	320	0	373	323	36
384	320	64	373	326	77
384	320	128	373	326	133
384	320	192	374	327	196
384	320	256	376	328	258
384	320	320	378	329	321
384	320	384	382	331	384
384	320	448	385	332	446
384	320	512	388	334	506
384	320	576	393	336	573
384	320	640	399	339	637
384	320	704	404	341	700
384	320	768	410	344	761
384	320	832	417	348	825
384	320	896	423	350	886
384	320	960	430	354	948
384	320	1023	438	358	1008
384	384	0	377	385	44
384	384	64	376	387	80
384	384	128	377	388	136
384	384	192	378	389	197
384	384	256	380	390	260
384	384	320	382	391	322
384	384	384	385	392	385
384	384	448	388	393	447
384	384	512	392	395	507
384	384	576	398	397	574
384	384	640	402	399	637
384	384	704	407	401	700
384	384	768	414	404	762
384	384	832	420	406	825
384	384	896	426	408	887
384	384	960	434	411	949
384	384	1023	442	415	1009
384	448	0	381	446	52
384	448	64	381	449	85
384	448	128	381	450	138
384	448	192	382	450	198
384	448	256	384	451	261
384	448	320	386	452	323
384	448	384	389	453	386
384	448	448	392	454	448
384	448	512	397	456	508
384	448	576	402	458	574
384	448	640	406	459	638
384	448	704	411	460	701
384	448	768	417	462	762
384	448	832	424	465	826
384	448	896	431	467	888
384	448	960	438	470	950
384	448	1023	446	473	1010
384	512	0	387	507	59
384	512	64	386	509	89
384	512	128	387	510	140
384	512	192	388	511	200
384	512	256	390	511	262
384	512	320	392	512	324
384	512	384	395	513	387
384	512	448	398	514	449
384	512	512	402	515	509
384	512	576	407	517	575
384	512	640	411	518	639
384	512	704	417	519	702
384	512	768	423	522	764
384	512	832	429	523	826
384	512	896	436	525	889
384	512	960	443	527	950
384	512	1023	450	530	1010
384	576	0	394	574	66
384	576	64	394	577	94
384	576	128	394	577	143
384	576	192	395	578	202
384	576	256	397	579	264
384	576	320	399	579	326
384	576	384	402	581	388
384	576	448	405	581	450
384	576	512	409	582	510
384	576	576	414	584	576
384	576	640	418	585	640
384	576	704	423	586	703
384	576	768	429	588	764
384	576	832	436	590	828
384	576	896	441	590	889
384	576	960	448	591	950
384	576	1023	456	594	1011
384	640	0	401	634	73
384	640	64	401	638	98
384	640	128	402	639	146
384	640	192	402	639	204
384	640	256	404	640	266
384	640	320	406	640	327
384	640	384	409	641	389
384	640	448	412	642	451
384	640	512	416	643	511
384	640	576	421	644	577
384	640	640	425	645	641
384	640	704	430	646	704
384	640	768	436	647	765
384	640	832	442	649	829
384	640	896	448	650	891
384	640	960	455	651	952
384	640	1023	463	654	1013
384	704	0	406	695	81
384	704	64	407	699	105
384	704	128	407	699	150
384	704	192	408	700	208
384	704	256	410	700	268
384	704	320	412	701	329
384	704	384	415	703	391
384	704	448	418	702	453
384	704	512	421	704	513
384	704	576	426	705	579
384	704	640	431	705	642
384	704	704	436	707	706
384	704	768	442	708	767
384	704	832	448	709	830
384	704	896	454	710	892
384	704	960	460	711	954
384	704	1023	468	713	1014
384	768	0	415	756	88
384	768	64	415	760	110
384	768	128	416	760	154
384	768	192	417	760	210
384	768	256	418	761	270
384	768	320	421	762	331
384	768	384	423	763	393
384	768	448	426	763	455
384	768	512	430	765	515
384	768	576	435	766	581
384	768	640	439	766	644
384	768	704	444	767	708
384	768	768	449	768	769
384	768	832	456	770	832
384	768	896	462	770	894
384	768	960	468	771	956
384	768	1023	475	773	1016
384	832	0	424	817	95
384	832	64	424	820	116
384	832	128	424	820	158
384	832	192	425	821	213
384	832	256	427	822	272
384	832	320	429	822	333
384	832	384	432	823	394
384	832	448	435	824	456
384	832	512	438	824	516
384	832	576	443	826	581
384	832	640	447	827	645
384	832	704	452	827	709
384	832	768	457	828	770
384	832	832	464	830	833
384	832	896	469	829	894
384	832	960	475	830	956
384	832	1023	482	832	1016
384	896	0	432	878	102
384	896	64	433	881	121
384	896	128	433	882	162
384	896	192	434	883	216
384	896	256	436	883	274
384	896	320	438	884	335
384	896	384	440	885	396
384	896	448	443	885	457
384	896	512	446	885	517
384	896	576	451	887	582
384	896	640	455	887	646
384	896	704	459	887	709
384	896	768	465	889	771
384	896	832	471	890	833
384	896	896	476	890	895
384	896	960	483	891	957
384	896	1023	490	893	1017
384	960	0	441	937	109
384	960	64	441	941	128
384	960	128	442	942	166
384	960	192	443	941	219
384	960	256	445	943	277
384	960	320	447	944	337
384	960	384	449	944	397
384	960	448	452	944	459
384	960	512	456	945	519
384	960	576	460	947	584
384	960	640	463	947	647
384	960	704	468	947	710
384	960	768	473	948	771
384	960	832	479	950	835
384	960	896	485	950	897
384	960	960	491	951	959
384	960	1023	498	952	1019
384	1023	0	451	995	116
384	1023	64	452	999	133
384	1023	128	452	1000	171
384	1023	192	453	1000	222
384	1023	256	455	1001	280
384	1023	320	457	1002	339
384	1023	384	459	1002	400
384	1023	448	461	1002	461
384	1023	512	465	1003	520
384	1023	576	469	1005	586
384	1023	640	473	1005	649
384	1023	704	477	1005	712
384	1023	768	482	1005	773
384	1023	832	488	1007	836
384	1023	896	494	1007	898
384	1023	960	500	1007	960
384	1023	1023	506	1007	1020
448	0	0	423	65	0
448	0	64	423	65	69
448	0	128	423	67	129
448	0	192	424	70	193
448	0	256	425	75	256
448	0	320	427	81	319
448	0	384	430	88	382
448	0	448	433	94	445
448	0	512	437	102	506
448	0	576	441	111	572
448	0	640	445	120	636
448	0	704	450	130	699
448	0	768	455	139	760
448	0	832	461	148	824
448	0	896	467	158	886
448	0	960	474	167	948
448	0	1023	480	176	1007
448	64	0	424	94	0
448	64	64	423	95	69
448	64	128	424	96	130
448	64	192	424	98	193
448	64	256	426	101	256
448	64	320	428	105	319
448	64	384	431	110	383
448	64	448	433	116	445
448	64	512	437	122	505
448	64	576	441	130	572
448	64	640	445	137	635
448	64	704	450	145	699
448	64	768	455	153	760
448	64	832	462	162	824
448	64	896	467	170	886
448	64	960	474	179	948
448	64	1023	480	188	1007
448	128	0	424	144	0
448	128	64	424	146	70
448	128	128	424	146	130
448	128	192	425	148	193
448	128	256	426	150	257
448	128	320	429	152	320
448	128	384	432	156	383
448	128	448	434	160	445
448	128	512	437	164	505
448	128	576	442	169	572
448	128	640	446	175	636
448	128	704	451	181	699
448	128	768	456	187	761
448	128	832	463	193	824
448	128	896	468	200	885
448	128	960	474	208	947
448	128	1023	481	215	1007
448	192	0	426	203	18
448	192	64	425	204	72
448	192	128	425	205	131
448	192	192	426	206	194
448	192	256	428	207	257
448	192	320	430	209	320
448	192	384	432	212	383
448	192	448	435	214	445
448	192	512	439	217	506
448	192	576	443	221	572
448	192	640	447	225	636
448	192	704	452	230	699
448	192	768	457	234	761
448	192	832	463	239	823
448	192	896	469	245	885
448	192	960	475	250	947
448	192	1023	482	256	1007
448	256	0	428	263	27
448	256	64	427	264	74
448	256	128	427	265	132
448	256	192	428	266	195
448	256	256	430	267	258
448	256	320	432	268	321
448	256	384	435	270	383
448	256	448	437	272	446
448	256	512	441	275	506
448	256	576	445	277	572
448	256	640	449	280	636
448	256	704	453	284	699
448	256	768	460	288	762
448	256	832	465	292	824
448	256	896	470	296	886
448	256	960	477	300	948
448	256	1023	484	305	1008
448	320	0	430	325	36
448	320	64	430	327	77
448	320	128	430	327	133
448	320	192	431	328	195
448	320	256	432	329	258
448	320	320	434	330	321
448	320	384	437	332	384
448	320	448	440	334	446
448	320	512	443	335	507
448	320	576	448	338	573
448	320	640	452	340	636
448	320	704	456	342	700
448	320	768	462	345	761
448	320	832	468	349	825
448	320	896	473	352	887
448	320	960	479	355	947
448	320	1023	486	359	1008
448	384	0	433	386	44
448	384	64	432	388	80
448	384	128	433	389	135
448	384	192	434	390	197
448	384	256	436	391	259
448	384	320	437	391	322
448	384	384	440	393	385
448	384	448	443	394	447
448	384	512	446	396	507
448	384	576	451	398	573
448	384	640	454	399	637
448	384	704	459	401	700
448	384	768	465	404	762
448	384	832	470	407	824
448	384	896	476	409	887
448	384	960	482	412	948
448	384	1023	489	415	1009
448	448	0	437	447	51
448	448	64	436	450	85
448	448	128	437	450	138
448	448	192	438	451	198
448	448	256	439	451	260
448	448	320	441	452	323
448	448	384	444	454	385
448	448	448	446	455	448
448	448	512	450	456	508
448	448	576	454	458	574
448	448	640	458	459	638
448	448	704	463	461	701
448	448	768	468	463	762
448	448	832	474	466	826
448	448	896	480	468	888
448	448	960	486	470	950
448	448	1023	492	473	1010
448	512	0	442	508	59
448	512	64	442	511	89
448	512	128	442	511	140
448	512	192	443	511	200
448	512	256	444	512	262
448	512	320	446	513	324
448	512	384	449	514	387
448	512	448	451	514	449
448	512	512	455	516	509
448	512	576	459	518	575
448	512	640	463	519	639
448	512	704	467	520	702
448	512	768	473	522	764
448	512	832	478	524	826
448	512	896	484	525	889
448	512	960	490	527	950
448	512	1023	497	530	1010
448	576	0	448	575	66
448	576	64	448	578	94
448	576	128	448	578	143
448	576	192	449	579	202
448	576	256	450	579	263
448	576	320	452	580	326
448	576	384	455	581	388
448	576	448	458	582	450
448	576	512	460	582	510
448	576	576	465	584	576
448	576	640	469	586	640
448	576	704	474	587	703
448	576	768	479	588	764
448	576	832	485	590	828
448	576	896	489	590	889
448	576	960	495	592	951
448	576	1023	502	595	1011
448	640	0	454	635	73
448	640	64	454	638	98
448	640	128	455	639	146
448	640	192	455	639	204
448	640	256	457	640	265
448	640	320	459	641	327
448	640	384	461	642	389
448	640	448	464	642	451
448	640	512	467	643	511
448	640	576	472	645	577
448	640	640	475	646	641
448	640	704	479	646	704
448	640	768	484	648	765
448	640	832	490	650	829
448	640	896	496	650	891
448	640	960	502	652	952
448	640	1023	508	654	1013
448	704	0	459	696	81
448	704	64	459	699	104
448	704	128	460	700	150
448	704	192	461	700	207
448	704	256	462	701	268
448	704	320	464	701	329
448	704	384	467	703	391
448	704	448	469	703	453
448	704	512	472	704	513
448	704	576	477	706	579
448	704	640	480	706	642
448	704	704	484	707	706
448	704	768	490	708	767
448	704	832	495	709	830
448	704	896	500	710	892
448	704	960	506	711	953
448	704	1023	512	713	1014
448	768	0	467	756	88
448	768	64	467	760	110
448	768	128	467	761	154
448	768	192	468	761	210
448	768	256	469	761	270
448	768	320	471	762	331
448	768	384	474	763	393
448	768	448	476	763	455
448	768	512	480	765	515
448	768	576	484	766	581
448	768	640	487	766	644
448	768	704	491	767	707
448	768	768	497	768	769
448	768	832	502	770	832
448	768	896	507	770	894
448	768	960	513	771	956
448	768	1023	520	773	1016
448	832	0	474	817	95
448	832	64	474	821	116
448	832	128	475	820	158
448	832	192	475	821	213
448	832	256	477	822	272
448	832	320	479	823	333
448	832	384	481	824	394
448	832	448	484	824	456
448	832	512	487	825	516
448	832	576	491	826	581
448	832	640	495	827	645
448	832	704	499	827	708
448	832	768	504	828	770
448	832	832	509	830	833
448	832	896	513	829	894
448	832	960	519	830	956
448	832	1023	526	832	1016
448	896	0	482	878	102
448	896	64	482	882	121
448	896	128	483	882	162
448	896	192	483	883	216
448	896	256	484	883	274
448	896	320	486	884	335
448	896	384	489	885	396
448	896	448	491	885	457
448	896	512	494	886	517
448	896	576	498	887	582
448	896	640	501	887	646
448	896	704	506	889	709
448	896	768	511	889	771
448	896	832	516	890	833
448	896	896	521	890	895
448	896	960	526	891	957
448	896	1023	533	893	1017
448	960	0	490	938	110
448	960	64	490	941	127
448	960	128	490	942	166
448	960	192	491	942	219
448	960	256	493	943	277
448	960	320	495	944	337
448	960	384	497	945	398
448	960	448	499	944	459
448	960	512	502	946	518
448	960	576	506	947	584
448	960	640	509	947	647
448	960	704	513	947	710
448	960	768	519	949	772
448	960	832	523	950	834
448	960	896	528	950	896
448	960	960	534	951	958
448	960	1023	540	952	1019
448	1023	0	499	995	116
448	1023	64	499	1000	133
448	1023	128	499	1000	171
448	1023	192	500	1000	222
448	1023	256	501	1001	279
448	1023	320	503	1002	339
448	1023	384	505	1002	399
448	1023	448	507	1002	460
448	1023	512	510	1003	520
448	1023	576	515	1005	585
448	1023	640	518	1004	648
448	1023	704	521	1004	711
448	1023	768	526	1005	772
448	1023	832	532	1006	836
448	1023	896	536	1006	898
448	1023	960	542	1006	960
448	1023	1023	548	1007	1020
512	0	0	480	73	0
512	0	64	479	74	68
512	0	128	479	75	129
512	0	192	480	78	193
512	0	256	481	82	256
512	0	320	483	87	319
512	0	384	486	93	382
512	0	448	488	101	445
512	0	512	491	107	505
512	0	576	495	116	571
512	0	640	498	124	635
512	0	704	502	133	699
512	0	768	507	142	760
512	0	832	512	151	823
512	0	896	518	160	886
512	0	960	523	170	948
512	0	1023	529	179	1008
512	64	0	480	100	0
512	64	64	479	100	69
512	64	128	480	101	129
512	64	192	480	104	193
512	64	256	481	106	256
512	64	320	483	110	319
512	64	384	486	115	382
512	64	448	488	121	445
512	64	512	491	126	505
512	64	576	495	133	572
512	64	640	498	141	635
512	64	704	502	149	698
512	64	768	507	157	760
512	64	832	513	164	824
512	64	896	518	173	886
512	64	960	524	182	948
512	64	1023	530	190	1008
512	128	0	481	148	0
512	128	64	480	149	69
512	128	128	480	150	130
512	128	192	481	151	193
512	128	256	482	153	256
512	128	320	484	156	319
512	128	384	487	159	382
512	128	448	489	163	445
512	128	512	492	167	506
512	128	576	496	172	572
512	128	640	499	178	635
512	128	704	503	184	699
512	128	768	508	189	760
512	128	832	514	196	824
512	128	896	519	203	886
512	128	960	523	210	946
512	128	1023	530	218	1007
512	192	0	482	205	17
512	192	64	481	207	71
512	192	128	481	207	130
512	192	192	482	208	194
512	192	256	483	210	257
512	192	320	485	211	320
512	192	384	488	214	383
512	192	448	489	216	445
512	192	512	493	219	506
512	192	576	497	223	572
512	192	640	500	227	635
512	192	704	505	232	699
512	192	768	509	236	761
512	192	832	514	241	823
512	192	896	519	246	885
512	192	960	525	252	947
512	192	1023	531	258	1008
512	256	0	484	264	27
512	256	64	483	266	74
512	256	128	483	267	132
512	256	192	484	268	194
512	256	256	486	269	258
512	256	320	487	270	321
512	256	384	490	272	383
512	256	448	492	274	446
512	256	512	495	276	506
512	256	576	499	279	572
512	256	640	502	282	636
512	256	704	506	285	699
512	256	768	511	289	761
512	256	832	516	293	824
512	256	896	521	297	886
512	256	960	526	301	948
512	256	1023	533	306	1008
512	320	0	486	326	35
512	320	64	485	329	77
512	320	128	486	329	133
512	320	192	486	329	195
512	320	256	487	330	258
512	320	320	489	331	321
512	320	384	492	333	384
512	320	448	494	335	446
512	320	512	497	337	507
512	320	576	501	339	573
512	320	640	504	341	636
512	320	704	508	344	700
512	320	768	513	347	761
512	320	832	518	350	825
512	320	896	523	353	887
512	320	960	529	357	949
512	320	1023	535	361	1009
512	384	0	489	388	43
512	384	64	488	390	80
512	384	128	488	390	135
512	384	192	489	391	197
512	384	256	490	392	259
512	384	320	492	393	322
512	384	384	495	394	384
512	384	448	496	395	447
512	384	512	499	397	507
512	384	576	504	399	573
512	384	640	507	401	637
512	384	704	511	403	701
512	384	768	516	405	762
512	384	832	521	408	824
512	384	896	525	410	887
512	384	960	531	413	948
512	384	1023	537	416	1008
512	448	0	492	448	51
512	448	64	491	451	84
512	448	128	492	451	138
512	448	192	492	452	198
512	448	256	493	452	260
512	448	320	495	453	323
512	448	384	498	455	385
512	448	448	500	456	448
512	448	512	503	457	508
512	448	576	507	459	574
512	448	640	510	460	638
512	448	704	514	462	701
512	448	768	518	464	762
512	448	832	524	467	826
512	448	896	529	468	888
512	448	960	534	471	950
512	448	1023	540	474	1010
512	512	0	496	508	58
512	512	64	496	511	88
512	512	128	496	511	140
512	512	192	497	512	200
512	512	256	498	513	262
512	512	320	500	513	324
512	512	384	502	515	386
512	512	448	504	515	448
512	512	512	507	517	509
512	512	576	511	518	575
512	512	640	514	519	639
512	512	704	519	521	702
512	512	768	523	523	764
512	512	832	528	524	826
512	512	896	533	526	888
512	512	960	538	528	950
512	512	1023	544	530	1010
512	576	0	502	575	65
512	576	64	502	579	93
512	576	128	502	579	143
512	576	192	502	579	202
512	576	256	503	580	263
512	576	320	505	580	325
512	576	384	508	582	387
512	576	448	510	583	450
512	576	512	513	584	510
512	576	576	517	586	576
512	576	640	520	586	640
512	576	704	524	587	703
512	576	768	528	589	764
512	576	832	534	591	828
512	576	896	538	592	890
512	576	960	544	594	952
512	576	1023	549	595	1011
512	640	0	508	636	73
512	640	64	507	639	98
512	640	128	508	640	146
512	640	192	508	640	204
512	640	256	510	641	265
512	640	320	511	641	327
512	640	384	513	642	389
512	640	448	516	643	451
512	640	512	519	644	511
512	640	576	522	646	577
512	640	640	525	646	641
512	640	704	529	647	704
512	640	768	534	649	766
512	640	832	539	650	829
512	640	896	544	651	891
512	640	960	549	653	953
512	640	1023	555	655	1012
512	704	0	513	697	81
512	704	64	512	700	104
512	704	128	512	700	150
512	704	192	513	701	207
512	704	256	514	701	268
512	704	320	516	702	329
512	704	384	518	703	391
512	704	448	520	704	453
512	704	512	523	704	513
512	704	576	527	706	579
512	704	640	530	706	642
512	704	704	534	708	706
512	704	768	538	709	767
512	704	832	543	710	830
512	704	896	548	710	892
512	704	960	553	712	954
512	704	1023	559	714	1014
512	768	0	519	757	88
512	768	64	519	761	110
512	768	128	519	761	154
512	768	192	520	762	210
512	768	256	521	762	270
512	768	320	523	762	331
512	768	384	525	764	393
512	768	448	527	764	455
512	768	512	530	765	515
512	768	576	534	767	581
512	768	640	537	767	644
512	768	704	540	768	707
512	768	768	545	769	769
512	768	832	550	771	832
512	768	896	555	771	894
512	768	960	560	772	956
512	768	1023	566	774	1016
512	832	0	526	818	95
512	832	64	525	821	115
512	832	128	525	821	157
512	832	192	526	822	213
512	832	256	527	822	272
512	832	320	529	823	333
512	832	384	531	824	394
512	832	448	534	825	456
512	832	512	537	826	516
512	832	576	541	827	582
512	832	640	543	827	645
512	832	704	547	828	708
512	832	768	551	829	769
512	832	832	556	831	833
512	832	896	561	831	895
512	832	960	565	831	956
512	832	1023	571	832	1016
512	896	0	532	879	102
512	896	64	533	883	121
512	896	128	533	883	162
512	896	192	533	883	216
512	896	256	534	884	274
512	896	320	536	884	334
512	896	384	538	885	396
512	896	448	540	885	457
512	896	512	543	886	517
512	896	576	546	887	582
512	896	640	549	887	645
512	896	704	554	889	709
512	896	768	558	890	770
512	896	832	562	890	833
512	896	896	567	891	895
512	896	960	571	891	957
512	896	1023	578	893	1017
512	960	0	540	939	109
512	960	64	539	942	127
512	960	128	540	942	166
512	960	192	541	944	219
512	960	256	542	944	277
512	960	320	543	944	337
512	960	384	546	946	398
512	960	448	547	945	458
512	960	512	550	946	518
512	960	576	554	947	584
512	960	640	556	947	647
512	960	704	560	948	710
512	960	768	565	950	772
512	960	832	569	950	834
512	960	896	574	950	896
512	960	960	579	951	958
512	960	1023	584	953	1018
512	1023	0	548	997	116
512	1023	64	547	1000	133
512	1023	128	547	1000	170
512	1023	192	548	1000	222
512	1023	256	549	1001	279
512	1023	320	551	1002	339
512	1023	384	553	1003	399
512	1023	448	555	1002	460
512	1023	512	558	1004	520
512	1023	576	561	1005	585
512	1023	640	564	1004	648
512	1023	704	567	1004	711
512	1023	768	572	1006	773
512	1023	832	576	1007	835
512	1023	896	581	1006	898
512	1023	960	585	1006	960
512	1023	1023	591	1007	1020
576	0	0	543	82	0
576	0	64	542	83	68
576	0	128	543	84	129
576	0	192	543	87	192
576	0	256	544	90	256
576	0	320	545	95	319
576	0	384	548	100	382
576	0	448	550	107	445
576	0	512	552	113	505
576	0	576	556	121	571
576	0	640	559	129	635
576	0	704	562	138	698
576	0	768	566	147	760
576	0	832	571	155	824
576	0	896	575	164	886
576	0	960	580	173	947
576	0	1023	586	182	1008
576	64	0	543	106	0
576	64	64	542	107	68
576	64	128	543	108	129
576	64	192	543	110	192
576	64	256	545	112	256
576	64	320	546	116	319
576	64	384	548	121	382
576	64	448	550	126	445
576	64	512	553	131	505
576	64	576	556	138	571
576	64	640	559	145	635
576	64	704	562	152	698
576	64	768	566	160	760
576	64	832	571	168	824
576	64	896	576	177	885
576	64	960	580	185	947
576	64	1023	586	194	1007
576	128	0	543	152	0
576	128	64	543	153	69
576	128	128	543	154	129
576	128	192	544	155	193
576	128	256	544	157	256
576	128	320	546	160	319
576	128	384	548	163	382
576	128	448	550	166	445
576	128	512	553	170	505
576	128	576	557	176	571
576	128	640	560	181	635
576	128	704	563	187	699
576	128	768	567	193	760
576	128	832	572	199	824
576	128	896	576	206	886
576	128	960	581	213	948
576	128	1023	587	220	1008
576	192	0	544	208	13
576	192	64	544	209	71
576	192	128	543	210	130
576	192	192	545	211	193
576	192	256	546	212	256
576	192	320	547	214	320
576	192	384	550	217	383
576	192	448	551	219	445
576	192	512	554	222	505
576	192	576	557	226	571
576	192	640	560	230	635
576	192	704	564	234	699
576	192	768	568	238	761
576	192	832	573	244	824
576	192	896	576	248	885
576	192	960	581	254	947
576	192	1023	586	260	1007
576	256	0	546	267	24
576	256	64	546	269	73
576	256	128	545	269	131
576	256	192	546	270	194
576	256	256	547	271	257
576	256	320	549	272	320
576	256	384	551	274	383
576	256	448	553	276	446
576	256	512	555	278	506
576	256	576	559	281	572
576	256	640	561	284	635
576	256	704	566	287	700
576	256	768	570	291	761
576	256	832	574	295	823
576	256	896	578	299	886
576	256	960	583	303	948
576	256	1023	588	308	1007
576	320	0	548	328	34
576	320	64	547	330	76
576	320	128	547	330	133
576	320	192	548	331	195
576	320	256	549	332	258
576	320	320	550	333	321
576	320	384	553	335	383
576	320	448	554	336	446
576	320	512	558	338	506
576	320	576	561	341	572
576	320	640	564	343	636
576	320	704	567	345	699
576	320	768	571	348	761
576	320	832	576	351	824
576	320	896	580	354	887
576	320	960	585	358	948
576	320	1023	591	362	1008
576	384	0	551	389	42
576	384	64	550	391	80
576	384	128	550	392	135
576	384	192	551	392	196
576	384	256	552	393	259
576	384	320	553	394	322
576	384	384	555	395	384
576	384	448	558	397	447
576	384	512	560	398	507
576	384	576	563	400	573
576	384	640	567	402	637
576	384	704	570	404	700
576	384	768	574	406	762
576	384	832	579	409	825
576	384	896	582	411	886
576	384	960	587	414	948
576	384	1023	593	417	1008
576	448	0	553	449	50
576	448	64	552	452	84
576	448	128	553	452	137
576	448	192	553	453	198
576	448	256	555	454	260
576	448	320	556	455	323
576	448	384	558	456	385
576	448	448	560	457	448
576	448	512	563	458	508
576	448	576	566	460	574
576	448	640	569	461	637
576	448	704	572	463	701
576	448	768	577	466	763
576	448	832	581	468	826
576	448	896	585	469	888
576	448	960	590	472	949
576	448	1023	596	475	1010
576	512	0	557	509	58
576	512	64	557	512	88
576	512	128	557	512	140
576	512	192	558	513	200
576	512	256	559	514	262
576	512	320	560	514	324
576	512	384	562	515	386
576	512	448	564	516	449
576	512	512	566	517	509
576	512	576	570	519	575
576	512	640	573	521	639
576	512	704	576	522	702
576	512	768	581	524	764
576	512	832	585	526	827
576	512	896	588	527	888
576	512	960	593	529	950
576	512	1023	599	531	1010
576	576	0	562	576	65
576	576	64	562	579	93
576	576	128	562	580	143
576	576	192	562	580	202
576	576	256	563	580	263
576	576	320	565	581	325
576	576	384	567	582	387
576	576	448	569	583	449
576	576	512	572	584	510
576	576	576	575	586	576
576	576	640	578	587	639
576	576	704	581	588	703
576	576	768	585	589	764
576	576	832	590	591	827
576	576	896	594	592	889
576	576	960	598	594	951
576	576	1023	604	597	1011
576	640	0	568	637	72
576	640	64	567	640	97
576	640	128	567	640	146
576	640	192	568	641	204
576	640	256	569	641	265
576	640	320	571	642	327
576	640	384	573	643	389
576	640	448	574	643	451
576	640	512	577	644	511
576	640	576	580	646	577
576	640	640	583	646	640
576	640	704	586	647	704
576	640	768	591	650	766
576	640	832	595	651	828
576	640	896	599	652	890
576	640	960	603	653	952
576	640	1023	609	656	1013
576	704	0	572	698	81
576	704	64	571	701	104
576	704	128	571	701	150
576	704	192	572	702	207
576	704	256	573	702	267
576	704	320	575	703	329
576	704	384	577	704	391
576	704	448	579	704	453
576	704	512	581	706	513
576	704	576	585	707	579
576	704	640	587	707	642
576	704	704	591	708	706
576	704	768	594	709	767
576	704	832	600	711	830
576	704	896	603	712	893
576	704	960	607	712	954
576	704	1023	612	714	1014
576	768	0	578	758	88
576	768	64	578	762	110
576	768	128	578	762	154
576	768	192	578	762	210
576	768	256	580	763	270
576	768	320	581	764	331
576	768	384	583	764	393
576	768	448	585	765	455
576	768	512	587	766	515
576	768	576	591	767	581
576	768	640	593	767	644
576	768	704	596	768	707
576	768	768	600	769	768
576	768	832	605	771	832
576	768	896	609	771	894
576	768	960	613	772	956
576	768	1023	619	774	1016
576	832	0	584	818	94
576	832	64	583	822	115
576	832	128	584	822	157
576	832	192	584	822	212
576	832	256	585	823	271
576	832	320	586	823	332
576	832	384	589	825	394
576	832	448	590	825	456
576	832	512	593	826	516
576	832	576	596	827	581
576	832	640	599	827	645
576	832	704	602	828	708
576	832	768	606	829	769
576	832	832	610	831	833
576	832	896	614	831	895
576	832	960	619	832	957
576	832	1023	624	834	1017
576	896	0	589	879	101
576	896	64	589	883	120
576	896	128	589	883	161
576	896	192	590	883	215
576	896	256	591	884	274
576	896	320	592	884	334
576	896	384	595	885	395
576	896	448	597	886	457
576	896	512	599	887	516
576	896	576	602	887	582
576	896	640	605	888	646
576	896	704	608	889	709
576	896	768	612	890	770
576	896	832	616	892	834
576	896	896	619	891	895
576	896	960	624	892	957
576	896	1023	629	893	1017
576	960	0	596	939	109
576	960	64	596	943	126
576	960	128	596	943	166
576	960	192	597	943	218
576	960	256	597	944	276
576	960	320	599	944	336
576	960	384	601	946	397
576	960	448	602	945	458
576	960	512	605	946	518
576	960	576	608	947	583
576	960	640	610	947	646
576	960	704	614	949	710
576	960	768	618	950	771
576	960	832	622	950	834
576	960	896	625	950	896
576	960	960	630	951	958
576	960	1023	635	953	1018
576	1023	0	603	997	115
576	1023	64	603	1001	133
576	1023	128	603	1001	170
576	1023	192	604	1002	222
576	1023	256	605	1002	279
576	1023	320	606	1002	339
576	1023	384	608	1003	399
576	1023	448	609	1003	460
576	1023	512	612	1004	519
576	1023	576	615	1005	585
576	1023	640	617	1005	648
576	1023	704	621	1006	712
576	1023	768	625	1007	773
576	1023	832	629	1007	835
576	1023	896	632	1007	898
576	1023	960	637	1007	960
576	1023	1023	642	1007	1020
640	0	0	600	90	0
640	0	64	599	91	67
640	0	128	599	92	129
640	0	192	599	94	192
640	0	256	601	98	256
640	0	320	602	102	319
640	0	384	604	107	382
640	0	448	605	113	445
640	0	512	608	119	505
640	0	576	611	127	571
640	0	640	613	135	635
640	0	704	616	143	698
640	0	768	621	151	761
640	0	832	624	159	824
640	0	896	628	168	886
640	0	960	633	177	947
640	0	1023	637	186	1008
640	64	0	600	112	0
640	64	64	599	113	68
640	64	128	599	114	129
640	64	192	599	115	192
640	64	256	601	118	256
640	64	320	602	122	319
640	64	384	604	126	382
640	64	448	606	131	445
640	64	512	608	136	505
640	64	576	612	142	572
640	64	640	614	149	635
640	64	704	617	157	698
640	64	768	621	165	761
640	64	832	625	172	823
640	64	896	628	180	886
640	64	960	633	188	948
640	64	1023	638	197	1008
640	128	0	600	156	0
640	128	64	600	157	69
640	128	128	600	158	129
640	128	192	600	159	193
640	128	256	602	161	257
640	128	320	602	163	319
640	128	384	604	167	382
640	128	448	606	170	445
640	128	512	608	174	505
640	128	576	612	179	571
640	128	640	614	184	635
640	128	704	617	190	698
640	128	768	621	196	760
640	128	832	625	202	823
640	128	896	629	209	886
640	128	960	633	216	948
640	128	1023	639	223	1008
640	192	0	601	211	9
640	192	64	601	212	70
640	192	128	601	213	130
640	192	192	601	214	193
640	192	256	602	215	257
640	192	320	603	217	320
640	192	384	605	219	383
640	192	448	607	222	445
640	192	512	610	225	506
640	192	576	613	229	572
640	192	640	615	232	636
640	192	704	618	237	699
640	192	768	622	241	760
640	192	832	626	246	824
640	192	896	630	251	886
640	192	960	634	256	948
640	192	1023	639	263	1008
640	256	0	603	269	22
640	256	64	602	271	73
640	256	128	602	271	131
640	256	192	603	272	194
640	256	256	604	273	257
640	256	320	605	274	320
640	256	384	607	276	383
640	256	448	609	278	446
640	256	512	611	280	506
640	256	576	614	283	572
640	256	640	617	286	636
640	256	704	620	290	700
640	256	768	623	293	761
640	256	832	628	297	825
640	256	896	631	301	886
640	256	960	635	305	948
640	256	1023	640	310	1008
640	320	0	604	330	32
640	320	64	604	332	76
640	320	128	604	333	133
640	320	192	604	333	195
640	320	256	606	334	258
640	320	320	607	335	321
640	320	384	609	337	383
640	320	448	610	338	446
640	320	512	613	340	506
640	320	576	616	343	573
640	320	640	618	344	636
640	320	704	621	347	699
640	320	768	624	350	761
640	320	832	629	353	824
640	320	896	633	356	887
640	320	960	637	360	949
640	320	1023	643	364	1009
640	384	0	607	390	42
640	384	64	606	393	79
640	384	128	607	394	135
640	384	192	607	394	196
640	384	256	608	395	259
640	384	320	609	396	322
640	384	384	611	397	384
640	384	448	613	398	447
640	384	512	615	400	507
640	384	576	619	402	573
640	384	640	621	404	637
640	384	704	624	406	700
640	384	768	627	408	762
640	384	832	632	411	825
640	384	896	635	413	887
640	384	960	638	415	948
640	384	1023	644	419	1009
640	448	0	610	451	49
640	448	64	608	453	83
640	448	128	609	454	137
640	448	192	610	455	198
640	448	256	610	455	260
640	448	320	612	456	323
640	448	384	614	457	385
640	448	448	615	458	448
640	448	512	617	459	508
640	448	576	621	461	574
640	448	640	623	462	637
640	448	704	626	464	701
640	448	768	630	467	763
640	448	832	634	469	825
640	448	896	637	471	888
640	448	960	642	473	949
640	448	1023	647	476	1010
640	512	0	613	510	57
640	512	64	613	514	88
640	512	128	613	514	140
640	512	192	613	514	200
640	512	256	614	515	262
640	512	320	615	516	324
640	512	384	617	517	386
640	512	448	619	518	449
640	512	512	622	519	509
640	512	576	625	521	575
640	512	640	627	522	639
640	512	704	630	523	702
640	512	768	634	525	763
640	512	832	638	527	827
640	512	896	641	529	889
640	512	960	646	531	951
640	512	1023	650	532	1010
640	576	0	617	577	65
640	576	64	617	580	93
640	576	128	617	581	143
640	576	192	617	581	202
640	576	256	619	582	263
640	576	320	620	583	326
640	576	384	621	583	387
640	576	448	623	584	449
640	576	512	626	586	510
640	576	576	629	587	576
640	576	640	631	588	639
640	576	704	634	589	703
640	576	768	638	590	764
640	576	832	642	592	827
640	576	896	646	593	890
640	576	960	650	595	951
640	576	1023	655	598	1012
640	640	0	622	638	72
640	640	64	622	642	97
640	640	128	622	641	145
640	640	192	623	642	204
640	640	256	624	643	265
640	640	320	625	643	327
640	640	384	627	644	389
640	640	448	628	644	451
640	640	512	630	646	511
640	640	576	633	647	577
640	640	640	635	647	640
640	640	704	639	649	704
640	640	768	643	651	766
640	640	832	646	652	828
640	640	896	650	653	890
640	640	960	654	654	952
640	640	1023	659	656	1012
640	704	0	627	699	80
640	704	64	626	702	104
640	704	128	626	703	150
640	704	192	627	703	207
640	704	256	627	703	267
640	704	320	629	704	329
640	704	384	631	705	391
640	704	448	632	705	453
640	704	512	635	707	513
640	704	576	638	708	579
640	704	640	640	708	643
640	704	704	643	709	706
640	704	768	646	710	767
640	704	832	651	712	831
640	704	896	654	713	892
640	704	960	658	714	954
640	704	1023	664	716	1015
640	768	0	633	760	87
640	768	64	632	762	109
640	768	128	632	763	154
640	768	192	633	764	210
640	768	256	633	764	270
640	768	320	635	765	331
640	768	384	637	766	393
640	768	448	638	766	455
640	768	512	640	767	515
640	768	576	643	768	580
640	768	640	645	768	644
640	768	704	648	769	707
640	768	768	653	771	769
640	768	832	656	772	832
640	768	896	659	772	894
640	768	960	664	773	956
640	768	1023	668	775	1016
640	832	0	637	819	94
640	832	64	637	823	115
640	832	128	637	823	157
640	832	192	637	823	212
640	832	256	639	824	272
640	832	320	639	824	332
640	832	384	641	825	394
640	832	448	643	826	456
640	832	512	645	826	516
640	832	576	648	828	581
640	832	640	651	828	645
640	832	704	653	829	708
640	832	768	657	830	769
640	832	832	661	832	833
640	832	896	665	832	895
640	832	960	669	833	957
640	832	1023	673	835	1017
640	896	0	643	880	101
640	896	64	642	884	120
640	896	128	643	885	161
640	896	192	643	884	215
640	896	256	644	885	274
640	896	320	645	885	334
640	896	384	647	886	395
640	896	448	649	887	457
640	896	512	651	888	517
640	896	576	654	890	583
640	896	640	656	889	646
640	896	704	659	890	709
640	896	768	662	891	770
640	896	832	667	892	834
640	896	896	670	893	896
640	896	960	674	894	958
640	896	1023	679	895	1018
640	960	0	648	940	109
640	960	64	648	944	127
640	960	128	648	944	166
640	960	192	649	945	219
640	960	256	649	945	276
640	960	320	651	945	336
640	960	384	653	946	397
640	960	448	655	947	459
640	960	512	656	947	518
640	960	576	659	948	583
640	960	640	662	949	647
640	960	704	665	950	710
640	960	768	668	950	771
640	960	832	672	952	835
640	960	896	675	951	896
640	960	960	679	952	958
640	960	1023	683	953	1018
640	1023	0	655	998	116
640	1023	64	655	1002	133
640	1023	128	654	1001	170
640	1023	192	655	1002	222
640	1023	256	656	1003	279
640	1023	320	657	1003	339
640	1023	384	659	1004	399
640	1023	448	661	1005	461
640	1023	512	663	1005	520
640	1023	576	666	1006	585
640	1023	640	667	1005	648
640	1023	704	671	1007	712
640	1023	768	675	1008	773
640	1023	832	678	1008	835
640	1023	896	681	1008	898
640	1023	960	685	1008	960
640	1023	1023	689	1008	1020
704	0	0	658	99	0
704	0	64	657	100	66
704	0	128	657	100	128
704	0	192	658	102	192
704	0	256	659	106	255
704	0	320	660	110	319
704	0	384	662	114	382
704	0	448	663	119	444
704	0	512	665	125	505
704	0	576	668	132	571
704	0	640	670	139	635
704	0	704	674	147	699
704	0	768	677	156	760
704	0	832	680	163	823
704	0	896	683	172	885
704	0	960	687	181	947
704	0	1023	692	190	1007
704	64	0	659	119	0
704	64	64	658	120	67
704	64	128	658	120	128
704	64	192	658	122	192
704	64	256	659	125	256
704	64	320	660	128	319
704	64	384	662	132	382
704	64	448	663	137	444
704	64	512	666	141	505
704	64	576	669	148	571
704	64	640	671	154	635
704	64	704	674	162	699
704	64	768	677	168	761
704	64	832	680	176	823
704	64	896	683	184	885
704	64	960	687	192	947
704	64	1023	692	200	1007
704	128	0	659	161	0
704	128	64	658	162	68
704	128	128	658	163	129
704	128	192	659	164	192
704	128	256	659	165	256
704	128	320	661	168	319
704	128	384	663	171	382
704	128	448	664	174	444
704	128	512	666	178	505
704	128	576	669	183	571
704	128	640	671	188	635
704	128	704	673	193	698
704	128	768	678	200	760
704	128	832	681	205	823
704	128	896	684	212	885
704	128	960	688	219	947
704	128	1023	693	226	1007
704	192	0	659	214	0
704	192	64	659	215	69
704	192	128	659	216	130
704	192	192	659	217	193
704	192	256	660	218	256
704	192	320	662	220	320
704	192	384	663	222	382
704	192	448	664	225	445
704	192	512	667	228	505
704	192	576	670	231	572
704	192	640	672	235	635
704	192	704	674	239	699
704	192	768	678	244	760
704	192	832	682	249	823
704	192	896	685	254	885
704	192	960	689	259	948
704	192	1023	694	265	1008
704	256	0	661	271	18
704	256	64	660	273	72
704	256	128	660	273	131
704	256	192	661	274	193
704	256	256	661	275	257
704	256	320	662	276	320
704	256	384	664	278	383
704	256	448	666	280	445
704	256	512	668	282	506
704	256	576	671	286	572
704	256	640	673	288	636
704	256	704	676	291	699
704	256	768	679	295	760
704	256	832	684	299	824
704	256	896	686	303	886
704	256	960	691	307	948
704	256	1023	695	312	1008
704	320	0	663	331	31
704	320	64	662	334	75
704	320	128	662	334	132
704	320	192	662	335	195
704	320	256	663	336	258
704	320	320	664	337	320
704	320	384	666	338	383
704	320	448	667	340	445
704	320	512	669	341	506
704	320	576	672	344	572
704	320	640	674	346	635
704	320	704	678	349	700
704	320	768	681	352	761
704	320	832	684	354	824
704	320	896	687	357	886
704	320	960	691	361	948
704	320	1023	696	365	1008
704	384	0	664	392	39
704	384	64	664	394	79
704	384	128	664	395	134
704	384	192	664	395	196
704	384	256	666	396	259
704	384	320	666	397	321
704	384	384	668	398	384
704	384	448	669	399	446
704	384	512	672	401	507
704	384	576	675	403	573
704	384	640	677	405	636
704	384	704	679	406	700
704	384	768	683	409	761
704	384	832	687	412	824
704	384	896	690	414	887
704	384	960	694	417	949
704	384	1023	698	421	1009
704	448	0	667	452	48
704	448	64	666	455	83
704	448	128	666	455	136
704	448	192	667	456	198
704	448	256	668	456	260
704	448	320	669	457	323
704	448	384	671	458	385
704	448	448	673	460	447
704	448	512	674	460	507
704	448	576	677	462	574
704	448	640	680	464	638
704	448	704	683	466	701
704	448	768	686	468	762
704	448	832	690	470	826
704	448	896	692	471	887
704	448	960	696	474	949
704	448	1023	700	477	1009
704	512	0	671	511	55
704	512	64	670	515	87
704	512	128	670	515	139
704	512	192	670	515	199
704	512	256	672	516	262
704	512	320	672	516	323
704	512	384	674	518	386
704	512	448	676	518	448
704	512	512	678	520	509
704	512	576	681	522	575
704	512	640	683	522	638
704	512	704	685	524	701
704	512	768	689	526	763
704	512	832	693	528	826
704	512	896	695	529	889
704	512	960	700	532	951
704	512	1023	704	534	1011
704	576	0	675	578	63
704	576	64	675	582	92
704	576	128	674	582	142
704	576	192	675	582	201
704	576	256	676	583	263
704	576	320	677	583	325
704	576	384	678	585	387
704	576	448	680	585	449
704	576	512	682	586	509
704	576	576	685	588	575
704	576	640	686	588	639
704	576	704	690	590	703
704	576	768	693	592	764
704	576	832	696	593	827
704	576	896	699	594	889
704	576	960	703	595	951
704	576	1023	707	598	1011
704	640	0	679	638	71
704	640	64	678	642	97
704	640	128	679	643	145
704	640	192	679	643	204
704	640	256	680	643	264
704	640	320	681	644	327
704	640	384	682	644	388
704	640	448	684	645	451
704	640	512	687	646	511
704	640	576	690	648	577
704	640	640	691	648	640
704	640	704	694	649	704
704	640	768	697	651	765
704	640	832	701	653	828
704	640	896	704	654	890
704	640	960	708	655	952
704	640	1023	712	657	1013
704	704	0	682	698	79
704	704	64	682	702	103
704	704	128	682	703	149
704	704	192	682	703	206
704	704	256	684	704	267
704	704	320	685	705	329
704	704	384	686	705	390
704	704	448	688	705	452
704	704	512	690	706	512
704	704	576	693	708	578
704	704	640	694	708	641
704	704	704	697	709	705
704	704	768	700	710	766
704	704	832	704	712	830
704	704	896	707	713	892
704	704	960	711	714	954
704	704	1023	716	716	1014
704	768	0	688	759	87
704	768	64	688	763	108
704	768	128	687	763	153
704	768	192	688	764	209
704	768	256	689	764	269
704	768	320	690	765	330
704	768	384	692	766	392
704	768	448	693	766	454
704	768	512	695	767	514
704	768	576	698	768	580
704	768	640	700	769	644
704	768	704	703	770	707
704	768	768	706	771	769
704	768	832	710	773	832
704	768	896	712	772	893
704	768	960	716	773	955
704	768	1023	720	775	1016
704	832	0	693	820	93
704	832	64	692	823	114
704	832	128	692	823	157
704	832	192	693	824	212
704	832	256	694	824	271
704	832	320	695	825	332
704	832	384	697	826	394
704	832	448	697	826	455
704	832	512	700	826	515
704	832	576	703	828	581
704	832	640	704	828	644
704	832	704	707	828	707
704	832	768	711	831	769
704	832	832	714	832	832
704	832	896	717	832	894
704	832	960	721	833	956
704	832	1023	725	834	1016
704	896	0	698	880	101
704	896	64	697	884	120
704	896	128	697	885	161
704	896	192	698	885	215
704	896	256	699	886	273
704	896	320	700	886	334
704	896	384	701	887	395
704	896	448	702	887	456
704	896	512	705	888	516
704	896	576	708	889	582
704	896	640	710	889	645
704	896	704	712	890	708
704	896	768	715	891	769
704	896	832	719	892	833
704	896	896	722	893	895
704	896	960	726	894	957
704	896	1023	730	895	1017
704	960	0	703	939	108
704	960	64	702	944	126
704	960	128	703	944	165
704	960	192	703	944	218
704	960	256	704	945	276
704	960	320	705	945	336
704	960	384	706	946	397
704	960	448	708	946	458
704	960	512	710	948	518
704	960	576	713	949	583
704	960	640	715	949	646
704	960	704	717	949	710
704	960	768	720	950	771
704	960	832	724	952	834
704	960	896	727	952	896
704	960	960	731	953	959
704	960	1023	735	955	1019
704	1023	0	709	998	115
704	1023	64	709	1002	132
704	1023	128	709	1003	170
704	1023	192	709	1002	221
704	1023	256	710	1002	278
704	1023	320	711	1003	338
704	1023	384	713	1004	398
704	1023	448	714	1004	460
704	1023	512	716	1006	520
704	1023	576	719	1007	585
704	1023	640	721	1006	648
704	1023	704	723	1006	711
704	1023	768	726	1007	773
704	1023	832	730	1009	836
704	1023	896	733	1009	898
704	1023	960	737	1009	960
704	1023	1023	741	1009	1021
768	0	0	718	108	0
768	0	64	717	108	66
768	0	128	717	109	128
768	0	192	717	111	192
768	0	256	718	114	255
768	0	320	719	117	319
768	0	384	720	122	381
768	0	448	722	126	444
768	0	512	724	132	505
768	0	576	727	139	571
768	0	640	729	146	635
768	0	704	731	153	698
768	0	768	734	161	760
768	0	832	738	169	824
768	0	896	741	177	886
768	0	960	744	185	948
768	0	1023	748	193	1007
768	64	0	718	126	0
768	64	64	717	127	66
768	64	128	717	127	128
768	64	192	717	129	192
768	64	256	718	131	255
768	64	320	719	134	319
768	64	384	721	138	382
768	64	448	722	143	444
768	64	512	724	147	505
768	64	576	727	153	571
768	64	640	729	159	635
768	64	704	731	167	698
768	64	768	734	174	759
768	64	832	738	181	823
768	64	896	741	188	885
768	64	960	744	196	948
768	64	1023	748	204	1007
768	128	0	718	166	0
768	128	64	717	167	67
768	128	128	717	167	128
768	128	192	718	169	192
768	128	256	718	170	255
768	128	320	720	172	319
768	128	384	721	175	382
768	128	448	723	179	445
768	128	512	724	182	504
768	128	576	727	187	571
768	128	640	729	192	635
768	128	704	732	197	698
768	128	768	735	203	760
768	128	832	739	209	823
768	128	896	740	215	885
768	128	960	744	222	947
768	128	1023	748	229	1007
768	192	0	719	218	0
768	192	64	718	219	69
768	192	128	718	220	129
768	192	192	719	221	193
768	192	256	719	222	256
768	192	320	720	224	319
768	192	384	722	226	382
768	192	448	723	228	444
768	192	512	725	231	505
768	192	576	727	235	571
768	192	640	729	238	634
768	192	704	733	243	699
768	192	768	735	247	760
768	192	832	739	252	823
768	192	896	741	257	885
768	192	960	745	262	947
768	192	1023	749	268	1007
768	256	0	720	274	16
768	256	64	719	275	71
768	256	128	719	276	131
768	256	192	720	277	193
768	256	256	720	278	257
768	256	320	722	279	320
768	256	384	724	281	383
768	256	448	724	283	445
768	256	512	726	285	505
768	256	576	729	288	572
768	256	640	731	291	635
768	256	704	733	294	698
768	256	768	737	298	761
768	256	832	740	301	823
768	256	896	743	305	886
768	256	960	746	310	948
768	256	1023	750	314	1008
768	320	0	722	334	28
768	320	64	721	336	74
768	320	128	720	336	132
768	320	192	721	337	194
768	320	256	722	338	257
768	320	320	723	339	320
768	320	384	724	340	383
768	320	448	726	342	445
768	320	512	728	344	506
768	320	576	731	346	572
768	320	640	732	348	636
768	320	704	735	350	699
768	320	768	738	353	761
768	320	832	742	357	824
768	320	896	744	360	886
768	320	960	747	363	947
768	320	1023	751	367	1008
768	384	0	724	393	38
768	384	64	722	396	78
768	384	128	723	396	134
768	384	192	723	397	196
768	384	256	724	397	258
768	384	320	725	399	321
768	384	384	727	400	384
768	384	448	727	401	446
768	384	512	729	402	506
768	384	576	732	405	572
768	384	640	734	406	636
768	384	704	736	408	699
768	384	768	740	411	761
768	384	832	743	413	824
768	384	896	746	416	886
768	384	960	749	419	948
768	384	1023	753	422	1009
768	448	0	726	453	48
768	448	64	725	456	82
768	448	128	725	457	136
768	448	192	725	457	197
768	448	256	726	457	260
768	448	320	727	458	322
768	448	384	729	460	385
768	448	448	730	461	447
768	448	512	732	462	508
768	448	576	735	464	574
768	448	640	737	465	637
768	448	704	739	466	700
768	448	768	742	469	762
768	448	832	746	471	826
768	448	896	748	473	888
768	448	960	752	475	950
768	448	1023	756	479	1010
768	512	0	729	512	54
768	512	64	728	516	86
768	512	128	728	516	139
768	512	192	729	517	199
768	512	256	729	517	261
768	512	320	730	518	323
768	512	384	732	519	386
768	512	448	733	519	448
768	512	512	735	520	508
768	512	576	738	522	574
768	512	640	739	523	638
768	512	704	741	524	701
768	512	768	745	527	763
768	512	832	748	528	826
768	512	896	751	530	888
768	512	960	754	532	950
768	512	1023	759	534	1010
768	576	0	733	579	63
768	576	64	732	582	91
768	576	128	731	582	141
768	576	192	732	583	201
768	576	256	733	583	263
768	576	320	734	584	325
768	576	384	736	585	387
768	576	448	737	586	449
768	576	512	738	586	509
768	576	576	742	589	575
768	576	640	743	589	639
768	576	704	746	590	702
768	576	768	749	592	764
768	576	832	753	594	827
768	576	896	754	594	889
768	576	960	757	596	950
768	576	1023	762	598	1011
768	640	0	736	639	70
768	640	64	735	642	96
768	640	128	736	643	145
768	640	192	736	643	203
768	640	256	737	644	265
768	640	320	738	645	326
768	640	384	739	645	388
768	640	448	741	646	450
768	640	512	743	647	510
768	640	576	746	649	576
768	640	640	747	649	640
768	640	704	749	650	703
768	640	768	753	651	764
768	640	832	757	653	828
768	640	896	759	654	890
768	640	960	762	655	952
768	640	1023	767	658	1013
768	704	0	740	700	79
768	704	64	740	703	102
768	704	128	739	703	149
768	704	192	740	704	206
768	704	256	740	704	267
768	704	320	742	705	328
768	704	384	743	706	390
768	704	448	744	706	452
768	704	512	746	706	512
768	704	576	749	708	578
768	704	640	750	708	641
768	704	704	754	710	705
768	704	768	757	711	766
768	704	832	759	712	829
768	704	896	762	713	891
768	704	960	765	714	953
768	704	1023	769	716	1014
768	768	0	745	760	85
768	768	64	744	764	108
768	768	128	745	764	153
768	768	192	745	764	209
768	768	256	746	764	269
768	768	320	747	765	330
768	768	384	748	766	392
768	768	448	750	767	454
768	768	512	752	768	514
768	768	576	754	769	580
768	768	640	756	769	643
768	768	704	758	770	707
768	768	768	761	771	768
768	768	832	765	773	831
768	768	896	767	773	894
768	768	960	771	774	956
768	768	1023	775	776	1016
768	832	0	750	820	93
768	832	64	749	824	114
768	832	128	749	824	156
768	832	192	749	824	212
768	832	256	750	824	271
768	832	320	751	825	332
768	832	384	752	826	393
768	832	448	754	827	455
768	832	512	755	826	514
768	832	576	758	828	580
768	832	640	760	829	644
768	832	704	763	830	707
768	832	768	765	831	769
768	832	832	769	833	832
768	832	896	771	832	893
768	832	960	774	833	956
768	832	1023	778	834	1016
768	896	0	755	881	100
768	896	64	754	885	120
768	896	128	753	885	161
768	896	192	754	886	215
768	896	256	755	886	273
768	896	320	756	887	334
768	896	384	757	888	395
768	896	448	758	887	456
768	896	512	760	888	516
768	896	576	763	889	581
768	896	640	764	889	645
768	896	704	767	891	709
768	896	768	770	892	770
768	896	832	773	892	832
768	896	896	776	892	894
768	896	960	779	893	956
768	896	1023	783	895	1017
768	960	0	760	941	108
768	960	64	758	944	125
768	960	128	758	945	165
768	960	192	759	945	218
768	960	256	760	946	276
768	960	320	761	947	336
768	960	384	763	948	397
768	960	448	763	947	458
768	960	512	765	948	518
768	960	576	768	949	583
768	960	640	770	949	646
768	960	704	772	950	709
768	960	768	776	952	772
768	960	832	778	952	834
768	960	896	781	952	896
768	960	960	784	953	958
768	960	1023	788	955	1019
768	1023	0	765	998	114
768	1023	64	764	1002	132
768	1023	128	764	1003	170
768	1023	192	764	1002	221
768	1023	256	766	1004	279
768	1023	320	767	1005	338
768	1023	384	767	1004	398
768	1023	448	769	1005	460
768	1023	512	771	1006	519
768	1023	576	774	1007	585
768	1023	640	775	1006	648
768	1023	704	777	1007	711
768	1023	768	780	1007	772
768	1023	832	784	1009	835
768	1023	896	786	1009	898
768	1023	960	789	1009	960
768	1023	1023	794	1009	1020
832	0	0	775	116	0
832	0	64	774	116	65
832	0	128	774	117	127
832	0	192	775	119	191
832	0	256	776	121	255
832	0	320	777	125	319
832	0	384	778	129	381
832	0	448	779	134	444
832	0	512	781	138	504
832	0	576	784	145	571
832	0	640	785	152	634
832	0	704	787	159	698
832	0	768	790	166	759
832	0	832	793	174	823
832	0	896	796	182	885
832	0	960	799	190	948
832	0	1023	803	198	1008
832	64	0	776	133	0
832	64	64	775	134	65
832	64	128	775	135	127
832	64	192	775	136	191
832	64	256	776	138	255
832	64	320	777	141	319
832	64	384	778	145	381
832	64	448	779	149	444
832	64	512	781	153	504
832	64	576	784	159	571
832	64	640	785	165	634
832	64	704	787	172	698
832	64	768	790	178	759
832	64	832	794	185	823
832	64	896	796	192	885
832	64	960	799	200	947
832	64	1023	803	208	1008
832	128	0	776	171	0
832	128	64	775	172	66
832	128	128	775	173	128
832	128	192	775	174	191
832	128	256	776	175	255
832	128	320	777	178	318
832	128	384	779	180	382
832	128	448	780	183	444
832	128	512	781	187	505
832	128	576	784	192	571
832	128	640	786	197	635
832	128	704	788	202	698
832	128	768	791	207	760
832	128	832	794	213	823
832	128	896	797	219	886
832	128	960	800	226	948
832	128	1023	804	233	1008
832	192	0	777	221	0
832	192	64	776	223	68
832	192	128	776	224	129
832	192	192	777	224	192
832	192	256	777	225	256
832	192	320	778	227	319
832	192	384	779	229	382
832	192	448	780	232	444
832	192	512	783	235	505
832	192	576	785	238	571
832	192	640	786	242	635
832	192	704	789	246	699
832	192	768	791	250	760
832	192	832	795	255	824
832	192	896	798	260	886
832	192	960	801	265	948
832	192	1023	804	270	1007
832	256	0	778	276	6
832	256	64	777	279	70
832	256	128	777	279	130
832	256	192	777	280	193
832	256	256	778	281	256
832	256	320	779	282	320
832	256	384	781	284	382
832	256	448	782	286	445
832	256	512	783	288	505
832	256	576	785	291	571
832	256	640	788	293	636
832	256	704	790	296	699
832	256	768	793	300	761
832	256	832	797	304	824
832	256	896	798	307	886
832	256	960	801	312	947
832	256	1023	805	316	1008
832	320	0	779	336	25
832	320	64	778	338	73
832	320	128	778	339	131
832	320	192	779	339	194
832	320	256	780	340	257
832	320	320	781	341	320
832	320	384	782	343	383
832	320	448	783	344	445
832	320	512	785	346	506
832	320	576	787	348	572
832	320	640	789	350	635
832	320	704	791	353	699
832	320	768	794	355	760
832	320	832	797	359	824
832	320	896	800	361	886
832	320	960	803	365	948
832	320	1023	807	369	1008
832	384	0	781	395	35
832	384	64	780	398	77
832	384	128	780	398	133
832	384	192	780	399	195
832	384	256	781	400	258
832	384	320	782	401	321
832	384	384	784	402	383
832	384	448	785	403	446
832	384	512	786	404	506
832	384	576	789	407	573
832	384	640	791	408	636
832	384	704	793	410	700
832	384	768	796	412	761
832	384	832	799	415	825
832	384	896	801	417	886
832	384	960	804	420	948
832	384	1023	808	423	1009
832	448	0	784	455	46
832	448	64	782	458	81
832	448	128	782	458	136
832	448	192	783	459	197
832	448	256	784	459	259
832	448	320	785	460	322
832	448	384	786	462	385
832	448	448	786	462	447
832	448	512	788	463	507
832	448	576	791	465	573
832	448	640	792	466	637
832	448	704	794	468	700
832	448	768	798	471	762
832	448	832	801	472	825
832	448	896	803	474	887
832	448	960	806	477	949
832	448	1023	810	480	1010
832	512	0	786	514	54
832	512	64	785	517	86
832	512	128	785	517	138
832	512	192	785	518	198
832	512	256	786	518	261
832	512	320	787	519	323
832	512	384	788	520	385
832	512	448	790	521	448
832	512	512	792	522	508
832	512	576	795	524	575
832	512	640	796	525	638
832	512	704	798	526	702
832	512	768	801	528	763
832	512	832	804	531	826
832	512	896	807	532	889
832	512	960	809	533	950
832	512	1023	812	536	1010
832	576	0	789	580	62
832	576	64	789	584	91
832	576	128	789	584	141
832	576	192	789	584	200
832	576	256	790	585	262
832	576	320	790	585	324
832	576	384	792	586	387
832	576	448	793	587	449
832	576	512	795	588	509
832	576	576	798	590	575
832	576	640	799	590	638
832	576	704	801	591	702
832	576	768	804	593	764
832	576	832	807	595	827
832	576	896	810	596	889
832	576	960	813	598	951
832	576	1023	817	600	1012
832	640	0	794	640	70
832	640	64	793	644	95
832	640	128	793	644	144
832	640	192	793	645	203
832	640	256	794	645	264
832	640	320	795	646	326
832	640	384	796	647	388
832	640	448	797	647	450
832	640	512	799	648	510
832	640	576	801	649	576
832	640	640	802	650	640
832	640	704	806	652	704
832	640	768	809	653	765
832	640	832	811	654	828
832	640	896	813	655	890
832	640	960	816	656	952
832	640	1023	820	658	1012
832	704	0	797	700	77
832	704	64	796	704	102
832	704	128	796	705	149
832	704	192	796	705	206
832	704	256	797	705	266
832	704	320	798	706	328
832	704	384	799	707	390
832	704	448	801	707	452
832	704	512	802	708	512
832	704	576	805	710	578
832	704	640	807	710	642
832	704	704	809	711	705
832	704	768	811	712	767
832	704	832	815	714	830
832	704	896	817	715	892
832	704	960	820	716	954
832	704	1023	824	718	1015
832	768	0	802	761	85
832	768	64	801	765	108
832	768	128	801	765	152
832	768	192	802	766	209
832	768	256	802	766	269
832	768	320	804	767	331
832	768	384	805	768	392
832	768	448	805	767	454
832	768	512	807	769	514
832	768	576	810	770	580
832	768	640	811	770	643
832	768	704	813	770	706
832	768	768	817	773	768
832	768	832	819	773	831
832	768	896	821	774	893
832	768	960	824	775	955
832	768	1023	828	777	1016
832	832	0	805	820	93
832	832	64	804	824	113
832	832	128	805	825	156
832	832	192	805	825	211
832	832	256	805	825	271
832	832	320	806	826	332
832	832	384	808	827	393
832	832	448	809	827	455
832	832	512	811	828	515
832	832	576	814	830	581
832	832	640	815	830	644
832	832	704	817	830	707
832	832	768	819	831	768
832	832	832	823	833	832
832	832	896	825	833	894
832	832	960	829	835	957
832	832	1023	832	836	1017
832	896	0	810	881	100
832	896	64	809	886	119
832	896	128	809	886	160
832	896	192	809	886	214
832	896	256	810	886	273
832	896	320	811	887	333
832	896	384	812	888	395
832	896	448	814	888	456
832	896	512	815	890	516
832	896	576	818	891	582
832	896	640	819	891	645
832	896	704	821	891	708
832	896	768	824	892	769
832	896	832	828	894	833
832	896	896	830	894	896
832	896	960	833	895	957
832	896	1023	835	895	1017
832	960	0	815	941	107
832	960	64	814	946	125
832	960	128	813	945	164
832	960	192	814	946	218
832	960	256	814	946	275
832	960	320	815	947	335
832	960	384	817	948	396
832	960	448	818	948	458
832	960	512	819	948	517
832	960	576	822	950	582
832	960	640	824	950	646
832	960	704	826	951	710
832	960	768	829	952	771
832	960	832	831	952	833
832	960	896	833	952	896
832	960	960	837	953	958
832	960	1023	840	955	1018
832	1023	0	820	999	114
832	1023	64	819	1004	131
832	1023	128	819	1003	168
832	1023	192	820	1004	221
832	1023	256	820	1004	278
832	1023	320	821	1005	338
832	1023	384	823	1006	398
832	1023	448	823	1005	459
832	1023	512	825	1006	519
832	1023	576	827	1007	584
832	1023	640	828	1006	647
832	1023	704	831	1008	711
832	1023	768	834	1009	772
832	1023	832	836	1009	835
832	1023	896	839	1009	897
832	1023	960	842	1009	960
832	1023	1023	846	1009	1020
896	0	0	831	124	0
896	0	64	830	124	64
896	0	128	830	125	127
896	0	192	830	127	191
896	0	256	831	129	255
896	0	320	832	132	318
896	0	384	833	136	382
896	0	448	835	140	444
896	0	512	835	145	504
896	0	576	838	151	571
896	0	640	840	158	635
896	0	704	842	164	699
896	0	768	845	172	760
896	0	832	847	179	823
896	0	896	849	186	885
896	0	960	852	194	947
896	0	1023	856	202	1008
896	64	0	832	140	0
896	64	64	831	141	64
896	64	128	830	141	127
896	64	192	831	143	191
896	64	256	831	144	255
896	64	320	832	147	319
896	64	384	834	151	381
896	64	448	835	155	445
896	64	512	836	159	504
896	64	576	838	165	571
896	64	640	840	171	635
896	64	704	842	177	699
896	64	768	845	183	760
896	64	832	847	190	823
896	64	896	849	197	885
896	64	960	853	204	947
896	64	1023	856	212	1008
896	128	0	832	176	0
896	128	64	831	177	65
896	128	128	831	178	128
896	128	192	831	179	192
896	128	256	832	180	255
896	128	320	833	183	319
896	128	384	834	185	382
896	128	448	834	188	444
896	128	512	836	192	504
896	128	576	839	196	571
896	128	640	840	201	634
896	128	704	843	206	699
896	128	768	846	211	760
896	128	832	848	217	823
896	128	896	850	223	885
896	128	960	853	230	947
896	128	1023	857	237	1008
896	192	0	833	226	0
896	192	64	831	227	67
896	192	128	831	227	128
896	192	192	832	228	192
896	192	256	832	229	256
896	192	320	833	231	319
896	192	384	835	233	382
896	192	448	835	235	444
896	192	512	837	238	505
896	192	576	839	242	571
896	192	640	841	245	635
896	192	704	843	249	698
896	192	768	846	254	761
896	192	832	848	258	823
896	192	896	851	263	886
896	192	960	854	268	948
896	192	1023	857	274	1008
896	256	0	833	279	8
896	256	64	832	281	69
896	256	128	833	282	130
896	256	192	833	282	193
896	256	256	834	284	257
896	256	320	834	285	319
896	256	384	835	287	382
896	256	448	836	288	445
896	256	512	838	290	506
896	256	576	841	294	572
896	256	640	842	296	635
896	256	704	844	299	699
896	256	768	846	303	760
896	256	832	850	307	824
896	256	896	852	311	886
896	256	960	855	315	948
896	256	1023	859	319	1009
896	320	0	835	338	22
896	320	64	834	341	73
896	320	128	833	341	131
896	320	192	834	342	194
896	320	256	834	342	257
896	320	320	835	344	320
896	320	384	837	345	383
896	320	448	838	346	446
896	320	512	839	348	505
896	320	576	841	350	571
896	320	640	843	352	635
896	320	704	846	355	700
896	320	768	848	358	761
896	320	832	850	361	824
896	320	896	853	364	886
896	320	960	856	367	948
896	320	1023	859	371	1008
896	384	0	836	397	35
896	384	64	835	400	76
896	384	128	835	400	133
896	384	192	835	401	195
896	384	256	837	402	258
896	384	320	838	403	321
896	384	384	838	404	383
896	384	448	839	405	446
896	384	512	841	406	506
896	384	576	844	408	573
896	384	640	845	410	636
896	384	704	846	412	700
896	384	768	849	414	761
896	384	832	852	417	824
896	384	896	855	419	887
896	384	960	857	422	949
896	384	1023	861	426	1009
896	448	0	838	456	45
896	448	64	838	460	81
896	448	128	837	460	135
896	448	192	838	461	197
896	448	256	838	461	259
896	448	320	839	462	322
896	448	384	840	463	384
896	448	448	842	464	447
896	448	512	843	465	507
896	448	576	846	468	574
896	448	640	847	469	638
896	448	704	849	470	701
896	448	768	852	472	762
896	448	832	855	475	826
896	448	896	857	476	888
896	448	960	859	478	949
896	448	1023	863	481	1010
896	512	0	842	516	52
896	512	64	840	518	85
896	512	128	840	519	138
896	512	192	840	519	198
896	512	256	841	520	261
896	512	320	842	521	323
896	512	384	843	522	385
896	512	448	844	522	448
896	512	512	846	524	508
896	512	576	848	525	574
896	512	640	849	526	638
896	512	704	851	527	701
896	512	768	855	530	764
896	512	832	857	532	826
896	512	896	860	533	889
896	512	960	862	535	951
896	512	1023	866	537	1011
896	576	0	844	582	61
896	576	64	844	585	90
896	576	128	843	585	141
896	576	192	844	586	201
896	576	256	844	586	262
896	576	320	845	587	325
896	576	384	847	588	387
896	576	448	847	588	449
896	576	512	849	589	509
896	576	576	851	591	575
896	576	640	852	591	638
896	576	704	855	593	703
896	576	768	858	595	764
896	576	832	860	596	827
896	576	896	862	597	889
896	576	960	865	599	951
896	576	1023	869	601	1011
896	640	0	848	642	69
896	640	64	847	645	95
896	640	128	847	646	144
896	640	192	847	645	203
896	640	256	848	646	264
896	640	320	849	647	326
896	640	384	850	648	388
896	640	448	851	648	450
896	640	512	853	649	510
896	640	576	856	651	576
896	640	640	857	651	640
896	640	704	859	652	704
896	640	768	861	654	765
896	640	832	865	656	828
896	640	896	867	657	891
896	640	960	869	658	953
896	640	1023	873	660	1013
896	704	0	852	702	78
896	704	64	850	705	102
896	704	128	850	706	148
896	704	192	851	707	206
896	704	256	852	707	267
896	704	320	852	707	328
896	704	384	854	709	390
896	704	448	854	708	452
896	704	512	856	709	512
896	704	576	858	711	578
896	704	640	859	711	641
896	704	704	861	712	705
896	704	768	865	714	767
896	704	832	867	715	830
896	704	896	869	715	892
896	704	960	872	716	954
896	704	1023	876	718	1014
896	768	0	856	762	84
896	768	64	855	766	107
896	768	128	855	766	152
896	768	192	855	766	209
896	768	256	856	767	269
896	768	320	857	767	330
896	768	384	858	769	392
896	768	448	860	769	454
896	768	512	860	769	514
896	768	576	863	770	579
896	768	640	865	772	644
896	768	704	867	772	707
896	768	768	869	773	768
896	768	832	873	775	832
896	768	896	873	774	893
896	768	960	876	775	955
896	768	1023	880	777	1016
896	832	0	860	822	92
896	832	64	859	826	113
896	832	128	858	826	156
896	832	192	859	826	211
896	832	256	859	827	271
896	832	320	861	827	332
896	832	384	862	829	393
896	832	448	862	828	455
896	832	512	864	829	515
896	832	576	866	830	580
896	832	640	867	830	644
896	832	704	870	832	708
896	832	768	873	833	769
896	832	832	875	834	832
896	832	896	877	834	894
896	832	960	880	835	956
896	832	1023	884	837	1017
896	896	0	864	883	100
896	896	64	862	886	118
896	896	128	863	887	160
896	896	192	863	887	214
896	896	256	864	888	273
896	896	320	865	889	334
896	896	384	865	889	394
896	896	448	866	889	456
896	896	512	868	890	516
896	896	576	871	892	582
896	896	640	872	891	645
896	896	704	873	891	708
896	896	768	877	894	770
896	896	832	879	894	833
896	896	896	881	894	895
896	896	960	884	896	957
896	896	1023	888	897	1018
896	960	0	868	942	107
896	960	64	867	946	125
896	960	128	867	947	164
896	960	192	867	947	217
896	960	256	867	947	275
896	960	320	868	947	335
896	960	384	870	949	396
896	960	448	871	949	458
896	960	512	873	950	518
896	960	576	875	952	583
896	960	640	876	951	646
896	960	704	878	951	709
896	960	768	880	952	771
896	960	832	884	954	834
896	960	896	886	954	896
896	960	960	889	955	959
896	960	1023	892	956	1019
896	1023	0	873	1000	114
896	1023	64	872	1004	131
896	1023	128	873	1005	169
896	1023	192	872	1005	221
896	1023	256	873	1005	278
896	1023	320	873	1005	338
896	1023	384	875	1006	398
896	1023	448	876	1007	460
896	1023	512	878	1008	520
896	1023	576	880	1009	585
896	1023	640	881	1008	648
896	1023	704	883	1008	711
896	1023	768	885	1009	772
896	1023	832	889	1011	836
896	1023	896	891	1011	898
896	1023	960	894	1011	961
896	1023	1023	897	1011	1021
960	0	0	888	132	0
960	0	64	886	133	63
960	0	128	886	134	126
960	0	192	887	135	191
960	0	256	887	137	255
960	0	320	888	140	318
960	0	384	889	144	381
960	0	448	890	148	444
960	0	512	892	152	505
960	0	576	894	158	571
960	0	640	895	164	635
960	0	704	897	170	698
960	0	768	899	177	760
960	0	832	903	185	824
960	0	896	905	192	886
960	0	960	907	199	948
960	0	1023	911	207	1009
960	64	0	888	147	0
960	64	64	886	148	63
960	64	128	887	148	127
960	64	192	887	150	191
960	64	256	887	152	255
960	64	320	888	154	318
960	64	384	889	158	381
960	64	448	890	162	444
960	64	512	892	166	505
960	64	576	894	171	571
960	64	640	895	176	635
960	64	704	897	182	699
960	64	768	899	189	760
960	64	832	903	195	824
960	64	896	905	202	886
960	64	960	907	210	948
960	64	1023	911	217	1009
960	128	0	888	182	0
960	128	64	887	183	64
960	128	128	887	183	127
960	128	192	887	184	191
960	128	256	888	186	255
960	128	320	888	188	319
960	128	384	890	191	382
960	128	448	891	194	445
960	128	512	893	197	505
960	128	576	895	202	571
960	128	640	896	206	635
960	128	704	898	210	699
960	128	768	900	216	760
960	128	832	904	222	824
960	128	896	905	228	886
960	128	960	907	233	948
960	128	1023	910	240	1008
960	192	0	889	230	0
960	192	64	888	231	66
960	192	128	887	232	128
960	192	192	888	232	192
960	192	256	888	234	256
960	192	320	889	235	319
960	192	384	891	238	382
960	192	448	891	240	444
960	192	512	892	242	505
960	192	576	895	246	571
960	192	640	896	249	635
960	192	704	899	253	699
960	192	768	901	257	761
960	192	832	903	261	823
960	192	896	905	266	886
960	192	960	908	271	948
960	192	1023	911	277	1008
960	256	0	890	283	0
960	256	64	888	285	69
960	256	128	888	285	129
960	256	192	889	286	193
960	256	256	889	287	256
960	256	320	890	288	320
960	256	384	892	290	383
960	256	448	892	292	445
960	256	512	893	294	505
960	256	576	896	297	572
960	256	640	897	299	635
960	256	704	899	302	699
960	256	768	902	306	761
960	256	832	904	310	824
960	256	896	906	313	887
960	256	960	909	318	949
960	256	1023	913	322	1009
960	320	0	891	341	22
960	320	64	890	343	72
960	320	128	890	344	131
960	320	192	889	344	194
960	320	256	890	345	257
960	320	320	891	346	320
960	320	384	893	348	383
960	320	448	894	349	446
960	320	512	895	351	506
960	320	576	898	354	572
960	320	640	898	355	636
960	320	704	900	357	700
960	320	768	903	361	761
960	320	832	906	364	825
960	320	896	908	366	887
960	320	960	911	370	949
960	320	1023	914	374	1010
960	384	0	893	400	32
960	384	64	892	402	76
960	384	128	891	403	133
960	384	192	892	403	195
960	384	256	892	404	258
960	384	320	893	405	321
960	384	384	895	406	384
960	384	448	895	407	446
960	384	512	896	408	506
960	384	576	899	411	573
960	384	640	900	412	636
960	384	704	902	415	700
960	384	768	905	417	762
960	384	832	907	419	824
960	384	896	909	422	887
960	384	960	912	425	949
960	384	1023	915	428	1010
960	448	0	894	459	43
960	448	64	893	462	80
960	448	128	893	462	135
960	448	192	894	463	197
960	448	256	894	463	259
960	448	320	895	464	322
960	448	384	896	465	384
960	448	448	897	466	447
960	448	512	899	467	508
960	448	576	901	469	574
960	448	640	902	470	637
960	448	704	904	472	701
960	448	768	906	474	762
960	448	832	909	477	826
960	448	896	911	478	888
960	448	960	914	481	951
960	448	1023	918	483	1011
960	512	0	897	518	51
960	512	64	897	521	85
960	512	128	896	521	138
960	512	192	897	522	198
960	512	256	897	522	261
960	512	320	898	523	323
960	512	384	899	524	386
960	512	448	899	524	448
960	512	512	901	525	508
960	512	576	903	527	574
960	512	640	904	528	638
960	512	704	907	530	702
960	512	768	910	532	763
960	512	832	912	533	826
960	512	896	913	535	889
960	512	960	916	537	951
960	512	1023	920	539	1011
960	576	0	900	583	60
960	576	64	899	587	90
960	576	128	900	588	141
960	576	192	899	588	201
960	576	256	900	588	262
960	576	320	901	589	325
960	576	384	902	590	387
960	576	448	903	591	449
960	576	512	905	592	510
960	576	576	907	593	576
960	576	640	908	594	639
960	576	704	910	595	703
960	576	768	912	596	764
960	576	832	916	599	828
960	576	896	918	600	890
960	576	960	920	602	952
960	576	1023	922	603	1012
960	640	0	904	644	68
960	640	64	903	647	95
960	640	128	902	647	143
960	640	192	903	647	203
960	640	256	904	649	264
960	640	320	905	649	326
960	640	384	906	650	388
960	640	448	906	650	450
960	640	512	908	651	511
960	640	576	910	652	577
960	640	640	911	653	640
960	640	704	913	654	704
960	640	768	917	656	766
960	640	832	919	657	829
960	640	896	920	658	891
960	640	960	923	659	953
960	640	1023	927	662	1014
960	704	0	907	703	77
960	704	64	906	707	102
960	704	128	906	707	148
960	704	192	906	708	206
960	704	256	907	708	266
960	704	320	907	709	328
960	704	384	909	710	390
960	704	448	910	710	453
960	704	512	911	710	512
960	704	576	913	712	578
960	704	640	914	712	641
960	704	704	917	714	706
960	704	768	919	715	767
960	704	832	921	716	830
960	704	896	923	717	892
960	704	960	926	718	954
960	704	1023	929	720	1015
960	768	0	911	764	84
960	768	64	910	767	107
960	768	128	911	768	152
960	768	192	910	768	209
960	768	256	911	768	269
960	768	320	912	769	330
960	768	384	913	770	392
960	768	448	914	770	454
960	768	512	916	771	514
960	768	576	918	773	580
960	768	640	919	772	643
960	768	704	921	773	707
960	768	768	923	774	768
960	768	832	927	776	832
960	768	896	928	777	895
960	768	960	931	778	957
960	768	1023	934	779	1017
960	832	0	915	823	92
960	832	64	914	827	113
960	832	128	913	827	155
960	832	192	914	828	211
960	832	256	914	828	271
960	832	320	915	829	332
960	832	384	917	830	393
960	832	448	918	830	455
960	832	512	919	831	515
960	832	576	922	833	581
960	832	640	923	833	644
960	832	704	924	833	708
960	832	768	926	834	769
960	832	832	930	836	833
960	832	896	932	836	895
960	832	960	933	836	956
960	832	1023	937	838	1017
960	896	0	919	884	99
960	896	64	918	889	118
960	896	128	917	888	159
960	896	192	918	889	214
960	896	256	918	889	273
960	896	320	919	890	333
960	896	384	921	891	395
960	896	448	920	890	456
960	896	512	922	891	516
960	896	576	924	892	581
960	896	640	925	892	645
960	896	704	928	894	709
960	896	768	930	895	770
960	896	832	932	895	833
960	896	896	934	896	895
960	896	960	937	896	958
960	896	1023	941	898	1018
960	960	0	923	944	106
960	960	64	921	947	125
960	960	128	921	948	164
960	960	192	922	949	217
960	960	256	922	949	275
960	960	320	923	950	335
960	960	384	925	951	397
960	960	448	925	950	458
960	960	512	927	951	518
960	960	576	929	952	583
960	960	640	930	952	646
960	960	704	931	952	709
960	960	768	935	954	772
960	960	832	937	955	834
960	960	896	939	955	897
960	960	960	941	956	959
960	960	1023	945	957	1020
960	1023	0	928	1002	113
960	1023	64	926	1005	131
960	1023	128	926	1006	169
960	1023	192	927	1007	221
960	1023	256	927	1007	278
960	1023	320	929	1008	338
960	1023	384	930	1009	399
960	1023	448	930	1008	460
960	1023	512	931	1009	519
960	1023	576	934	1010	585
960	1023	640	934	1009	648
960	1023	704	936	1009	711
960	1023	768	939	1012	773
960	1023	832	941	1012	836
960	1023	896	944	1011	898
960	1023	960	946	1012	961
960	1023	1023	949	1012	1021
1023	0	0	944	141	0
1023	0	64	943	141	62
1023	0	128	942	141	126
1023	0	192	943	143	190
1023	0	256	943	145	255
1023	0	320	944	148	318
1023	0	384	946	151	381
1023	0	448	947	155	444
1023	0	512	947	159	504
1023	0	576	949	165	570
1023	0	640	951	170	635
1023	0	704	953	177	699
1023	0	768	955	183	760
1023	0	832	958	190	824
1023	0	896	959	197	885
1023	0	960	961	205	948
1023	0	1023	965	212	1008
1023	64	0	944	154	0
1023	64	64	943	155	62
1023	64	128	942	155	126
1023	64	192	943	156	191
1023	64	256	944	158	255
1023	64	320	944	161	318
1023	64	384	946	164	381
1023	64	448	947	168	444
1023	64	512	947	171	504
1023	64	576	949	176	571
1023	64	640	951	182	635
1023	64	704	953	187	699
1023	64	768	955	194	760
1023	64	832	959	200	824
1023	64	896	959	207	886
1023	64	960	962	214	948
1023	64	1023	965	221	1008
1023	128	0	944	187	0
1023	128	64	943	188	63
1023	128	128	943	188	126
1023	128	192	943	190	191
1023	128	256	944	191	255
1023	128	320	945	193	319
1023	128	384	946	196	382
1023	128	448	947	199	444
1023	128	512	948	202	505
1023	128	576	950	206	571
1023	128	640	951	210	634
1023	128	704	954	215	699
1023	128	768	955	221	760
1023	128	832	958	226	823
1023	128	896	959	232	886
1023	128	960	962	238	948
1023	128	1023	965	244	1008
1023	192	0	945	234	0
1023	192	64	943	235	65
1023	192	128	944	236	128
1023	192	192	944	236	192
1023	192	256	945	237	256
1023	192	320	946	239	319
1023	192	384	947	241	382
1023	192	448	947	243	444
1023	192	512	949	246	505
1023	192	576	951	249	571
1023	192	640	951	253	635
1023	192	704	953	256	698
1023	192	768	957	261	761
1023	192	832	958	265	824
1023	192	896	960	270	886
1023	192	960	963	275	948
1023	192	1023	966	280	1009
1023	256	0	946	286	0
1023	256	64	945	288	68
1023	256	128	945	289	129
1023	256	192	945	289	192
1023	256	256	946	290	256
1023	256	320	947	292	320
1023	256	384	948	293	382
1023	256	448	948	295	445
1023	256	512	950	297	505
1023	256	576	952	300	572
1023	256	640	953	302	635
1023	256	704	954	305	699
1023	256	768	956	309	760
1023	256	832	960	312	824
1023	256	896	962	316	887
1023	256	960	964	320	949
1023	256	1023	967	325	1010
1023	320	0	947	343	18
1023	320	64	946	346	71
1023	320	128	945	346	130
1023	320	192	946	347	193
1023	320	256	946	347	257
1023	320	320	947	349	320
1023	320	384	949	350	383
1023	320	448	950	351	446
1023	320	512	950	353	505
1023	320	576	952	355	572
1023	320	640	954	358	636
1023	320	704	955	360	699
1023	320	768	958	363	761
1023	320	832	960	365	824
1023	320	896	962	368	886
1023	320	960	964	371	949
1023	320	1023	968	375	1009
1023	384	0	949	402	31
1023	384	64	947	404	75
1023	384	128	947	405	132
1023	384	192	947	405	195
1023	384	256	948	406	258
1023	384	320	949	407	321
1023	384	384	950	408	383
1023	384	448	950	409	446
1023	384	512	952	411	506
1023	384	576	954	413	572
1023	384	640	955	414	636
1023	384	704	957	416	700
1023	384	768	960	419	762
1023	384	832	962	421	825
1023	384	896	964	423	887
1023	384	960	966	426	950
1023	384	1023	970	429	1010
1023	448	0	950	460	42
1023	448	64	949	463	80
1023	448	128	949	464	135
1023	448	192	949	464	196
1023	448	256	949	465	259
1023	448	320	950	465	321
1023	448	384	952	467	384
1023	448	448	953	468	447
1023	448	512	955	469	508
1023	448	576	957	471	574
1023	448	640	957	472	637
1023	448	704	959	474	701
1023	448	768	961	476	762
1023	448	832	965	478	826
1023	448	896	966	480	888
1023	448	960	968	482	950
1023	448	1023	971	485	1010
1023	512	0	953	519	50
1023	512	64	951	522	84
1023	512	128	952	522	137
1023	512	192	952	523	198
1023	512	256	953	524	261
1023	512	320	954	524	323
1023	512	384	955	526	385
1023	512	448	955	525	448
1023	512	512	957	527	508
1023	512	576	959	529	574
1023	512	640	959	529	638
1023	512	704	961	530	701
1023	512	768	964	533	764
1023	512	832	966	535	826
1023	512	896	968	536	889
1023	512	960	971	538	951
1023	512	1023	974	541	1012
1023	576	0	956	584	59
1023	576	64	955	588	89
1023	576	128	954	588	140
1023	576	192	955	589	200
1023	576	256	955	589	262
1023	576	320	956	590	324
1023	576	384	958	591	387
1023	576	448	959	592	449
1023	576	512	959	592	509
1023	576	576	961	594	575
1023	576	640	962	594	638
1023	576	704	965	596	703
1023	576	768	967	597	764
1023	576	832	969	599	827
1023	576	896	971	600	889
1023	576	960	973	602	952
1023	576	1023	976	604	1012
1023	640	0	959	644	67
1023	640	64	958	648	94
1023	640	128	958	648	143
1023	640	192	958	648	202
1023	640	256	958	649	263
1023	640	320	959	649	325
1023	640	384	961	650	388
1023	640	448	961	651	450
1023	640	512	963	652	511
1023	640	576	965	654	576
1023	640	640	966	654	640
1023	640	704	967	655	703
1023	640	768	970	656	765
1023	640	832	973	658	829
1023	640	896	974	659	891
1023	640	960	977	661	953
1023	640	1023	980	663	1014
1023	704	0	962	704	76
1023	704	64	961	708	101
1023	704	128	961	708	147
1023	704	192	962	709	205
1023	704	256	962	709	266
1023	704	320	963	710	328
1023	704	384	964	711	390
1023	704	448	964	711	452
1023	704	512	966	712	512
1023	704	576	968	713	578
1023	704	640	968	713	641
1023	704	704	970	714	705
1023	704	768	974	716	767
1023	704	832	975	717	830
1023	704	896	977	718	893
1023	704	960	980	719	955
1023	704	1023	983	721	1016
1023	768	0	966	764	83
1023	768	64	966	768	106
1023	768	128	965	768	151
1023	768	192	965	769	208
1023	768	256	966	769	268
1023	768	320	967	770	330
1023	768	384	968	771	392
1023	768	448	969	771	454
1023	768	512	971	772	514
1023	768	576	973	774	580
1023	768	640	974	774	644
1023	768	704	975	774	707
1023	768	768	977	775	769
1023	768	832	981	777	832
1023	768	896	982	778	895
1023	768	960	983	778	956
1023	768	1023	987	779	1017
1023	832	0	970	824	90
1023	832	64	969	829	113
1023	832	128	968	828	155
1023	832	192	969	829	211
1023	832	256	969	829	271
1023	832	320	970	830	332
1023	832	384	972	831	393
1023	832	448	971	830	455
1023	832	512	973	831	515
1023	832	576	975	832	580
1023	832	640	976	832	644
1023	832	704	978	834	708
1023	832	768	981	835	769
1023	832	832	983	836	832
1023	832	896	984	836	895
1023	832	960	987	837	957
1023	832	1023	990	839	1018
1023	896	0	974	885	99
1023	896	64	971	888	118
1023	896	128	972	889	160
1023	896	192	972	890	214
1023	896	256	973	890	273
1023	896	320	974	891	333
1023	896	384	975	892	395
1023	896	448	975	891	456
1023	896	512	977	892	516
1023	896	576	979	893	581
1023	896	640	979	893	645
1023	896	704	981	894	708
1023	896	768	985	896	771
1023	896	832	986	897	833
1023	896	896	988	897	896
1023	896	960	991	898	958
1023	896	1023	994	899	1019
1023	960	0	976	944	106
1023	960	64	975	948	124
1023	960	128	976	949	164
1023	960	192	975	949	217
1023	960	256	977	951	276
1023	960	320	977	950	335
1023	960	384	978	951	396
1023	960	448	979	951	457
1023	960	512	981	952	518
1023	960	576	983	954	583
1023	960	640	984	953	646
1023	960	704	985	953	709
1023	960	768	987	954	771
1023	960	832	990	956	834
1023	960	896	992	956	897
1023	960	960	995	957	960
1023	960	1023	997	959	1020
1023	1023	0	981	1002	113
1023	1023	64	980	1007	130
1023	1023	128	981	1008	168
1023	1023	192	980	1007	220
1023	1023	256	980	1007	278
1023	1023	320	981	1008	337
1023	1023	384	983	1009	398
1023	1023	448	983	1009	460
1023	1023	512	985	1011	520
1023	1023	576	988	1012	585
1023	1023	640	988	1011	648
1023	1023	704	990	1012	712
1023	1023	768	992	1013	773
1023	1023	832	995	1014	837
1023	1023	896	996	1014	899
1023	1023	960	999	1015	962
1023	1023	1023	1002	1016	1023
