0	0	0	0	0	0
0	0	64	15	11	62
0	0	128	30	22	121
0	0	192	45	33	183
0	0	256	60	43	244
0	0	320	74	54	304
0	0	384	89	65	364
0	0	448	104	76	424
0	0	512	118	86	482
0	0	576	133	97	545
0	0	640	148	108	606
0	0	704	163	119	666
0	0	768	177	129	725
0	0	832	191	140	784
0	0	896	206	150	843
0	0	960	220	161	903
0	0	1023	234	171	962
0	64	0	32	62	19
0	64	64	35	64	64
0	64	128	42	66	122
0	64	192	53	69	183
0	64	256	66	74	244
0	64	320	79	80	304
0	64	384	93	88	364
0	64	448	107	95	425
0	64	512	121	103	483
0	64	576	136	113	545
0	64	640	151	122	606
0	64	704	164	131	665
0	64	768	179	141	724
0	64	832	193	150	783
0	64	896	207	160	843
0	64	960	222	170	903
0	64	1023	236	180	961
0	128	0	64	125	38
0	128	64	66	127	71
0	128	128	70	128	126
0	128	192	77	129	186
0	128	256	85	132	246
0	128	320	95	135	305
0	128	384	107	139	365
0	128	448	119	144	425
0	128	512	131	149	483
0	128	576	145	155	546
0	128	640	158	161	606
0	128	704	172	168	666
0	128	768	185	175	724
0	128	832	199	183	784
0	128	896	213	190	844
0	128	960	227	199	903
0	128	1023	241	207	962
0	192	0	97	189	58
0	192	64	99	191	83
0	192	128	101	192	132
0	192	192	106	193	190
0	192	256	112	195	248
0	192	320	119	197	308
0	192	384	128	200	367
0	192	448	138	203	427
0	192	512	149	206	485
0	192	576	161	210	547
0	192	640	173	214	608
0	192	704	185	219	667
0	192	768	197	224	725
0	192	832	210	230	785
0	192	896	223	236	844
0	192	960	237	242	904
0	192	1023	250	249	962
0	256	0	128	250	77
0	256	64	130	253	96
0	256	128	132	253	140
0	256	192	135	255	195
0	256	256	140	256	252
0	256	320	146	257	311
0	256	384	153	260	370
0	256	448	161	262	429
0	256	512	170	264	486
0	256	576	180	267	549
0	256	640	191	271	609
0	256	704	202	274	669
0	256	768	213	278	726
0	256	832	225	283	787
0	256	896	237	286	845
0	256	960	249	291	904
0	256	1023	261	297	963
0	320	0	160	312	96
0	320	64	162	316	112
0	320	128	164	317	151
0	320	192	167	317	202
0	320	256	171	319	258
0	320	320	175	320	315
0	320	384	181	322	373
0	320	448	188	323	432
0	320	512	195	326	489
0	320	576	204	328	551
0	320	640	213	330	611
0	320	704	223	333	670
0	320	768	233	336	728
0	320	832	243	340	788
0	320	896	254	343	847
0	320	960	266	347	906
0	320	1023	277	351	965
0	384	0	192	374	115
0	384	64	194	378	129
0	384	128	196	379	163
0	384	192	198	380	212
0	384	256	201	380	265
0	384	320	205	381	321
0	384	384	210	383	378
0	384	448	215	384	436
0	384	512	222	386	493
0	384	576	230	389	554
0	384	640	237	390	614
0	384	704	246	392	673
0	384	768	255	395	730
0	384	832	264	398	790
0	384	896	274	400	849
0	384	960	284	403	907
0	384	1023	295	407	966
0	448	0	223	435	134
0	448	64	225	439	145
0	448	128	227	440	176
0	448	192	229	441	222
0	448	256	232	442	273
0	448	320	235	443	327
0	448	384	239	444	383
0	448	448	244	445	440
0	448	512	249	447	496
0	448	576	256	449	558
0	448	640	263	450	617
0	448	704	270	452	676
0	448	768	279	455	733
0	448	832	287	457	792
0	448	896	296	458	851
0	448	960	305	461	910
0	448	1023	315	464	968
0	512	0	254	495	152
0	512	64	257	500	163
0	512	128	258	501	190
0	512	192	259	502	232
0	512	256	262	502	281
0	512	320	265	503	334
0	512	384	269	504	389
0	512	448	273	505	446
0	512	512	278	507	501
0	512	576	284	509	562
0	512	640	290	509	621
0	512	704	296	511	679
0	512	768	303	513	736
0	512	832	312	515	796
0	512	896	319	517	854
0	512	960	328	519	913
0	512	1023	337	521	971
0	576	0	288	561	172
0	576	64	291	566	182
0	576	128	292	568	207
0	576	192	293	568	245
0	576	256	296	569	292
0	576	320	298	570	343
0	576	384	301	571	397
0	576	448	305	572	452
0	576	512	309	573	507
0	576	576	315	575	567
0	576	640	320	575	625
0	576	704	326	576	683
0	576	768	332	578	740
0	576	832	339	580	799
0	576	896	346	581	857
0	576	960	354	583	916
0	576	1023	363	585	974
0	640	0	319	623	191
0	640	64	322	628	200
0	640	128	323	628	222
0	640	192	325	629	259
0	640	256	326	630	303
0	640	320	329	631	352
0	640	384	332	632	405
0	640	448	335	632	459
0	640	512	339	633	513
0	640	576	344	635	572
0	640	640	348	635	630
0	640	704	354	637	688
0	640	768	360	638	745
0	640	832	366	640	802
0	640	896	372	640	860
0	640	960	380	642	919
0	640	1023	387	644	977
0	704	0	351	684	210
0	704	64	354	690	218
0	704	128	355	691	239
0	704	192	356	691	273
0	704	256	358	691	314
0	704	320	360	693	362
0	704	384	363	694	414
0	704	448	366	694	467
0	704	512	369	696	520
0	704	576	374	697	579
0	704	640	378	697	636
0	704	704	383	698	693
0	704	768	388	699	749
0	704	832	394	701	808
0	704	896	400	702	865
0	704	960	407	703	924
0	704	1023	414	705	981
0	768	0	382	744	228
0	768	64	385	750	236
0	768	128	386	751	255
0	768	192	387	752	287
0	768	256	389	753	327
0	768	320	391	753	373
0	768	384	393	755	423
0	768	448	396	754	475
0	768	512	399	756	527
0	768	576	403	757	585
0	768	640	407	757	642
0	768	704	411	757	698
0	768	768	417	760	755
0	768	832	422	760	812
0	768	896	427	761	870
0	768	960	433	762	928
0	768	1023	440	764	986
0	832	0	412	803	246
0	832	64	415	809	254
0	832	128	416	810	271
0	832	192	417	811	301
0	832	256	419	812	339
0	832	320	420	812	383
0	832	384	423	813	432
0	832	448	425	814	483
0	832	512	428	815	534
0	832	576	432	816	592
0	832	640	435	816	648
0	832	704	439	816	704
0	832	768	444	818	759
0	832	832	449	819	817
0	832	896	454	820	874
0	832	960	460	821	932
0	832	1023	466	822	990
0	896	0	443	864	265
0	896	64	446	870	272
0	896	128	447	871	288
0	896	192	448	872	316
0	896	256	450	872	352
0	896	320	451	873	395
0	896	384	454	875	442
0	896	448	456	875	492
0	896	512	459	876	543
0	896	576	463	877	599
0	896	640	466	877	654
0	896	704	469	878	710
0	896	768	474	878	765
0	896	832	479	880	822
0	896	896	483	880	879
0	896	960	488	881	937
0	896	1023	494	883	994
0	960	0	474	923	283
0	960	64	477	930	290
0	960	128	478	931	305
0	960	192	479	932	332
0	960	256	480	933	366
0	960	320	482	933	407
0	960	384	484	934	453
0	960	448	486	935	502
0	960	512	489	935	551
0	960	576	492	937	606
0	960	640	495	937	661
0	960	704	499	937	717
0	960	768	503	938	771
0	960	832	507	940	828
0	960	896	511	939	883
0	960	960	516	939	941
0	960	1023	521	941	998
0	1023	0	503	982	301
0	1023	64	507	989	308
0	1023	128	508	989	322
0	1023	192	509	990	347
0	1023	256	510	991	380
0	1023	320	512	992	419
0	1023	384	514	993	464
0	1023	448	516	994	512
0	1023	512	518	994	560
0	1023	576	521	995	614
0	1023	640	524	994	668
0	1023	704	527	995	723
0	1023	768	531	996	777
0	1023	832	534	996	833
0	1023	896	538	996	889
0	1023	960	543	996	946
0	1023	1023	548	997	1003
64	0	0	57	16	9
64	0	64	58	19	62
64	0	128	62	26	121
64	0	192	70	35	183
64	0	256	79	45	243
64	0	320	90	56	303
64	0	384	102	66	363
64	0	448	115	77	424
64	0	512	128	87	482
64	0	576	142	98	544
64	0	640	156	108	605
64	0	704	170	119	665
64	0	768	183	129	722
64	0	832	197	140	783
64	0	896	211	151	843
64	0	960	225	161	902
64	0	1023	239	172	961
64	64	0	63	64	21
64	64	64	64	65	64
64	64	128	68	67	122
64	64	192	75	71	183
64	64	256	84	75	243
64	64	320	94	81	304
64	64	384	106	89	364
64	64	448	118	96	424
64	64	512	131	104	482
64	64	576	145	113	545
64	64	640	158	122	605
64	64	704	172	132	665
64	64	768	185	141	723
64	64	832	199	151	783
64	64	896	213	160	842
64	64	960	227	170	902
64	64	1023	240	180	961
64	128	0	82	126	39
64	128	64	84	128	71
64	128	128	87	129	126
64	128	192	92	130	185
64	128	256	99	133	245
64	128	320	108	136	305
64	128	384	118	140	365
64	128	448	129	145	425
64	128	512	140	150	483
64	128	576	153	156	545
64	128	640	166	162	606
64	128	704	178	169	665
64	128	768	191	176	723
64	128	832	205	183	784
64	128	896	218	191	843
64	128	960	232	199	902
64	128	1023	245	208	961
64	192	0	109	190	59
64	192	64	110	192	83
64	192	128	112	193	132
64	192	192	117	194	190
64	192	256	122	196	248
64	192	320	129	198	307
64	192	384	138	200	367
64	192	448	147	203	426
64	192	512	156	207	483
64	192	576	168	211	546
64	192	640	179	215	607
64	192	704	191	220	667
64	192	768	203	225	724
64	192	832	215	231	784
64	192	896	228	236	843
64	192	960	241	243	902
64	192	1023	254	249	961
64	256	0	137	252	78
64	256	64	139	254	97
64	256	128	140	255	140
64	256	192	144	256	195
64	256	256	148	257	252
64	256	320	154	259	311
64	256	384	161	261	370
64	256	448	168	263	428
64	256	512	177	265	486
64	256	576	187	269	548
64	256	640	197	271	608
64	256	704	207	275	668
64	256	768	218	280	726
64	256	832	230	283	785
64	256	896	241	288	844
64	256	960	253	293	904
64	256	1023	266	298	962
64	320	0	167	315	97
64	320	64	169	317	112
64	320	128	171	318	151
64	320	192	173	319	202
64	320	256	177	320	257
64	320	320	181	321	315
64	320	384	187	323	373
64	320	448	194	325	432
64	320	512	201	327	488
64	320	576	210	329	550
64	320	640	218	332	610
64	320	704	228	334	669
64	320	768	238	337	727
64	320	832	248	341	787
64	320	896	258	344	846
64	320	960	270	348	905
64	320	1023	281	353	964
64	384	0	198	377	116
64	384	64	199	380	129
64	384	128	201	380	163
64	384	192	203	381	211
64	384	256	206	382	264
64	384	320	210	383	320
64	384	384	215	385	378
64	384	448	221	386	436
64	384	512	227	387	492
64	384	576	234	390	553
64	384	640	242	392	613
64	384	704	250	394	672
64	384	768	259	396	730
64	384	832	269	400	790
64	384	896	278	401	847
64	384	960	288	405	907
64	384	1023	299	408	965
64	448	0	228	437	135
64	448	64	230	441	146
64	448	128	231	442	176
64	448	192	233	442	221
64	448	256	236	444	272
64	448	320	239	444	327
64	448	384	243	445	383
64	448	448	248	447	440
64	448	512	254	448	496
64	448	576	261	450	557
64	448	640	267	452	616
64	448	704	275	453	675
64	448	768	282	455	732
64	448	832	291	458	792
64	448	896	300	460	850
64	448	960	309	463	909
64	448	1023	319	466	968
64	512	0	259	498	153
64	512	64	261	502	163
64	512	128	261	502	190
64	512	192	263	503	233
64	512	256	266	504	281
64	512	320	269	505	334
64	512	384	273	507	389
64	512	448	277	507	446
64	512	512	282	508	501
64	512	576	288	510	561
64	512	640	294	512	620
64	512	704	300	513	679
64	512	768	307	515	736
64	512	832	315	517	795
64	512	896	323	518	853
64	512	960	331	520	912
64	512	1023	340	523	970
64	576	0	292	565	174
64	576	64	294	568	183
64	576	128	296	570	207
64	576	192	297	570	246
64	576	256	299	571	292
64	576	320	302	571	343
64	576	384	305	573	397
64	576	448	309	574	452
64	576	512	313	575	506
64	576	576	319	577	566
64	576	640	324	577	625
64	576	704	329	578	683
64	576	768	336	580	739
64	576	832	343	582	799
64	576	896	350	583	857
64	576	960	358	585	915
64	576	1023	366	588	973
64	640	0	324	626	192
64	640	64	325	629	200
64	640	128	327	630	222
64	640	192	328	631	259
64	640	256	330	632	303
64	640	320	332	633	352
64	640	384	336	634	405
64	640	448	339	634	459
64	640	512	343	636	513
64	640	576	348	637	572
64	640	640	352	638	630
64	640	704	358	639	687
64	640	768	364	641	744
64	640	832	370	642	802
64	640	896	376	643	860
64	640	960	383	644	918
64	640	1023	391	647	977
64	704	0	355	688	211
64	704	64	357	692	219
64	704	128	358	692	239
64	704	192	360	693	273
64	704	256	361	694	315
64	704	320	363	695	362
64	704	384	366	696	414
64	704	448	369	697	467
64	704	512	372	697	519
64	704	576	377	699	578
64	704	640	381	699	636
64	704	704	386	700	693
64	704	768	391	702	749
64	704	832	398	704	807
64	704	896	403	703	864
64	704	960	410	705	922
64	704	1023	417	707	980
64	768	0	386	747	229
64	768	64	388	751	236
64	768	128	389	753	255
64	768	192	390	753	287
64	768	256	392	754	327
64	768	320	394	755	373
64	768	384	396	756	423
64	768	448	399	757	475
64	768	512	402	758	527
64	768	576	407	759	585
64	768	640	410	759	642
64	768	704	415	760	698
64	768	768	420	761	754
64	768	832	425	763	812
64	768	896	431	763	869
64	768	960	437	765	928
64	768	1023	443	767	985
64	832	0	416	807	248
64	832	64	418	811	254
64	832	128	419	812	272
64	832	192	420	813	301
64	832	256	422	813	339
64	832	320	423	814	383
64	832	384	426	816	432
64	832	448	428	816	483
64	832	512	432	817	534
64	832	576	435	818	591
64	832	640	439	818	647
64	832	704	443	819	704
64	832	768	447	820	759
64	832	832	453	822	816
64	832	896	458	822	873
64	832	960	463	823	931
64	832	1023	470	825	989
64	896	0	447	868	266
64	896	64	450	872	272
64	896	128	450	873	288
64	896	192	451	874	316
64	896	256	453	874	352
64	896	320	455	875	395
64	896	384	457	876	442
64	896	448	459	877	492
64	896	512	462	877	542
64	896	576	466	879	598
64	896	640	469	880	654
64	896	704	473	880	709
64	896	768	477	881	764
64	896	832	482	883	822
64	896	896	486	882	877
64	896	960	491	883	935
64	896	1023	497	884	992
64	960	0	478	928	285
64	960	64	480	932	291
64	960	128	481	933	306
64	960	192	482	934	332
64	960	256	483	934	366
64	960	320	485	935	407
64	960	384	487	937	453
64	960	448	489	936	501
64	960	512	492	937	550
64	960	576	495	938	605
64	960	640	498	938	660
64	960	704	502	940	716
64	960	768	506	941	770
64	960	832	510	942	826
64	960	896	514	942	883
64	960	960	519	942	940
64	960	1023	524	944	997
64	1023	0	508	986	302
64	1023	64	510	991	308
64	1023	128	511	991	322
64	1023	192	512	992	347
64	1023	256	513	993	380
64	1023	320	515	994	419
64	1023	384	517	995	464
64	1023	448	519	995	511
64	1023	512	521	996	559
64	1023	576	524	997	614
64	1023	640	527	997	668
64	1023	704	529	997	722
64	1023	768	534	999	777
64	1023	832	538	999	832
64	1023	896	541	999	889
64	1023	960	546	999	946
64	1023	1023	551	1000	1002
128	0	0	113	31	19
128	0	64	113	33	63
128	0	128	115	37	122
128	0	192	119	44	183
128	0	256	124	52	243
128	0	320	131	61	304
128	0	384	139	70	364
128	0	448	148	80	424
128	0	512	158	90	481
128	0	576	169	101	544
128	0	640	180	111	605
128	0	704	192	121	665
128	0	768	203	131	722
128	0	832	216	142	783
128	0	896	229	152	842
128	0	960	241	162	901
128	0	1023	254	173	960
128	64	0	115	69	26
128	64	64	116	70	66
128	64	128	118	72	123
128	64	192	122	75	184
128	64	256	127	79	244
128	64	320	133	85	304
128	64	384	141	92	364
128	64	448	150	99	424
128	64	512	160	107	482
128	64	576	171	116	545
128	64	640	182	124	605
128	64	704	194	134	665
128	64	768	205	143	723
128	64	832	218	152	783
128	64	896	230	162	842
128	64	960	243	171	901
128	64	1023	255	182	959
128	128	0	126	128	42
128	128	64	127	130	73
128	128	128	128	131	126
128	128	192	132	132	186
128	128	256	137	135	245
128	128	320	143	138	305
128	128	384	150	142	365
128	128	448	159	147	425
128	128	512	167	151	482
128	128	576	178	157	545
128	128	640	189	164	606
128	128	704	200	170	666
128	128	768	211	177	723
128	128	832	223	185	784
128	128	896	235	192	842
128	128	960	247	200	901
128	128	1023	260	208	961
128	192	0	144	192	60
128	192	64	145	194	84
128	192	128	146	194	132
128	192	192	149	196	190
128	192	256	153	197	248
128	192	320	159	199	308
128	192	384	165	202	367
128	192	448	172	204	426
128	192	512	181	208	484
128	192	576	191	212	546
128	192	640	200	216	607
128	192	704	211	222	667
128	192	768	222	227	724
128	192	832	232	232	783
128	192	896	244	237	843
128	192	960	256	244	902
128	192	1023	268	251	961
128	256	0	165	253	79
128	256	64	166	255	97
128	256	128	168	256	141
128	256	192	170	257	196
128	256	256	174	258	253
128	256	320	179	260	311
128	256	384	185	262	370
128	256	448	191	264	428
128	256	512	199	266	486
128	256	576	207	270	548
128	256	640	216	273	608
128	256	704	226	276	668
128	256	768	236	280	726
128	256	832	246	284	785
128	256	896	257	288	844
128	256	960	268	293	904
128	256	1023	279	299	962
128	320	0	191	316	98
128	320	64	192	318	113
128	320	128	193	319	151
128	320	192	195	320	203
128	320	256	198	321	258
128	320	320	202	322	315
128	320	384	208	324	373
128	320	448	213	325	432
128	320	512	220	327	488
128	320	576	228	330	550
128	320	640	236	333	610
128	320	704	244	335	669
128	320	768	253	338	727
128	320	832	263	342	787
128	320	896	273	345	846
128	320	960	283	348	904
128	320	1023	294	353	963
128	384	0	217	378	117
128	384	64	218	380	129
128	384	128	219	380	163
128	384	192	222	381	212
128	384	256	224	382	265
128	384	320	228	383	320
128	384	384	232	385	377
128	384	448	237	386	435
128	384	512	243	388	491
128	384	576	250	390	553
128	384	640	257	392	613
128	384	704	265	394	672
128	384	768	273	397	730
128	384	832	282	400	788
128	384	896	291	402	847
128	384	960	301	405	907
128	384	1023	311	409	965
128	448	0	245	439	135
128	448	64	246	441	146
128	448	128	247	442	177
128	448	192	249	443	222
128	448	256	251	443	272
128	448	320	255	445	327
128	448	384	259	446	383
128	448	448	263	447	440
128	448	512	268	449	496
128	448	576	275	451	557
128	448	640	281	452	616
128	448	704	288	454	674
128	448	768	295	456	732
128	448	832	304	459	792
128	448	896	312	461	850
128	448	960	321	463	909
128	448	1023	330	467	968
128	512	0	273	499	154
128	512	64	274	501	163
128	512	128	275	502	191
128	512	192	277	503	233
128	512	256	280	504	281
128	512	320	282	505	334
128	512	384	286	506	389
128	512	448	290	507	445
128	512	512	294	508	500
128	512	576	300	510	561
128	512	640	306	511	620
128	512	704	312	513	678
128	512	768	319	515	736
128	512	832	326	517	794
128	512	896	334	518	853
128	512	960	342	520	911
128	512	1023	351	523	970
128	576	0	305	566	174
128	576	64	307	569	183
128	576	128	307	569	207
128	576	192	309	570	246
128	576	256	311	571	292
128	576	320	314	572	343
128	576	384	317	573	397
128	576	448	320	574	452
128	576	512	324	574	506
128	576	576	330	576	566
128	576	640	335	578	625
128	576	704	340	579	683
128	576	768	346	580	739
128	576	832	354	583	798
128	576	896	360	583	856
128	576	960	367	585	914
128	576	1023	375	587	972
128	640	0	335	626	193
128	640	64	337	630	201
128	640	128	338	631	223
128	640	192	339	631	259
128	640	256	341	632	303
128	640	320	343	633	352
128	640	384	346	634	404
128	640	448	349	635	459
128	640	512	353	636	512
128	640	576	358	637	572
128	640	640	362	638	629
128	640	704	367	639	687
128	640	768	373	640	743
128	640	832	379	642	802
128	640	896	386	643	860
128	640	960	392	645	919
128	640	1023	400	647	976
128	704	0	366	689	212
128	704	64	367	692	219
128	704	128	368	693	239
128	704	192	369	693	273
128	704	256	371	694	315
128	704	320	373	695	362
128	704	384	376	696	413
128	704	448	378	696	466
128	704	512	382	697	519
128	704	576	387	699	578
128	704	640	390	699	635
128	704	704	395	701	693
128	704	768	401	702	749
128	704	832	406	703	806
128	704	896	412	704	864
128	704	960	418	705	922
128	704	1023	425	707	980
128	768	0	395	748	230
128	768	64	397	752	237
128	768	128	398	753	256
128	768	192	399	754	287
128	768	256	400	754	327
128	768	320	402	755	373
128	768	384	405	757	423
128	768	448	408	757	475
128	768	512	411	758	527
128	768	576	415	760	585
128	768	640	419	760	642
128	768	704	423	760	698
128	768	768	428	762	754
128	768	832	434	764	812
128	768	896	439	764	870
128	768	960	445	765	928
128	768	1023	451	767	985
128	832	0	425	808	248
128	832	64	427	812	255
128	832	128	427	812	272
128	832	192	429	814	302
128	832	256	430	814	340
128	832	320	432	815	384
128	832	384	434	816	432
128	832	448	437	817	483
128	832	512	439	817	534
128	832	576	443	818	591
128	832	640	447	819	648
128	832	704	451	820	704
128	832	768	455	821	759
128	832	832	461	823	816
128	832	896	465	822	873
128	832	960	470	823	931
128	832	1023	476	825	988
128	896	0	455	868	267
128	896	64	457	873	273
128	896	128	458	873	289
128	896	192	459	874	317
128	896	256	460	875	353
128	896	320	462	876	395
128	896	384	465	877	442
128	896	448	467	877	492
128	896	512	469	878	542
128	896	576	473	879	598
128	896	640	476	879	653
128	896	704	480	880	710
128	896	768	484	882	764
128	896	832	488	882	821
128	896	896	493	882	878
128	896	960	498	883	935
128	896	1023	504	885	992
128	960	0	485	929	285
128	960	64	487	932	291
128	960	128	488	933	306
128	960	192	489	933	332
128	960	256	490	935	366
128	960	320	492	936	407
128	960	384	494	936	452
128	960	448	496	937	501
128	960	512	498	938	550
128	960	576	502	939	606
128	960	640	505	939	660
128	960	704	508	939	715
128	960	768	513	941	770
128	960	832	516	942	826
128	960	896	521	942	883
128	960	960	525	943	940
128	960	1023	531	944	997
128	1023	0	514	986	303
128	1023	64	517	991	308
128	1023	128	517	992	322
128	1023	192	518	992	347
128	1023	256	520	993	380
128	1023	320	521	994	420
128	1023	384	523	995	463
128	1023	448	525	995	511
128	1023	512	528	996	559
128	1023	576	531	998	614
128	1023	640	533	997	668
128	1023	704	536	997	722
128	1023	768	540	998	776
128	1023	832	544	999	832
128	1023	896	548	999	889
128	1023	960	552	1000	946
128	1023	1023	557	1001	1003
192	0	0	170	48	28
192	0	64	170	48	66
192	0	128	171	51	123
192	0	192	174	56	184
192	0	256	177	62	244
192	0	320	182	69	304
192	0	384	187	78	364
192	0	448	193	87	424
192	0	512	201	96	482
192	0	576	209	105	544
192	0	640	218	115	604
192	0	704	228	125	665
192	0	768	237	135	723
192	0	832	247	145	782
192	0	896	258	155	841
192	0	960	269	165	901
192	0	1023	280	175	960
192	64	0	172	77	33
192	64	64	172	77	68
192	64	128	173	79	124
192	64	192	176	82	184
192	64	256	179	86	244
192	64	320	183	91	304
192	64	384	189	98	364
192	64	448	195	104	424
192	64	512	202	111	482
192	64	576	211	120	544
192	64	640	220	128	605
192	64	704	229	138	665
192	64	768	238	147	723
192	64	832	249	155	783
192	64	896	259	165	841
192	64	960	270	174	901
192	64	1023	282	184	960
192	128	0	179	133	46
192	128	64	179	134	75
192	128	128	180	135	127
192	128	192	182	136	187
192	128	256	186	139	246
192	128	320	190	142	306
192	128	384	195	146	365
192	128	448	201	150	425
192	128	512	208	155	482
192	128	576	217	161	545
192	128	640	225	166	605
192	128	704	234	173	665
192	128	768	244	180	724
192	128	832	253	187	783
192	128	896	263	195	842
192	128	960	274	202	902
192	128	1023	286	211	961
192	192	0	191	194	63
192	192	64	191	196	86
192	192	128	192	197	133
192	192	192	194	197	190
192	192	256	198	199	249
192	192	320	202	201	308
192	192	384	206	204	367
192	192	448	212	207	426
192	192	512	219	210	484
192	192	576	227	214	546
192	192	640	235	219	606
192	192	704	243	223	666
192	192	768	252	228	723
192	192	832	262	234	784
192	192	896	272	239	843
192	192	960	282	246	903
192	192	1023	293	252	961
192	256	0	207	255	81
192	256	64	208	257	99
192	256	128	208	257	142
192	256	192	210	258	196
192	256	256	213	259	253
192	256	320	217	261	311
192	256	384	222	263	370
192	256	448	227	265	429
192	256	512	233	268	486
192	256	576	241	271	548
192	256	640	248	274	608
192	256	704	256	278	667
192	256	768	264	281	725
192	256	832	274	286	785
192	256	896	283	290	845
192	256	960	293	295	904
192	256	1023	303	300	963
192	320	0	227	318	100
192	320	64	228	320	115
192	320	128	228	320	152
192	320	192	230	321	204
192	320	256	233	322	258
192	320	320	236	323	315
192	320	384	241	325	373
192	320	448	245	326	431
192	320	512	251	329	488
192	320	576	258	331	550
192	320	640	264	334	610
192	320	704	272	337	670
192	320	768	280	340	727
192	320	832	288	343	786
192	320	896	297	346	845
192	320	960	306	350	905
192	320	1023	316	354	963
192	384	0	249	378	118
192	384	64	250	381	131
192	384	128	251	382	164
192	384	192	252	382	212
192	384	256	254	383	265
192	384	320	258	384	320
192	384	384	262	386	377
192	384	448	266	387	436
192	384	512	271	389	492
192	384	576	278	391	553
192	384	640	284	393	613
192	384	704	290	395	672
192	384	768	298	398	729
192	384	832	306	401	789
192	384	896	314	403	847
192	384	960	323	406	907
192	384	1023	332	410	965
192	448	0	273	440	137
192	448	64	274	443	148
192	448	128	274	442	177
192	448	192	277	444	222
192	448	256	279	445	273
192	448	320	281	446	327
192	448	384	285	447	383
192	448	448	289	448	440
192	448	512	293	449	496
192	448	576	299	451	557
192	448	640	305	453	616
192	448	704	311	455	675
192	448	768	318	457	732
192	448	832	325	459	791
192	448	896	332	461	849
192	448	960	341	463	908
192	448	1023	349	467	967
192	512	0	298	499	155
192	512	64	299	502	164
192	512	128	300	503	192
192	512	192	301	504	233
192	512	256	304	505	282
192	512	320	306	505	334
192	512	384	309	507	389
192	512	448	313	508	445
192	512	512	317	509	500
192	512	576	323	511	561
192	512	640	328	512	620
192	512	704	333	513	678
192	512	768	339	515	735
192	512	832	347	518	794
192	512	896	354	519	852
192	512	960	361	521	912
192	512	1023	369	524	970
192	576	0	327	567	175
192	576	64	329	570	184
192	576	128	329	570	208
192	576	192	331	570	246
192	576	256	333	572	292
192	576	320	335	572	343
192	576	384	338	574	397
192	576	448	341	574	452
192	576	512	345	575	506
192	576	576	350	577	566
192	576	640	354	578	624
192	576	704	360	579	682
192	576	768	366	581	739
192	576	832	372	582	797
192	576	896	378	584	856
192	576	960	385	585	914
192	576	1023	393	588	972
192	640	0	355	627	193
192	640	64	357	631	202
192	640	128	357	631	223
192	640	192	358	632	259
192	640	256	360	632	303
192	640	320	362	633	352
192	640	384	365	635	405
192	640	448	368	635	459
192	640	512	372	636	512
192	640	576	376	638	572
192	640	640	380	638	629
192	640	704	385	639	687
192	640	768	391	641	743
192	640	832	397	643	802
192	640	896	402	644	860
192	640	960	409	645	919
192	640	1023	415	647	975
192	704	0	383	688	212
192	704	64	385	692	219
192	704	128	386	693	240
192	704	192	387	693	273
192	704	256	389	695	315
192	704	320	391	695	363
192	704	384	393	696	413
192	704	448	396	697	466
192	704	512	399	698	519
192	704	576	403	699	578
192	704	640	407	699	635
192	704	704	411	700	692
192	704	768	416	702	748
192	704	832	422	704	806
192	704	896	427	704	864
192	704	960	433	706	922
192	704	1023	440	708	980
192	768	0	412	749	231
192	768	64	414	753	238
192	768	128	414	753	256
192	768	192	416	754	288
192	768	256	417	754	327
192	768	320	419	755	373
192	768	384	421	757	423
192	768	448	424	757	475
192	768	512	427	758	526
192	768	576	431	759	584
192	768	640	434	759	641
192	768	704	438	761	698
192	768	768	443	762	754
192	768	832	448	763	811
192	768	896	452	763	868
192	768	960	458	764	927
192	768	1023	465	767	984
192	832	0	440	808	249
192	832	64	441	811	255
192	832	128	442	812	272
192	832	192	444	813	302
192	832	256	445	814	340
192	832	320	447	815	384
192	832	384	449	816	432
192	832	448	451	816	483
192	832	512	454	817	534
192	832	576	458	818	591
192	832	640	461	818	647
192	832	704	464	819	703
192	832	768	469	821	759
192	832	832	474	822	815
192	832	896	478	822	873
192	832	960	484	823	931
192	832	1023	489	825	988
192	896	0	469	868	267
192	896	64	471	872	273
192	896	128	472	873	289
192	896	192	473	873	317
192	896	256	474	875	353
192	896	320	476	875	395
192	896	384	478	876	442
192	896	448	480	877	491
192	896	512	483	878	542
192	896	576	486	879	598
192	896	640	489	879	653
192	896	704	492	879	708
192	896	768	497	881	763
192	896	832	502	883	821
192	896	896	506	883	877
192	896	960	511	884	935
192	896	1023	516	885	992
192	960	0	498	929	286
192	960	64	500	932	291
192	960	128	501	933	306
192	960	192	502	934	332
192	960	256	503	934	366
192	960	320	505	935	407
192	960	384	506	936	452
192	960	448	509	937	501
192	960	512	511	938	550
192	960	576	515	940	606
192	960	640	517	939	660
192	960	704	520	940	715
192	960	768	524	940	769
192	960	832	529	942	826
192	960	896	533	942	883
192	960	960	537	943	940
192	960	1023	543	945	997
192	1023	0	527	987	303
192	1023	64	529	991	309
192	1023	128	530	992	323
192	1023	192	530	992	347
192	1023	256	531	993	380
192	1023	320	533	993	419
192	1023	384	535	995	463
192	1023	448	537	995	511
192	1023	512	539	996	559
192	1023	576	543	998	614
192	1023	640	545	997	668
192	1023	704	548	997	722
192	1023	768	551	998	776
192	1023	832	556	1000	833
192	1023	896	559	1000	889
192	1023	960	563	1000	946
192	1023	1023	568	1001	1002
256	0	0	224	63	37
256	0	64	224	63	70
256	0	128	225	65	124
256	0	192	227	69	184
256	0	256	229	74	244
256	0	320	233	80	304
256	0	384	237	87	364
256	0	448	242	95	424
256	0	512	248	103	482
256	0	576	254	112	544
256	0	640	261	121	605
256	0	704	269	131	664
256	0	768	276	140	722
256	0	832	286	150	783
256	0	896	294	159	842
256	0	960	304	169	901
256	0	1023	313	179	960
256	64	0	226	86	41
256	64	64	226	87	72
256	64	128	227	88	126
256	64	192	228	91	185
256	64	256	231	94	245
256	64	320	234	99	305
256	64	384	238	105	364
256	64	448	243	111	424
256	64	512	249	118	481
256	64	576	256	126	544
256	64	640	262	134	605
256	64	704	270	142	664
256	64	768	278	151	723
256	64	832	287	159	783
256	64	896	295	169	842
256	64	960	305	178	902
256	64	1023	315	188	960
256	128	0	231	137	52
256	128	64	231	139	78
256	128	128	231	139	128
256	128	192	233	141	187
256	128	256	236	143	246
256	128	320	239	146	306
256	128	384	243	150	365
256	128	448	248	154	425
256	128	512	253	159	483
256	128	576	260	165	545
256	128	640	267	170	605
256	128	704	274	177	665
256	128	768	281	184	723
256	128	832	290	191	783
256	128	896	299	198	842
256	128	960	308	205	901
256	128	1023	318	214	959
256	192	0	240	197	67
256	192	64	240	199	88
256	192	128	240	199	135
256	192	192	242	201	191
256	192	256	245	202	249
256	192	320	248	204	308
256	192	384	252	207	367
256	192	448	256	209	426
256	192	512	261	213	483
256	192	576	268	217	546
256	192	640	274	221	606
256	192	704	282	226	666
256	192	768	289	231	724
256	192	832	297	236	783
256	192	896	305	242	842
256	192	960	315	248	902
256	192	1023	324	254	960
256	256	0	253	257	84
256	256	64	252	259	101
256	256	128	253	259	143
256	256	192	255	261	197
256	256	256	257	262	253
256	256	320	260	263	311
256	256	384	264	265	370
256	256	448	268	267	428
256	256	512	273	270	485
256	256	576	280	273	548
256	256	640	285	276	608
256	256	704	292	279	667
256	256	768	300	284	725
256	256	832	307	288	784
256	256	896	315	292	843
256	256	960	324	296	903
256	256	1023	333	302	961
256	320	0	268	319	102
256	320	64	269	321	116
256	320	128	270	322	153
256	320	192	271	322	204
256	320	256	273	323	258
256	320	320	276	325	315
256	320	384	280	327	373
256	320	448	284	328	431
256	320	512	288	330	488
256	320	576	294	333	550
256	320	640	300	335	610
256	320	704	306	338	669
256	320	768	313	341	727
256	320	832	321	344	786
256	320	896	329	348	845
256	320	960	337	352	905
256	320	1023	346	356	963
256	384	0	287	380	120
256	384	64	288	383	132
256	384	128	288	383	165
256	384	192	290	384	213
256	384	256	292	384	265
256	384	320	294	386	321
256	384	384	298	387	378
256	384	448	301	388	435
256	384	512	306	390	491
256	384	576	311	392	553
256	384	640	316	394	612
256	384	704	323	397	672
256	384	768	329	399	729
256	384	832	336	401	788
256	384	896	343	404	847
256	384	960	351	407	906
256	384	1023	359	411	964
256	448	0	307	440	138
256	448	64	308	443	149
256	448	128	309	444	179
256	448	192	310	444	223
256	448	256	312	445	273
256	448	320	314	446	327
256	448	384	318	448	383
256	448	448	321	449	440
256	448	512	325	450	496
256	448	576	331	452	557
256	448	640	335	454	616
256	448	704	341	455	674
256	448	768	347	457	731
256	448	832	354	460	791
256	448	896	360	462	849
256	448	960	368	465	909
256	448	1023	376	468	967
256	512	0	330	501	156
256	512	64	331	503	166
256	512	128	331	504	192
256	512	192	333	505	234
256	512	256	334	506	282
256	512	320	337	507	334
256	512	384	339	508	389
256	512	448	342	508	445
256	512	512	346	510	500
256	512	576	351	512	561
256	512	640	356	512	619
256	512	704	361	514	678
256	512	768	367	516	735
256	512	832	373	518	793
256	512	896	379	519	852
256	512	960	386	522	911
256	512	1023	394	525	969
256	576	0	356	567	176
256	576	64	357	570	185
256	576	128	358	571	209
256	576	192	359	571	247
256	576	256	360	572	293
256	576	320	362	573	343
256	576	384	365	574	397
256	576	448	368	575	452
256	576	512	372	576	506
256	576	576	376	578	566
256	576	640	381	579	624
256	576	704	385	580	682
256	576	768	391	582	739
256	576	832	397	584	798
256	576	896	402	585	856
256	576	960	409	587	915
256	576	1023	416	589	973
256	640	0	381	628	194
256	640	64	382	631	202
256	640	128	383	632	224
256	640	192	384	632	260
256	640	256	386	633	304
256	640	320	388	634	353
256	640	384	390	635	404
256	640	448	393	635	459
256	640	512	396	637	512
256	640	576	401	638	571
256	640	640	404	639	629
256	640	704	409	640	686
256	640	768	414	642	744
256	640	832	419	643	801
256	640	896	424	644	859
256	640	960	431	646	918
256	640	1023	437	648	976
256	704	0	408	690	213
256	704	64	409	693	221
256	704	128	409	693	240
256	704	192	411	694	274
256	704	256	412	695	315
256	704	320	414	696	363
256	704	384	417	697	413
256	704	448	419	698	467
256	704	512	422	698	519
256	704	576	426	700	578
256	704	640	429	700	635
256	704	704	434	701	692
256	704	768	438	703	748
256	704	832	443	704	806
256	704	896	448	704	864
256	704	960	454	706	922
256	704	1023	460	708	979
256	768	0	434	749	231
256	768	64	436	753	238
256	768	128	437	754	257
256	768	192	437	754	288
256	768	256	439	755	328
256	768	320	440	756	373
256	768	384	443	757	423
256	768	448	445	757	475
256	768	512	448	758	527
256	768	576	452	760	584
256	768	640	455	760	641
256	768	704	459	761	698
256	768	768	463	762	753
256	768	832	468	764	811
256	768	896	473	764	869
256	768	960	478	766	927
256	768	1023	484	768	985
256	832	0	461	809	250
256	832	64	463	813	256
256	832	128	462	812	273
256	832	192	464	813	302
256	832	256	465	814	340
256	832	320	467	815	384
256	832	384	469	816	432
256	832	448	471	816	483
256	832	512	474	817	534
256	832	576	478	819	591
256	832	640	480	819	647
256	832	704	484	820	703
256	832	768	488	821	758
256	832	832	493	823	816
256	832	896	497	823	873
256	832	960	502	823	930
256	832	1023	507	825	987
256	896	0	489	869	268
256	896	64	491	873	274
256	896	128	491	873	290
256	896	192	492	874	317
256	896	256	493	875	353
256	896	320	495	875	395
256	896	384	497	877	442
256	896	448	498	877	491
256	896	512	501	878	542
256	896	576	504	879	597
256	896	640	507	879	653
256	896	704	511	881	709
256	896	768	515	882	764
256	896	832	519	882	820
256	896	896	523	883	877
256	896	960	528	883	935
256	896	1023	533	886	992
256	960	0	517	929	286
256	960	64	518	933	292
256	960	128	519	934	307
256	960	192	520	934	333
256	960	256	521	935	367
256	960	320	522	936	407
256	960	384	524	937	453
256	960	448	526	937	501
256	960	512	528	938	550
256	960	576	531	939	605
256	960	640	534	939	660
256	960	704	537	939	715
256	960	768	541	942	770
256	960	832	545	942	826
256	960	896	549	942	882
256	960	960	553	943	940
256	960	1023	558	944	996
256	1023	0	544	988	304
256	1023	64	545	991	309
256	1023	128	546	992	323
256	1023	192	547	993	348
256	1023	256	548	993	380
256	1023	320	550	994	420
256	1023	384	552	996	464
256	1023	448	553	995	511
256	1023	512	555	996	559
256	1023	576	559	997	614
256	1023	640	561	997	667
256	1023	704	564	997	722
256	1023	768	568	999	776
256	1023	832	571	1000	832
256	1023	896	574	999	888
256	1023	960	578	1000	945
256	1023	1023	583	1000	1002
320	0	0	279	78	46
320	0	64	278	78	74
320	0	128	279	80	127
320	0	192	280	83	186
320	0	256	282	87	245
320	0	320	285	92	305
320	0	384	288	98	364
320	0	448	292	105	424
320	0	512	296	112	482
320	0	576	302	120	544
320	0	640	307	129	605
320	0	704	313	138	664
320	0	768	321	146	723
320	0	832	327	155	782
320	0	896	335	165	842
320	0	960	343	174	901
320	0	1023	351	184	960
320	64	0	280	97	49
320	64	64	279	98	76
320	64	128	280	99	128
320	64	192	281	101	187
320	64	256	283	104	246
320	64	320	286	109	305
320	64	384	289	114	365
320	64	448	293	119	424
320	64	512	297	126	482
320	64	576	303	133	545
320	64	640	308	141	605
320	64	704	314	149	664
320	64	768	322	157	723
320	64	832	328	165	782
320	64	896	336	174	842
320	64	960	344	183	901
320	64	1023	352	192	960
320	128	0	283	144	58
320	128	64	283	145	82
320	128	128	284	146	131
320	128	192	285	147	189
320	128	256	287	150	247
320	128	320	290	152	306
320	128	384	293	156	365
320	128	448	297	160	425
320	128	512	301	164	483
320	128	576	307	170	545
320	128	640	312	175	605
320	128	704	318	182	665
320	128	768	324	188	723
320	128	832	332	195	783
320	128	896	339	202	842
320	128	960	347	210	901
320	128	1023	355	218	960
320	192	0	291	202	72
320	192	64	291	203	92
320	192	128	291	204	137
320	192	192	292	205	192
320	192	256	294	206	250
320	192	320	297	208	308
320	192	384	300	211	367
320	192	448	304	214	427
320	192	512	308	217	484
320	192	576	313	221	546
320	192	640	319	225	607
320	192	704	324	230	666
320	192	768	331	235	724
320	192	832	338	240	784
320	192	896	345	245	843
320	192	960	353	251	903
320	192	1023	361	258	961
320	256	0	301	260	88
320	256	64	301	262	104
320	256	128	301	263	145
320	256	192	302	263	198
320	256	256	304	265	254
320	256	320	307	266	312
320	256	384	310	268	370
320	256	448	314	270	429
320	256	512	318	273	486
320	256	576	323	276	548
320	256	640	328	279	608
320	256	704	333	282	668
320	256	768	340	286	725
320	256	832	347	291	785
320	256	896	354	295	844
320	256	960	361	299	903
320	256	1023	369	304	961
320	320	0	314	322	105
320	320	64	314	324	119
320	320	128	315	324	155
320	320	192	316	325	206
320	320	256	318	326	260
320	320	320	320	328	316
320	320	384	324	329	374
320	320	448	326	331	432
320	320	512	331	333	489
320	320	576	335	335	550
320	320	640	340	337	610
320	320	704	346	340	669
320	320	768	352	344	727
320	320	832	358	347	786
320	320	896	364	350	845
320	320	960	372	354	905
320	320	1023	380	358	963
320	384	0	329	382	122
320	384	64	330	385	135
320	384	128	331	385	167
320	384	192	332	386	214
320	384	256	333	386	266
320	384	320	335	387	321
320	384	384	338	389	378
320	384	448	341	390	436
320	384	512	346	392	492
320	384	576	351	395	554
320	384	640	355	396	613
320	384	704	360	398	672
320	384	768	366	401	729
320	384	832	372	404	789
320	384	896	378	406	848
320	384	960	385	410	907
320	384	1023	393	413	965
320	448	0	348	443	140
320	448	64	348	446	151
320	448	128	348	446	180
320	448	192	350	447	224
320	448	256	351	447	274
320	448	320	353	448	328
320	448	384	356	450	384
320	448	448	359	450	440
320	448	512	363	452	496
320	448	576	367	454	557
320	448	640	371	455	616
320	448	704	376	457	675
320	448	768	382	460	732
320	448	832	388	462	791
320	448	896	393	463	849
320	448	960	400	466	908
320	448	1023	407	470	967
320	512	0	366	502	158
320	512	64	367	505	167
320	512	128	368	506	194
320	512	192	369	506	235
320	512	256	370	507	283
320	512	320	372	508	335
320	512	384	375	509	390
320	512	448	378	510	446
320	512	512	382	511	501
320	512	576	386	513	561
320	512	640	390	514	620
320	512	704	394	515	678
320	512	768	399	517	735
320	512	832	405	520	794
320	512	896	411	522	853
320	512	960	417	524	912
320	512	1023	424	527	970
320	576	0	390	569	178
320	576	64	391	571	186
320	576	128	391	572	210
320	576	192	392	572	248
320	576	256	394	573	294
320	576	320	396	574	344
320	576	384	398	575	397
320	576	448	401	576	452
320	576	512	404	577	506
320	576	576	408	579	566
320	576	640	412	579	624
320	576	704	416	581	682
320	576	768	422	583	740
320	576	832	426	585	798
320	576	896	432	585	856
320	576	960	438	587	915
320	576	1023	444	590	972
320	640	0	413	629	196
320	640	64	414	633	204
320	640	128	414	633	225
320	640	192	416	634	261
320	640	256	417	634	304
320	640	320	419	635	353
320	640	384	421	636	405
320	640	448	424	637	459
320	640	512	426	637	512
320	640	576	430	639	572
320	640	640	434	640	630
320	640	704	438	641	687
320	640	768	443	643	744
320	640	832	448	645	802
320	640	896	452	645	859
320	640	960	458	646	918
320	640	1023	464	649	976
320	704	0	437	690	215
320	704	64	439	694	222
320	704	128	439	695	242
320	704	192	440	695	275
320	704	256	441	695	316
320	704	320	443	696	363
320	704	384	445	698	414
320	704	448	448	698	467
320	704	512	450	699	520
320	704	576	454	701	578
320	704	640	457	701	635
320	704	704	461	702	692
320	704	768	465	703	748
320	704	832	470	705	806
320	704	896	475	706	864
320	704	960	480	707	923
320	704	1023	486	709	980
320	768	0	462	751	233
320	768	64	464	754	240
320	768	128	464	755	258
320	768	192	465	755	289
320	768	256	466	756	328
320	768	320	468	757	374
320	768	384	470	758	423
320	768	448	472	758	475
320	768	512	475	759	527
320	768	576	478	760	585
320	768	640	481	760	641
320	768	704	485	762	698
320	768	768	489	764	754
320	768	832	493	764	811
320	768	896	497	765	868
320	768	960	502	766	927
320	768	1023	508	768	984
320	832	0	487	809	250
320	832	64	488	813	257
320	832	128	489	814	274
320	832	192	489	814	303
320	832	256	491	815	341
320	832	320	492	816	385
320	832	384	494	817	432
320	832	448	496	817	483
320	832	512	499	818	534
320	832	576	502	820	591
320	832	640	505	819	647
320	832	704	508	820	703
320	832	768	512	821	758
320	832	832	516	823	816
320	832	896	520	823	873
320	832	960	525	824	930
320	832	1023	531	826	988
320	896	0	513	870	269
320	896	64	515	874	275
320	896	128	515	875	291
320	896	192	516	875	318
320	896	256	517	875	354
320	896	320	518	876	396
320	896	384	521	878	442
320	896	448	522	878	492
320	896	512	525	879	542
320	896	576	528	880	598
320	896	640	531	880	653
320	896	704	533	881	709
320	896	768	537	882	763
320	896	832	542	884	821
320	896	896	545	884	878
320	896	960	550	885	935
320	896	1023	555	887	992
320	960	0	539	930	287
320	960	64	541	934	293
320	960	128	541	934	307
320	960	192	542	935	333
320	960	256	543	935	367
320	960	320	544	936	408
320	960	384	546	937	453
320	960	448	548	938	502
320	960	512	550	938	550
320	960	576	553	940	605
320	960	640	556	940	661
320	960	704	559	941	715
320	960	768	563	942	770
320	960	832	567	943	827
320	960	896	569	942	882
320	960	960	574	943	939
320	960	1023	578	945	996
320	1023	0	565	988	305
320	1023	64	567	992	310
320	1023	128	567	993	324
320	1023	192	568	993	349
320	1023	256	569	994	381
320	1023	320	571	994	420
320	1023	384	572	995	464
320	1023	448	574	996	511
320	1023	512	576	996	559
320	1023	576	579	998	614
320	1023	640	582	998	668
320	1023	704	584	998	722
320	1023	768	587	999	776
320	1023	832	592	1001	833
320	1023	896	594	999	888
320	1023	960	598	1000	945
320	1023	1023	602	1000	1001
384	0	0	334	94	55
384	0	64	334	94	80
384	0	128	334	95	130
384	0	192	335	97	188
384	0	256	337	100	246
384	0	320	339	105	306
384	0	384	342	110	365
384	0	448	345	116	425
384	0	512	349	122	482
384	0	576	353	130	545
384	0	640	358	138	605
384	0	704	363	146	665
384	0	768	368	154	723
384	0	832	375	163	783
384	0	896	381	172	842
384	0	960	387	180	901
384	0	1023	395	190	959
384	64	0	335	110	58
384	64	64	335	110	82
384	64	128	335	111	130
384	64	192	336	113	188
384	64	256	338	116	247
384	64	320	340	119	306
384	64	384	343	124	366
384	64	448	346	129	425
384	64	512	350	135	483
384	64	576	354	142	545
384	64	640	359	149	605
384	64	704	364	156	665
384	64	768	369	164	723
384	64	832	376	172	783
384	64	896	382	181	842
384	64	960	388	189	901
384	64	1023	395	198	959
384	128	0	338	152	65
384	128	64	338	153	87
384	128	128	338	154	134
384	128	192	339	155	191
384	128	256	341	157	248
384	128	320	343	160	307
384	128	384	346	163	367
384	128	448	349	167	426
384	128	512	352	171	483
384	128	576	357	176	545
384	128	640	362	182	606
384	128	704	367	188	666
384	128	768	372	194	723
384	128	832	379	201	783
384	128	896	384	207	842
384	128	960	391	215	901
384	128	1023	398	222	960
384	192	0	344	207	78
384	192	64	344	209	96
384	192	128	344	209	140
384	192	192	345	211	195
384	192	256	347	212	251
384	192	320	349	214	310
384	192	384	352	216	368
384	192	448	354	219	427
384	192	512	358	222	484
384	192	576	363	226	547
384	192	640	367	230	607
384	192	704	372	234	667
384	192	768	378	239	724
384	192	832	383	244	783
384	192	896	389	249	843
384	192	960	396	255	902
384	192	1023	403	262	961
384	256	0	353	265	92
384	256	64	352	266	108
384	256	128	353	267	148
384	256	192	354	268	200
384	256	256	355	269	255
384	256	320	357	270	313
384	256	384	360	272	371
384	256	448	363	274	430
384	256	512	367	277	487
384	256	576	371	280	548
384	256	640	375	282	608
384	256	704	380	286	668
384	256	768	385	290	726
384	256	832	391	294	785
384	256	896	396	298	844
384	256	960	403	303	904
384	256	1023	410	308	962
384	320	0	363	325	109
384	320	64	363	327	122
384	320	128	363	327	157
384	320	192	365	328	207
384	320	256	366	329	261
384	320	320	368	330	317
384	320	384	371	332	375
384	320	448	374	334	433
384	320	512	377	335	489
384	320	576	381	338	550
384	320	640	386	340	611
384	320	704	390	343	670
384	320	768	395	346	727
384	320	832	402	350	787
384	320	896	406	352	845
384	320	960	413	356	905
384	320	1023	419	360	963
384	384	0	377	385	126
384	384	64	377	387	137
384	384	128	377	388	169
384	384	192	378	388	216
384	384	256	380	389	268
384	384	320	382	390	323
384	384	384	385	392	379
384	384	448	387	393	436
384	384	512	390	394	492
384	384	576	395	397	554
384	384	640	398	399	613
384	384	704	402	400	672
384	384	768	408	404	730
384	384	832	413	406	789
384	384	896	418	408	847
384	384	960	424	412	906
384	384	1023	431	415	965
384	448	0	392	445	143
384	448	64	392	448	153
384	448	128	393	448	182
384	448	192	394	448	225
384	448	256	395	449	275
384	448	320	397	450	329
384	448	384	399	452	384
384	448	448	402	453	441
384	448	512	405	454	497
384	448	576	409	456	557
384	448	640	413	458	616
384	448	704	417	459	675
384	448	768	422	461	732
384	448	832	428	464	792
384	448	896	433	466	850
384	448	960	438	469	909
384	448	1023	445	472	968
384	512	0	409	504	160
384	512	64	409	507	170
384	512	128	410	507	196
384	512	192	411	508	236
384	512	256	412	509	284
384	512	320	414	510	336
384	512	384	416	511	390
384	512	448	418	511	446
384	512	512	422	513	501
384	512	576	426	515	561
384	512	640	429	516	620
384	512	704	433	517	678
384	512	768	438	520	736
384	512	832	443	521	794
384	512	896	448	523	852
384	512	960	453	525	911
384	512	1023	460	528	970
384	576	0	430	571	180
384	576	64	431	574	188
384	576	128	430	573	212
384	576	192	432	574	249
384	576	256	433	575	295
384	576	320	435	576	345
384	576	384	437	577	398
384	576	448	439	578	453
384	576	512	442	578	507
384	576	576	446	580	566
384	576	640	449	582	625
384	576	704	453	583	683
384	576	768	457	584	739
384	576	832	463	587	798
384	576	896	466	587	855
384	576	960	471	588	914
384	576	1023	478	591	972
384	640	0	450	630	198
384	640	64	451	634	206
384	640	128	452	635	227
384	640	192	452	634	262
384	640	256	454	636	305
384	640	320	455	636	354
384	640	384	457	637	406
384	640	448	460	638	460
384	640	512	462	639	513
384	640	576	466	641	572
384	640	640	469	641	630
384	640	704	472	642	687
384	640	768	477	644	743
384	640	832	482	646	802
384	640	896	486	646	860
384	640	960	491	648	918
384	640	1023	497	650	976
384	704	0	472	692	216
384	704	64	474	696	223
384	704	128	474	696	243
384	704	192	475	696	276
384	704	256	476	697	317
384	704	320	478	698	364
384	704	384	480	699	415
384	704	448	481	699	467
384	704	512	484	700	520
384	704	576	488	702	578
384	704	640	490	702	635
384	704	704	494	704	693
384	704	768	498	705	749
384	704	832	502	706	806
384	704	896	506	707	864
384	704	960	511	708	922
384	704	1023	517	710	980
384	768	0	496	752	234
384	768	64	497	756	241
384	768	128	497	756	259
384	768	192	498	756	290
384	768	256	499	757	329
384	768	320	500	758	375
384	768	384	502	759	424
384	768	448	504	759	476
384	768	512	507	761	528
384	768	576	510	762	585
384	768	640	513	762	642
384	768	704	516	763	698
384	768	768	520	764	754
384	768	832	524	766	812
384	768	896	528	767	869
384	768	960	533	768	927
384	768	1023	538	770	985
384	832	0	518	811	252
384	832	64	519	815	258
384	832	128	520	815	275
384	832	192	520	815	304
384	832	256	522	816	341
384	832	320	523	817	385
384	832	384	525	818	433
384	832	448	527	819	484
384	832	512	529	819	534
384	832	576	532	820	591
384	832	640	535	821	648
384	832	704	538	822	704
384	832	768	542	823	759
384	832	832	546	825	817
384	832	896	549	824	873
384	832	960	553	825	931
384	832	1023	558	827	988
384	896	0	543	872	270
384	896	64	544	875	276
384	896	128	544	876	292
384	896	192	545	877	319
384	896	256	546	877	355
384	896	320	548	878	397
384	896	384	550	879	443
384	896	448	551	879	493
384	896	512	553	880	542
384	896	576	556	881	598
384	896	640	558	881	653
384	896	704	561	881	709
384	896	768	565	883	764
384	896	832	569	884	821
384	896	896	572	884	877
384	896	960	577	885	935
384	896	1023	581	887	992
384	960	0	567	931	288
384	960	64	568	935	294
384	960	128	569	935	308
384	960	192	569	935	334
384	960	256	571	937	368
384	960	320	572	937	409
384	960	384	574	938	453
384	960	448	575	938	502
384	960	512	578	939	551
384	960	576	581	941	606
384	960	640	583	941	660
384	960	704	585	941	715
384	960	768	589	942	769
384	960	832	593	944	827
384	960	896	596	944	883
384	960	960	600	945	940
384	960	1023	605	946	997
384	1023	0	592	989	306
384	1023	64	594	993	311
384	1023	128	594	994	325
384	1023	192	595	994	349
384	1023	256	596	995	382
384	1023	320	597	996	421
384	1023	384	599	996	464
384	1023	448	600	997	512
384	1023	512	602	998	560
384	1023	576	605	999	614
384	1023	640	607	999	668
384	1023	704	610	999	722
384	1023	768	613	1000	776
384	1023	832	616	1001	832
384	1023	896	619	1001	889
384	1023	960	623	1001	946
384	1023	1023	627	1002	1002
448	0	0	388	109	64
448	0	64	387	109	86
448	0	128	388	110	133
448	0	192	388	111	190
448	0	256	390	114	248
448	0	320	392	118	307
448	0	384	394	123	366
448	0	448	397	128	425
448	0	512	400	133	483
448	0	576	404	140	545
448	0	640	408	147	606
448	0	704	412	155	665
448	0	768	417	163	723
448	0	832	422	171	783
448	0	896	427	179	842
448	0	960	433	188	902
448	0	1023	439	197	960
448	64	0	389	122	66
448	64	64	388	123	87
448	64	128	389	124	134
448	64	192	389	125	191
448	64	256	390	128	248
448	64	320	392	131	307
448	64	384	395	135	366
448	64	448	397	140	426
448	64	512	401	145	483
448	64	576	405	151	546
448	64	640	408	158	606
448	64	704	413	165	665
448	64	768	417	172	723
448	64	832	423	180	783
448	64	896	428	187	842
448	64	960	434	196	902
448	64	1023	440	205	959
448	128	0	391	161	73
448	128	64	391	162	93
448	128	128	391	163	137
448	128	192	392	164	193
448	128	256	393	166	250
448	128	320	395	168	309
448	128	384	398	172	368
448	128	448	400	175	427
448	128	512	403	179	484
448	128	576	407	184	546
448	128	640	411	189	606
448	128	704	415	195	666
448	128	768	420	201	724
448	128	832	426	207	784
448	128	896	430	213	842
448	128	960	436	221	901
448	128	1023	443	228	960
448	192	0	396	214	84
448	192	64	396	215	101
448	192	128	396	215	143
448	192	192	397	217	197
448	192	256	398	218	253
448	192	320	400	220	311
448	192	384	403	222	369
448	192	448	405	225	428
448	192	512	408	228	485
448	192	576	412	232	547
448	192	640	416	235	607
448	192	704	420	240	667
448	192	768	425	244	725
448	192	832	430	249	784
448	192	896	435	254	843
448	192	960	441	260	902
448	192	1023	447	266	961
448	256	0	404	269	97
448	256	64	403	271	112
448	256	128	403	271	151
448	256	192	404	272	202
448	256	256	406	273	257
448	256	320	407	275	314
448	256	384	410	277	372
448	256	448	412	279	430
448	256	512	415	281	487
448	256	576	419	284	549
448	256	640	422	287	609
448	256	704	426	290	668
448	256	768	432	294	726
448	256	832	436	298	785
448	256	896	441	302	844
448	256	960	447	307	904
448	256	1023	453	312	962
448	320	0	413	329	113
448	320	64	413	331	126
448	320	128	413	331	160
448	320	192	414	332	209
448	320	256	415	333	262
448	320	320	417	334	318
448	320	384	420	336	376
448	320	448	422	337	434
448	320	512	425	339	490
448	320	576	429	342	552
448	320	640	432	344	611
448	320	704	436	346	670
448	320	768	440	350	728
448	320	832	446	353	787
448	320	896	450	356	846
448	320	960	455	359	904
448	320	1023	462	363	963
448	384	0	424	388	129
448	384	64	424	390	141
448	384	128	424	390	172
448	384	192	426	391	218
448	384	256	427	392	269
448	384	320	428	393	323
448	384	384	431	395	380
448	384	448	433	396	437
448	384	512	436	397	493
448	384	576	440	400	554
448	384	640	443	401	614
448	384	704	446	403	672
448	384	768	451	406	730
448	384	832	456	409	788
448	384	896	460	411	847
448	384	960	466	414	907
448	384	1023	472	418	965
448	448	0	438	447	146
448	448	64	438	450	156
448	448	128	438	451	184
448	448	192	439	451	227
448	448	256	440	451	276
448	448	320	442	452	330
448	448	384	444	454	385
448	448	448	446	455	442
448	448	512	449	457	497
448	448	576	453	459	558
448	448	640	456	460	617
448	448	704	460	461	675
448	448	768	464	464	732
448	448	832	469	466	792
448	448	896	473	468	850
448	448	960	478	471	909
448	448	1023	484	474	968
448	512	0	453	507	163
448	512	64	453	510	172
448	512	128	453	510	198
448	512	192	454	510	238
448	512	256	456	511	285
448	512	320	457	512	337
448	512	384	459	513	391
448	512	448	461	514	447
448	512	512	464	515	502
448	512	576	468	517	562
448	512	640	471	518	620
448	512	704	474	519	678
448	512	768	479	522	736
448	512	832	483	523	794
448	512	896	487	525	853
448	512	960	492	527	911
448	512	1023	498	530	970
448	576	0	472	572	182
448	576	64	472	576	191
448	576	128	472	575	213
448	576	192	473	576	251
448	576	256	474	577	296
448	576	320	476	578	346
448	576	384	478	579	399
448	576	448	480	580	454
448	576	512	482	580	507
448	576	576	486	582	567
448	576	640	489	583	625
448	576	704	492	585	683
448	576	768	496	586	740
448	576	832	501	588	799
448	576	896	504	588	856
448	576	960	509	590	915
448	576	1023	514	593	972
448	640	0	490	632	200
448	640	64	491	636	208
448	640	128	491	636	229
448	640	192	491	636	263
448	640	256	493	637	307
448	640	320	494	638	355
448	640	384	496	639	406
448	640	448	498	640	460
448	640	512	501	641	514
448	640	576	504	642	573
448	640	640	507	643	630
448	640	704	510	644	687
448	640	768	513	645	743
448	640	832	518	647	802
448	640	896	522	648	860
448	640	960	527	650	918
448	640	1023	532	652	976
448	704	0	510	694	218
448	704	64	511	697	225
448	704	128	511	697	245
448	704	192	512	698	277
448	704	256	513	699	318
448	704	320	515	699	365
448	704	384	517	700	415
448	704	448	518	700	468
448	704	512	521	702	520
448	704	576	524	704	579
448	704	640	526	704	636
448	704	704	530	705	693
448	704	768	533	706	749
448	704	832	537	707	806
448	704	896	541	708	864
448	704	960	545	709	922
448	704	1023	550	711	980
448	768	0	531	753	236
448	768	64	532	757	243
448	768	128	533	757	261
448	768	192	533	757	291
448	768	256	534	758	330
448	768	320	535	759	375
448	768	384	538	760	425
448	768	448	539	760	476
448	768	512	542	761	528
448	768	576	545	763	586
448	768	640	547	763	642
448	768	704	550	764	699
448	768	768	553	765	754
448	768	832	558	767	812
448	768	896	561	768	869
448	768	960	565	769	928
448	768	1023	570	771	985
448	832	0	553	812	254
448	832	64	553	816	260
448	832	128	553	816	276
448	832	192	554	817	305
448	832	256	555	817	342
448	832	320	557	818	386
448	832	384	559	819	434
448	832	448	560	820	485
448	832	512	562	820	535
448	832	576	565	821	592
448	832	640	568	822	648
448	832	704	571	823	704
448	832	768	574	824	759
448	832	832	578	826	817
448	832	896	580	825	873
448	832	960	584	826	931
448	832	1023	589	828	988
448	896	0	575	873	272
448	896	64	577	877	278
448	896	128	577	877	293
448	896	192	578	878	321
448	896	256	578	878	356
448	896	320	580	878	397
448	896	384	582	880	444
448	896	448	583	879	493
448	896	512	585	880	543
448	896	576	588	882	599
448	896	640	590	882	654
448	896	704	593	883	710
448	896	768	596	884	765
448	896	832	599	885	821
448	896	896	602	885	878
448	896	960	606	886	935
448	896	1023	611	888	992
448	960	0	598	932	290
448	960	64	599	936	295
448	960	128	599	936	310
448	960	192	600	937	335
448	960	256	601	937	369
448	960	320	603	938	409
448	960	384	605	940	454
448	960	448	605	939	502
448	960	512	608	940	551
448	960	576	610	942	606
448	960	640	612	941	661
448	960	704	615	942	715
448	960	768	619	944	770
448	960	832	622	944	826
448	960	896	624	945	883
448	960	960	629	946	940
448	960	1023	633	947	997
448	1023	0	622	990	307
448	1023	64	623	994	313
448	1023	128	623	995	326
448	1023	192	624	995	350
448	1023	256	625	995	383
448	1023	320	626	996	422
448	1023	384	627	997	465
448	1023	448	629	997	512
448	1023	512	631	998	560
448	1023	576	634	1000	615
448	1023	640	635	999	668
448	1023	704	637	999	722
448	1023	768	640	1000	776
448	1023	832	644	1001	832
448	1023	896	647	1001	889
448	1023	960	650	1001	946
448	1023	1023	654	1002	1002
512	0	0	440	123	73
512	0	64	439	123	92
512	0	128	440	124	137
512	0	192	440	126	193
512	0	256	442	128	250
512	0	320	443	131	308
512	0	384	445	135	367
512	0	448	447	140	426
512	0	512	450	145	484
512	0	576	454	151	546
512	0	640	457	158	606
512	0	704	460	164	665
512	0	768	464	172	723
512	0	832	470	179	783
512	0	896	474	187	843
512	0	960	479	196	902
512	0	1023	485	204	961
512	64	0	441	135	75
512	64	64	440	135	94
512	64	128	441	136	138
512	64	192	441	138	193
512	64	256	442	140	250
512	64	320	444	143	308
512	64	384	446	147	367
512	64	448	448	151	426
512	64	512	451	156	484
512	64	576	455	161	546
512	64	640	457	167	606
512	64	704	461	174	665
512	64	768	465	181	723
512	64	832	471	188	784
512	64	896	475	195	843
512	64	960	480	203	902
512	64	1023	486	212	961
512	128	0	443	170	81
512	128	64	443	171	98
512	128	128	442	172	141
512	128	192	443	173	195
512	128	256	444	175	252
512	128	320	446	177	310
512	128	384	449	180	369
512	128	448	451	184	427
512	128	512	453	188	485
512	128	576	457	192	547
512	128	640	460	197	607
512	128	704	463	203	666
512	128	768	468	208	724
512	128	832	473	214	784
512	128	896	477	220	843
512	128	960	481	227	901
512	128	1023	487	235	960
512	192	0	448	221	91
512	192	64	447	222	107
512	192	128	447	222	146
512	192	192	448	223	199
512	192	256	449	225	255
512	192	320	451	226	312
512	192	384	453	229	370
512	192	448	454	231	429
512	192	512	457	234	486
512	192	576	461	238	548
512	192	640	464	241	608
512	192	704	468	246	667
512	192	768	472	250	725
512	192	832	476	255	784
512	192	896	481	260	843
512	192	960	486	265	903
512	192	1023	492	272	962
512	256	0	454	275	103
512	256	64	453	276	117
512	256	128	454	277	154
512	256	192	455	278	205
512	256	256	456	279	259
512	256	320	457	280	316
512	256	384	459	282	373
512	256	448	461	284	431
512	256	512	464	286	488
512	256	576	467	289	549
512	256	640	470	292	609
512	256	704	473	295	668
512	256	768	478	299	727
512	256	832	482	303	786
512	256	896	487	306	845
512	256	960	492	311	904
512	256	1023	497	316	963
512	320	0	462	333	118
512	320	64	462	335	130
512	320	128	462	336	164
512	320	192	463	336	211
512	320	256	463	337	264
512	320	320	465	338	319
512	320	384	467	340	376
512	320	448	469	341	434
512	320	512	472	343	490
512	320	576	476	346	552
512	320	640	478	348	611
512	320	704	482	350	671
512	320	768	486	353	728
512	320	832	491	357	788
512	320	896	495	360	847
512	320	960	500	364	906
512	320	1023	505	368	964
512	384	0	472	391	133
512	384	64	472	394	144
512	384	128	472	394	174
512	384	192	473	395	220
512	384	256	474	396	271
512	384	320	475	396	325
512	384	384	478	398	381
512	384	448	479	399	438
512	384	512	482	401	493
512	384	576	485	403	555
512	384	640	488	405	614
512	384	704	492	407	673
512	384	768	496	409	730
512	384	832	500	412	789
512	384	896	504	414	848
512	384	960	508	417	907
512	384	1023	514	421	965
512	448	0	484	450	149
512	448	64	484	453	160
512	448	128	484	453	187
512	448	192	485	454	229
512	448	256	486	454	278
512	448	320	487	455	331
512	448	384	489	457	386
512	448	448	491	458	442
512	448	512	494	459	498
512	448	576	497	461	558
512	448	640	500	462	617
512	448	704	503	464	676
512	448	768	507	466	733
512	448	832	511	469	792
512	448	896	515	471	850
512	448	960	520	474	910
512	448	1023	525	477	968
512	512	0	498	509	166
512	512	64	498	512	175
512	512	128	498	512	200
512	512	192	499	513	240
512	512	256	500	514	287
512	512	320	501	514	338
512	512	384	503	515	392
512	512	448	505	516	448
512	512	512	507	517	502
512	512	576	511	519	563
512	512	640	513	520	621
512	512	704	517	522	680
512	512	768	520	524	736
512	512	832	524	526	794
512	512	896	528	527	853
512	512	960	532	529	912
512	512	1023	537	532	970
512	576	0	514	574	185
512	576	64	515	578	193
512	576	128	515	578	216
512	576	192	515	578	253
512	576	256	516	579	297
512	576	320	518	580	347
512	576	384	520	581	400
512	576	448	522	582	454
512	576	512	524	583	509
512	576	576	527	585	568
512	576	640	530	585	626
512	576	704	533	587	684
512	576	768	536	588	740
512	576	832	541	590	799
512	576	896	544	591	857
512	576	960	548	593	916
512	576	1023	553	595	973
512	640	0	532	635	203
512	640	64	532	637	210
512	640	128	532	638	231
512	640	192	532	638	265
512	640	256	534	639	308
512	640	320	535	640	356
512	640	384	537	641	407
512	640	448	539	641	461
512	640	512	541	642	514
512	640	576	544	644	573
512	640	640	546	645	631
512	640	704	549	645	688
512	640	768	553	648	745
512	640	832	557	649	803
512	640	896	560	650	860
512	640	960	564	652	919
512	640	1023	569	654	977
512	704	0	550	696	221
512	704	64	551	699	227
512	704	128	550	699	247
512	704	192	551	700	279
512	704	256	552	700	320
512	704	320	554	701	366
512	704	384	556	702	416
512	704	448	557	703	469
512	704	512	559	703	521
512	704	576	562	705	579
512	704	640	564	705	636
512	704	704	568	707	694
512	704	768	571	708	749
512	704	832	574	709	807
512	704	896	577	710	864
512	704	960	582	711	923
512	704	1023	586	713	980
512	768	0	569	755	238
512	768	64	570	759	245
512	768	128	571	759	262
512	768	192	571	760	293
512	768	256	572	760	332
512	768	320	573	760	376
512	768	384	575	762	426
512	768	448	576	762	477
512	768	512	579	763	529
512	768	576	582	765	586
512	768	640	584	765	643
512	768	704	586	766	699
512	768	768	589	767	755
512	768	832	594	769	813
512	768	896	597	769	870
512	768	960	601	770	928
512	768	1023	605	772	986
512	832	0	589	814	256
512	832	64	590	817	262
512	832	128	590	817	278
512	832	192	591	818	307
512	832	256	591	818	344
512	832	320	592	819	387
512	832	384	594	821	435
512	832	448	596	821	485
512	832	512	598	822	536
512	832	576	601	824	593
512	832	640	603	824	649
512	832	704	605	824	704
512	832	768	609	825	759
512	832	832	613	827	817
512	832	896	615	828	874
512	832	960	618	828	931
512	832	1023	623	829	988
512	896	0	610	874	274
512	896	64	611	878	279
512	896	128	611	878	295
512	896	192	612	879	322
512	896	256	613	879	357
512	896	320	614	880	398
512	896	384	616	881	445
512	896	448	617	881	494
512	896	512	619	882	543
512	896	576	621	883	599
512	896	640	623	883	654
512	896	704	626	885	711
512	896	768	629	886	765
512	896	832	632	886	821
512	896	896	635	887	878
512	896	960	639	887	936
512	896	1023	643	889	993
512	960	0	632	934	291
512	960	64	632	937	297
512	960	128	633	938	311
512	960	192	634	939	337
512	960	256	634	939	370
512	960	320	636	940	411
512	960	384	637	941	455
512	960	448	638	940	503
512	960	512	640	942	552
512	960	576	643	943	607
512	960	640	645	943	661
512	960	704	647	943	716
512	960	768	651	945	771
512	960	832	653	946	827
512	960	896	656	946	883
512	960	960	660	947	941
512	960	1023	664	948	997
512	1023	0	654	992	309
512	1023	64	654	995	314
512	1023	128	655	995	327
512	1023	192	655	996	352
512	1023	256	656	997	384
512	1023	320	658	997	423
512	1023	384	659	999	466
512	1023	448	660	998	513
512	1023	512	662	999	561
512	1023	576	665	1001	615
512	1023	640	666	1000	668
512	1023	704	668	1000	723
512	1023	768	672	1002	777
512	1023	832	674	1002	833
512	1023	896	677	1002	889
512	1023	960	680	1002	946
512	1023	1023	684	1003	1003
576	0	0	499	139	82
576	0	64	499	139	100
576	0	128	499	140	142
576	0	192	499	141	196
576	0	256	501	144	252
576	0	320	501	146	310
576	0	384	504	150	368
576	0	448	505	154	427
576	0	512	508	159	485
576	0	576	511	164	547
576	0	640	514	170	607
576	0	704	517	177	666
576	0	768	520	183	724
576	0	832	525	190	784
576	0	896	529	198	843
576	0	960	533	205	902
576	0	1023	538	213	961
576	64	0	500	150	84
576	64	64	499	150	101
576	64	128	500	151	143
576	64	192	500	152	196
576	64	256	501	154	253
576	64	320	502	157	310
576	64	384	504	160	369
576	64	448	506	164	428
576	64	512	508	168	485
576	64	576	512	173	547
576	64	640	514	179	607
576	64	704	517	185	666
576	64	768	521	191	724
576	64	832	525	198	784
576	64	896	529	205	843
576	64	960	533	213	903
576	64	1023	539	221	961
576	128	0	502	182	89
576	128	64	501	183	105
576	128	128	501	183	145
576	128	192	502	184	198
576	128	256	503	186	254
576	128	320	504	188	311
576	128	384	506	191	370
576	128	448	508	194	428
576	128	512	510	198	485
576	128	576	514	202	547
576	128	640	516	207	608
576	128	704	519	212	667
576	128	768	523	217	724
576	128	832	527	223	785
576	128	896	531	229	844
576	128	960	535	235	903
576	128	1023	541	242	962
576	192	0	506	229	98
576	192	64	505	230	113
576	192	128	505	231	151
576	192	192	506	232	202
576	192	256	507	233	257
576	192	320	508	235	314
576	192	384	510	237	372
576	192	448	512	239	430
576	192	512	514	242	486
576	192	576	517	246	548
576	192	640	520	249	609
576	192	704	523	253	668
576	192	768	527	257	726
576	192	832	531	263	786
576	192	896	534	267	843
576	192	960	538	272	903
576	192	1023	543	278	961
576	256	0	511	281	110
576	256	64	511	283	123
576	256	128	510	283	158
576	256	192	512	284	207
576	256	256	512	285	261
576	256	320	514	286	317
576	256	384	515	288	374
576	256	448	517	290	433
576	256	512	519	292	489
576	256	576	523	295	550
576	256	640	525	298	610
576	256	704	529	301	670
576	256	768	532	305	727
576	256	832	536	309	786
576	256	896	539	312	845
576	256	960	544	317	904
576	256	1023	549	322	963
576	320	0	518	338	123
576	320	64	518	340	135
576	320	128	518	340	167
576	320	192	518	341	214
576	320	256	519	342	266
576	320	320	520	343	321
576	320	384	522	345	378
576	320	448	524	346	435
576	320	512	527	348	491
576	320	576	530	351	553
576	320	640	532	353	612
576	320	704	535	355	671
576	320	768	539	358	728
576	320	832	543	361	788
576	320	896	547	364	847
576	320	960	551	368	906
576	320	1023	556	372	964
576	384	0	527	396	138
576	384	64	527	398	149
576	384	128	527	398	178
576	384	192	528	399	222
576	384	256	528	400	272
576	384	320	530	401	326
576	384	384	532	402	382
576	384	448	534	404	439
576	384	512	536	405	494
576	384	576	539	407	556
576	384	640	542	409	615
576	384	704	544	411	674
576	384	768	548	413	731
576	384	832	552	416	790
576	384	896	554	418	848
576	384	960	558	421	907
576	384	1023	564	425	966
576	448	0	538	454	154
576	448	64	537	456	163
576	448	128	538	457	190
576	448	192	538	457	232
576	448	256	539	458	280
576	448	320	541	459	333
576	448	384	542	460	387
576	448	448	544	461	444
576	448	512	546	463	499
576	448	576	549	465	559
576	448	640	551	466	618
576	448	704	554	468	676
576	448	768	558	471	734
576	448	832	562	473	793
576	448	896	565	474	851
576	448	960	569	477	910
576	448	1023	574	480	968
576	512	0	550	512	170
576	512	64	550	515	179
576	512	128	549	515	203
576	512	192	551	516	242
576	512	256	551	517	289
576	512	320	553	517	340
576	512	384	554	518	393
576	512	448	556	520	449
576	512	512	558	520	503
576	512	576	561	522	563
576	512	640	564	524	622
576	512	704	566	525	680
576	512	768	570	527	737
576	512	832	574	529	796
576	512	896	576	530	853
576	512	960	580	532	912
576	512	1023	585	535	971
576	576	0	565	577	188
576	576	64	565	580	196
576	576	128	565	581	219
576	576	192	565	581	255
576	576	256	566	581	299
576	576	320	567	582	348
576	576	384	569	583	401
576	576	448	571	584	455
576	576	512	573	585	509
576	576	576	576	587	568
576	576	640	578	588	626
576	576	704	581	589	684
576	576	768	584	590	740
576	576	832	588	593	799
576	576	896	591	594	857
576	576	960	595	595	916
576	576	1023	599	598	974
576	640	0	580	637	206
576	640	64	581	640	213
576	640	128	581	640	233
576	640	192	581	641	268
576	640	256	582	642	310
576	640	320	583	642	358
576	640	384	585	644	409
576	640	448	586	644	462
576	640	512	588	645	515
576	640	576	591	646	574
576	640	640	593	647	631
576	640	704	596	648	688
576	640	768	600	650	745
576	640	832	603	651	803
576	640	896	606	652	861
576	640	960	609	654	919
576	640	1023	614	656	977
576	704	0	598	698	223
576	704	64	598	701	230
576	704	128	598	701	249
576	704	192	598	702	281
576	704	256	599	703	321
576	704	320	600	703	368
576	704	384	602	704	417
576	704	448	604	705	470
576	704	512	606	706	522
576	704	576	609	708	581
576	704	640	610	708	637
576	704	704	613	709	694
576	704	768	616	710	750
576	704	832	620	712	808
576	704	896	623	713	866
576	704	960	625	713	923
576	704	1023	630	715	981
576	768	0	615	757	241
576	768	64	615	761	247
576	768	128	616	761	265
576	768	192	616	761	295
576	768	256	617	762	333
576	768	320	618	763	378
576	768	384	620	763	427
576	768	448	621	764	478
576	768	512	623	765	530
576	768	576	626	767	587
576	768	640	628	767	643
576	768	704	630	767	700
576	768	768	633	768	755
576	768	832	637	770	813
576	768	896	639	771	870
576	768	960	643	772	928
576	768	1023	647	774	986
576	832	0	633	816	258
576	832	64	633	820	264
576	832	128	634	820	280
576	832	192	634	820	309
576	832	256	635	820	345
576	832	320	636	821	388
576	832	384	638	822	436
576	832	448	639	822	486
576	832	512	641	824	537
576	832	576	644	825	593
576	832	640	645	825	649
576	832	704	647	826	705
576	832	768	650	827	760
576	832	832	654	829	818
576	832	896	657	829	874
576	832	960	660	830	932
576	832	1023	664	832	990
576	896	0	652	876	276
576	896	64	653	880	281
576	896	128	653	880	297
576	896	192	654	880	323
576	896	256	654	881	358
576	896	320	655	881	399
576	896	384	657	882	446
576	896	448	659	883	495
576	896	512	660	883	544
576	896	576	662	884	600
576	896	640	665	885	655
576	896	704	667	886	711
576	896	768	669	887	765
576	896	832	673	889	822
576	896	896	675	888	878
576	896	960	678	889	936
576	896	1023	682	890	993
576	960	0	672	935	293
576	960	64	673	939	299
576	960	128	673	939	313
576	960	192	674	940	338
576	960	256	674	940	372
576	960	320	675	941	411
576	960	384	677	942	456
576	960	448	678	942	504
576	960	512	680	942	553
576	960	576	682	944	608
576	960	640	684	944	662
576	960	704	687	945	717
576	960	768	689	946	771
576	960	832	692	947	827
576	960	896	694	947	884
576	960	960	697	948	941
576	960	1023	701	950	998
576	1023	0	693	994	311
576	1023	64	694	998	316
576	1023	128	693	997	329
576	1023	192	695	998	353
576	1023	256	695	999	385
576	1023	320	696	999	424
576	1023	384	698	1000	467
576	1023	448	698	999	514
576	1023	512	700	1000	561
576	1023	576	703	1002	616
576	1023	640	704	1001	669
576	1023	704	707	1003	724
576	1023	768	709	1004	778
576	1023	832	712	1004	833
576	1023	896	714	1004	889
576	1023	960	717	1004	946
576	1023	1023	720	1004	1003
640	0	0	552	154	91
640	0	64	551	154	107
640	0	128	551	155	146
640	0	192	552	156	199
640	0	256	553	158	255
640	0	320	554	160	312
640	0	384	556	163	370
640	0	448	557	167	429
640	0	512	559	171	486
640	0	576	562	177	548
640	0	640	564	182	607
640	0	704	567	188	667
640	0	768	571	194	725
640	0	832	574	200	785
640	0	896	578	208	844
640	0	960	582	215	903
640	0	1023	586	223	962
640	64	0	553	164	93
640	64	64	552	164	108
640	64	128	552	164	147
640	64	192	552	165	199
640	64	256	553	167	255
640	64	320	555	170	313
640	64	384	556	172	370
640	64	448	558	176	429
640	64	512	560	180	486
640	64	576	563	185	548
640	64	640	565	190	608
640	64	704	568	196	667
640	64	768	572	202	726
640	64	832	575	208	785
640	64	896	578	215	844
640	64	960	582	222	903
640	64	1023	587	230	962
640	128	0	554	193	97
640	128	64	554	194	112
640	128	128	554	194	150
640	128	192	554	195	202
640	128	256	555	197	257
640	128	320	556	199	313
640	128	384	558	201	371
640	128	448	560	204	430
640	128	512	562	208	486
640	128	576	565	212	548
640	128	640	567	216	608
640	128	704	569	221	667
640	128	768	573	226	725
640	128	832	577	232	785
640	128	896	580	237	844
640	128	960	584	244	904
640	128	1023	589	250	963
640	192	0	558	238	106
640	192	64	557	239	119
640	192	128	557	239	155
640	192	192	558	240	205
640	192	256	558	241	259
640	192	320	560	243	316
640	192	384	562	245	373
640	192	448	563	247	431
640	192	512	565	250	488
640	192	576	568	254	550
640	192	640	570	257	610
640	192	704	573	261	669
640	192	768	576	265	726
640	192	832	580	270	786
640	192	896	583	274	845
640	192	960	587	279	905
640	192	1023	592	286	963
640	256	0	563	288	116
640	256	64	562	290	129
640	256	128	562	290	162
640	256	192	563	291	211
640	256	256	563	292	263
640	256	320	565	293	319
640	256	384	567	295	376
640	256	448	568	297	434
640	256	512	570	299	490
640	256	576	573	302	551
640	256	640	575	304	612
640	256	704	578	308	671
640	256	768	581	311	728
640	256	832	585	315	788
640	256	896	587	318	846
640	256	960	591	322	905
640	256	1023	596	327	963
640	320	0	569	344	129
640	320	64	569	346	140
640	320	128	569	346	172
640	320	192	569	347	217
640	320	256	570	348	269
640	320	320	571	349	323
640	320	384	573	350	379
640	320	448	575	352	437
640	320	512	577	353	493
640	320	576	580	356	554
640	320	640	581	358	613
640	320	704	584	360	672
640	320	768	587	363	729
640	320	832	591	367	789
640	320	896	594	369	848
640	320	960	598	373	907
640	320	1023	603	377	966
640	384	0	577	400	143
640	384	64	577	403	153
640	384	128	577	403	182
640	384	192	578	404	225
640	384	256	578	404	275
640	384	320	580	406	328
640	384	384	581	407	384
640	384	448	583	408	441
640	384	512	585	410	496
640	384	576	588	412	557
640	384	640	590	413	616
640	384	704	592	415	675
640	384	768	595	418	732
640	384	832	599	421	791
640	384	896	602	423	850
640	384	960	605	425	908
640	384	1023	609	429	966
640	448	0	587	458	158
640	448	64	586	461	168
640	448	128	586	461	194
640	448	192	587	462	235
640	448	256	588	462	283
640	448	320	589	463	335
640	448	384	591	465	389
640	448	448	592	465	445
640	448	512	594	466	500
640	448	576	597	469	560
640	448	640	598	470	619
640	448	704	601	471	677
640	448	768	605	474	735
640	448	832	608	476	793
640	448	896	611	478	851
640	448	960	615	481	910
640	448	1023	619	484	969
640	512	0	598	516	174
640	512	64	598	519	183
640	512	128	598	519	207
640	512	192	598	520	245
640	512	256	599	520	291
640	512	320	600	521	342
640	512	384	602	522	395
640	512	448	603	523	450
640	512	512	605	524	505
640	512	576	608	526	565
640	512	640	610	527	623
640	512	704	612	528	681
640	512	768	615	530	738
640	512	832	619	533	797
640	512	896	622	534	855
640	512	960	626	536	914
640	512	1023	629	538	971
640	576	0	611	580	192
640	576	64	611	583	200
640	576	128	611	584	222
640	576	192	612	584	257
640	576	256	613	585	301
640	576	320	614	586	351
640	576	384	615	586	402
640	576	448	616	587	456
640	576	512	619	589	510
640	576	576	622	590	570
640	576	640	623	591	627
640	576	704	625	592	685
640	576	768	628	593	741
640	576	832	632	596	800
640	576	896	635	597	858
640	576	960	639	599	917
640	576	1023	643	601	975
640	640	0	626	640	209
640	640	64	626	643	216
640	640	128	626	643	236
640	640	192	626	644	270
640	640	256	627	645	312
640	640	320	628	645	359
640	640	384	630	646	410
640	640	448	631	646	463
640	640	512	633	648	516
640	640	576	635	649	575
640	640	640	637	649	632
640	640	704	640	651	690
640	640	768	643	653	746
640	640	832	646	654	804
640	640	896	648	655	861
640	640	960	652	656	920
640	640	1023	656	659	978
640	704	0	642	701	226
640	704	64	642	704	233
640	704	128	642	705	252
640	704	192	642	705	283
640	704	256	643	705	323
640	704	320	644	706	369
640	704	384	646	707	419
640	704	448	647	707	471
640	704	512	649	709	524
640	704	576	652	710	582
640	704	640	653	710	638
640	704	704	655	711	695
640	704	768	658	712	750
640	704	832	662	715	809
640	704	896	664	715	866
640	704	960	667	716	924
640	704	1023	672	719	983
640	768	0	659	760	244
640	768	64	658	763	250
640	768	128	659	764	267
640	768	192	659	764	297
640	768	256	660	765	335
640	768	320	661	765	380
640	768	384	663	767	429
640	768	448	663	766	479
640	768	512	665	767	531
640	768	576	668	769	588
640	768	640	669	769	644
640	768	704	671	770	700
640	768	768	675	772	757
640	768	832	678	773	814
640	768	896	680	773	871
640	768	960	683	774	929
640	768	1023	687	776	987
640	832	0	674	818	260
640	832	64	675	822	267
640	832	128	675	822	283
640	832	192	675	822	311
640	832	256	676	823	347
640	832	320	677	823	390
640	832	384	679	824	437
640	832	448	680	825	487
640	832	512	681	825	538
640	832	576	684	827	594
640	832	640	686	827	650
640	832	704	687	828	706
640	832	768	690	829	761
640	832	832	694	831	818
640	832	896	696	831	875
640	832	960	699	832	933
640	832	1023	703	834	990
640	896	0	693	878	278
640	896	64	693	882	284
640	896	128	693	883	299
640	896	192	694	883	325
640	896	256	694	883	360
640	896	320	695	883	401
640	896	384	697	884	447
640	896	448	698	885	496
640	896	512	700	886	546
640	896	576	703	888	602
640	896	640	704	888	656
640	896	704	706	888	712
640	896	768	708	889	766
640	896	832	712	891	823
640	896	896	714	891	880
640	896	960	717	892	938
640	896	1023	721	894	995
640	960	0	711	937	296
640	960	64	712	942	301
640	960	128	712	941	315
640	960	192	712	942	340
640	960	256	713	942	373
640	960	320	714	943	413
640	960	384	716	944	458
640	960	448	717	945	506
640	960	512	718	944	554
640	960	576	720	946	609
640	960	640	723	947	663
640	960	704	724	947	718
640	960	768	727	948	772
640	960	832	730	950	829
640	960	896	731	949	884
640	960	960	734	950	942
640	960	1023	738	951	998
640	1023	0	731	995	313
640	1023	64	731	1000	318
640	1023	128	731	999	331
640	1023	192	732	1000	355
640	1023	256	733	1000	387
640	1023	320	733	1001	425
640	1023	384	735	1002	469
640	1023	448	736	1002	515
640	1023	512	737	1002	563
640	1023	576	740	1004	617
640	1023	640	741	1003	670
640	1023	704	743	1005	725
640	1023	768	746	1006	779
640	1023	832	748	1006	834
640	1023	896	750	1005	890
640	1023	960	753	1006	947
640	1023	1023	756	1006	1004
704	0	0	607	169	100
704	0	64	606	169	114
704	0	128	605	169	151
704	0	192	606	171	202
704	0	256	607	172	257
704	0	320	608	175	314
704	0	384	610	178	372
704	0	448	611	181	430
704	0	512	613	185	486
704	0	576	615	189	548
704	0	640	617	194	608
704	0	704	620	200	668
704	0	768	623	206	725
704	0	832	626	212	785
704	0	896	629	218	844
704	0	960	632	226	903
704	0	1023	637	233	962
704	64	0	607	178	101
704	64	64	606	178	115
704	64	128	606	178	152
704	64	192	607	179	203
704	64	256	607	181	258
704	64	320	608	183	314
704	64	384	610	186	372
704	64	448	611	189	430
704	64	512	613	193	487
704	64	576	616	197	549
704	64	640	618	202	609
704	64	704	621	208	668
704	64	768	624	213	726
704	64	832	627	219	785
704	64	896	629	225	844
704	64	960	633	232	903
704	64	1023	637	239	962
704	128	0	609	205	106
704	128	64	608	205	119
704	128	128	608	206	155
704	128	192	608	207	205
704	128	256	609	208	259
704	128	320	610	210	315
704	128	384	612	213	373
704	128	448	613	215	431
704	128	512	615	218	487
704	128	576	617	222	549
704	128	640	619	226	609
704	128	704	621	231	668
704	128	768	625	236	726
704	128	832	628	241	785
704	128	896	631	247	844
704	128	960	634	253	904
704	128	1023	639	259	962
704	192	0	611	247	113
704	192	64	611	248	126
704	192	128	611	248	160
704	192	192	611	249	208
704	192	256	612	250	262
704	192	320	614	252	318
704	192	384	614	254	375
704	192	448	616	256	433
704	192	512	618	259	489
704	192	576	621	262	551
704	192	640	622	265	610
704	192	704	625	269	669
704	192	768	628	273	726
704	192	832	631	277	786
704	192	896	634	282	845
704	192	960	638	287	905
704	192	1023	642	293	963
704	256	0	616	295	123
704	256	64	615	297	134
704	256	128	615	297	167
704	256	192	616	298	213
704	256	256	616	299	266
704	256	320	617	300	320
704	256	384	619	302	377
704	256	448	620	303	435
704	256	512	622	306	491
704	256	576	625	309	552
704	256	640	627	311	612
704	256	704	629	314	671
704	256	768	632	318	728
704	256	832	636	321	788
704	256	896	639	325	846
704	256	960	642	329	906
704	256	1023	646	334	965
704	320	0	622	349	135
704	320	64	621	352	146
704	320	128	621	352	176
704	320	192	622	353	220
704	320	256	622	353	271
704	320	320	623	354	325
704	320	384	625	356	381
704	320	448	626	357	438
704	320	512	628	359	493
704	320	576	631	361	554
704	320	640	632	363	613
704	320	704	635	366	673
704	320	768	638	369	730
704	320	832	641	372	789
704	320	896	644	375	847
704	320	960	647	378	907
704	320	1023	651	382	966
704	384	0	629	405	148
704	384	64	628	407	158
704	384	128	629	408	186
704	384	192	629	408	228
704	384	256	630	409	277
704	384	320	631	410	330
704	384	384	632	411	385
704	384	448	633	412	442
704	384	512	636	414	497
704	384	576	638	416	558
704	384	640	640	418	616
704	384	704	642	420	675
704	384	768	645	422	732
704	384	832	648	425	791
704	384	896	651	427	850
704	384	960	655	430	909
704	384	1023	659	434	967
704	448	0	638	462	163
704	448	64	637	465	172
704	448	128	637	465	197
704	448	192	638	466	238
704	448	256	639	467	285
704	448	320	640	467	336
704	448	384	641	469	390
704	448	448	643	470	446
704	448	512	644	471	501
704	448	576	647	473	561
704	448	640	649	474	620
704	448	704	651	476	678
704	448	768	654	478	735
704	448	832	658	481	794
704	448	896	659	482	852
704	448	960	662	484	911
704	448	1023	667	488	969
704	512	0	648	519	178
704	512	64	648	522	187
704	512	128	648	523	210
704	512	192	648	523	248
704	512	256	649	524	293
704	512	320	649	524	343
704	512	384	651	526	396
704	512	448	652	526	451
704	512	512	654	528	506
704	512	576	657	529	565
704	512	640	659	530	623
704	512	704	661	531	681
704	512	768	664	533	738
704	512	832	667	536	797
704	512	896	669	537	855
704	512	960	673	540	914
704	512	1023	677	542	972
704	576	0	661	584	196
704	576	64	661	587	203
704	576	128	660	587	225
704	576	192	661	588	260
704	576	256	662	588	303
704	576	320	663	589	352
704	576	384	664	590	404
704	576	448	665	590	458
704	576	512	667	591	511
704	576	576	669	593	570
704	576	640	671	593	628
704	576	704	674	595	686
704	576	768	676	597	742
704	576	832	679	598	800
704	576	896	681	599	858
704	576	960	684	601	917
704	576	1023	688	604	975
704	640	0	673	642	212
704	640	64	673	645	219
704	640	128	674	646	239
704	640	192	674	647	272
704	640	256	674	647	314
704	640	320	676	648	361
704	640	384	677	648	411
704	640	448	678	649	465
704	640	512	680	650	517
704	640	576	683	652	576
704	640	640	684	652	633
704	640	704	686	653	690
704	640	768	689	655	746
704	640	832	692	657	805
704	640	896	694	658	862
704	640	960	698	659	921
704	640	1023	702	662	979
704	704	0	687	702	229
704	704	64	688	706	236
704	704	128	688	706	254
704	704	192	688	707	285
704	704	256	689	708	325
704	704	320	690	708	371
704	704	384	691	709	420
704	704	448	692	709	472
704	704	512	694	710	524
704	704	576	697	712	582
704	704	640	698	712	638
704	704	704	700	713	695
704	704	768	703	714	751
704	704	832	706	716	809
704	704	896	708	717	866
704	704	960	711	718	925
704	704	1023	715	720	982
704	768	0	703	762	246
704	768	64	704	765	252
704	768	128	703	765	269
704	768	192	704	766	299
704	768	256	704	766	337
704	768	320	705	767	381
704	768	384	707	768	429
704	768	448	708	769	481
704	768	512	709	769	531
704	768	576	712	770	588
704	768	640	714	772	645
704	768	704	716	772	701
704	768	768	718	773	757
704	768	832	722	775	814
704	768	896	723	774	871
704	768	960	726	776	929
704	768	1023	730	778	986
704	832	0	719	820	263
704	832	64	718	823	269
704	832	128	719	824	285
704	832	192	719	825	313
704	832	256	720	825	349
704	832	320	721	825	391
704	832	384	722	826	439
704	832	448	723	826	488
704	832	512	725	827	538
704	832	576	727	829	595
704	832	640	728	829	650
704	832	704	730	829	706
704	832	768	734	831	761
704	832	832	736	832	818
704	832	896	738	832	875
704	832	960	741	833	933
704	832	1023	745	835	990
704	896	0	735	880	280
704	896	64	736	884	286
704	896	128	736	884	301
704	896	192	736	884	327
704	896	256	737	885	362
704	896	320	738	886	403
704	896	384	739	886	448
704	896	448	740	886	497
704	896	512	742	887	546
704	896	576	744	889	602
704	896	640	745	889	657
704	896	704	747	889	712
704	896	768	750	890	766
704	896	832	753	892	823
704	896	896	755	892	880
704	896	960	758	893	937
704	896	1023	761	895	994
704	960	0	752	938	298
704	960	64	753	943	303
704	960	128	753	943	317
704	960	192	753	943	342
704	960	256	754	944	375
704	960	320	755	944	414
704	960	384	756	945	458
704	960	448	758	945	506
704	960	512	759	947	555
704	960	576	762	948	610
704	960	640	763	948	664
704	960	704	765	948	718
704	960	768	767	949	772
704	960	832	770	951	829
704	960	896	772	951	885
704	960	960	775	952	943
704	960	1023	778	954	999
704	1023	0	771	996	315
704	1023	64	772	1001	320
704	1023	128	772	1002	334
704	1023	192	772	1001	357
704	1023	256	772	1001	388
704	1023	320	773	1002	426
704	1023	384	775	1003	469
704	1023	448	776	1003	516
704	1023	512	778	1004	564
704	1023	576	780	1006	618
704	1023	640	781	1005	671
704	1023	704	782	1005	725
704	1023	768	785	1006	779
704	1023	832	788	1008	835
704	1023	896	790	1008	891
704	1023	960	792	1008	948
704	1023	1023	795	1008	1005
768	0	0	661	184	109
768	0	64	660	184	122
768	0	128	659	184	157
768	0	192	660	185	206
768	0	256	660	187	260
768	0	320	661	189	316
768	0	384	663	191	373
768	0	448	664	194	432
768	0	512	666	198	488
768	0	576	669	202	550
768	0	640	670	207	610
768	0	704	672	212	669
768	0	768	675	217	726
768	0	832	679	223	786
768	0	896	681	229	845
768	0	960	684	236	905
768	0	1023	687	242	962
768	64	0	661	192	110
768	64	64	660	192	123
768	64	128	660	192	158
768	64	192	660	193	207
768	64	256	661	194	260
768	64	320	662	197	316
768	64	384	663	199	374
768	64	448	664	202	432
768	64	512	666	205	488
768	64	576	669	210	550
768	64	640	670	214	610
768	64	704	672	219	669
768	64	768	675	224	726
768	64	832	679	230	786
768	64	896	681	236	845
768	64	960	684	242	905
768	64	1023	688	248	962
768	128	0	662	217	114
768	128	64	661	217	126
768	128	128	661	217	160
768	128	192	662	218	209
768	128	256	662	220	262
768	128	320	663	221	318
768	128	384	665	224	375
768	128	448	666	227	433
768	128	512	667	229	488
768	128	576	670	233	550
768	128	640	672	237	610
768	128	704	674	241	669
768	128	768	677	246	727
768	128	832	680	251	786
768	128	896	682	256	845
768	128	960	685	262	904
768	128	1023	689	268	963
768	192	0	665	256	121
768	192	64	664	257	133
768	192	128	664	258	165
768	192	192	665	259	213
768	192	256	665	260	265
768	192	320	666	261	320
768	192	384	668	263	377
768	192	448	668	265	434
768	192	512	670	267	490
768	192	576	673	271	551
768	192	640	674	274	611
768	192	704	677	278	670
768	192	768	680	282	728
768	192	832	682	286	787
768	192	896	685	290	845
768	192	960	688	295	905
768	192	1023	692	300	964
768	256	0	669	303	130
768	256	64	668	304	141
768	256	128	668	305	172
768	256	192	669	306	217
768	256	256	669	306	269
768	256	320	670	308	323
768	256	384	672	310	380
768	256	448	672	311	436
768	256	512	674	313	492
768	256	576	677	316	553
768	256	640	678	318	612
768	256	704	680	321	671
768	256	768	684	325	729
768	256	832	687	328	788
768	256	896	689	332	847
768	256	960	692	336	906
768	256	1023	696	340	965
768	320	0	674	356	141
768	320	64	673	358	151
768	320	128	673	358	180
768	320	192	674	359	224
768	320	256	674	359	273
768	320	320	675	361	327
768	320	384	677	362	382
768	320	448	678	363	439
768	320	512	680	365	495
768	320	576	683	368	556
768	320	640	684	370	615
768	320	704	686	372	673
768	320	768	688	375	730
768	320	832	692	378	790
768	320	896	694	381	849
768	320	960	696	384	907
768	320	1023	700	388	965
768	384	0	681	411	154
768	384	64	680	413	163
768	384	128	680	413	190
768	384	192	681	414	232
768	384	256	681	414	280
768	384	320	682	415	332
768	384	384	684	417	387
768	384	448	684	418	443
768	384	512	686	419	498
768	384	576	689	421	558
768	384	640	690	423	617
768	384	704	692	424	675
768	384	768	696	428	733
768	384	832	698	430	792
768	384	896	700	432	850
768	384	960	703	435	909
768	384	1023	707	439	968
768	448	0	688	467	168
768	448	64	688	469	177
768	448	128	688	470	202
768	448	192	689	470	241
768	448	256	689	471	287
768	448	320	690	471	338
768	448	384	692	473	392
768	448	448	693	474	448
768	448	512	695	475	502
768	448	576	697	477	562
768	448	640	699	478	621
768	448	704	700	480	679
768	448	768	703	482	735
768	448	832	706	484	795
768	448	896	709	486	853
768	448	960	712	489	912
768	448	1023	716	492	970
768	512	0	698	523	183
768	512	64	698	526	191
768	512	128	697	526	214
768	512	192	698	527	251
768	512	256	698	527	295
768	512	320	699	528	345
768	512	384	701	529	398
768	512	448	702	530	452
768	512	512	703	531	506
768	512	576	706	533	566
768	512	640	707	533	624
768	512	704	709	535	681
768	512	768	712	538	739
768	512	832	715	539	797
768	512	896	717	540	855
768	512	960	720	543	914
768	512	1023	724	545	972
768	576	0	709	587	200
768	576	64	709	590	207
768	576	128	708	590	228
768	576	192	709	591	263
768	576	256	710	591	306
768	576	320	711	592	354
768	576	384	712	593	405
768	576	448	713	594	459
768	576	512	715	594	512
768	576	576	718	597	572
768	576	640	719	597	629
768	576	704	721	598	686
768	576	768	724	600	743
768	576	832	727	602	801
768	576	896	728	602	858
768	576	960	731	604	917
768	576	1023	735	606	975
768	640	0	721	645	216
768	640	64	721	648	223
768	640	128	721	649	242
768	640	192	721	649	275
768	640	256	723	650	316
768	640	320	723	651	363
768	640	384	724	651	413
768	640	448	725	652	466
768	640	512	727	653	518
768	640	576	730	655	577
768	640	640	731	655	633
768	640	704	732	656	690
768	640	768	735	657	746
768	640	832	739	659	805
768	640	896	740	660	863
768	640	960	743	662	921
768	640	1023	747	664	979
768	704	0	735	706	233
768	704	64	735	709	239
768	704	128	735	709	257
768	704	192	735	710	288
768	704	256	736	710	327
768	704	320	737	711	372
768	704	384	738	712	422
768	704	448	739	712	473
768	704	512	740	712	525
768	704	576	743	714	582
768	704	640	744	714	639
768	704	704	747	716	696
768	704	768	749	717	752
768	704	832	751	718	809
768	704	896	753	719	866
768	704	960	756	720	925
768	704	1023	760	722	982
768	768	0	749	764	249
768	768	64	749	768	255
768	768	128	750	768	273
768	768	192	750	769	302
768	768	256	750	769	339
768	768	320	751	769	383
768	768	384	752	770	431
768	768	448	754	771	482
768	768	512	755	772	533
768	768	576	758	773	590
768	768	640	759	773	645
768	768	704	760	774	702
768	768	768	763	775	757
768	768	832	766	777	815
768	768	896	768	778	872
768	768	960	771	779	930
768	768	1023	774	781	987
768	832	0	763	822	266
768	832	64	764	826	272
768	832	128	763	826	287
768	832	192	764	826	315
768	832	256	764	826	351
768	832	320	765	827	393
768	832	384	767	828	440
768	832	448	768	829	490
768	832	512	769	829	539
768	832	576	771	830	595
768	832	640	773	831	651
768	832	704	775	832	707
768	832	768	777	833	762
768	832	832	780	835	819
768	832	896	781	834	875
768	832	960	784	835	933
768	832	1023	787	837	990
768	896	0	780	882	283
768	896	64	780	886	289
768	896	128	779	886	303
768	896	192	780	887	330
768	896	256	781	887	364
768	896	320	782	887	404
768	896	384	783	889	450
768	896	448	783	888	498
768	896	512	785	889	547
768	896	576	787	890	603
768	896	640	788	890	657
768	896	704	791	892	713
768	896	768	793	893	767
768	896	832	795	893	823
768	896	896	797	893	880
768	896	960	799	895	937
768	896	1023	803	896	995
768	960	0	796	941	301
768	960	64	795	944	305
768	960	128	796	945	320
768	960	192	796	945	344
768	960	256	797	946	377
768	960	320	798	947	416
768	960	384	800	948	460
768	960	448	800	947	507
768	960	512	802	948	556
768	960	576	804	950	610
768	960	640	805	950	664
768	960	704	806	950	719
768	960	768	810	952	774
768	960	832	812	953	829
768	960	896	813	953	886
768	960	960	816	954	943
768	960	1023	819	955	1000
768	1023	0	813	999	317
768	1023	64	813	1002	322
768	1023	128	814	1003	336
768	1023	192	813	1003	359
768	1023	256	815	1004	390
768	1023	320	816	1005	428
768	1023	384	816	1005	470
768	1023	448	817	1005	517
768	1023	512	819	1006	565
768	1023	576	821	1007	618
768	1023	640	822	1007	672
768	1023	704	823	1007	726
768	1023	768	825	1007	779
768	1023	832	828	1009	835
768	1023	896	830	1009	891
768	1023	960	832	1009	948
768	1023	1023	835	1009	1005
832	0	0	713	198	118
832	0	64	712	198	129
832	0	128	712	199	163
832	0	192	712	200	210
832	0	256	714	201	263
832	0	320	714	203	319
832	0	384	715	206	375
832	0	448	716	208	433
832	0	512	718	211	489
832	0	576	721	216	551
832	0	640	722	220	610
832	0	704	723	225	669
832	0	768	726	229	727
832	0	832	729	235	786
832	0	896	731	241	845
832	0	960	735	247	905
832	0	1023	738	253	964
832	64	0	713	205	119
832	64	64	713	206	130
832	64	128	713	206	163
832	64	192	713	207	211
832	64	256	714	209	264
832	64	320	715	210	319
832	64	384	716	213	376
832	64	448	716	215	433
832	64	512	719	218	490
832	64	576	721	222	551
832	64	640	722	226	611
832	64	704	724	231	669
832	64	768	727	235	727
832	64	832	730	241	787
832	64	896	732	247	846
832	64	960	735	253	905
832	64	1023	739	259	964
832	128	0	715	229	122
832	128	64	714	229	133
832	128	128	714	230	166
832	128	192	714	231	213
832	128	256	715	232	265
832	128	320	716	233	320
832	128	384	717	236	377
832	128	448	718	238	434
832	128	512	720	241	490
832	128	576	722	244	552
832	128	640	723	248	611
832	128	704	725	252	670
832	128	768	728	256	727
832	128	832	731	261	787
832	128	896	734	266	846
832	128	960	737	272	906
832	128	1023	740	278	965
832	192	0	718	266	129
832	192	64	717	267	139
832	192	128	717	268	171
832	192	192	717	269	217
832	192	256	718	269	268
832	192	320	718	271	322
832	192	384	720	273	378
832	192	448	721	275	436
832	192	512	723	277	492
832	192	576	725	280	553
832	192	640	726	283	612
832	192	704	728	287	671
832	192	768	731	290	729
832	192	832	734	295	788
832	192	896	736	299	847
832	192	960	739	304	906
832	192	1023	742	308	964
832	256	0	721	311	137
832	256	64	720	313	147
832	256	128	720	313	177
832	256	192	721	314	221
832	256	256	722	315	271
832	256	320	722	316	325
832	256	384	724	318	381
832	256	448	725	319	438
832	256	512	726	321	493
832	256	576	728	324	554
832	256	640	730	326	614
832	256	704	732	329	673
832	256	768	735	332	730
832	256	832	738	336	790
832	256	896	739	339	848
832	256	960	742	343	907
832	256	1023	746	347	966
832	320	0	726	363	148
832	320	64	725	365	157
832	320	128	725	365	185
832	320	192	726	366	227
832	320	256	727	367	277
832	320	320	728	368	330
832	320	384	728	369	384
832	320	448	729	370	441
832	320	512	731	372	496
832	320	576	733	374	557
832	320	640	734	376	616
832	320	704	736	378	674
832	320	768	739	381	731
832	320	832	742	384	791
832	320	896	744	387	849
832	320	960	747	390	909
832	320	1023	750	394	967
832	384	0	732	416	160
832	384	64	732	419	169
832	384	128	731	419	194
832	384	192	732	420	235
832	384	256	733	420	283
832	384	320	733	421	335
832	384	384	735	422	389
832	384	448	736	424	445
832	384	512	737	425	499
832	384	576	740	427	560
832	384	640	741	429	619
832	384	704	743	430	677
832	384	768	745	433	734
832	384	832	748	436	793
832	384	896	749	437	850
832	384	960	752	440	910
832	384	1023	756	443	968
832	448	0	740	472	174
832	448	64	739	474	182
832	448	128	739	475	206
832	448	192	740	476	244
832	448	256	740	476	290
832	448	320	741	477	341
832	448	384	743	478	394
832	448	448	743	478	449
832	448	512	744	480	503
832	448	576	747	482	563
832	448	640	748	483	621
832	448	704	749	484	679
832	448	768	753	487	737
832	448	832	755	489	795
832	448	896	757	491	854
832	448	960	760	493	912
832	448	1023	763	496	971
832	512	0	748	528	188
832	512	64	748	531	195
832	512	128	747	531	217
832	512	192	748	531	254
832	512	256	748	532	298
832	512	320	749	532	347
832	512	384	750	534	400
832	512	448	752	535	455
832	512	512	753	536	508
832	512	576	756	538	568
832	512	640	757	539	626
832	512	704	759	540	683
832	512	768	761	542	740
832	512	832	764	544	799
832	512	896	766	545	857
832	512	960	768	547	915
832	512	1023	771	549	973
832	576	0	758	590	204
832	576	64	758	594	211
832	576	128	758	594	232
832	576	192	758	594	266
832	576	256	760	595	308
832	576	320	760	595	356
832	576	384	761	597	407
832	576	448	762	597	461
832	576	512	764	598	514
832	576	576	766	600	572
832	576	640	767	600	630
832	576	704	769	602	687
832	576	768	772	603	743
832	576	832	774	606	802
832	576	896	776	606	860
832	576	960	779	608	918
832	576	1023	782	611	977
832	640	0	770	649	220
832	640	64	770	652	227
832	640	128	770	652	246
832	640	192	770	653	278
832	640	256	771	653	318
832	640	320	771	654	365
832	640	384	773	655	415
832	640	448	773	655	467
832	640	512	775	656	519
832	640	576	777	658	578
832	640	640	778	658	634
832	640	704	781	660	692
832	640	768	783	661	748
832	640	832	785	662	806
832	640	896	787	663	863
832	640	960	790	665	922
832	640	1023	793	667	979
832	704	0	782	708	236
832	704	64	782	712	243
832	704	128	783	713	261
832	704	192	782	712	291
832	704	256	783	713	329
832	704	320	784	714	374
832	704	384	785	715	423
832	704	448	786	715	475
832	704	512	788	716	527
832	704	576	790	718	584
832	704	640	791	718	641
832	704	704	793	719	697
832	704	768	795	720	753
832	704	832	798	722	811
832	704	896	800	723	868
832	704	960	803	724	926
832	704	1023	806	726	984
832	768	0	797	768	253
832	768	64	796	771	259
832	768	128	796	771	275
832	768	192	797	772	305
832	768	256	797	772	342
832	768	320	798	773	385
832	768	384	800	774	433
832	768	448	800	773	483
832	768	512	801	775	534
832	768	576	803	776	591
832	768	640	804	776	646
832	768	704	806	776	702
832	768	768	809	779	759
832	768	832	811	779	815
832	768	896	813	780	872
832	768	960	815	781	930
832	768	1023	819	783	988
832	832	0	809	824	269
832	832	64	809	828	275
832	832	128	809	829	290
832	832	192	809	829	317
832	832	256	810	829	353
832	832	320	811	830	395
832	832	384	812	831	441
832	832	448	813	831	491
832	832	512	815	832	541
832	832	576	817	834	597
832	832	640	818	834	652
832	832	704	819	834	708
832	832	768	821	835	762
832	832	832	825	837	820
832	832	896	826	837	877
832	832	960	829	839	935
832	832	1023	832	840	992
832	896	0	824	884	286
832	896	64	824	888	292
832	896	128	825	889	306
832	896	192	824	889	332
832	896	256	825	889	365
832	896	320	825	889	406
832	896	384	827	891	451
832	896	448	828	891	500
832	896	512	830	892	549
832	896	576	832	893	604
832	896	640	833	893	659
832	896	704	834	894	714
832	896	768	836	895	768
832	896	832	839	897	825
832	896	896	841	897	882
832	896	960	843	898	939
832	896	1023	845	898	995
832	960	0	840	943	303
832	960	64	840	948	308
832	960	128	839	947	322
832	960	192	840	948	347
832	960	256	840	948	379
832	960	320	841	949	418
832	960	384	843	950	462
832	960	448	844	950	509
832	960	512	844	950	557
832	960	576	846	951	611
832	960	640	848	952	666
832	960	704	850	953	720
832	960	768	852	954	774
832	960	832	853	954	830
832	960	896	855	954	886
832	960	960	858	955	943
832	960	1023	861	957	1000
832	1023	0	856	1001	320
832	1023	64	856	1005	325
832	1023	128	856	1005	338
832	1023	192	857	1006	361
832	1023	256	857	1006	392
832	1023	320	858	1006	430
832	1023	384	859	1007	472
832	1023	448	859	1006	518
832	1023	512	860	1007	566
832	1023	576	863	1009	619
832	1023	640	863	1008	672
832	1023	704	866	1010	727
832	1023	768	868	1011	780
832	1023	832	869	1011	836
832	1023	896	871	1011	892
832	1023	960	873	1011	949
832	1023	1023	876	1011	1005
896	0	0	765	213	126
896	0	64	764	212	137
896	0	128	763	213	169
896	0	192	764	214	215
896	0	256	764	215	266
896	0	320	765	217	321
896	0	384	767	219	378
896	0	448	768	222	435
896	0	512	768	224	491
896	0	576	771	228	552
896	0	640	773	233	612
896	0	704	774	237	671
896	0	768	777	242	728
896	0	832	779	246	787
896	0	896	781	252	846
896	0	960	784	258	906
896	0	1023	787	264	965
896	64	0	765	219	127
896	64	64	764	219	138
896	64	128	764	219	169
896	64	192	764	220	216
896	64	256	765	221	267
896	64	320	766	223	322
896	64	384	767	226	378
896	64	448	768	228	436
896	64	512	769	231	491
896	64	576	771	235	552
896	64	640	773	239	612
896	64	704	775	243	671
896	64	768	777	248	729
896	64	832	779	252	787
896	64	896	781	257	846
896	64	960	784	263	906
896	64	1023	788	270	965
896	128	0	767	241	130
896	128	64	766	241	141
896	128	128	765	242	172
896	128	192	766	243	217
896	128	256	766	243	268
896	128	320	767	245	323
896	128	384	769	247	379
896	128	448	769	249	436
896	128	512	770	252	492
896	128	576	772	255	553
896	128	640	773	258	612
896	128	704	776	263	672
896	128	768	779	267	729
896	128	832	781	271	788
896	128	896	783	276	847
896	128	960	785	282	906
896	128	1023	789	287	965
896	192	0	769	277	136
896	192	64	768	277	147
896	192	128	768	278	176
896	192	192	768	279	221
896	192	256	769	280	271
896	192	320	769	281	325
896	192	384	771	283	381
896	192	448	771	284	438
896	192	512	773	287	493
896	192	576	775	290	554
896	192	640	776	293	613
896	192	704	778	296	672
896	192	768	781	300	730
896	192	832	783	304	789
896	192	896	785	308	848
896	192	960	788	312	907
896	192	1023	791	317	966
896	256	0	772	319	144
896	256	64	771	321	154
896	256	128	771	322	182
896	256	192	771	322	225
896	256	256	772	323	275
896	256	320	773	324	328
896	256	384	774	326	383
896	256	448	775	327	440
896	256	512	776	329	495
896	256	576	779	332	556
896	256	640	780	334	615
896	256	704	781	337	674
896	256	768	784	340	731
896	256	832	787	344	790
896	256	896	789	347	849
896	256	960	791	351	908
896	256	1023	795	355	967
896	320	0	776	370	154
896	320	64	776	372	164
896	320	128	775	372	190
896	320	192	776	373	232
896	320	256	776	373	280
896	320	320	777	374	332
896	320	384	779	376	387
896	320	448	780	377	443
896	320	512	780	378	498
896	320	576	782	381	558
896	320	640	784	382	617
896	320	704	786	385	676
896	320	768	789	388	733
896	320	832	791	391	792
896	320	896	793	393	850
896	320	960	795	397	909
896	320	1023	799	400	968
896	384	0	782	422	166
896	384	64	781	425	175
896	384	128	781	425	200
896	384	192	782	425	239
896	384	256	782	426	286
896	384	320	784	428	338
896	384	384	784	428	391
896	384	448	785	429	446
896	384	512	787	431	501
896	384	576	789	433	561
896	384	640	790	434	620
896	384	704	791	436	678
896	384	768	793	438	734
896	384	832	796	441	794
896	384	896	798	443	852
896	384	960	801	446	911
896	384	1023	804	450	970
896	448	0	789	477	179
896	448	64	789	480	187
896	448	128	788	480	210
896	448	192	789	481	248
896	448	256	789	481	293
896	448	320	790	482	343
896	448	384	791	483	396
896	448	448	792	484	451
896	448	512	793	485	505
896	448	576	796	488	565
896	448	640	797	488	623
896	448	704	799	490	681
896	448	768	801	492	738
896	448	832	804	495	797
896	448	896	806	496	855
896	448	960	807	498	913
896	448	1023	811	501	972
896	512	0	797	533	193
896	512	64	796	535	200
896	512	128	796	536	222
896	512	192	796	536	257
896	512	256	798	537	301
896	512	320	798	537	350
896	512	384	799	538	402
896	512	448	800	539	456
896	512	512	801	540	510
896	512	576	804	542	569
896	512	640	804	542	626
896	512	704	806	544	684
896	512	768	809	547	741
896	512	832	811	548	799
896	512	896	813	549	857
896	512	960	816	552	916
896	512	1023	819	554	974
896	576	0	807	595	209
896	576	64	807	598	216
896	576	128	806	598	236
896	576	192	807	599	270
896	576	256	807	599	311
896	576	320	808	600	359
896	576	384	809	601	409
896	576	448	810	601	462
896	576	512	811	602	515
896	576	576	813	604	574
896	576	640	814	604	631
896	576	704	817	606	689
896	576	768	819	607	745
896	576	832	821	609	803
896	576	896	822	610	860
896	576	960	825	612	919
896	576	1023	828	614	977
896	640	0	818	653	224
896	640	64	817	656	231
896	640	128	817	656	249
896	640	192	817	656	281
896	640	256	818	657	321
896	640	320	819	658	367
896	640	384	820	658	417
896	640	448	821	659	469
896	640	512	822	660	521
896	640	576	824	662	579
896	640	640	825	662	636
896	640	704	827	663	693
896	640	768	829	665	749
896	640	832	832	667	807
896	640	896	834	668	865
896	640	960	836	669	923
896	640	1023	839	671	981
896	704	0	830	712	240
896	704	64	829	715	246
896	704	128	829	716	264
896	704	192	830	717	294
896	704	256	830	717	333
896	704	320	831	718	377
896	704	384	832	719	426
896	704	448	832	718	477
896	704	512	834	719	528
896	704	576	836	721	585
896	704	640	837	721	642
896	704	704	838	722	698
896	704	768	841	724	754
896	704	832	843	725	811
896	704	896	845	726	869
896	704	960	847	727	927
896	704	1023	850	729	985
896	768	0	842	770	256
896	768	64	842	774	262
896	768	128	842	774	279
896	768	192	842	774	307
896	768	256	843	775	344
896	768	320	843	775	387
896	768	384	845	777	435
896	768	448	846	777	485
896	768	512	846	777	535
896	768	576	848	779	592
896	768	640	850	780	648
896	768	704	852	780	704
896	768	768	854	781	759
896	768	832	857	783	817
896	768	896	857	783	873
896	768	960	859	784	931
896	768	1023	862	786	989
896	832	0	855	828	273
896	832	64	855	832	278
896	832	128	854	831	293
896	832	192	855	832	321
896	832	256	855	832	356
896	832	320	856	833	397
896	832	384	857	834	444
896	832	448	857	833	492
896	832	512	859	835	542
896	832	576	861	836	598
896	832	640	862	836	653
896	832	704	864	838	710
896	832	768	866	839	764
896	832	832	868	839	821
896	832	896	869	840	877
896	832	960	872	841	935
896	832	1023	875	843	993
896	896	0	869	888	290
896	896	64	868	891	294
896	896	128	868	891	309
896	896	192	868	891	334
896	896	256	870	893	368
896	896	320	870	893	409
896	896	384	870	893	453
896	896	448	871	893	501
896	896	512	873	894	550
896	896	576	875	896	605
896	896	640	876	895	660
896	896	704	877	896	715
896	896	768	881	898	770
896	896	832	882	899	826
896	896	896	883	899	882
896	896	960	886	900	940
896	896	1023	889	902	997
896	960	0	883	945	306
896	960	64	883	950	311
896	960	128	883	950	325
896	960	192	883	950	349
896	960	256	883	950	381
896	960	320	884	951	420
896	960	384	885	952	463
896	960	448	886	952	511
896	960	512	888	953	559
896	960	576	890	955	613
896	960	640	891	954	667
896	960	704	892	955	721
896	960	768	894	956	775
896	960	832	897	958	831
896	960	896	898	957	887
896	960	960	901	959	945
896	960	1023	903	960	1002
896	1023	0	899	1003	323
896	1023	64	898	1007	328
896	1023	128	899	1008	341
896	1023	192	899	1008	364
896	1023	256	899	1008	394
896	1023	320	900	1008	432
896	1023	384	901	1009	474
896	1023	448	902	1010	520
896	1023	512	903	1011	568
896	1023	576	905	1012	621
896	1023	640	906	1011	674
896	1023	704	907	1011	728
896	1023	768	909	1012	781
896	1023	832	912	1014	837
896	1023	896	913	1014	893
896	1023	960	915	1014	950
896	1023	1023	918	1014	1007
960	0	0	817	227	135
960	0	64	816	227	145
960	0	128	816	227	175
960	0	192	816	228	220
960	0	256	817	229	270
960	0	320	817	231	324
960	0	384	818	233	380
960	0	448	820	235	438
960	0	512	821	238	493
960	0	576	823	242	554
960	0	640	824	245	613
960	0	704	826	250	672
960	0	768	828	254	729
960	0	832	831	259	789
960	0	896	833	264	848
960	0	960	835	270	908
960	0	1023	838	275	967
960	64	0	817	233	136
960	64	64	816	233	146
960	64	128	817	234	175
960	64	192	817	234	220
960	64	256	817	235	271
960	64	320	818	237	325
960	64	384	819	239	380
960	64	448	820	242	438
960	64	512	821	244	493
960	64	576	824	248	554
960	64	640	824	251	614
960	64	704	826	255	673
960	64	768	828	260	729
960	64	832	831	265	789
960	64	896	833	269	848
960	64	960	835	275	908
960	64	1023	839	281	966
960	128	0	818	254	139
960	128	64	818	254	149
960	128	128	817	254	178
960	128	192	818	255	222
960	128	256	818	256	272
960	128	320	819	257	326
960	128	384	820	260	382
960	128	448	821	262	439
960	128	512	823	264	494
960	128	576	825	268	555
960	128	640	826	270	614
960	128	704	827	274	673
960	128	768	830	278	730
960	128	832	833	283	790
960	128	896	834	287	849
960	128	960	836	292	907
960	128	1023	839	297	966
960	192	0	821	288	144
960	192	64	820	288	154
960	192	128	820	289	182
960	192	192	820	289	225
960	192	256	820	290	275
960	192	320	821	292	328
960	192	384	823	294	384
960	192	448	823	295	440
960	192	512	824	297	495
960	192	576	827	300	556
960	192	640	827	302	615
960	192	704	830	306	674
960	192	768	832	310	731
960	192	832	834	313	790
960	192	896	836	317	849
960	192	960	838	321	908
960	192	1023	841	326	967
960	256	0	824	329	152
960	256	64	823	330	161
960	256	128	823	331	188
960	256	192	824	331	230
960	256	256	824	332	278
960	256	320	825	333	331
960	256	384	826	335	386
960	256	448	826	336	442
960	256	512	827	338	497
960	256	576	830	341	558
960	256	640	831	343	616
960	256	704	832	345	675
960	256	768	835	349	733
960	256	832	837	352	791
960	256	896	839	355	850
960	256	960	841	359	910
960	256	1023	845	364	968
960	320	0	828	378	162
960	320	64	827	380	170
960	320	128	828	380	196
960	320	192	827	380	236
960	320	256	828	381	283
960	320	320	828	382	335
960	320	384	830	384	389
960	320	448	831	385	445
960	320	512	832	387	500
960	320	576	834	389	560
960	320	640	835	391	619
960	320	704	837	393	677
960	320	768	839	395	734
960	320	832	842	399	793
960	320	896	844	401	852
960	320	960	846	404	911
960	320	1023	849	408	970
960	384	0	834	429	172
960	384	64	833	432	181
960	384	128	833	432	205
960	384	192	833	433	243
960	384	256	833	433	289
960	384	320	834	434	340
960	384	384	836	435	394
960	384	448	836	436	449
960	384	512	837	437	503
960	384	576	839	440	563
960	384	640	840	441	621
960	384	704	843	443	680
960	384	768	845	446	737
960	384	832	846	447	795
960	384	896	848	450	853
960	384	960	851	453	913
960	384	1023	854	456	971
960	448	0	840	483	185
960	448	64	839	486	193
960	448	128	839	486	215
960	448	192	839	487	252
960	448	256	840	487	296
960	448	320	840	488	346
960	448	384	841	489	398
960	448	448	842	490	453
960	448	512	844	491	507
960	448	576	846	493	567
960	448	640	847	494	624
960	448	704	848	495	682
960	448	768	851	497	739
960	448	832	853	500	798
960	448	896	855	502	856
960	448	960	858	504	915
960	448	1023	861	507	974
960	512	0	848	538	198
960	512	64	847	541	206
960	512	128	847	541	227
960	512	192	847	542	262
960	512	256	848	542	305
960	512	320	848	543	353
960	512	384	850	544	405
960	512	448	850	544	458
960	512	512	851	545	512
960	512	576	853	547	570
960	512	640	854	548	628
960	512	704	856	550	686
960	512	768	859	551	742
960	512	832	860	553	800
960	512	896	862	555	859
960	512	960	864	556	917
960	512	1023	868	559	976
960	576	0	857	600	214
960	576	64	856	603	221
960	576	128	857	604	240
960	576	192	856	603	273
960	576	256	857	604	314
960	576	320	857	605	361
960	576	384	859	606	412
960	576	448	860	607	465
960	576	512	862	608	518
960	576	576	863	609	576
960	576	640	864	610	633
960	576	704	865	611	690
960	576	768	868	612	746
960	576	832	871	615	805
960	576	896	872	616	863
960	576	960	874	617	921
960	576	1023	876	619	978
960	640	0	867	657	229
960	640	64	866	660	235
960	640	128	866	661	253
960	640	192	866	661	285
960	640	256	868	662	325
960	640	320	868	663	370
960	640	384	869	663	419
960	640	448	869	664	471
960	640	512	871	665	523
960	640	576	873	666	581
960	640	640	874	666	638
960	640	704	875	667	694
960	640	768	878	670	751
960	640	832	880	671	808
960	640	896	881	671	866
960	640	960	884	673	925
960	640	1023	887	675	982
960	704	0	878	716	244
960	704	64	878	720	251
960	704	128	877	720	268
960	704	192	878	721	298
960	704	256	878	721	335
960	704	320	879	721	380
960	704	384	880	723	428
960	704	448	881	723	479
960	704	512	882	723	530
960	704	576	884	724	587
960	704	640	884	725	643
960	704	704	887	727	700
960	704	768	889	728	756
960	704	832	890	729	812
960	704	896	892	729	870
960	704	960	894	731	928
960	704	1023	897	733	986
960	768	0	890	774	260
960	768	64	890	778	266
960	768	128	890	778	283
960	768	192	890	778	310
960	768	256	890	779	347
960	768	320	891	779	390
960	768	384	892	780	437
960	768	448	893	781	487
960	768	512	895	781	537
960	768	576	897	783	594
960	768	640	897	783	649
960	768	704	898	783	705
960	768	768	900	785	760
960	768	832	903	787	818
960	768	896	905	787	875
960	768	960	907	788	933
960	768	1023	910	790	991
960	832	0	902	831	276
960	832	64	902	835	282
960	832	128	901	835	297
960	832	192	901	836	324
960	832	256	902	836	358
960	832	320	903	836	400
960	832	384	904	838	446
960	832	448	905	838	495
960	832	512	907	839	545
960	832	576	909	840	600
960	832	640	909	840	655
960	832	704	910	841	711
960	832	768	912	842	765
960	832	832	915	844	823
960	832	896	916	844	880
960	832	960	917	844	936
960	832	1023	920	846	994
960	896	0	915	890	293
960	896	64	915	895	298
960	896	128	914	894	312
960	896	192	915	895	338
960	896	256	915	895	371
960	896	320	916	896	411
960	896	384	918	897	455
960	896	448	917	896	503
960	896	512	918	897	552
960	896	576	921	899	607
960	896	640	921	898	661
960	896	704	924	900	717
960	896	768	925	901	771
960	896	832	927	901	827
960	896	896	928	902	883
960	896	960	930	903	941
960	896	1023	934	905	998
960	960	0	929	949	309
960	960	64	928	952	314
960	960	128	928	953	328
960	960	192	929	954	352
960	960	256	929	954	384
960	960	320	930	955	422
960	960	384	931	956	466
960	960	448	931	955	512
960	960	512	933	956	560
960	960	576	935	957	614
960	960	640	935	957	668
960	960	704	936	957	722
960	960	768	939	960	777
960	960	832	941	960	832
960	960	896	942	960	889
960	960	960	944	961	946
960	960	1023	947	963	1003
960	1023	0	944	1007	326
960	1023	64	943	1010	331
960	1023	128	943	1011	344
960	1023	192	944	1012	367
960	1023	256	944	1012	397
960	1023	320	945	1013	434
960	1023	384	946	1013	477
960	1023	448	946	1012	522
960	1023	512	947	1013	569
960	1023	576	949	1014	622
960	1023	640	950	1014	675
960	1023	704	951	1014	729
960	1023	768	954	1016	783
960	1023	832	955	1016	838
960	1023	896	957	1016	894
960	1023	960	958	1016	952
960	1023	1023	961	1017	1008
1023	0	0	871	242	144
1023	0	64	870	242	153
1023	0	128	869	242	181
1023	0	192	870	243	224
1023	0	256	870	244	274
1023	0	320	871	245	328
1023	0	384	872	247	383
1023	0	448	873	250	440
1023	0	512	873	252	494
1023	0	576	875	255	555
1023	0	640	877	259	615
1023	0	704	879	263	674
1023	0	768	881	267	731
1023	0	832	884	272	791
1023	0	896	884	276	848
1023	0	960	886	282	908
1023	0	1023	889	287	967
1023	64	0	871	247	145
1023	64	64	870	247	154
1023	64	128	869	248	182
1023	64	192	870	248	225
1023	64	256	871	249	275
1023	64	320	871	251	328
1023	64	384	873	253	383
1023	64	448	874	255	440
1023	64	512	874	257	495
1023	64	576	876	261	556
1023	64	640	878	264	615
1023	64	704	879	268	674
1023	64	768	881	272	731
1023	64	832	884	277	791
1023	64	896	884	281	849
1023	64	960	887	287	908
1023	64	1023	890	292	967
1023	128	0	872	266	147
1023	128	64	871	267	156
1023	128	128	871	267	184
1023	128	192	871	268	227
1023	128	256	872	269	276
1023	128	320	873	270	329
1023	128	384	874	272	384
1023	128	448	874	274	441
1023	128	512	875	276	496
1023	128	576	877	279	556
1023	128	640	878	282	615
1023	128	704	880	286	675
1023	128	768	882	290	732
1023	128	832	884	294	790
1023	128	896	886	298	849
1023	128	960	888	303	909
1023	128	1023	891	308	967
1023	192	0	874	299	153
1023	192	64	873	299	161
1023	192	128	873	300	188
1023	192	192	873	300	230
1023	192	256	874	301	279
1023	192	320	875	303	331
1023	192	384	876	304	386
1023	192	448	876	305	442
1023	192	512	877	308	497
1023	192	576	880	311	558
1023	192	640	880	313	616
1023	192	704	881	316	675
1023	192	768	885	320	733
1023	192	832	886	324	791
1023	192	896	888	327	850
1023	192	960	890	331	910
1023	192	1023	894	336	968
1023	256	0	877	338	159
1023	256	64	876	340	168
1023	256	128	876	340	194
1023	256	192	876	340	234
1023	256	256	877	342	282
1023	256	320	878	343	334
1023	256	384	879	344	388
1023	256	448	879	345	444
1023	256	512	881	348	499
1023	256	576	883	350	560
1023	256	640	883	352	618
1023	256	704	885	354	677
1023	256	768	886	357	733
1023	256	832	890	361	793
1023	256	896	891	364	852
1023	256	960	893	367	911
1023	256	1023	896	372	970
1023	320	0	881	386	169
1023	320	64	880	388	177
1023	320	128	879	388	201
1023	320	192	880	388	240
1023	320	256	880	389	287
1023	320	320	881	390	338
1023	320	384	883	392	392
1023	320	448	883	393	447
1023	320	512	884	394	501
1023	320	576	886	396	561
1023	320	640	887	398	620
1023	320	704	889	400	678
1023	320	768	891	403	735
1023	320	832	893	405	794
1023	320	896	894	408	852
1023	320	960	896	411	912
1023	320	1023	899	415	970
1023	384	0	886	436	179
1023	384	64	885	438	187
1023	384	128	885	439	210
1023	384	192	885	439	248
1023	384	256	886	440	293
1023	384	320	887	441	343
1023	384	384	887	442	396
1023	384	448	888	443	451
1023	384	512	889	444	505
1023	384	576	891	446	564
1023	384	640	892	447	622
1023	384	704	893	449	680
1023	384	768	896	452	738
1023	384	832	898	454	796
1023	384	896	899	456	855
1023	384	960	902	459	914
1023	384	1023	905	462	972
1023	448	0	892	489	191
1023	448	64	891	492	198
1023	448	128	891	492	220
1023	448	192	891	492	256
1023	448	256	891	493	300
1023	448	320	892	494	349
1023	448	384	894	495	401
1023	448	448	894	496	455
1023	448	512	896	497	509
1023	448	576	898	499	569
1023	448	640	898	500	626
1023	448	704	900	501	684
1023	448	768	902	503	740
1023	448	832	905	506	799
1023	448	896	906	508	857
1023	448	960	907	509	916
1023	448	1023	910	512	974
1023	512	0	899	543	204
1023	512	64	898	546	211
1023	512	128	898	546	231
1023	512	192	898	547	266
1023	512	256	899	547	308
1023	512	320	900	548	356
1023	512	384	901	549	407
1023	512	448	901	549	460
1023	512	512	903	551	513
1023	512	576	904	552	572
1023	512	640	905	553	629
1023	512	704	906	554	687
1023	512	768	909	557	744
1023	512	832	911	558	802
1023	512	896	912	559	860
1023	512	960	915	561	918
1023	512	1023	917	564	977
1023	576	0	908	604	219
1023	576	64	907	607	226
1023	576	128	906	607	244
1023	576	192	907	608	277
1023	576	256	908	608	318
1023	576	320	908	609	364
1023	576	384	910	610	414
1023	576	448	911	611	467
1023	576	512	911	611	518
1023	576	576	913	613	577
1023	576	640	913	613	634
1023	576	704	916	615	692
1023	576	768	918	617	747
1023	576	832	919	618	805
1023	576	896	921	619	863
1023	576	960	923	621	922
1023	576	1023	926	623	979
1023	640	0	916	660	233
1023	640	64	916	664	240
1023	640	128	917	665	258
1023	640	192	916	665	288
1023	640	256	917	665	327
1023	640	320	917	666	372
1023	640	384	919	667	421
1023	640	448	919	668	473
1023	640	512	921	669	525
1023	640	576	923	670	583
1023	640	640	923	670	639
1023	640	704	924	671	696
1023	640	768	927	673	751
1023	640	832	929	675	809
1023	640	896	930	675	867
1023	640	960	933	677	926
1023	640	1023	936	679	984
1023	704	0	928	720	249
1023	704	64	927	723	255
1023	704	128	927	723	272
1023	704	192	928	724	301
1023	704	256	928	725	338
1023	704	320	929	725	382
1023	704	384	930	726	430
1023	704	448	930	726	481
1023	704	512	931	727	532
1023	704	576	933	728	588
1023	704	640	933	729	644
1023	704	704	935	729	701
1023	704	768	938	731	757
1023	704	832	939	732	814
1023	704	896	941	733	871
1023	704	960	943	734	930
1023	704	1023	946	736	987
1023	768	0	939	777	264
1023	768	64	939	781	270
1023	768	128	938	781	286
1023	768	192	939	781	314
1023	768	256	939	782	350
1023	768	320	940	783	392
1023	768	384	941	784	439
1023	768	448	942	784	489
1023	768	512	943	785	539
1023	768	576	945	786	596
1023	768	640	946	786	651
1023	768	704	947	787	707
1023	768	768	949	788	762
1023	768	832	952	790	820
1023	768	896	953	791	877
1023	768	960	954	791	934
1023	768	1023	957	792	991
1023	832	0	950	835	280
1023	832	64	950	839	286
1023	832	128	949	838	300
1023	832	192	950	839	327
1023	832	256	950	839	361
1023	832	320	951	840	402
1023	832	384	952	841	448
1023	832	448	952	840	496
1023	832	512	953	841	546
1023	832	576	955	842	601
1023	832	640	956	842	656
1023	832	704	958	844	712
1023	832	768	960	845	767
1023	832	832	962	846	823
1023	832	896	963	846	880
1023	832	960	965	847	938
1023	832	1023	968	849	995
1023	896	0	963	894	297
1023	896	64	961	896	302
1023	896	128	962	897	316
1023	896	192	962	898	341
1023	896	256	963	899	374
1023	896	320	964	899	413
1023	896	384	965	900	458
1023	896	448	964	899	505
1023	896	512	966	900	553
1023	896	576	968	902	608
1023	896	640	968	901	662
1023	896	704	969	902	717
1023	896	768	973	905	772
1023	896	832	974	905	828
1023	896	896	975	905	885
1023	896	960	977	906	943
1023	896	1023	980	908	999
1023	960	0	975	951	313
1023	960	64	974	955	318
1023	960	128	975	956	331
1023	960	192	975	956	354
1023	960	256	976	958	387
1023	960	320	976	957	424
1023	960	384	977	958	467
1023	960	448	978	958	514
1023	960	512	979	960	562
1023	960	576	981	961	616
1023	960	640	982	960	669
1023	960	704	982	961	724
1023	960	768	984	961	777
1023	960	832	987	963	834
1023	960	896	988	963	890
1023	960	960	990	964	947
1023	960	1023	993	966	1004
1023	1023	0	989	1009	329
1023	1023	64	989	1013	334
1023	1023	128	989	1014	347
1023	1023	192	989	1014	369
1023	1023	256	989	1014	399
1023	1023	320	990	1014	436
1023	1023	384	991	1016	478
1023	1023	448	992	1016	524
1023	1023	512	993	1017	572
1023	1023	576	995	1018	625
1023	1023	640	995	1018	677
1023	1023	704	997	1018	731
1023	1023	768	998	1019	784
1023	1023	832	1001	1021	840
1023	1023	896	1002	1021	896
1023	1023	960	1004	1022	954
1023	1023	1023	1007	1023	1011
