0	0	0	0	0	0
0	0	64	16	11	64
0	0	128	31	22	126
0	0	192	46	34	190
0	0	256	62	45	253
0	0	320	77	56	315
0	0	384	92	67	378
0	0	448	108	78	440
0	0	512	122	89	500
0	0	576	138	101	566
0	0	640	154	112	629
0	0	704	169	123	691
0	0	768	184	134	752
0	0	832	198	145	813
0	0	896	213	156	875
0	0	960	228	167	937
0	0	1023	243	178	998
0	64	0	17	63	8
0	64	64	23	65	64
0	64	128	34	67	126
0	64	192	49	71	190
0	64	256	63	76	253
0	64	320	78	82	315
0	64	384	93	90	378
0	64	448	108	98	440
0	64	512	123	106	501
0	64	576	139	116	566
0	64	640	154	126	628
0	64	704	169	136	690
0	64	768	184	146	751
0	64	832	199	155	813
0	64	896	214	165	874
0	64	960	229	176	936
0	64	1023	244	186	997
0	128	0	34	126	15
0	128	64	37	128	65
0	128	128	45	129	126
0	128	192	56	131	190
0	128	256	69	134	253
0	128	320	83	137	315
0	128	384	97	142	378
0	128	448	111	146	440
0	128	512	125	152	500
0	128	576	141	158	566
0	128	640	156	165	628
0	128	704	171	172	690
0	128	768	186	179	751
0	128	832	200	188	813
0	128	896	215	196	875
0	128	960	230	204	936
0	128	1023	245	213	997
0	192	0	52	191	23
0	192	64	54	193	67
0	192	128	59	194	127
0	192	192	68	196	191
0	192	256	79	197	253
0	192	320	91	199	316
0	192	384	104	203	378
0	192	448	117	206	441
0	192	512	131	209	501
0	192	576	145	214	566
0	192	640	160	218	629
0	192	704	175	223	691
0	192	768	188	229	751
0	192	832	203	235	814
0	192	896	218	241	875
0	192	960	233	248	937
0	192	1023	247	255	997
0	256	0	69	253	31
0	256	64	71	256	70
0	256	128	75	257	128
0	256	192	81	258	192
0	256	256	90	259	254
0	256	320	101	261	316
0	256	384	112	263	379
0	256	448	125	265	441
0	256	512	137	268	501
0	256	576	151	272	566
0	256	640	165	275	629
0	256	704	179	279	691
0	256	768	193	283	751
0	256	832	207	288	814
0	256	896	221	292	875
0	256	960	236	297	936
0	256	1023	250	303	997
0	320	0	86	316	38
0	320	64	88	320	73
0	320	128	91	321	130
0	320	192	96	322	192
0	320	256	104	323	255
0	320	320	113	325	317
0	320	384	123	326	379
0	320	448	134	328	441
0	320	512	146	330	501
0	320	576	159	333	566
0	320	640	172	335	629
0	320	704	185	338	691
0	320	768	199	342	752
0	320	832	212	345	814
0	320	896	226	349	875
0	320	960	240	353	937
0	320	1023	255	358	999
0	384	0	103	379	46
0	384	64	105	383	77
0	384	128	107	384	132
0	384	192	112	385	194
0	384	256	118	385	256
0	384	320	126	386	318
0	384	384	135	388	380
0	384	448	145	390	442
0	384	512	156	392	503
0	384	576	168	394	568
0	384	640	180	396	630
0	384	704	193	398	692
0	384	768	206	401	752
0	384	832	219	404	815
0	384	896	232	407	876
0	384	960	246	409	937
0	384	1023	260	413	998
0	448	0	120	441	53
0	448	64	121	445	81
0	448	128	124	446	134
0	448	192	128	447	196
0	448	256	133	448	257
0	448	320	140	449	319
0	448	384	148	450	381
0	448	448	157	451	443
0	448	512	167	453	503
0	448	576	178	455	568
0	448	640	190	456	631
0	448	704	202	458	693
0	448	768	214	461	753
0	448	832	227	463	815
0	448	896	239	465	877
0	448	960	253	468	938
0	448	1023	266	471	999
0	512	0	136	501	61
0	512	64	138	506	86
0	512	128	140	507	137
0	512	192	144	508	198
0	512	256	148	509	259
0	512	320	154	510	320
0	512	384	162	511	382
0	512	448	170	512	444
0	512	512	179	514	504
0	512	576	190	515	569
0	512	640	200	516	632
0	512	704	211	518	694
0	512	768	223	520	754
0	512	832	235	523	816
0	512	896	248	524	878
0	512	960	260	526	940
0	512	1023	273	529	1000
0	576	0	155	568	69
0	576	64	156	574	92
0	576	128	158	575	141
0	576	192	161	575	200
0	576	256	166	577	261
0	576	320	171	578	322
0	576	384	177	578	383
0	576	448	185	579	445
0	576	512	193	580	505
0	576	576	203	582	570
0	576	640	212	583	632
0	576	704	223	584	694
0	576	768	234	586	755
0	576	832	245	588	817
0	576	896	257	589	879
0	576	960	269	591	940
0	576	1023	282	594	1001
0	640	0	172	631	76
0	640	64	173	636	97
0	640	128	175	636	144
0	640	192	178	638	202
0	640	256	181	638	262
0	640	320	186	639	324
0	640	384	192	640	385
0	640	448	199	640	446
0	640	512	206	642	506
0	640	576	215	643	571
0	640	640	225	644	634
0	640	704	235	646	696
0	640	768	245	647	756
0	640	832	256	648	818
0	640	896	267	649	879
0	640	960	279	651	941
0	640	1023	290	653	1002
0	704	0	188	693	83
0	704	64	190	699	103
0	704	128	192	700	148
0	704	192	194	700	205
0	704	256	197	700	264
0	704	320	202	702	325
0	704	384	208	703	387
0	704	448	214	703	449
0	704	512	221	705	508
0	704	576	229	706	573
0	704	640	238	706	635
0	704	704	247	707	697
0	704	768	257	708	757
0	704	832	267	711	820
0	704	896	278	711	881
0	704	960	289	713	943
0	704	1023	300	715	1004
0	768	0	205	754	90
0	768	64	207	759	109
0	768	128	208	761	152
0	768	192	210	761	208
0	768	256	214	763	267
0	768	320	218	763	328
0	768	384	223	765	389
0	768	448	228	764	450
0	768	512	235	766	510
0	768	576	243	767	575
0	768	640	251	767	637
0	768	704	259	767	699
0	768	768	269	770	760
0	768	832	279	771	821
0	768	896	289	771	883
0	768	960	300	772	944
0	768	1023	310	774	1006
0	832	0	221	813	97
0	832	64	223	819	114
0	832	128	224	820	156
0	832	192	226	821	211
0	832	256	229	822	269
0	832	320	233	822	329
0	832	384	238	824	390
0	832	448	243	824	452
0	832	512	249	825	511
0	832	576	257	827	576
0	832	640	264	827	638
0	832	704	272	827	700
0	832	768	281	828	760
0	832	832	290	830	822
0	832	896	300	831	884
0	832	960	310	832	946
0	832	1023	321	834	1007
0	896	0	238	875	104
0	896	64	240	881	120
0	896	128	241	883	160
0	896	192	243	883	214
0	896	256	246	883	271
0	896	320	249	884	331
0	896	384	254	886	392
0	896	448	259	886	453
0	896	512	264	887	513
0	896	576	272	889	577
0	896	640	279	889	639
0	896	704	286	889	701
0	896	768	295	890	761
0	896	832	304	892	823
0	896	896	313	892	885
0	896	960	323	893	947
0	896	1023	333	895	1008
0	960	0	254	935	111
0	960	64	256	942	127
0	960	128	257	942	165
0	960	192	259	944	217
0	960	256	262	945	274
0	960	320	265	945	333
0	960	384	269	946	394
0	960	448	274	947	455
0	960	512	279	948	514
0	960	576	286	949	578
0	960	640	292	949	641
0	960	704	300	950	702
0	960	768	307	951	762
0	960	832	316	953	825
0	960	896	324	951	885
0	960	960	334	952	947
0	960	1023	344	954	1008
0	1023	0	270	994	118
0	1023	64	273	1001	133
0	1023	128	273	1002	169
0	1023	192	275	1003	221
0	1023	256	278	1004	277
0	1023	320	281	1004	336
0	1023	384	285	1006	396
0	1023	448	289	1006	457
0	1023	512	294	1007	516
0	1023	576	300	1008	580
0	1023	640	306	1007	642
0	1023	704	313	1008	704
0	1023	768	321	1009	764
0	1023	832	328	1009	826
0	1023	896	337	1009	887
0	1023	960	346	1010	949
0	1023	1023	355	1010	1010
64	0	0	62	10	0
64	0	64	63	14	64
64	0	128	68	24	125
64	0	192	75	35	189
64	0	256	85	46	252
64	0	320	96	57	314
64	0	384	108	68	377
64	0	448	121	79	440
64	0	512	134	89	500
64	0	576	149	101	565
64	0	640	163	112	627
64	0	704	177	123	690
64	0	768	191	134	749
64	0	832	205	145	812
64	0	896	220	156	874
64	0	960	234	167	936
64	0	1023	249	178	997
64	64	0	63	64	7
64	64	64	64	65	64
64	64	128	68	67	126
64	64	192	76	71	189
64	64	256	85	76	252
64	64	320	96	83	315
64	64	384	109	90	377
64	64	448	121	98	440
64	64	512	135	106	500
64	64	576	149	116	565
64	64	640	163	126	627
64	64	704	177	135	690
64	64	768	191	145	750
64	64	832	206	155	812
64	64	896	220	165	873
64	64	960	235	176	936
64	64	1023	249	186	997
64	128	0	68	127	15
64	128	64	69	129	65
64	128	128	73	130	126
64	128	192	80	132	190
64	128	256	89	134	252
64	128	320	100	138	315
64	128	384	111	142	377
64	128	448	124	147	440
64	128	512	137	152	500
64	128	576	151	159	565
64	128	640	165	165	628
64	128	704	179	173	689
64	128	768	193	180	750
64	128	832	207	188	813
64	128	896	221	196	874
64	128	960	236	205	935
64	128	1023	250	214	996
64	192	0	77	192	23
64	192	64	78	194	67
64	192	128	82	195	127
64	192	192	88	196	190
64	192	256	96	198	253
64	192	320	106	200	315
64	192	384	117	203	378
64	192	448	129	206	440
64	192	512	141	210	499
64	192	576	155	214	565
64	192	640	169	219	628
64	192	704	182	224	690
64	192	768	196	230	750
64	192	832	210	236	813
64	192	896	223	241	873
64	192	960	238	248	935
64	192	1023	252	255	996
64	256	0	88	255	31
64	256	64	89	257	70
64	256	128	92	258	128
64	256	192	98	259	191
64	256	256	105	260	254
64	256	320	114	262	316
64	256	384	124	264	378
64	256	448	135	266	440
64	256	512	147	269	500
64	256	576	160	273	565
64	256	640	173	276	628
64	256	704	187	280	691
64	256	768	200	284	751
64	256	832	214	288	812
64	256	896	227	293	874
64	256	960	241	298	936
64	256	1023	255	304	997
64	320	0	101	319	38
64	320	64	102	321	73
64	320	128	105	322	130
64	320	192	110	323	192
64	320	256	116	324	254
64	320	320	124	325	316
64	320	384	134	327	379
64	320	448	144	329	441
64	320	512	155	331	501
64	320	576	168	334	566
64	320	640	180	336	628
64	320	704	193	339	690
64	320	768	205	343	750
64	320	832	219	347	813
64	320	896	232	350	874
64	320	960	246	354	936
64	320	1023	260	359	998
64	384	0	115	381	46
64	384	64	116	384	77
64	384	128	118	385	132
64	384	192	123	386	194
64	384	256	129	387	255
64	384	320	136	388	317
64	384	384	145	390	380
64	384	448	154	391	442
64	384	512	164	392	501
64	384	576	176	395	566
64	384	640	188	397	629
64	384	704	200	400	692
64	384	768	212	402	751
64	384	832	226	406	814
64	384	896	238	408	874
64	384	960	251	411	936
64	384	1023	264	415	998
64	448	0	129	443	54
64	448	64	131	446	81
64	448	128	133	447	134
64	448	192	137	448	195
64	448	256	142	449	257
64	448	320	149	450	319
64	448	384	156	451	380
64	448	448	165	453	442
64	448	512	175	454	502
64	448	576	186	456	567
64	448	640	196	458	630
64	448	704	208	460	692
64	448	768	220	462	752
64	448	832	233	465	815
64	448	896	245	467	876
64	448	960	258	470	938
64	448	1023	270	473	999
64	512	0	145	505	61
64	512	64	146	508	86
64	512	128	148	508	137
64	512	192	151	510	197
64	512	256	156	510	258
64	512	320	162	511	320
64	512	384	169	513	382
64	512	448	177	514	444
64	512	512	186	515	503
64	512	576	196	517	568
64	512	640	207	518	631
64	512	704	217	520	693
64	512	768	229	522	753
64	512	832	241	525	816
64	512	896	252	525	876
64	512	960	265	528	938
64	512	1023	277	531	999
64	576	0	162	572	69
64	576	64	164	576	92
64	576	128	166	577	141
64	576	192	168	577	200
64	576	256	173	578	260
64	576	320	178	579	321
64	576	384	184	580	383
64	576	448	191	581	445
64	576	512	200	582	505
64	576	576	209	584	569
64	576	640	219	585	632
64	576	704	229	586	694
64	576	768	240	588	754
64	576	832	251	590	816
64	576	896	262	591	878
64	576	960	274	593	940
64	576	1023	286	596	1001
64	640	0	180	634	76
64	640	64	180	637	97
64	640	128	182	638	144
64	640	192	185	639	202
64	640	256	188	640	262
64	640	320	193	641	323
64	640	384	199	642	385
64	640	448	206	642	446
64	640	512	213	644	506
64	640	576	222	646	571
64	640	640	231	646	633
64	640	704	241	647	695
64	640	768	251	649	756
64	640	832	262	650	817
64	640	896	272	652	879
64	640	960	284	653	940
64	640	1023	295	656	1001
64	704	0	196	697	83
64	704	64	197	701	103
64	704	128	198	701	147
64	704	192	201	702	205
64	704	256	204	703	264
64	704	320	208	704	325
64	704	384	214	705	387
64	704	448	220	706	448
64	704	512	227	706	507
64	704	576	235	708	572
64	704	640	244	709	635
64	704	704	253	709	697
64	704	768	262	711	757
64	704	832	273	713	819
64	704	896	283	713	880
64	704	960	294	714	941
64	704	1023	305	717	1003
64	768	0	212	757	90
64	768	64	213	761	108
64	768	128	215	762	152
64	768	192	216	763	208
64	768	256	220	764	267
64	768	320	224	765	327
64	768	384	229	766	388
64	768	448	235	767	450
64	768	512	241	767	509
64	768	576	249	769	574
64	768	640	256	769	636
64	768	704	265	770	698
64	768	768	274	771	758
64	768	832	284	773	821
64	768	896	294	774	882
64	768	960	304	775	944
64	768	1023	315	777	1005
64	832	0	228	817	98
64	832	64	229	822	115
64	832	128	230	823	156
64	832	192	232	823	211
64	832	256	235	824	269
64	832	320	239	824	329
64	832	384	243	826	390
64	832	448	249	827	451
64	832	512	255	828	510
64	832	576	262	829	575
64	832	640	269	829	637
64	832	704	278	830	699
64	832	768	286	831	759
64	832	832	295	833	821
64	832	896	305	833	883
64	832	960	315	834	945
64	832	1023	326	836	1006
64	896	0	245	879	105
64	896	64	246	883	120
64	896	128	247	884	160
64	896	192	249	885	214
64	896	256	252	885	271
64	896	320	255	886	331
64	896	384	260	888	391
64	896	448	265	888	453
64	896	512	270	888	511
64	896	576	277	890	576
64	896	640	284	891	639
64	896	704	292	891	700
64	896	768	300	893	760
64	896	832	308	894	823
64	896	896	317	893	883
64	896	960	327	894	945
64	896	1023	337	896	1006
64	960	0	261	939	112
64	960	64	262	944	127
64	960	128	263	945	165
64	960	192	265	946	217
64	960	256	267	946	274
64	960	320	270	947	333
64	960	384	275	949	393
64	960	448	279	948	454
64	960	512	284	949	513
64	960	576	291	950	577
64	960	640	297	950	639
64	960	704	305	952	702
64	960	768	312	953	762
64	960	832	321	954	823
64	960	896	329	954	884
64	960	960	338	955	946
64	960	1023	348	957	1007
64	1023	0	276	999	119
64	1023	64	278	1004	133
64	1023	128	279	1004	169
64	1023	192	281	1005	221
64	1023	256	283	1006	277
64	1023	320	286	1007	335
64	1023	384	290	1008	395
64	1023	448	294	1008	456
64	1023	512	299	1009	515
64	1023	576	305	1010	579
64	1023	640	311	1010	641
64	1023	704	318	1010	702
64	1023	768	325	1012	763
64	1023	832	333	1012	825
64	1023	896	341	1012	886
64	1023	960	350	1013	948
64	1023	1023	359	1014	1009
128	0	0	123	19	0
128	0	64	124	21	64
128	0	128	125	28	125
128	0	192	129	38	189
128	0	256	134	48	252
128	0	320	141	58	315
128	0	384	149	69	377
128	0	448	158	80	439
128	0	512	168	90	499
128	0	576	180	102	565
128	0	640	191	113	627
128	0	704	203	124	690
128	0	768	214	134	749
128	0	832	227	145	812
128	0	896	240	156	873
128	0	960	253	167	935
128	0	1023	266	178	995
128	64	0	124	66	6
128	64	64	124	67	64
128	64	128	126	69	125
128	64	192	130	73	189
128	64	256	135	78	252
128	64	320	142	84	314
128	64	384	150	91	377
128	64	448	159	99	439
128	64	512	169	107	500
128	64	576	180	117	565
128	64	640	191	126	628
128	64	704	203	136	690
128	64	768	215	146	750
128	64	832	228	156	812
128	64	896	241	166	874
128	64	960	253	176	935
128	64	1023	266	187	995
128	128	0	126	128	15
128	128	64	127	130	65
128	128	128	128	131	126
128	128	192	132	133	190
128	128	256	137	135	252
128	128	320	144	139	315
128	128	384	152	143	377
128	128	448	161	148	440
128	128	512	170	153	499
128	128	576	182	159	564
128	128	640	193	166	628
128	128	704	205	173	690
128	128	768	216	181	750
128	128	832	229	188	812
128	128	896	241	196	873
128	128	960	254	205	935
128	128	1023	267	213	996
128	192	0	131	193	23
128	192	64	131	195	67
128	192	128	133	196	127
128	192	192	137	197	190
128	192	256	142	199	253
128	192	320	148	201	315
128	192	384	156	204	378
128	192	448	164	207	439
128	192	512	174	210	500
128	192	576	185	215	565
128	192	640	196	219	628
128	192	704	207	225	690
128	192	768	219	230	750
128	192	832	231	236	812
128	192	896	244	242	873
128	192	960	256	248	935
128	192	1023	269	256	996
128	256	0	137	256	30
128	256	64	137	257	69
128	256	128	139	258	128
128	256	192	143	259	191
128	256	256	148	261	254
128	256	320	154	262	316
128	256	384	161	265	378
128	256	448	169	267	440
128	256	512	179	269	500
128	256	576	189	273	565
128	256	640	200	276	628
128	256	704	211	280	690
128	256	768	223	285	750
128	256	832	235	289	812
128	256	896	247	293	874
128	256	960	260	298	936
128	256	1023	272	304	997
128	320	0	145	319	38
128	320	64	146	322	73
128	320	128	147	322	129
128	320	192	151	323	192
128	320	256	155	324	254
128	320	320	161	326	316
128	320	384	168	328	378
128	320	448	176	329	441
128	320	512	185	331	500
128	320	576	195	335	566
128	320	640	205	337	629
128	320	704	216	340	690
128	320	768	228	343	750
128	320	832	239	347	813
128	320	896	251	351	874
128	320	960	263	354	935
128	320	1023	276	359	996
128	384	0	155	382	46
128	384	64	155	384	77
128	384	128	157	385	132
128	384	192	160	386	193
128	384	256	164	387	255
128	384	320	170	388	317
128	384	384	176	390	379
128	384	448	184	391	441
128	384	512	192	393	501
128	384	576	202	395	566
128	384	640	212	397	629
128	384	704	223	399	691
128	384	768	233	403	751
128	384	832	245	405	813
128	384	896	257	408	874
128	384	960	269	411	936
128	384	1023	281	415	997
128	448	0	165	444	53
128	448	64	166	447	81
128	448	128	168	448	134
128	448	192	170	448	195
128	448	256	174	449	256
128	448	320	179	450	318
128	448	384	186	452	380
128	448	448	193	453	442
128	448	512	201	454	502
128	448	576	210	457	567
128	448	640	220	458	630
128	448	704	230	460	691
128	448	768	241	462	752
128	448	832	252	465	814
128	448	896	263	467	875
128	448	960	275	470	937
128	448	1023	286	474	998
128	512	0	177	505	61
128	512	64	178	507	86
128	512	128	179	508	137
128	512	192	182	509	197
128	512	256	186	511	258
128	512	320	191	512	320
128	512	384	196	513	381
128	512	448	203	513	443
128	512	512	211	515	503
128	512	576	220	517	568
128	512	640	229	518	630
128	512	704	238	519	692
128	512	768	249	522	753
128	512	832	259	524	815
128	512	896	270	526	876
128	512	960	281	528	938
128	512	1023	293	531	999
128	576	0	191	573	69
128	576	64	192	576	92
128	576	128	193	576	140
128	576	192	196	577	199
128	576	256	199	578	260
128	576	320	204	579	321
128	576	384	209	580	383
128	576	448	215	581	445
128	576	512	222	582	504
128	576	576	231	584	569
128	576	640	240	585	632
128	576	704	249	586	694
128	576	768	258	588	754
128	576	832	269	590	816
128	576	896	279	591	877
128	576	960	290	593	939
128	576	1023	301	595	999
128	640	0	205	634	76
128	640	64	206	637	97
128	640	128	208	639	144
128	640	192	210	639	202
128	640	256	213	640	262
128	640	320	217	641	323
128	640	384	222	642	384
128	640	448	228	643	446
128	640	512	235	644	505
128	640	576	243	646	570
128	640	640	251	646	633
128	640	704	259	647	694
128	640	768	268	649	755
128	640	832	279	651	817
128	640	896	289	652	878
128	640	960	299	654	940
128	640	1023	310	656	1001
128	704	0	220	697	83
128	704	64	220	701	103
128	704	128	222	701	148
128	704	192	224	702	205
128	704	256	227	703	264
128	704	320	231	704	325
128	704	384	236	705	386
128	704	448	241	705	447
128	704	512	247	706	507
128	704	576	255	708	572
128	704	640	262	708	634
128	704	704	271	710	696
128	704	768	280	711	757
128	704	832	289	712	818
128	704	896	298	713	880
128	704	960	308	715	941
128	704	1023	319	717	1002
128	768	0	234	757	90
128	768	64	235	761	109
128	768	128	236	762	152
128	768	192	238	763	208
128	768	256	241	763	266
128	768	320	244	764	327
128	768	384	249	766	388
128	768	448	254	766	449
128	768	512	260	768	509
128	768	576	268	769	574
128	768	640	275	769	636
128	768	704	283	770	698
128	768	768	291	772	758
128	768	832	300	774	821
128	768	896	309	774	882
128	768	960	319	776	944
128	768	1023	329	778	1005
128	832	0	248	818	98
128	832	64	249	822	114
128	832	128	250	822	156
128	832	192	252	824	211
128	832	256	255	824	269
128	832	320	258	825	329
128	832	384	262	827	390
128	832	448	267	827	451
128	832	512	273	827	510
128	832	576	280	829	575
128	832	640	287	830	638
128	832	704	294	830	699
128	832	768	302	832	759
128	832	832	311	833	821
128	832	896	319	833	882
128	832	960	329	834	944
128	832	1023	339	836	1005
128	896	0	264	879	105
128	896	64	265	884	121
128	896	128	266	884	160
128	896	192	267	885	214
128	896	256	270	886	271
128	896	320	273	887	330
128	896	384	277	888	391
128	896	448	282	888	452
128	896	512	287	889	511
128	896	576	293	890	575
128	896	640	300	890	638
128	896	704	307	892	700
128	896	768	315	893	760
128	896	832	323	894	822
128	896	896	331	894	883
128	896	960	341	895	945
128	896	1023	350	897	1006
128	960	0	278	940	112
128	960	64	279	944	127
128	960	128	280	945	165
128	960	192	281	945	217
128	960	256	284	947	274
128	960	320	287	948	333
128	960	384	291	948	392
128	960	448	295	948	453
128	960	512	300	950	513
128	960	576	306	951	577
128	960	640	312	951	639
128	960	704	319	951	700
128	960	768	327	954	761
128	960	832	334	954	823
128	960	896	342	955	884
128	960	960	351	955	946
128	960	1023	360	957	1007
128	1023	0	293	999	119
128	1023	64	294	1003	133
128	1023	128	295	1004	169
128	1023	192	297	1005	220
128	1023	256	299	1006	276
128	1023	320	302	1007	335
128	1023	384	305	1007	395
128	1023	448	309	1008	455
128	1023	512	314	1009	515
128	1023	576	320	1010	579
128	1023	640	325	1010	641
128	1023	704	332	1010	702
128	1023	768	339	1011	762
128	1023	832	346	1012	825
128	1023	896	354	1012	886
128	1023	960	363	1013	948
128	1023	1023	371	1014	1009
192	0	0	186	30	0
192	0	64	186	31	64
192	0	128	187	35	125
192	0	192	190	43	189
192	0	256	193	52	252
192	0	320	197	61	314
192	0	384	203	72	377
192	0	448	209	82	439
192	0	512	216	92	499
192	0	576	225	103	564
192	0	640	233	114	627
192	0	704	243	125	689
192	0	768	253	136	749
192	0	832	263	146	811
192	0	896	273	157	873
192	0	960	284	168	934
192	0	1023	296	179	996
192	64	0	187	69	2
192	64	64	187	70	64
192	64	128	187	72	125
192	64	192	190	75	189
192	64	256	193	80	252
192	64	320	198	86	314
192	64	384	203	93	377
192	64	448	209	101	439
192	64	512	217	109	499
192	64	576	225	119	564
192	64	640	234	128	627
192	64	704	243	138	690
192	64	768	253	147	750
192	64	832	264	157	812
192	64	896	274	167	873
192	64	960	285	177	935
192	64	1023	297	187	996
192	128	0	188	130	14
192	128	64	188	131	65
192	128	128	189	132	126
192	128	192	192	134	190
192	128	256	195	137	252
192	128	320	199	140	315
192	128	384	205	144	377
192	128	448	211	149	439
192	128	512	218	154	499
192	128	576	227	160	564
192	128	640	235	167	627
192	128	704	244	174	689
192	128	768	255	181	750
192	128	832	264	189	811
192	128	896	275	197	873
192	128	960	286	206	935
192	128	1023	298	214	996
192	192	0	191	194	22
192	192	64	191	196	67
192	192	128	192	196	127
192	192	192	194	197	190
192	192	256	198	199	253
192	192	320	202	202	315
192	192	384	207	204	377
192	192	448	214	208	439
192	192	512	221	211	499
192	192	576	229	216	565
192	192	640	238	220	627
192	192	704	246	225	689
192	192	768	256	231	749
192	192	832	267	237	811
192	192	896	277	243	873
192	192	960	288	249	935
192	192	1023	299	256	996
192	256	0	195	256	30
192	256	64	195	258	69
192	256	128	196	259	128
192	256	192	198	260	191
192	256	256	202	261	253
192	256	320	206	263	315
192	256	384	211	265	378
192	256	448	218	267	440
192	256	512	224	270	500
192	256	576	233	274	565
192	256	640	241	277	628
192	256	704	250	280	690
192	256	768	259	285	750
192	256	832	270	289	812
192	256	896	280	294	874
192	256	960	291	299	936
192	256	1023	302	305	997
192	320	0	201	320	38
192	320	64	201	322	73
192	320	128	202	323	129
192	320	192	204	324	192
192	320	256	207	325	254
192	320	320	211	326	316
192	320	384	217	328	378
192	320	448	222	330	440
192	320	512	229	332	500
192	320	576	237	335	565
192	320	640	245	337	628
192	320	704	254	340	690
192	320	768	263	344	751
192	320	832	273	347	812
192	320	896	284	350	873
192	320	960	294	354	935
192	320	1023	306	359	996
192	384	0	207	382	46
192	384	64	207	385	76
192	384	128	208	385	132
192	384	192	210	386	193
192	384	256	213	387	255
192	384	320	218	388	317
192	384	384	223	390	379
192	384	448	229	391	441
192	384	512	235	393	501
192	384	576	243	396	566
192	384	640	251	397	628
192	384	704	259	400	690
192	384	768	269	402	751
192	384	832	278	406	813
192	384	896	288	408	874
192	384	960	299	412	936
192	384	1023	310	416	997
192	448	0	215	444	53
192	448	64	215	447	81
192	448	128	216	447	134
192	448	192	218	449	195
192	448	256	221	449	256
192	448	320	225	450	318
192	448	384	230	452	380
192	448	448	236	453	442
192	448	512	242	454	502
192	448	576	250	457	567
192	448	640	257	458	630
192	448	704	266	460	692
192	448	768	275	463	752
192	448	832	284	465	813
192	448	896	293	467	875
192	448	960	304	470	936
192	448	1023	314	473	998
192	512	0	223	505	61
192	512	64	224	508	86
192	512	128	225	509	137
192	512	192	227	509	197
192	512	256	230	511	258
192	512	320	233	511	319
192	512	384	238	513	381
192	512	448	244	514	443
192	512	512	250	515	503
192	512	576	257	517	568
192	512	640	265	518	630
192	512	704	272	519	692
192	512	768	281	522	752
192	512	832	291	524	815
192	512	896	300	526	876
192	512	960	310	528	938
192	512	1023	320	531	999
192	576	0	235	573	69
192	576	64	235	576	92
192	576	128	236	576	140
192	576	192	238	577	199
192	576	256	241	578	260
192	576	320	245	579	321
192	576	384	249	580	382
192	576	448	254	581	444
192	576	512	260	582	504
192	576	576	267	584	569
192	576	640	274	585	631
192	576	704	282	586	693
192	576	768	290	588	754
192	576	832	299	590	815
192	576	896	308	591	877
192	576	960	318	593	938
192	576	1023	328	596	999
192	640	0	246	634	76
192	640	64	247	638	97
192	640	128	248	639	143
192	640	192	249	639	202
192	640	256	252	640	261
192	640	320	255	641	322
192	640	384	260	642	384
192	640	448	265	643	446
192	640	512	270	644	505
192	640	576	277	646	570
192	640	640	284	646	633
192	640	704	291	647	695
192	640	768	299	649	755
192	640	832	308	651	817
192	640	896	317	652	878
192	640	960	326	654	940
192	640	1023	336	655	1000
192	704	0	257	697	83
192	704	64	258	700	102
192	704	128	259	701	147
192	704	192	261	701	204
192	704	256	264	703	264
192	704	320	267	704	325
192	704	384	271	705	386
192	704	448	275	705	447
192	704	512	281	706	507
192	704	576	287	708	571
192	704	640	294	708	634
192	704	704	301	709	696
192	704	768	308	710	756
192	704	832	317	712	818
192	704	896	326	713	879
192	704	960	335	715	941
192	704	1023	344	717	1002
192	768	0	270	758	90
192	768	64	271	762	108
192	768	128	271	762	151
192	768	192	273	763	208
192	768	256	275	763	266
192	768	320	279	765	327
192	768	384	282	766	388
192	768	448	287	766	449
192	768	512	292	767	508
192	768	576	298	769	573
192	768	640	304	769	636
192	768	704	312	770	698
192	768	768	319	772	758
192	768	832	327	773	819
192	768	896	335	773	881
192	768	960	344	774	943
192	768	1023	353	777	1004
192	832	0	282	818	98
192	832	64	282	821	114
192	832	128	283	822	155
192	832	192	285	823	210
192	832	256	287	824	268
192	832	320	290	825	328
192	832	384	294	826	389
192	832	448	298	826	450
192	832	512	303	827	509
192	832	576	309	829	574
192	832	640	315	828	636
192	832	704	321	829	698
192	832	768	329	831	759
192	832	832	337	832	820
192	832	896	344	833	882
192	832	960	353	834	944
192	832	1023	362	836	1005
192	896	0	295	879	105
192	896	64	296	883	120
192	896	128	297	884	160
192	896	192	298	884	213
192	896	256	301	886	270
192	896	320	303	886	330
192	896	384	307	887	390
192	896	448	311	887	451
192	896	512	316	889	511
192	896	576	321	890	575
192	896	640	327	890	637
192	896	704	333	890	699
192	896	768	340	892	759
192	896	832	348	894	822
192	896	896	356	894	883
192	896	960	364	895	945
192	896	1023	373	897	1005
192	960	0	308	940	112
192	960	64	309	944	127
192	960	128	310	945	164
192	960	192	311	946	217
192	960	256	313	946	273
192	960	320	316	947	332
192	960	384	319	948	392
192	960	448	323	949	453
192	960	512	327	950	513
192	960	576	333	951	577
192	960	640	338	951	639
192	960	704	345	951	700
192	960	768	351	952	760
192	960	832	359	954	823
192	960	896	366	954	884
192	960	960	374	955	946
192	960	1023	383	957	1007
192	1023	0	322	999	119
192	1023	64	322	1003	133
192	1023	128	323	1004	169
192	1023	192	324	1004	220
192	1023	256	326	1005	276
192	1023	320	329	1006	335
192	1023	384	332	1007	394
192	1023	448	336	1008	455
192	1023	512	340	1009	514
192	1023	576	346	1010	578
192	1023	640	351	1010	641
192	1023	704	357	1010	702
192	1023	768	363	1011	762
192	1023	832	370	1013	824
192	1023	896	377	1012	886
192	1023	960	385	1013	948
192	1023	1023	393	1014	1009
256	0	0	246	39	0
256	0	64	246	40	63
256	0	128	247	43	125
256	0	192	248	49	189
256	0	256	250	57	251
256	0	320	254	66	314
256	0	384	258	75	376
256	0	448	263	85	439
256	0	512	269	95	499
256	0	576	275	106	564
256	0	640	282	116	626
256	0	704	289	127	689
256	0	768	297	137	749
256	0	832	306	148	812
256	0	896	315	159	873
256	0	960	324	170	935
256	0	1023	334	180	995
256	64	0	246	73	0
256	64	64	246	74	63
256	64	128	247	76	125
256	64	192	248	79	189
256	64	256	251	83	251
256	64	320	254	89	314
256	64	384	258	96	376
256	64	448	263	104	439
256	64	512	269	111	498
256	64	576	276	120	564
256	64	640	282	129	627
256	64	704	290	139	688
256	64	768	297	148	749
256	64	832	306	158	811
256	64	896	315	169	873
256	64	960	325	178	935
256	64	1023	334	189	995
256	128	0	247	131	12
256	128	64	247	133	64
256	128	128	247	134	125
256	128	192	249	135	189
256	128	256	252	138	252
256	128	320	255	141	314
256	128	384	260	146	377
256	128	448	264	150	439
256	128	512	270	155	499
256	128	576	277	162	564
256	128	640	283	168	627
256	128	704	291	175	689
256	128	768	298	183	749
256	128	832	307	190	811
256	128	896	316	199	873
256	128	960	325	206	934
256	128	1023	335	215	994
256	192	0	249	195	21
256	192	64	249	197	66
256	192	128	250	197	126
256	192	192	252	199	190
256	192	256	254	200	252
256	192	320	257	203	315
256	192	384	262	205	377
256	192	448	266	208	439
256	192	512	271	212	498
256	192	576	278	216	564
256	192	640	285	221	627
256	192	704	292	226	689
256	192	768	300	231	749
256	192	832	309	237	811
256	192	896	317	243	872
256	192	960	327	249	934
256	192	1023	336	256	995
256	256	0	253	257	29
256	256	64	252	258	69
256	256	128	253	259	127
256	256	192	255	261	191
256	256	256	257	262	253
256	256	320	261	263	315
256	256	384	265	266	377
256	256	448	269	268	439
256	256	512	274	270	499
256	256	576	281	274	564
256	256	640	287	277	627
256	256	704	295	281	689
256	256	768	303	285	750
256	256	832	311	290	811
256	256	896	320	294	873
256	256	960	329	299	935
256	256	1023	339	305	995
256	320	0	256	320	37
256	320	64	256	323	72
256	320	128	257	323	129
256	320	192	259	324	192
256	320	256	261	325	253
256	320	320	264	326	315
256	320	384	269	328	378
256	320	448	273	330	440
256	320	512	278	332	500
256	320	576	285	335	565
256	320	640	292	338	628
256	320	704	299	340	689
256	320	768	306	344	750
256	320	832	315	347	812
256	320	896	323	351	874
256	320	960	332	355	936
256	320	1023	342	360	996
256	384	0	262	383	45
256	384	64	262	385	76
256	384	128	262	385	131
256	384	192	264	387	193
256	384	256	266	387	254
256	384	320	270	389	317
256	384	384	273	390	379
256	384	448	278	391	440
256	384	512	283	393	500
256	384	576	290	396	565
256	384	640	296	397	628
256	384	704	303	400	690
256	384	768	310	403	750
256	384	832	318	405	812
256	384	896	327	408	873
256	384	960	336	411	935
256	384	1023	345	416	996
256	448	0	267	444	53
256	448	64	268	447	81
256	448	128	268	448	134
256	448	192	270	448	195
256	448	256	272	449	256
256	448	320	275	450	317
256	448	384	279	452	379
256	448	448	284	453	441
256	448	512	289	455	501
256	448	576	295	457	566
256	448	640	301	458	629
256	448	704	308	460	691
256	448	768	315	462	750
256	448	832	324	465	813
256	448	896	332	467	874
256	448	960	341	470	936
256	448	1023	350	474	997
256	512	0	275	505	60
256	512	64	275	508	85
256	512	128	275	509	136
256	512	192	277	510	197
256	512	256	279	511	257
256	512	320	282	512	319
256	512	384	286	513	381
256	512	448	290	513	442
256	512	512	295	515	502
256	512	576	301	517	567
256	512	640	307	518	630
256	512	704	315	520	692
256	512	768	321	522	752
256	512	832	329	524	814
256	512	896	337	525	875
256	512	960	346	528	937
256	512	1023	355	531	998
256	576	0	283	573	68
256	576	64	284	576	91
256	576	128	284	577	140
256	576	192	286	577	199
256	576	256	288	578	259
256	576	320	291	579	320
256	576	384	295	580	382
256	576	448	299	581	444
256	576	512	304	583	504
256	576	576	310	584	569
256	576	640	316	585	631
256	576	704	322	586	693
256	576	768	329	588	753
256	576	832	337	591	816
256	576	896	345	592	877
256	576	960	353	594	939
256	576	1023	363	596	1000
256	640	0	293	635	75
256	640	64	293	638	96
256	640	128	294	639	143
256	640	192	295	639	201
256	640	256	297	640	261
256	640	320	300	641	322
256	640	384	304	642	383
256	640	448	308	642	445
256	640	512	312	644	505
256	640	576	318	645	569
256	640	640	324	646	632
256	640	704	330	647	694
256	640	768	338	650	755
256	640	832	345	651	816
256	640	896	352	652	877
256	640	960	360	653	939
256	640	1023	369	656	1000
256	704	0	302	697	83
256	704	64	303	701	102
256	704	128	303	701	147
256	704	192	305	702	204
256	704	256	307	703	263
256	704	320	310	704	324
256	704	384	313	705	385
256	704	448	317	706	447
256	704	512	322	706	506
256	704	576	327	708	571
256	704	640	332	708	634
256	704	704	339	710	696
256	704	768	346	711	756
256	704	832	353	712	817
256	704	896	360	713	879
256	704	960	368	715	940
256	704	1023	376	717	1001
256	768	0	313	758	90
256	768	64	313	762	108
256	768	128	314	762	151
256	768	192	315	763	207
256	768	256	317	763	266
256	768	320	320	764	326
256	768	384	323	766	387
256	768	448	327	766	449
256	768	512	332	767	508
256	768	576	337	769	573
256	768	640	342	769	635
256	768	704	348	770	697
256	768	768	354	771	757
256	768	832	362	773	820
256	768	896	369	774	881
256	768	960	377	775	943
256	768	1023	385	777	1004
256	832	0	323	818	98
256	832	64	324	822	114
256	832	128	324	822	155
256	832	192	325	823	210
256	832	256	327	823	268
256	832	320	330	824	328
256	832	384	333	826	389
256	832	448	337	826	450
256	832	512	341	827	509
256	832	576	346	829	574
256	832	640	351	829	636
256	832	704	357	830	698
256	832	768	363	831	758
256	832	832	371	833	820
256	832	896	378	833	882
256	832	960	385	833	943
256	832	1023	393	835	1004
256	896	0	334	879	105
256	896	64	335	884	120
256	896	128	335	884	159
256	896	192	337	885	213
256	896	256	339	885	270
256	896	320	341	886	330
256	896	384	344	887	390
256	896	448	347	887	451
256	896	512	352	888	510
256	896	576	357	890	574
256	896	640	361	889	637
256	896	704	368	891	699
256	896	768	374	892	759
256	896	832	380	893	821
256	896	896	387	894	882
256	896	960	394	894	944
256	896	1023	403	897	1005
256	960	0	346	941	112
256	960	64	346	944	127
256	960	128	347	945	164
256	960	192	348	946	216
256	960	256	350	946	273
256	960	320	352	947	332
256	960	384	355	948	392
256	960	448	358	948	453
256	960	512	362	949	512
256	960	576	367	951	576
256	960	640	372	950	638
256	960	704	377	951	700
256	960	768	384	953	761
256	960	832	390	954	822
256	960	896	396	954	883
256	960	960	404	955	945
256	960	1023	411	956	1006
256	1023	0	358	1000	119
256	1023	64	358	1003	133
256	1023	128	358	1004	169
256	1023	192	360	1005	220
256	1023	256	362	1005	276
256	1023	320	364	1006	335
256	1023	384	367	1008	394
256	1023	448	370	1007	454
256	1023	512	373	1008	514
256	1023	576	378	1010	578
256	1023	640	383	1009	640
256	1023	704	388	1010	702
256	1023	768	394	1012	762
256	1023	832	400	1012	824
256	1023	896	406	1012	885
256	1023	960	413	1012	947
256	1023	1023	421	1013	1008
320	0	0	305	48	0
320	0	64	304	49	63
320	0	128	305	52	124
320	0	192	306	57	189
320	0	256	308	63	251
320	0	320	311	71	314
320	0	384	315	80	376
320	0	448	318	89	438
320	0	512	323	98	498
320	0	576	328	108	563
320	0	640	333	119	626
320	0	704	339	129	688
320	0	768	346	139	749
320	0	832	353	150	811
320	0	896	360	160	872
320	0	960	368	171	934
320	0	1023	377	181	995
320	64	0	305	78	0
320	64	64	305	78	63
320	64	128	305	80	124
320	64	192	307	83	189
320	64	256	309	88	251
320	64	320	311	93	314
320	64	384	315	100	376
320	64	448	318	107	438
320	64	512	323	114	498
320	64	576	328	123	564
320	64	640	334	132	626
320	64	704	339	142	688
320	64	768	347	151	749
320	64	832	353	160	810
320	64	896	360	170	872
320	64	960	369	180	934
320	64	1023	377	191	995
320	128	0	306	134	10
320	128	64	306	135	64
320	128	128	306	136	125
320	128	192	307	138	189
320	128	256	310	140	252
320	128	320	312	144	314
320	128	384	315	148	376
320	128	448	319	152	439
320	128	512	323	157	498
320	128	576	329	164	564
320	128	640	334	170	626
320	128	704	340	177	688
320	128	768	347	184	748
320	128	832	354	191	811
320	128	896	361	200	872
320	128	960	370	208	934
320	128	1023	378	217	995
320	192	0	308	196	20
320	192	64	307	198	66
320	192	128	308	199	126
320	192	192	309	200	189
320	192	256	311	202	252
320	192	320	314	204	314
320	192	384	317	207	376
320	192	448	321	210	439
320	192	512	325	213	499
320	192	576	331	218	564
320	192	640	336	222	627
320	192	704	342	227	689
320	192	768	348	233	749
320	192	832	356	239	811
320	192	896	363	245	873
320	192	960	371	251	935
320	192	1023	379	258	995
320	256	0	310	258	29
320	256	64	310	260	69
320	256	128	311	261	127
320	256	192	312	261	190
320	256	256	314	263	253
320	256	320	316	264	315
320	256	384	320	267	377
320	256	448	323	269	439
320	256	512	328	272	499
320	256	576	333	275	564
320	256	640	338	278	627
320	256	704	344	282	689
320	256	768	351	286	749
320	256	832	358	291	812
320	256	896	365	295	873
320	256	960	372	300	934
320	256	1023	381	306	995
320	320	0	314	321	37
320	320	64	313	323	72
320	320	128	314	324	129
320	320	192	315	325	192
320	320	256	317	326	254
320	320	320	320	328	316
320	320	384	323	330	378
320	320	448	326	331	440
320	320	512	331	333	500
320	320	576	336	336	565
320	320	640	341	338	627
320	320	704	347	341	689
320	320	768	354	345	750
320	320	832	361	348	812
320	320	896	367	352	873
320	320	960	376	356	935
320	320	1023	384	360	996
320	384	0	318	383	45
320	384	64	318	386	76
320	384	128	318	387	131
320	384	192	319	387	193
320	384	256	321	388	254
320	384	320	324	389	316
320	384	384	327	391	378
320	384	448	330	392	440
320	384	512	335	394	500
320	384	576	341	397	566
320	384	640	345	398	628
320	384	704	351	401	690
320	384	768	357	403	750
320	384	832	365	407	813
320	384	896	372	409	874
320	384	960	379	413	936
320	384	1023	388	417	997
320	448	0	323	446	52
320	448	64	323	448	80
320	448	128	323	448	134
320	448	192	324	449	195
320	448	256	326	450	256
320	448	320	329	451	318
320	448	384	332	453	380
320	448	448	335	453	441
320	448	512	340	455	501
320	448	576	345	457	566
320	448	640	350	459	629
320	448	704	356	461	691
320	448	768	362	463	751
320	448	832	369	466	813
320	448	896	375	468	874
320	448	960	383	470	936
320	448	1023	391	474	997
320	512	0	328	506	60
320	512	64	328	509	85
320	512	128	329	510	136
320	512	192	330	510	196
320	512	256	332	511	257
320	512	320	334	512	319
320	512	384	338	513	381
320	512	448	341	514	442
320	512	512	345	516	502
320	512	576	350	518	567
320	512	640	355	519	630
320	512	704	361	520	692
320	512	768	367	522	752
320	512	832	374	525	814
320	512	896	381	527	876
320	512	960	388	529	938
320	512	1023	397	532	999
320	576	0	335	574	68
320	576	64	335	576	91
320	576	128	336	577	140
320	576	192	337	577	199
320	576	256	339	579	259
320	576	320	342	580	321
320	576	384	344	580	382
320	576	448	348	581	443
320	576	512	352	582	503
320	576	576	357	584	568
320	576	640	362	585	631
320	576	704	367	586	692
320	576	768	374	589	753
320	576	832	380	590	815
320	576	896	387	592	876
320	576	960	394	594	938
320	576	1023	402	596	999
320	640	0	343	636	75
320	640	64	343	639	96
320	640	128	344	639	143
320	640	192	345	640	201
320	640	256	347	640	261
320	640	320	349	641	322
320	640	384	352	643	384
320	640	448	356	643	445
320	640	512	359	644	505
320	640	576	364	646	569
320	640	640	369	647	632
320	640	704	375	648	694
320	640	768	381	650	754
320	640	832	387	652	817
320	640	896	393	652	877
320	640	960	401	653	939
320	640	1023	408	656	1000
320	704	0	351	697	83
320	704	64	352	701	102
320	704	128	352	702	147
320	704	192	353	702	204
320	704	256	355	703	263
320	704	320	357	704	324
320	704	384	360	705	385
320	704	448	364	706	447
320	704	512	368	707	506
320	704	576	373	708	571
320	704	640	377	709	634
320	704	704	382	710	695
320	704	768	388	711	755
320	704	832	394	713	818
320	704	896	401	714	879
320	704	960	408	715	941
320	704	1023	415	718	1002
320	768	0	360	759	90
320	768	64	361	763	108
320	768	128	361	763	151
320	768	192	362	763	207
320	768	256	364	764	266
320	768	320	366	765	326
320	768	384	369	766	387
320	768	448	372	766	449
320	768	512	376	767	508
320	768	576	380	769	573
320	768	640	385	769	635
320	768	704	391	771	697
320	768	768	396	772	758
320	768	832	402	773	819
320	768	896	408	773	880
320	768	960	415	775	942
320	768	1023	423	777	1003
320	832	0	369	818	97
320	832	64	369	822	114
320	832	128	370	823	155
320	832	192	371	823	210
320	832	256	373	824	268
320	832	320	375	825	328
320	832	384	377	826	389
320	832	448	381	826	450
320	832	512	384	827	509
320	832	576	389	829	574
320	832	640	393	829	636
320	832	704	398	829	698
320	832	768	404	830	758
320	832	832	410	832	820
320	832	896	416	833	881
320	832	960	423	834	943
320	832	1023	430	836	1004
320	896	0	379	880	105
320	896	64	379	884	120
320	896	128	380	884	159
320	896	192	381	885	213
320	896	256	382	885	270
320	896	320	384	886	330
320	896	384	387	888	390
320	896	448	390	888	451
320	896	512	394	889	510
320	896	576	398	891	575
320	896	640	403	890	637
320	896	704	407	891	699
320	896	768	413	892	759
320	896	832	419	894	821
320	896	896	425	894	882
320	896	960	431	895	944
320	896	1023	438	897	1005
320	960	0	388	940	112
320	960	64	389	945	127
320	960	128	389	945	164
320	960	192	390	945	216
320	960	256	392	946	273
320	960	320	394	947	332
320	960	384	397	948	392
320	960	448	400	949	453
320	960	512	403	949	511
320	960	576	407	951	576
320	960	640	412	951	639
320	960	704	416	952	700
320	960	768	422	953	760
320	960	832	428	955	822
320	960	896	433	954	883
320	960	960	439	955	945
320	960	1023	446	956	1006
320	1023	0	399	1000	119
320	1023	64	399	1004	133
320	1023	128	400	1004	169
320	1023	192	401	1005	220
320	1023	256	402	1005	276
320	1023	320	404	1006	334
320	1023	384	407	1007	394
320	1023	448	410	1008	455
320	1023	512	413	1008	513
320	1023	576	417	1009	578
320	1023	640	422	1010	640
320	1023	704	426	1010	702
320	1023	768	431	1011	762
320	1023	832	437	1013	824
320	1023	896	442	1011	884
320	1023	960	449	1012	947
320	1023	1023	455	1012	1007
384	0	0	366	58	0
384	0	64	366	58	63
384	0	128	366	60	124
384	0	192	367	65	189
384	0	256	368	70	251
384	0	320	371	77	314
384	0	384	374	85	376
384	0	448	376	93	438
384	0	512	380	102	498
384	0	576	385	112	564
384	0	640	389	122	627
384	0	704	394	133	688
384	0	768	400	142	749
384	0	832	406	152	811
384	0	896	412	163	873
384	0	960	418	173	934
384	0	1023	425	184	994
384	64	0	366	83	0
384	64	64	366	84	63
384	64	128	366	85	124
384	64	192	367	88	189
384	64	256	369	92	251
384	64	320	371	97	314
384	64	384	374	104	376
384	64	448	377	111	438
384	64	512	380	118	498
384	64	576	385	126	564
384	64	640	389	135	626
384	64	704	394	144	689
384	64	768	400	153	749
384	64	832	406	163	811
384	64	896	412	173	872
384	64	960	418	182	934
384	64	1023	425	192	994
384	128	0	367	137	4
384	128	64	367	138	64
384	128	128	367	139	125
384	128	192	368	141	189
384	128	256	369	143	251
384	128	320	371	146	314
384	128	384	375	151	376
384	128	448	378	155	439
384	128	512	381	160	498
384	128	576	385	166	563
384	128	640	390	172	627
384	128	704	395	179	689
384	128	768	400	186	749
384	128	832	407	194	811
384	128	896	412	201	872
384	128	960	419	210	933
384	128	1023	426	218	995
384	192	0	369	199	19
384	192	64	368	200	66
384	192	128	368	201	126
384	192	192	369	202	190
384	192	256	371	204	252
384	192	320	373	206	314
384	192	384	376	209	377
384	192	448	378	212	439
384	192	512	382	215	498
384	192	576	387	220	564
384	192	640	391	224	626
384	192	704	396	229	689
384	192	768	402	235	749
384	192	832	408	240	811
384	192	896	413	246	872
384	192	960	420	252	934
384	192	1023	427	260	995
384	256	0	371	260	28
384	256	64	370	261	68
384	256	128	370	262	127
384	256	192	372	263	190
384	256	256	373	264	253
384	256	320	375	266	315
384	256	384	378	268	377
384	256	448	381	270	439
384	256	512	385	273	499
384	256	576	389	276	564
384	256	640	393	279	626
384	256	704	398	283	689
384	256	768	404	288	749
384	256	832	409	292	811
384	256	896	415	296	872
384	256	960	422	301	935
384	256	1023	429	307	995
384	320	0	373	322	36
384	320	64	373	325	72
384	320	128	373	325	129
384	320	192	374	326	191
384	320	256	375	327	253
384	320	320	378	328	315
384	320	384	381	330	378
384	320	448	383	332	440
384	320	512	387	334	499
384	320	576	391	337	564
384	320	640	396	339	628
384	320	704	401	342	689
384	320	768	406	346	749
384	320	832	413	350	812
384	320	896	418	352	873
384	320	960	424	356	935
384	320	1023	431	361	995
384	384	0	377	384	45
384	384	64	376	387	75
384	384	128	376	387	131
384	384	192	378	388	193
384	384	256	379	389	254
384	384	320	381	390	316
384	384	384	384	392	379
384	384	448	387	393	440
384	384	512	390	395	500
384	384	576	395	397	565
384	384	640	399	399	628
384	384	704	404	401	690
384	384	768	410	405	750
384	384	832	415	407	812
384	384	896	421	410	874
384	384	960	427	413	935
384	384	1023	435	417	997
384	448	0	381	446	52
384	448	64	380	449	80
384	448	128	381	449	133
384	448	192	382	450	194
384	448	256	383	450	255
384	448	320	385	452	317
384	448	384	388	453	379
384	448	448	391	454	441
384	448	512	395	456	501
384	448	576	399	458	566
384	448	640	403	460	629
384	448	704	408	461	690
384	448	768	413	464	751
384	448	832	419	467	813
384	448	896	425	469	875
384	448	960	432	472	937
384	448	1023	439	475	998
384	512	0	386	507	60
384	512	64	385	509	85
384	512	128	385	510	136
384	512	192	387	511	196
384	512	256	388	512	257
384	512	320	390	513	319
384	512	384	393	514	381
384	512	448	395	514	442
384	512	512	399	516	502
384	512	576	404	518	567
384	512	640	408	519	630
384	512	704	412	521	691
384	512	768	418	523	752
384	512	832	423	525	813
384	512	896	429	527	875
384	512	960	436	529	937
384	512	1023	443	533	998
384	576	0	392	575	68
384	576	64	392	578	91
384	576	128	391	577	140
384	576	192	393	578	199
384	576	256	394	579	259
384	576	320	396	580	320
384	576	384	399	581	382
384	576	448	402	582	444
384	576	512	405	583	503
384	576	576	409	585	568
384	576	640	414	586	631
384	576	704	418	587	693
384	576	768	423	589	753
384	576	832	430	592	815
384	576	896	434	592	876
384	576	960	440	594	937
384	576	1023	447	596	998
384	640	0	398	635	75
384	640	64	398	639	96
384	640	128	399	640	143
384	640	192	399	640	201
384	640	256	401	641	261
384	640	320	403	641	322
384	640	384	405	643	383
384	640	448	408	643	445
384	640	512	412	644	504
384	640	576	416	646	569
384	640	640	420	647	632
384	640	704	424	648	693
384	640	768	429	649	754
384	640	832	435	652	816
384	640	896	441	652	877
384	640	960	447	654	939
384	640	1023	454	657	1000
384	704	0	405	698	83
384	704	64	405	702	102
384	704	128	406	702	147
384	704	192	406	703	204
384	704	256	408	704	263
384	704	320	410	704	324
384	704	384	413	706	385
384	704	448	415	706	446
384	704	512	418	707	506
384	704	576	423	709	571
384	704	640	427	709	633
384	704	704	431	710	696
384	704	768	436	712	756
384	704	832	442	713	817
384	704	896	447	714	879
384	704	960	453	715	941
384	704	1023	460	718	1001
384	768	0	413	759	90
384	768	64	413	763	108
384	768	128	413	764	151
384	768	192	414	764	207
384	768	256	415	764	266
384	768	320	418	765	326
384	768	384	420	766	387
384	768	448	423	767	449
384	768	512	426	768	508
384	768	576	431	770	573
384	768	640	434	770	635
384	768	704	438	771	697
384	768	768	443	772	757
384	768	832	449	774	819
384	768	896	454	775	881
384	768	960	460	776	943
384	768	1023	467	778	1004
384	832	0	420	819	97
384	832	64	420	823	114
384	832	128	420	823	155
384	832	192	422	824	210
384	832	256	423	824	268
384	832	320	425	825	328
384	832	384	427	826	389
384	832	448	430	827	450
384	832	512	433	827	509
384	832	576	437	829	573
384	832	640	441	830	636
384	832	704	445	830	698
384	832	768	450	832	758
384	832	832	456	834	820
384	832	896	460	833	881
384	832	960	466	834	943
384	832	1023	473	836	1004
384	896	0	429	881	104
384	896	64	429	885	120
384	896	128	429	885	159
384	896	192	430	886	213
384	896	256	432	886	270
384	896	320	433	887	330
384	896	384	436	888	390
384	896	448	438	888	451
384	896	512	441	889	510
384	896	576	445	890	574
384	896	640	449	890	637
384	896	704	453	891	698
384	896	768	458	893	759
384	896	832	463	894	820
384	896	896	468	894	882
384	896	960	474	895	944
384	896	1023	481	897	1005
384	960	0	437	941	112
384	960	64	437	945	126
384	960	128	438	945	164
384	960	192	438	945	216
384	960	256	440	947	273
384	960	320	442	948	332
384	960	384	444	948	392
384	960	448	446	948	452
384	960	512	450	950	512
384	960	576	454	951	576
384	960	640	457	951	638
384	960	704	461	951	700
384	960	768	466	952	759
384	960	832	471	954	822
384	960	896	476	955	883
384	960	960	482	956	945
384	960	1023	488	957	1006
384	1023	0	446	1000	118
384	1023	64	447	1004	132
384	1023	128	447	1005	169
384	1023	192	448	1005	220
384	1023	256	450	1006	276
384	1023	320	451	1007	334
384	1023	384	453	1008	394
384	1023	448	455	1008	454
384	1023	512	458	1009	513
384	1023	576	463	1010	578
384	1023	640	466	1010	640
384	1023	704	470	1010	701
384	1023	768	474	1011	761
384	1023	832	480	1013	824
384	1023	896	484	1012	885
384	1023	960	490	1013	947
384	1023	1023	496	1014	1008
448	0	0	425	67	0
448	0	64	424	67	62
448	0	128	425	69	124
448	0	192	425	72	188
448	0	256	427	78	251
448	0	320	428	84	313
448	0	384	431	91	376
448	0	448	433	99	438
448	0	512	437	107	498
448	0	576	441	117	563
448	0	640	444	126	626
448	0	704	448	136	688
448	0	768	453	146	748
448	0	832	459	155	811
448	0	896	463	166	872
448	0	960	469	176	934
448	0	1023	475	186	995
448	64	0	425	89	0
448	64	64	425	90	62
448	64	128	425	92	124
448	64	192	426	94	188
448	64	256	427	98	251
448	64	320	429	103	314
448	64	384	431	109	376
448	64	448	434	115	438
448	64	512	437	122	498
448	64	576	441	130	563
448	64	640	444	139	626
448	64	704	448	147	688
448	64	768	453	156	748
448	64	832	459	166	811
448	64	896	464	175	872
448	64	960	470	185	935
448	64	1023	475	195	994
448	128	0	426	141	0
448	128	64	425	142	63
448	128	128	425	143	125
448	128	192	426	144	189
448	128	256	427	147	251
448	128	320	429	150	314
448	128	384	432	154	376
448	128	448	434	158	439
448	128	512	437	163	498
448	128	576	441	169	563
448	128	640	445	175	626
448	128	704	449	182	689
448	128	768	454	189	749
448	128	832	460	196	811
448	128	896	464	203	872
448	128	960	469	212	933
448	128	1023	476	220	995
448	192	0	427	201	18
448	192	64	426	203	65
448	192	128	426	203	125
448	192	192	427	204	189
448	192	256	429	206	252
448	192	320	431	208	314
448	192	384	433	211	376
448	192	448	435	214	438
448	192	512	438	217	498
448	192	576	442	222	563
448	192	640	446	226	626
448	192	704	450	231	689
448	192	768	455	236	749
448	192	832	460	242	810
448	192	896	465	248	872
448	192	960	471	254	934
448	192	1023	477	261	995
448	256	0	429	261	27
448	256	64	428	263	68
448	256	128	428	264	127
448	256	192	429	265	190
448	256	256	431	266	252
448	256	320	432	267	315
448	256	384	435	270	377
448	256	448	437	272	439
448	256	512	440	274	499
448	256	576	444	277	564
448	256	640	447	281	626
448	256	704	451	284	688
448	256	768	457	289	750
448	256	832	462	293	811
448	256	896	467	298	873
448	256	960	473	303	934
448	256	1023	479	309	996
448	320	0	431	324	36
448	320	64	431	326	71
448	320	128	430	326	129
448	320	192	432	327	191
448	320	256	433	328	253
448	320	320	435	330	315
448	320	384	437	332	378
448	320	448	440	333	440
448	320	512	443	336	499
448	320	576	447	338	565
448	320	640	450	341	627
448	320	704	454	343	689
448	320	768	459	347	749
448	320	832	464	351	812
448	320	896	469	354	873
448	320	960	474	357	934
448	320	1023	481	362	995
448	384	0	434	385	44
448	384	64	433	388	75
448	384	128	433	388	131
448	384	192	435	389	193
448	384	256	436	390	254
448	384	320	438	391	316
448	384	384	440	393	378
448	384	448	442	394	440
448	384	512	445	396	500
448	384	576	450	398	565
448	384	640	453	400	628
448	384	704	456	402	689
448	384	768	462	405	750
448	384	832	466	408	811
448	384	896	471	411	873
448	384	960	477	414	935
448	384	1023	484	418	996
448	448	0	437	447	52
448	448	64	437	450	80
448	448	128	437	450	133
448	448	192	438	451	194
448	448	256	439	451	255
448	448	320	441	452	317
448	448	384	444	454	379
448	448	448	446	455	441
448	448	512	449	457	501
448	448	576	453	459	566
448	448	640	456	460	629
448	448	704	460	462	690
448	448	768	465	464	750
448	448	832	470	467	813
448	448	896	475	470	875
448	448	960	481	472	936
448	448	1023	487	476	997
448	512	0	442	508	59
448	512	64	442	511	85
448	512	128	441	511	136
448	512	192	442	512	196
448	512	256	444	513	257
448	512	320	446	513	319
448	512	384	448	515	380
448	512	448	450	515	442
448	512	512	453	517	502
448	512	576	457	519	567
448	512	640	460	520	629
448	512	704	464	521	691
448	512	768	469	524	752
448	512	832	474	526	813
448	512	896	479	527	875
448	512	960	484	530	937
448	512	1023	491	533	998
448	576	0	447	575	68
448	576	64	447	578	91
448	576	128	447	578	139
448	576	192	448	579	199
448	576	256	449	579	259
448	576	320	451	581	320
448	576	384	453	582	382
448	576	448	456	583	443
448	576	512	458	583	503
448	576	576	462	585	568
448	576	640	466	587	631
448	576	704	470	588	693
448	576	768	474	590	753
448	576	832	480	592	815
448	576	896	484	592	876
448	576	960	489	594	938
448	576	1023	495	597	998
448	640	0	452	636	75
448	640	64	452	640	96
448	640	128	453	641	143
448	640	192	453	640	201
448	640	256	455	641	261
448	640	320	457	642	322
448	640	384	459	643	383
448	640	448	461	644	445
448	640	512	464	645	504
448	640	576	468	647	569
448	640	640	471	647	632
448	640	704	475	648	693
448	640	768	479	650	753
448	640	832	485	652	816
448	640	896	489	653	877
448	640	960	495	655	939
448	640	1023	501	658	1000
448	704	0	459	699	82
448	704	64	459	702	102
448	704	128	459	703	147
448	704	192	460	703	204
448	704	256	461	704	263
448	704	320	463	705	324
448	704	384	465	706	385
448	704	448	467	706	446
448	704	512	470	707	506
448	704	576	474	709	571
448	704	640	477	709	633
448	704	704	481	711	695
448	704	768	486	712	756
448	704	832	490	713	817
448	704	896	495	714	878
448	704	960	500	716	940
448	704	1023	506	718	1001
448	768	0	466	759	89
448	768	64	466	763	108
448	768	128	466	764	151
448	768	192	467	764	207
448	768	256	468	764	265
448	768	320	470	765	326
448	768	384	472	767	387
448	768	448	474	767	448
448	768	512	477	768	508
448	768	576	481	770	572
448	768	640	484	770	635
448	768	704	487	771	697
448	768	768	492	772	757
448	768	832	497	774	819
448	768	896	501	775	881
448	768	960	507	776	943
448	768	1023	513	778	1004
448	832	0	472	820	97
448	832	64	472	823	114
448	832	128	472	823	155
448	832	192	473	824	210
448	832	256	474	824	267
448	832	320	476	825	328
448	832	384	478	827	388
448	832	448	481	827	450
448	832	512	483	828	509
448	832	576	487	829	573
448	832	640	490	830	636
448	832	704	494	831	698
448	832	768	498	832	758
448	832	832	503	834	820
448	832	896	507	833	881
448	832	960	512	834	943
448	832	1023	518	836	1004
448	896	0	480	881	104
448	896	64	480	885	120
448	896	128	480	886	159
448	896	192	481	886	213
448	896	256	482	886	270
448	896	320	484	887	329
448	896	384	486	888	390
448	896	448	488	888	451
448	896	512	490	889	510
448	896	576	494	891	574
448	896	640	497	890	636
448	896	704	501	892	699
448	896	768	506	893	759
448	896	832	510	894	820
448	896	896	514	894	882
448	896	960	519	895	943
448	896	1023	525	897	1005
448	960	0	487	942	112
448	960	64	487	945	126
448	960	128	487	946	164
448	960	192	488	946	216
448	960	256	489	947	272
448	960	320	491	948	332
448	960	384	493	949	392
448	960	448	495	948	452
448	960	512	498	950	511
448	960	576	501	951	576
448	960	640	504	951	638
448	960	704	507	951	699
448	960	768	512	954	760
448	960	832	517	954	821
448	960	896	521	955	883
448	960	960	526	956	945
448	960	1023	532	957	1006
448	1023	0	495	1001	118
448	1023	64	495	1005	132
448	1023	128	496	1005	169
448	1023	192	496	1005	219
448	1023	256	497	1006	275
448	1023	320	499	1007	334
448	1023	384	501	1007	393
448	1023	448	503	1007	454
448	1023	512	506	1009	513
448	1023	576	509	1010	577
448	1023	640	512	1010	639
448	1023	704	515	1010	701
448	1023	768	519	1011	761
448	1023	832	524	1012	823
448	1023	896	528	1012	885
448	1023	960	534	1012	947
448	1023	1023	539	1013	1008
512	0	0	482	76	0
512	0	64	481	76	62
512	0	128	482	78	124
512	0	192	482	81	188
512	0	256	483	85	251
512	0	320	485	91	313
512	0	384	487	97	376
512	0	448	489	105	438
512	0	512	492	112	498
512	0	576	496	121	563
512	0	640	498	130	626
512	0	704	502	139	688
512	0	768	506	149	748
512	0	832	511	159	810
512	0	896	515	168	872
512	0	960	520	179	934
512	0	1023	526	189	995
512	64	0	482	96	0
512	64	64	482	97	62
512	64	128	482	98	124
512	64	192	482	100	188
512	64	256	483	104	251
512	64	320	485	108	313
512	64	384	487	114	376
512	64	448	489	120	438
512	64	512	492	126	498
512	64	576	496	134	563
512	64	640	498	143	626
512	64	704	502	151	688
512	64	768	506	160	748
512	64	832	511	168	811
512	64	896	516	178	872
512	64	960	521	187	934
512	64	1023	526	197	996
512	128	0	483	144	0
512	128	64	482	146	63
512	128	128	482	146	124
512	128	192	483	148	189
512	128	256	484	150	251
512	128	320	486	153	314
512	128	384	488	157	376
512	128	448	490	162	438
512	128	512	493	166	498
512	128	576	497	172	564
512	128	640	499	178	626
512	128	704	503	185	688
512	128	768	507	191	748
512	128	832	512	199	811
512	128	896	516	206	873
512	128	960	520	214	933
512	128	1023	526	223	994
512	192	0	484	204	16
512	192	64	483	205	65
512	192	128	483	206	125
512	192	192	484	207	189
512	192	256	485	208	252
512	192	320	487	211	314
512	192	384	489	213	376
512	192	448	491	216	438
512	192	512	494	219	498
512	192	576	497	224	563
512	192	640	500	228	626
512	192	704	504	233	689
512	192	768	508	238	749
512	192	832	512	244	810
512	192	896	516	249	872
512	192	960	521	256	934
512	192	1023	528	263	995
512	256	0	486	263	27
512	256	64	485	265	68
512	256	128	485	266	127
512	256	192	486	267	190
512	256	256	487	268	252
512	256	320	489	269	315
512	256	384	491	272	377
512	256	448	493	274	439
512	256	512	496	276	499
512	256	576	499	279	564
512	256	640	502	282	626
512	256	704	505	286	688
512	256	768	510	291	749
512	256	832	514	295	811
512	256	896	518	299	872
512	256	960	523	304	934
512	256	1023	529	310	996
512	320	0	487	325	35
512	320	64	487	328	71
512	320	128	487	328	129
512	320	192	488	329	191
512	320	256	489	330	253
512	320	320	490	331	315
512	320	384	493	333	377
512	320	448	495	335	439
512	320	512	497	337	499
512	320	576	501	340	564
512	320	640	504	342	627
512	320	704	507	345	689
512	320	768	511	348	749
512	320	832	516	352	812
512	320	896	521	355	873
512	320	960	526	359	935
512	320	1023	531	364	996
512	384	0	490	387	43
512	384	64	490	389	75
512	384	128	490	390	130
512	384	192	491	390	192
512	384	256	492	391	254
512	384	320	493	392	316
512	384	384	495	394	378
512	384	448	497	395	440
512	384	512	500	397	500
512	384	576	503	399	565
512	384	640	506	401	628
512	384	704	510	404	690
512	384	768	514	407	750
512	384	832	518	409	811
512	384	896	522	412	873
512	384	960	527	415	935
512	384	1023	533	419	996
512	448	0	493	448	51
512	448	64	493	451	80
512	448	128	493	451	133
512	448	192	493	452	194
512	448	256	494	452	255
512	448	320	496	453	317
512	448	384	498	455	379
512	448	448	500	456	441
512	448	512	503	458	501
512	448	576	507	460	566
512	448	640	509	461	628
512	448	704	513	463	690
512	448	768	517	465	750
512	448	832	521	468	813
512	448	896	526	470	874
512	448	960	531	473	936
512	448	1023	536	477	997
512	512	0	497	509	59
512	512	64	497	512	84
512	512	128	497	512	136
512	512	192	498	513	196
512	512	256	499	513	257
512	512	320	500	514	318
512	512	384	502	515	380
512	512	448	504	516	442
512	512	512	507	518	502
512	512	576	510	520	567
512	512	640	513	521	629
512	512	704	517	523	692
512	512	768	521	525	752
512	512	832	525	526	813
512	512	896	529	528	875
512	512	960	534	531	937
512	512	1023	540	533	998
512	576	0	502	576	67
512	576	64	502	579	90
512	576	128	502	579	139
512	576	192	502	580	198
512	576	256	503	580	259
512	576	320	505	581	320
512	576	384	507	582	381
512	576	448	509	583	443
512	576	512	512	585	503
512	576	576	515	587	568
512	576	640	518	587	630
512	576	704	521	589	692
512	576	768	525	590	752
512	576	832	530	593	815
512	576	896	534	594	876
512	576	960	539	596	938
512	576	1023	544	598	999
512	640	0	507	638	75
512	640	64	506	640	96
512	640	128	507	641	143
512	640	192	507	641	201
512	640	256	509	642	261
512	640	320	510	643	322
512	640	384	512	644	383
512	640	448	514	644	445
512	640	512	517	645	504
512	640	576	520	647	569
512	640	640	523	648	632
512	640	704	526	649	693
512	640	768	531	652	754
512	640	832	535	653	816
512	640	896	539	654	877
512	640	960	543	656	939
512	640	1023	549	658	1000
512	704	0	513	700	82
512	704	64	512	703	101
512	704	128	512	703	147
512	704	192	513	704	204
512	704	256	514	705	263
512	704	320	516	705	324
512	704	384	518	707	385
512	704	448	520	707	447
512	704	512	522	708	506
512	704	576	526	710	570
512	704	640	528	710	633
512	704	704	532	711	695
512	704	768	536	713	755
512	704	832	540	714	817
512	704	896	544	715	878
512	704	960	549	716	940
512	704	1023	554	718	1001
512	768	0	519	760	89
512	768	64	519	764	107
512	768	128	519	765	151
512	768	192	520	765	207
512	768	256	520	765	265
512	768	320	522	766	326
512	768	384	524	767	387
512	768	448	526	768	448
512	768	512	529	769	508
512	768	576	532	770	572
512	768	640	535	771	635
512	768	704	538	771	697
512	768	768	542	773	757
512	768	832	546	775	819
512	768	896	550	775	881
512	768	960	555	777	943
512	768	1023	560	779	1004
512	832	0	525	820	97
512	832	64	524	824	114
512	832	128	524	824	155
512	832	192	525	825	210
512	832	256	526	825	267
512	832	320	527	826	327
512	832	384	530	827	388
512	832	448	531	828	450
512	832	512	534	829	509
512	832	576	538	830	574
512	832	640	540	830	636
512	832	704	543	831	698
512	832	768	547	832	758
512	832	832	552	834	820
512	832	896	556	835	882
512	832	960	559	835	943
512	832	1023	565	837	1004
512	896	0	531	882	104
512	896	64	531	886	119
512	896	128	531	886	159
512	896	192	532	887	213
512	896	256	533	887	270
512	896	320	534	887	329
512	896	384	536	889	390
512	896	448	538	889	451
512	896	512	540	889	510
512	896	576	544	891	574
512	896	640	546	891	636
512	896	704	550	893	699
512	896	768	554	894	759
512	896	832	557	894	820
512	896	896	561	895	882
512	896	960	566	896	944
512	896	1023	571	898	1005
512	960	0	538	943	111
512	960	64	537	946	126
512	960	128	538	946	164
512	960	192	539	948	216
512	960	256	539	948	272
512	960	320	541	948	332
512	960	384	543	950	392
512	960	448	544	949	452
512	960	512	547	950	511
512	960	576	550	952	576
512	960	640	553	952	638
512	960	704	556	952	699
512	960	768	560	954	760
512	960	832	564	955	821
512	960	896	568	955	883
512	960	960	572	956	945
512	960	1023	577	958	1006
512	1023	0	546	1002	118
512	1023	64	544	1005	132
512	1023	128	545	1005	168
512	1023	192	545	1006	219
512	1023	256	547	1006	275
512	1023	320	548	1007	334
512	1023	384	550	1008	394
512	1023	448	551	1008	454
512	1023	512	554	1009	513
512	1023	576	557	1010	577
512	1023	640	559	1010	639
512	1023	704	562	1010	701
512	1023	768	567	1012	762
512	1023	832	571	1012	823
512	1023	896	575	1012	884
512	1023	960	579	1012	946
512	1023	1023	584	1013	1008
576	0	0	547	85	0
576	0	64	546	86	61
576	0	128	547	87	124
576	0	192	547	90	188
576	0	256	548	93	251
576	0	320	549	99	313
576	0	384	551	104	375
576	0	448	553	112	438
576	0	512	555	118	498
576	0	576	559	127	563
576	0	640	561	136	626
576	0	704	564	145	688
576	0	768	567	154	748
576	0	832	572	163	811
576	0	896	575	172	872
576	0	960	579	182	934
576	0	1023	585	192	995
576	64	0	547	103	0
576	64	64	546	104	61
576	64	128	547	105	124
576	64	192	547	107	188
576	64	256	548	111	251
576	64	320	549	115	313
576	64	384	551	120	375
576	64	448	553	126	438
576	64	512	555	132	498
576	64	576	559	139	563
576	64	640	561	147	625
576	64	704	564	155	688
576	64	768	568	164	748
576	64	832	572	172	811
576	64	896	575	182	872
576	64	960	580	191	934
576	64	1023	585	201	995
576	128	0	548	149	0
576	128	64	547	150	62
576	128	128	547	151	124
576	128	192	547	153	188
576	128	256	548	155	251
576	128	320	550	158	313
576	128	384	552	161	376
576	128	448	553	165	438
576	128	512	556	170	498
576	128	576	559	176	563
576	128	640	562	182	626
576	128	704	564	188	688
576	128	768	568	195	748
576	128	832	573	202	811
576	128	896	576	209	872
576	128	960	580	217	934
576	128	1023	585	225	995
576	192	0	548	206	9
576	192	64	548	208	64
576	192	128	547	209	125
576	192	192	548	210	189
576	192	256	549	211	251
576	192	320	551	213	314
576	192	384	553	216	376
576	192	448	554	219	438
576	192	512	556	222	498
576	192	576	560	227	563
576	192	640	562	231	626
576	192	704	566	236	689
576	192	768	569	241	749
576	192	832	574	247	811
576	192	896	576	252	872
576	192	960	581	258	934
576	192	1023	585	265	994
576	256	0	550	265	23
576	256	64	549	267	67
576	256	128	549	268	126
576	256	192	550	269	190
576	256	256	551	270	252
576	256	320	552	271	314
576	256	384	554	273	376
576	256	448	556	276	439
576	256	512	558	278	498
576	256	576	561	282	563
576	256	640	563	284	626
576	256	704	567	288	689
576	256	768	570	292	749
576	256	832	574	297	810
576	256	896	578	301	872
576	256	960	582	306	934
576	256	1023	587	312	995
576	320	0	551	327	34
576	320	64	551	329	70
576	320	128	551	330	128
576	320	192	551	330	191
576	320	256	552	331	253
576	320	320	554	333	315
576	320	384	556	334	377
576	320	448	557	336	439
576	320	512	560	338	499
576	320	576	563	341	564
576	320	640	565	343	627
576	320	704	568	346	689
576	320	768	572	350	749
576	320	832	576	353	811
576	320	896	580	357	873
576	320	960	584	361	935
576	320	1023	589	365	996
576	384	0	554	388	42
576	384	64	553	391	74
576	384	128	553	391	130
576	384	192	554	392	192
576	384	256	555	392	254
576	384	320	556	394	316
576	384	384	558	395	378
576	384	448	560	397	440
576	384	512	562	398	499
576	384	576	565	401	565
576	384	640	568	403	628
576	384	704	571	405	690
576	384	768	575	408	750
576	384	832	579	411	812
576	384	896	581	413	873
576	384	960	585	416	934
576	384	1023	591	420	996
576	448	0	557	449	50
576	448	64	556	452	79
576	448	128	556	452	133
576	448	192	556	453	194
576	448	256	558	454	255
576	448	320	559	455	317
576	448	384	561	456	379
576	448	448	563	457	441
576	448	512	565	459	500
576	448	576	568	461	565
576	448	640	570	462	628
576	448	704	573	464	690
576	448	768	578	467	751
576	448	832	581	469	813
576	448	896	585	471	874
576	448	960	589	474	936
576	448	1023	594	477	997
576	512	0	560	510	58
576	512	64	560	513	84
576	512	128	559	513	135
576	512	192	560	514	196
576	512	256	561	514	257
576	512	320	563	515	318
576	512	384	564	516	380
576	512	448	566	517	442
576	512	512	568	518	501
576	512	576	571	520	566
576	512	640	574	522	630
576	512	704	577	523	691
576	512	768	581	525	752
576	512	832	585	528	814
576	512	896	587	529	874
576	512	960	591	531	936
576	512	1023	597	534	998
576	576	0	564	576	66
576	576	64	564	580	90
576	576	128	564	580	139
576	576	192	564	581	198
576	576	256	565	581	258
576	576	320	566	582	320
576	576	384	569	583	381
576	576	448	570	584	443
576	576	512	572	585	503
576	576	576	576	587	567
576	576	640	578	588	630
576	576	704	581	589	692
576	576	768	584	591	752
576	576	832	588	593	814
576	576	896	592	594	876
576	576	960	596	596	938
576	576	1023	601	599	999
576	640	0	569	638	74
576	640	64	569	642	95
576	640	128	569	642	142
576	640	192	570	642	201
576	640	256	570	643	260
576	640	320	572	644	322
576	640	384	574	645	383
576	640	448	575	645	444
576	640	512	577	646	504
576	640	576	580	648	569
576	640	640	582	648	631
576	640	704	585	649	693
576	640	768	590	652	754
576	640	832	593	653	816
576	640	896	596	654	877
576	640	960	600	656	939
576	640	1023	606	659	1000
576	704	0	575	701	82
576	704	64	574	704	101
576	704	128	574	704	146
576	704	192	575	705	203
576	704	256	575	705	263
576	704	320	577	706	323
576	704	384	578	707	384
576	704	448	580	708	446
576	704	512	583	709	506
576	704	576	586	711	571
576	704	640	588	711	633
576	704	704	591	712	695
576	704	768	594	713	755
576	704	832	599	716	817
576	704	896	602	716	879
576	704	960	605	717	940
576	704	1023	610	719	1001
576	768	0	580	761	89
576	768	64	579	765	107
576	768	128	579	765	151
576	768	192	580	765	206
576	768	256	581	766	265
576	768	320	583	767	326
576	768	384	584	768	387
576	768	448	585	768	448
576	768	512	588	770	508
576	768	576	591	771	572
576	768	640	593	771	635
576	768	704	596	772	696
576	768	768	599	773	757
576	768	832	604	775	819
576	768	896	607	776	881
576	768	960	611	777	943
576	768	1023	616	779	1003
576	832	0	585	821	96
576	832	64	584	825	113
576	832	128	585	825	154
576	832	192	585	825	209
576	832	256	586	826	267
576	832	320	587	826	327
576	832	384	589	828	388
576	832	448	590	828	449
576	832	512	593	829	509
576	832	576	596	831	573
576	832	640	598	831	636
576	832	704	601	831	697
576	832	768	604	833	757
576	832	832	608	835	820
576	832	896	612	835	881
576	832	960	616	836	943
576	832	1023	620	838	1004
576	896	0	590	882	103
576	896	64	590	886	119
576	896	128	590	886	159
576	896	192	591	887	212
576	896	256	591	887	270
576	896	320	593	888	329
576	896	384	595	889	389
576	896	448	597	890	451
576	896	512	598	890	509
576	896	576	601	891	574
576	896	640	604	892	637
576	896	704	606	893	698
576	896	768	610	894	758
576	896	832	614	896	821
576	896	896	616	895	881
576	896	960	620	896	943
576	896	1023	625	898	1004
576	960	0	596	943	111
576	960	64	596	947	125
576	960	128	596	947	163
576	960	192	597	947	216
576	960	256	597	948	272
576	960	320	599	948	331
576	960	384	601	950	392
576	960	448	602	949	452
576	960	512	604	950	511
576	960	576	607	952	575
576	960	640	609	952	637
576	960	704	612	953	700
576	960	768	616	954	760
576	960	832	619	955	821
576	960	896	622	955	883
576	960	960	626	956	945
576	960	1023	631	958	1006
576	1023	0	603	1002	118
576	1023	64	603	1006	132
576	1023	128	602	1006	168
576	1023	192	603	1007	219
576	1023	256	604	1007	275
576	1023	320	605	1008	334
576	1023	384	607	1009	393
576	1023	448	608	1008	454
576	1023	512	611	1009	513
576	1023	576	613	1011	577
576	1023	640	615	1010	639
576	1023	704	619	1012	701
576	1023	768	622	1013	761
576	1023	832	626	1013	823
576	1023	896	628	1013	884
576	1023	960	632	1013	947
576	1023	1023	637	1013	1008
640	0	0	605	94	0
640	0	64	604	94	60
640	0	128	604	96	123
640	0	192	604	98	188
640	0	256	605	102	251
640	0	320	607	106	313
640	0	384	608	112	375
640	0	448	610	118	438
640	0	512	612	125	498
640	0	576	615	133	563
640	0	640	616	141	626
640	0	704	619	150	687
640	0	768	623	159	749
640	0	832	626	167	811
640	0	896	629	177	872
640	0	960	633	186	934
640	0	1023	638	196	995
640	64	0	605	111	0
640	64	64	604	111	60
640	64	128	604	112	123
640	64	192	604	114	188
640	64	256	606	117	251
640	64	320	607	121	314
640	64	384	608	126	375
640	64	448	610	132	438
640	64	512	612	137	498
640	64	576	615	145	563
640	64	640	617	152	626
640	64	704	619	160	688
640	64	768	623	169	749
640	64	832	627	177	810
640	64	896	630	185	872
640	64	960	634	194	934
640	64	1023	638	205	995
640	128	0	605	154	0
640	128	64	605	155	62
640	128	128	605	156	124
640	128	192	605	157	188
640	128	256	606	160	251
640	128	320	607	162	313
640	128	384	609	166	376
640	128	448	610	170	438
640	128	512	612	174	498
640	128	576	615	180	563
640	128	640	617	185	626
640	128	704	620	192	688
640	128	768	623	198	748
640	128	832	627	205	810
640	128	896	630	213	872
640	128	960	634	221	934
640	128	1023	639	228	996
640	192	0	606	210	2
640	192	64	606	212	64
640	192	128	605	212	125
640	192	192	606	213	189
640	192	256	606	215	251
640	192	320	608	217	314
640	192	384	610	219	376
640	192	448	611	222	438
640	192	512	614	226	498
640	192	576	616	230	564
640	192	640	618	234	626
640	192	704	621	239	688
640	192	768	624	244	749
640	192	832	628	249	811
640	192	896	631	255	873
640	192	960	635	261	935
640	192	1023	639	268	996
640	256	0	608	268	20
640	256	64	607	270	66
640	256	128	606	270	126
640	256	192	607	271	190
640	256	256	608	272	252
640	256	320	609	274	314
640	256	384	611	276	377
640	256	448	613	278	439
640	256	512	614	280	498
640	256	576	617	284	564
640	256	640	620	287	627
640	256	704	622	291	689
640	256	768	625	295	749
640	256	832	630	300	812
640	256	896	632	303	872
640	256	960	636	308	934
640	256	1023	640	314	995
640	320	0	609	329	32
640	320	64	608	332	70
640	320	128	608	332	128
640	320	192	609	333	191
640	320	256	610	334	253
640	320	320	611	335	315
640	320	384	612	337	377
640	320	448	614	339	439
640	320	512	616	340	499
640	320	576	619	343	564
640	320	640	621	345	627
640	320	704	623	348	689
640	320	768	626	351	749
640	320	832	630	355	811
640	320	896	634	359	873
640	320	960	638	363	935
640	320	1023	643	367	997
640	384	0	611	390	41
640	384	64	611	393	74
640	384	128	611	393	130
640	384	192	611	394	192
640	384	256	612	394	254
640	384	320	613	396	316
640	384	384	615	397	378
640	384	448	616	399	440
640	384	512	619	400	500
640	384	576	622	403	565
640	384	640	623	404	628
640	384	704	626	407	690
640	384	768	629	409	750
640	384	832	633	413	812
640	384	896	636	415	874
640	384	960	639	418	935
640	384	1023	643	422	996
640	448	0	614	451	49
640	448	64	613	453	78
640	448	128	613	454	133
640	448	192	614	455	194
640	448	256	615	455	255
640	448	320	616	457	317
640	448	384	618	458	379
640	448	448	619	459	441
640	448	512	621	460	500
640	448	576	624	462	565
640	448	640	625	463	628
640	448	704	628	465	690
640	448	768	632	468	751
640	448	832	635	471	812
640	448	896	638	473	874
640	448	960	642	476	936
640	448	1023	646	479	997
640	512	0	617	511	58
640	512	64	617	515	84
640	512	128	616	515	135
640	512	192	617	515	196
640	512	256	617	516	257
640	512	320	619	516	318
640	512	384	621	518	380
640	512	448	622	519	442
640	512	512	624	520	502
640	512	576	627	522	567
640	512	640	629	523	630
640	512	704	632	525	691
640	512	768	635	527	752
640	512	832	639	529	814
640	512	896	642	531	876
640	512	960	645	533	938
640	512	1023	649	535	998
640	576	0	620	578	66
640	576	64	620	581	89
640	576	128	620	581	139
640	576	192	620	582	198
640	576	256	622	583	259
640	576	320	623	584	320
640	576	384	624	584	381
640	576	448	625	585	443
640	576	512	628	587	503
640	576	576	631	588	568
640	576	640	632	589	630
640	576	704	635	590	692
640	576	768	638	592	752
640	576	832	642	594	815
640	576	896	645	596	876
640	576	960	649	598	938
640	576	1023	653	600	999
640	640	0	625	639	73
640	640	64	625	643	95
640	640	128	624	643	142
640	640	192	625	644	201
640	640	256	626	644	261
640	640	320	627	645	321
640	640	384	629	646	383
640	640	448	630	646	444
640	640	512	632	648	504
640	640	576	635	649	569
640	640	640	636	650	631
640	640	704	640	652	694
640	640	768	643	653	754
640	640	832	646	654	816
640	640	896	649	655	877
640	640	960	653	657	939
640	640	1023	657	660	1000
640	704	0	630	702	81
640	704	64	629	705	101
640	704	128	630	706	146
640	704	192	630	706	203
640	704	256	631	706	263
640	704	320	632	707	323
640	704	384	634	708	385
640	704	448	635	709	446
640	704	512	637	710	506
640	704	576	640	712	571
640	704	640	642	712	633
640	704	704	644	713	695
640	704	768	647	714	755
640	704	832	651	717	818
640	704	896	654	717	879
640	704	960	658	719	941
640	704	1023	663	721	1002
640	768	0	636	763	88
640	768	64	635	766	107
640	768	128	635	767	151
640	768	192	635	767	206
640	768	256	636	767	265
640	768	320	637	768	326
640	768	384	639	769	387
640	768	448	640	769	448
640	768	512	642	770	507
640	768	576	645	772	572
640	768	640	647	772	635
640	768	704	649	773	696
640	768	768	653	775	758
640	768	832	656	776	819
640	768	896	659	777	881
640	768	960	662	778	942
640	768	1023	667	780	1004
640	832	0	640	822	95
640	832	64	639	826	113
640	832	128	639	826	154
640	832	192	639	826	209
640	832	256	641	827	267
640	832	320	641	827	327
640	832	384	643	828	388
640	832	448	644	829	449
640	832	512	646	830	509
640	832	576	649	831	573
640	832	640	651	832	636
640	832	704	653	832	697
640	832	768	657	833	757
640	832	832	661	836	820
640	832	896	663	836	881
640	832	960	667	837	943
640	832	1023	671	839	1004
640	896	0	645	883	103
640	896	64	644	887	119
640	896	128	645	888	159
640	896	192	645	888	212
640	896	256	646	888	270
640	896	320	646	889	329
640	896	384	648	890	389
640	896	448	650	891	451
640	896	512	652	892	510
640	896	576	655	893	575
640	896	640	657	893	637
640	896	704	659	894	699
640	896	768	662	895	759
640	896	832	666	897	821
640	896	896	669	897	882
640	896	960	672	898	945
640	896	1023	677	900	1006
640	960	0	650	944	111
640	960	64	650	948	125
640	960	128	649	948	163
640	960	192	650	949	216
640	960	256	651	949	272
640	960	320	652	949	331
640	960	384	654	951	391
640	960	448	655	951	452
640	960	512	657	951	511
640	960	576	659	953	575
640	960	640	662	954	638
640	960	704	664	954	700
640	960	768	667	955	760
640	960	832	671	957	822
640	960	896	673	956	883
640	960	960	677	957	945
640	960	1023	681	959	1006
640	1023	0	656	1003	118
640	1023	64	656	1007	132
640	1023	128	655	1007	168
640	1023	192	656	1008	219
640	1023	256	657	1008	275
640	1023	320	658	1009	334
640	1023	384	660	1010	394
640	1023	448	661	1010	454
640	1023	512	663	1010	513
640	1023	576	665	1012	577
640	1023	640	667	1011	639
640	1023	704	670	1013	702
640	1023	768	673	1014	762
640	1023	832	676	1014	823
640	1023	896	679	1014	885
640	1023	960	682	1014	947
640	1023	1023	686	1014	1008
704	0	0	665	103	0
704	0	64	663	103	59
704	0	128	663	105	122
704	0	192	664	107	187
704	0	256	664	110	250
704	0	320	665	114	313
704	0	384	667	119	375
704	0	448	668	125	437
704	0	512	670	131	497
704	0	576	673	139	562
704	0	640	675	146	625
704	0	704	678	154	688
704	0	768	680	163	748
704	0	832	683	172	810
704	0	896	686	181	871
704	0	960	689	191	934
704	0	1023	694	200	995
704	64	0	665	118	0
704	64	64	664	119	59
704	64	128	663	119	123
704	64	192	664	121	188
704	64	256	665	124	250
704	64	320	666	128	313
704	64	384	668	132	375
704	64	448	668	138	437
704	64	512	671	143	497
704	64	576	673	150	563
704	64	640	675	157	626
704	64	704	678	165	688
704	64	768	681	173	749
704	64	832	684	181	810
704	64	896	686	189	871
704	64	960	689	199	933
704	64	1023	694	208	994
704	128	0	665	159	0
704	128	64	664	160	60
704	128	128	664	161	123
704	128	192	665	162	188
704	128	256	665	164	251
704	128	320	666	167	313
704	128	384	668	171	375
704	128	448	669	174	438
704	128	512	671	178	497
704	128	576	673	184	562
704	128	640	675	189	625
704	128	704	677	195	687
704	128	768	681	202	748
704	128	832	684	209	810
704	128	896	686	216	871
704	128	960	690	224	934
704	128	1023	694	232	995
704	192	0	665	213	0
704	192	64	665	215	62
704	192	128	665	216	124
704	192	192	665	217	188
704	192	256	666	218	251
704	192	320	667	220	314
704	192	384	668	223	375
704	192	448	670	225	438
704	192	512	672	229	498
704	192	576	675	233	563
704	192	640	676	237	626
704	192	704	678	241	688
704	192	768	681	246	748
704	192	832	685	252	810
704	192	896	687	258	872
704	192	960	691	264	934
704	192	1023	695	270	995
704	256	0	667	270	16
704	256	64	666	272	65
704	256	128	666	273	126
704	256	192	666	274	189
704	256	256	667	275	251
704	256	320	668	276	314
704	256	384	670	278	376
704	256	448	671	280	438
704	256	512	673	283	498
704	256	576	676	287	563
704	256	640	677	289	626
704	256	704	680	293	688
704	256	768	682	297	748
704	256	832	686	301	811
704	256	896	689	306	872
704	256	960	693	311	935
704	256	1023	697	316	996
704	320	0	668	331	30
704	320	64	668	334	69
704	320	128	667	334	127
704	320	192	668	335	190
704	320	256	668	336	252
704	320	320	670	337	315
704	320	384	671	339	377
704	320	448	672	340	439
704	320	512	674	342	498
704	320	576	677	345	564
704	320	640	678	347	626
704	320	704	681	350	689
704	320	768	684	354	749
704	320	832	687	357	811
704	320	896	690	360	872
704	320	960	693	364	935
704	320	1023	697	369	996
704	384	0	670	391	39
704	384	64	669	394	73
704	384	128	669	395	129
704	384	192	670	395	192
704	384	256	671	396	254
704	384	320	671	397	315
704	384	384	673	398	377
704	384	448	674	400	439
704	384	512	676	402	499
704	384	576	679	404	565
704	384	640	681	406	627
704	384	704	683	408	689
704	384	768	686	410	749
704	384	832	689	414	812
704	384	896	692	416	873
704	384	960	695	420	936
704	384	1023	700	424	996
704	448	0	673	452	48
704	448	64	672	455	78
704	448	128	671	455	132
704	448	192	672	456	193
704	448	256	673	457	255
704	448	320	674	458	317
704	448	384	676	459	379
704	448	448	677	460	441
704	448	512	679	461	500
704	448	576	681	463	565
704	448	640	684	465	628
704	448	704	686	467	690
704	448	768	689	470	750
704	448	832	692	472	813
704	448	896	694	474	874
704	448	960	697	476	936
704	448	1023	701	480	997
704	512	0	675	512	55
704	512	64	675	515	83
704	512	128	675	516	134
704	512	192	675	516	195
704	512	256	676	517	257
704	512	320	677	517	318
704	512	384	679	519	380
704	512	448	680	520	442
704	512	512	682	521	501
704	512	576	684	523	566
704	512	640	686	524	629
704	512	704	688	525	691
704	512	768	691	528	751
704	512	832	695	530	814
704	512	896	697	532	875
704	512	960	701	534	937
704	512	1023	705	537	998
704	576	0	679	579	65
704	576	64	679	583	88
704	576	128	679	583	138
704	576	192	679	583	198
704	576	256	680	584	258
704	576	320	681	584	320
704	576	384	682	586	381
704	576	448	683	586	443
704	576	512	685	587	502
704	576	576	688	589	567
704	576	640	689	589	630
704	576	704	692	592	692
704	576	768	695	594	753
704	576	832	697	595	814
704	576	896	700	596	875
704	576	960	704	598	938
704	576	1023	707	601	999
704	640	0	683	640	72
704	640	64	682	643	94
704	640	128	683	644	142
704	640	192	683	644	200
704	640	256	683	644	260
704	640	320	684	645	321
704	640	384	686	646	382
704	640	448	687	647	444
704	640	512	689	648	504
704	640	576	692	650	569
704	640	640	694	651	631
704	640	704	696	652	693
704	640	768	698	653	753
704	640	832	702	655	816
704	640	896	704	656	877
704	640	960	708	658	939
704	640	1023	712	661	1001
704	704	0	687	702	80
704	704	64	686	705	100
704	704	128	686	706	145
704	704	192	687	706	203
704	704	256	688	707	262
704	704	320	689	708	323
704	704	384	690	708	384
704	704	448	691	709	446
704	704	512	693	710	505
704	704	576	696	712	570
704	704	640	697	712	632
704	704	704	700	713	694
704	704	768	702	714	754
704	704	832	706	716	817
704	704	896	709	717	878
704	704	960	712	719	940
704	704	1023	716	721	1002
704	768	0	692	763	88
704	768	64	692	767	106
704	768	128	691	767	149
704	768	192	692	767	206
704	768	256	693	767	265
704	768	320	694	768	325
704	768	384	695	769	386
704	768	448	697	770	448
704	768	512	698	770	507
704	768	576	700	772	571
704	768	640	703	773	635
704	768	704	705	774	696
704	768	768	708	775	757
704	768	832	712	777	819
704	768	896	713	776	880
704	768	960	717	778	942
704	768	1023	720	780	1003
704	832	0	697	823	95
704	832	64	695	826	112
704	832	128	695	826	154
704	832	192	696	827	209
704	832	256	697	827	267
704	832	320	698	828	327
704	832	384	700	829	388
704	832	448	700	829	449
704	832	512	702	830	508
704	832	576	705	832	573
704	832	640	706	832	635
704	832	704	708	832	697
704	832	768	712	834	758
704	832	832	715	835	819
704	832	896	717	836	881
704	832	960	720	837	943
704	832	1023	725	839	1004
704	896	0	701	883	103
704	896	64	701	888	118
704	896	128	701	888	158
704	896	192	701	888	212
704	896	256	702	889	269
704	896	320	703	890	329
704	896	384	704	890	389
704	896	448	705	890	450
704	896	512	707	891	509
704	896	576	710	893	574
704	896	640	711	893	636
704	896	704	713	894	698
704	896	768	716	895	758
704	896	832	719	897	820
704	896	896	722	897	882
704	896	960	725	898	944
704	896	1023	729	900	1005
704	960	0	706	943	110
704	960	64	705	948	125
704	960	128	705	949	163
704	960	192	706	948	215
704	960	256	706	949	272
704	960	320	707	949	331
704	960	384	709	951	391
704	960	448	710	951	452
704	960	512	712	952	511
704	960	576	715	954	575
704	960	640	716	954	637
704	960	704	718	954	699
704	960	768	721	955	759
704	960	832	724	957	821
704	960	896	727	957	883
704	960	960	730	958	945
704	960	1023	734	960	1006
704	1023	0	711	1003	117
704	1023	64	711	1007	131
704	1023	128	711	1008	168
704	1023	192	711	1008	219
704	1023	256	712	1008	274
704	1023	320	712	1008	333
704	1023	384	714	1009	393
704	1023	448	716	1010	454
704	1023	512	718	1011	513
704	1023	576	720	1013	577
704	1023	640	722	1012	639
704	1023	704	724	1012	701
704	1023	768	726	1013	761
704	1023	832	730	1015	823
704	1023	896	733	1015	885
704	1023	960	736	1015	947
704	1023	1023	740	1015	1009
768	0	0	724	112	0
768	0	64	723	112	59
768	0	128	722	113	122
768	0	192	723	115	187
768	0	256	723	118	250
768	0	320	724	122	313
768	0	384	726	127	375
768	0	448	726	132	437
768	0	512	729	138	498
768	0	576	731	145	563
768	0	640	733	152	626
768	0	704	735	160	688
768	0	768	737	168	748
768	0	832	741	177	811
768	0	896	743	185	872
768	0	960	746	195	934
768	0	1023	749	204	994
768	64	0	723	126	0
768	64	64	723	126	59
768	64	128	723	127	123
768	64	192	723	129	187
768	64	256	723	131	250
768	64	320	724	135	313
768	64	384	726	139	375
768	64	448	727	144	437
768	64	512	729	149	497
768	64	576	732	156	563
768	64	640	733	163	626
768	64	704	735	170	687
768	64	768	737	178	748
768	64	832	741	186	810
768	64	896	743	194	872
768	64	960	746	202	934
768	64	1023	749	211	994
768	128	0	724	164	0
768	128	64	723	165	59
768	128	128	722	166	123
768	128	192	723	167	188
768	128	256	724	169	250
768	128	320	725	172	313
768	128	384	726	175	375
768	128	448	727	179	438
768	128	512	729	183	497
768	128	576	731	188	562
768	128	640	733	194	626
768	128	704	735	200	688
768	128	768	738	206	748
768	128	832	741	213	810
768	128	896	743	219	871
768	128	960	746	227	934
768	128	1023	750	235	995
768	192	0	724	217	0
768	192	64	724	219	62
768	192	128	723	219	124
768	192	192	724	220	188
768	192	256	724	222	251
768	192	320	725	224	313
768	192	384	727	226	376
768	192	448	728	229	438
768	192	512	729	232	497
768	192	576	732	236	563
768	192	640	733	240	625
768	192	704	736	245	688
768	192	768	739	250	748
768	192	832	741	255	810
768	192	896	743	260	871
768	192	960	747	266	934
768	192	1023	751	273	995
768	256	0	726	273	12
768	256	64	724	275	64
768	256	128	725	276	125
768	256	192	725	277	189
768	256	256	726	278	251
768	256	320	727	279	314
768	256	384	729	281	376
768	256	448	729	283	438
768	256	512	731	286	498
768	256	576	733	289	563
768	256	640	734	292	626
768	256	704	736	295	688
768	256	768	740	300	749
768	256	832	743	304	811
768	256	896	745	308	872
768	256	960	748	313	934
768	256	1023	752	318	995
768	320	0	727	333	27
768	320	64	726	336	68
768	320	128	726	336	127
768	320	192	726	337	190
768	320	256	727	338	252
768	320	320	728	339	314
768	320	384	729	341	376
768	320	448	730	342	439
768	320	512	732	344	499
768	320	576	735	347	564
768	320	640	736	349	626
768	320	704	738	352	688
768	320	768	741	355	749
768	320	832	744	359	811
768	320	896	747	362	873
768	320	960	748	366	934
768	320	1023	753	370	995
768	384	0	729	393	37
768	384	64	727	396	72
768	384	128	728	396	129
768	384	192	728	397	192
768	384	256	729	397	253
768	384	320	730	399	315
768	384	384	731	400	377
768	384	448	732	401	439
768	384	512	733	403	499
768	384	576	736	405	564
768	384	640	737	407	626
768	384	704	739	409	688
768	384	768	743	413	750
768	384	832	746	415	811
768	384	896	748	418	873
768	384	960	751	421	935
768	384	1023	755	425	996
768	448	0	731	453	48
768	448	64	730	456	77
768	448	128	730	457	132
768	448	192	730	457	193
768	448	256	730	458	254
768	448	320	732	459	316
768	448	384	733	460	378
768	448	448	734	461	440
768	448	512	736	463	500
768	448	576	739	465	565
768	448	640	740	466	628
768	448	704	742	468	690
768	448	768	744	470	750
768	448	832	748	473	813
768	448	896	750	476	874
768	448	960	753	478	936
768	448	1023	758	482	997
768	512	0	733	513	55
768	512	64	733	517	82
768	512	128	732	517	134
768	512	192	733	517	195
768	512	256	734	518	256
768	512	320	734	519	318
768	512	384	736	520	379
768	512	448	737	520	441
768	512	512	738	522	501
768	512	576	741	524	566
768	512	640	742	525	628
768	512	704	744	526	690
768	512	768	748	529	751
768	512	832	750	531	813
768	512	896	752	532	874
768	512	960	756	535	937
768	512	1023	760	538	998
768	576	0	737	580	64
768	576	64	736	583	88
768	576	128	735	583	137
768	576	192	736	584	198
768	576	256	737	584	258
768	576	320	738	585	319
768	576	384	739	586	381
768	576	448	740	587	442
768	576	512	742	588	502
768	576	576	745	590	567
768	576	640	746	591	630
768	576	704	748	592	692
768	576	768	751	594	752
768	576	832	754	596	814
768	576	896	755	596	875
768	576	960	758	598	937
768	576	1023	762	601	998
768	640	0	740	640	71
768	640	64	739	644	94
768	640	128	739	644	141
768	640	192	739	645	200
768	640	256	741	646	260
768	640	320	742	646	321
768	640	384	743	647	382
768	640	448	744	647	444
768	640	512	746	649	503
768	640	576	748	651	568
768	640	640	749	651	631
768	640	704	751	652	692
768	640	768	754	654	753
768	640	832	758	656	815
768	640	896	760	657	877
768	640	960	762	659	939
768	640	1023	766	661	1000
768	704	0	745	703	80
768	704	64	744	707	99
768	704	128	744	707	145
768	704	192	744	707	203
768	704	256	744	708	262
768	704	320	746	708	323
768	704	384	747	710	384
768	704	448	748	709	445
768	704	512	749	710	505
768	704	576	752	712	569
768	704	640	753	712	632
768	704	704	756	714	695
768	704	768	759	716	755
768	704	832	761	717	816
768	704	896	763	718	878
768	704	960	766	719	940
768	704	1023	770	721	1001
768	768	0	749	763	87
768	768	64	748	767	106
768	768	128	749	768	150
768	768	192	749	768	206
768	768	256	749	768	264
768	768	320	750	769	325
768	768	384	751	770	386
768	768	448	753	770	447
768	768	512	755	771	507
768	768	576	757	773	572
768	768	640	758	773	634
768	768	704	760	774	696
768	768	768	763	775	756
768	768	832	766	777	818
768	768	896	768	778	880
768	768	960	771	779	942
768	768	1023	775	781	1004
768	832	0	753	823	95
768	832	64	752	827	112
768	832	128	752	827	153
768	832	192	753	827	208
768	832	256	753	827	267
768	832	320	754	828	326
768	832	384	755	829	387
768	832	448	757	830	449
768	832	512	757	830	507
768	832	576	760	832	572
768	832	640	762	833	635
768	832	704	764	833	697
768	832	768	767	835	757
768	832	832	770	837	819
768	832	896	771	836	880
768	832	960	774	837	942
768	832	1023	778	839	1003
768	896	0	758	884	102
768	896	64	757	888	118
768	896	128	756	888	158
768	896	192	757	889	212
768	896	256	758	889	269
768	896	320	759	890	329
768	896	384	760	891	389
768	896	448	760	890	450
768	896	512	762	891	509
768	896	576	765	893	573
768	896	640	766	893	635
768	896	704	769	895	698
768	896	768	771	896	758
768	896	832	773	896	819
768	896	896	776	897	881
768	896	960	779	898	943
768	896	1023	783	900	1005
768	960	0	763	945	110
768	960	64	761	948	124
768	960	128	761	949	163
768	960	192	761	949	215
768	960	256	762	950	272
768	960	320	763	951	331
768	960	384	765	952	391
768	960	448	765	951	451
768	960	512	767	952	511
768	960	576	769	954	575
768	960	640	771	954	637
768	960	704	773	954	699
768	960	768	776	957	760
768	960	832	779	957	821
768	960	896	781	957	883
768	960	960	784	958	945
768	960	1023	787	960	1006
768	1023	0	767	1004	117
768	1023	64	766	1008	131
768	1023	128	767	1009	168
768	1023	192	766	1008	218
768	1023	256	768	1009	275
768	1023	320	769	1010	333
768	1023	384	769	1010	392
768	1023	448	771	1010	453
768	1023	512	772	1011	512
768	1023	576	775	1012	577
768	1023	640	776	1012	639
768	1023	704	778	1012	700
768	1023	768	780	1013	760
768	1023	832	783	1015	823
768	1023	896	786	1015	884
768	1023	960	789	1015	947
768	1023	1023	792	1015	1008
832	0	0	781	121	0
832	0	64	780	121	57
832	0	128	780	122	122
832	0	192	780	123	187
832	0	256	781	126	250
832	0	320	782	130	313
832	0	384	783	134	375
832	0	448	784	140	437
832	0	512	786	145	497
832	0	576	788	151	562
832	0	640	789	159	625
832	0	704	791	166	687
832	0	768	794	174	748
832	0	832	797	182	810
832	0	896	799	191	872
832	0	960	802	199	934
832	0	1023	805	208	995
832	64	0	781	133	0
832	64	64	780	134	57
832	64	128	780	135	122
832	64	192	781	136	187
832	64	256	782	139	250
832	64	320	783	142	313
832	64	384	783	146	375
832	64	448	784	151	437
832	64	512	786	155	497
832	64	576	788	162	562
832	64	640	790	168	625
832	64	704	791	175	687
832	64	768	794	182	747
832	64	832	797	190	810
832	64	896	799	198	872
832	64	960	802	207	934
832	64	1023	806	216	995
832	128	0	782	170	0
832	128	64	781	171	58
832	128	128	781	172	122
832	128	192	781	173	187
832	128	256	781	175	250
832	128	320	782	177	312
832	128	384	784	180	375
832	128	448	785	184	437
832	128	512	786	188	497
832	128	576	789	193	563
832	128	640	790	199	625
832	128	704	792	204	687
832	128	768	794	210	748
832	128	832	798	217	810
832	128	896	800	224	872
832	128	960	803	231	934
832	128	1023	806	239	996
832	192	0	783	221	0
832	192	64	781	223	60
832	192	128	782	224	123
832	192	192	782	224	188
832	192	256	782	226	250
832	192	320	783	228	313
832	192	384	785	230	375
832	192	448	786	233	438
832	192	512	787	236	498
832	192	576	790	240	563
832	192	640	791	244	626
832	192	704	793	248	688
832	192	768	795	253	748
832	192	832	799	259	811
832	192	896	801	264	872
832	192	960	803	270	934
832	192	1023	806	276	995
832	256	0	784	276	0
832	256	64	783	278	63
832	256	128	783	279	125
832	256	192	783	280	189
832	256	256	784	281	251
832	256	320	784	282	314
832	256	384	786	284	376
832	256	448	787	286	438
832	256	512	788	288	498
832	256	576	790	292	563
832	256	640	792	295	626
832	256	704	794	298	688
832	256	768	797	302	749
832	256	832	800	307	811
832	256	896	801	311	872
832	256	960	803	316	934
832	256	1023	807	321	995
832	320	0	785	336	23
832	320	64	784	338	67
832	320	128	784	339	126
832	320	192	784	339	190
832	320	256	785	341	252
832	320	320	786	342	314
832	320	384	787	343	376
832	320	448	787	345	438
832	320	512	789	347	498
832	320	576	792	349	563
832	320	640	793	352	626
832	320	704	794	354	688
832	320	768	797	357	749
832	320	832	800	361	811
832	320	896	803	364	873
832	320	960	805	368	935
832	320	1023	808	373	996
832	384	0	787	395	35
832	384	64	786	398	71
832	384	128	785	398	128
832	384	192	786	399	191
832	384	256	786	400	253
832	384	320	787	401	315
832	384	384	788	402	377
832	384	448	789	404	439
832	384	512	790	405	499
832	384	576	794	408	564
832	384	640	795	409	627
832	384	704	797	412	689
832	384	768	799	414	749
832	384	832	802	417	812
832	384	896	803	419	872
832	384	960	806	423	935
832	384	1023	810	427	996
832	448	0	789	456	45
832	448	64	788	458	76
832	448	128	787	459	131
832	448	192	788	459	193
832	448	256	789	460	254
832	448	320	790	461	316
832	448	384	791	462	378
832	448	448	791	463	440
832	448	512	793	464	500
832	448	576	795	466	565
832	448	640	796	468	627
832	448	704	798	469	689
832	448	768	802	473	750
832	448	832	804	475	812
832	448	896	806	477	874
832	448	960	808	480	936
832	448	1023	812	483	997
832	512	0	791	515	54
832	512	64	790	518	81
832	512	128	790	518	133
832	512	192	790	519	194
832	512	256	791	519	256
832	512	320	791	520	317
832	512	384	793	521	379
832	512	448	794	522	441
832	512	512	796	524	501
832	512	576	798	526	566
832	512	640	800	527	629
832	512	704	801	528	691
832	512	768	803	530	751
832	512	832	807	533	814
832	512	896	809	535	875
832	512	960	811	536	936
832	512	1023	814	539	997
832	576	0	794	581	62
832	576	64	793	584	87
832	576	128	793	585	137
832	576	192	793	585	197
832	576	256	794	586	258
832	576	320	795	586	319
832	576	384	796	587	380
832	576	448	797	588	442
832	576	512	799	589	502
832	576	576	801	591	567
832	576	640	802	592	629
832	576	704	804	593	691
832	576	768	807	595	752
832	576	832	809	597	814
832	576	896	812	598	876
832	576	960	814	601	938
832	576	1023	818	603	999
832	640	0	798	642	71
832	640	64	797	646	93
832	640	128	796	646	141
832	640	192	797	646	199
832	640	256	798	647	259
832	640	320	798	647	321
832	640	384	800	649	382
832	640	448	800	649	443
832	640	512	802	650	503
832	640	576	804	651	568
832	640	640	805	652	630
832	640	704	808	654	693
832	640	768	811	656	753
832	640	832	813	657	815
832	640	896	814	658	876
832	640	960	817	659	939
832	640	1023	820	662	1000
832	704	0	801	704	78
832	704	64	801	708	99
832	704	128	801	708	145
832	704	192	801	708	202
832	704	256	801	709	261
832	704	320	802	709	322
832	704	384	804	710	384
832	704	448	805	711	445
832	704	512	806	712	505
832	704	576	809	714	570
832	704	640	810	714	632
832	704	704	812	715	694
832	704	768	814	717	755
832	704	832	817	719	817
832	704	896	819	719	879
832	704	960	822	721	941
832	704	1023	825	723	1002
832	768	0	807	765	86
832	768	64	805	768	105
832	768	128	805	768	149
832	768	192	806	770	206
832	768	256	806	770	264
832	768	320	807	771	325
832	768	384	809	772	386
832	768	448	809	771	447
832	768	512	811	772	507
832	768	576	813	774	571
832	768	640	814	774	634
832	768	704	815	774	696
832	768	768	819	777	757
832	768	832	821	778	818
832	768	896	823	778	880
832	768	960	826	780	942
832	768	1023	829	782	1003
832	832	0	809	823	94
832	832	64	808	827	111
832	832	128	809	828	153
832	832	192	809	828	208
832	832	256	809	828	266
832	832	320	810	829	326
832	832	384	811	830	387
832	832	448	812	831	449
832	832	512	814	832	508
832	832	576	816	833	573
832	832	640	817	833	635
832	832	704	819	834	697
832	832	768	821	835	757
832	832	832	825	837	819
832	832	896	826	838	881
832	832	960	829	839	943
832	832	1023	833	841	1005
832	896	0	813	885	101
832	896	64	813	889	117
832	896	128	813	890	157
832	896	192	813	890	211
832	896	256	813	890	268
832	896	320	814	890	328
832	896	384	815	892	389
832	896	448	816	892	450
832	896	512	818	893	509
832	896	576	821	895	574
832	896	640	822	895	636
832	896	704	823	895	698
832	896	768	825	896	758
832	896	832	829	898	820
832	896	896	831	899	882
832	896	960	834	900	944
832	896	1023	836	900	1005
832	960	0	818	946	109
832	960	64	817	950	124
832	960	128	816	949	162
832	960	192	817	950	215
832	960	256	817	951	271
832	960	320	818	951	330
832	960	384	820	952	390
832	960	448	821	953	452
832	960	512	821	953	510
832	960	576	824	954	574
832	960	640	826	955	637
832	960	704	828	956	699
832	960	768	830	957	759
832	960	832	832	957	821
832	960	896	834	957	882
832	960	960	837	959	945
832	960	1023	840	960	1006
832	1023	0	823	1005	116
832	1023	64	822	1009	130
832	1023	128	821	1009	166
832	1023	192	822	1010	218
832	1023	256	823	1010	274
832	1023	320	823	1010	333
832	1023	384	825	1011	393
832	1023	448	825	1010	453
832	1023	512	827	1011	512
832	1023	576	829	1013	576
832	1023	640	830	1012	638
832	1023	704	833	1014	701
832	1023	768	835	1015	761
832	1023	832	837	1015	822
832	1023	896	839	1015	884
832	1023	960	842	1015	947
832	1023	1023	845	1016	1008
896	0	0	838	129	0
896	0	64	837	129	56
896	0	128	836	130	122
896	0	192	837	132	187
896	0	256	837	134	250
896	0	320	838	137	312
896	0	384	839	141	375
896	0	448	840	146	437
896	0	512	841	151	497
896	0	576	843	158	562
896	0	640	846	165	626
896	0	704	847	172	688
896	0	768	849	179	748
896	0	832	851	187	810
896	0	896	853	195	872
896	0	960	856	204	934
896	0	1023	860	213	995
896	64	0	838	140	0
896	64	64	837	141	56
896	64	128	837	142	122
896	64	192	837	143	187
896	64	256	837	145	250
896	64	320	838	149	313
896	64	384	840	153	375
896	64	448	841	157	438
896	64	512	841	162	497
896	64	576	844	168	562
896	64	640	845	174	626
896	64	704	847	181	688
896	64	768	849	188	748
896	64	832	851	195	810
896	64	896	853	203	871
896	64	960	856	211	934
896	64	1023	860	220	995
896	128	0	838	176	0
896	128	64	837	177	57
896	128	128	837	177	122
896	128	192	837	179	187
896	128	256	838	180	250
896	128	320	839	183	313
896	128	384	840	186	375
896	128	448	840	189	437
896	128	512	842	193	497
896	128	576	844	198	562
896	128	640	845	203	625
896	128	704	848	209	688
896	128	768	850	215	749
896	128	832	852	221	810
896	128	896	854	228	872
896	128	960	856	235	934
896	128	1023	860	243	995
896	192	0	839	226	0
896	192	64	838	227	60
896	192	128	837	228	123
896	192	192	838	229	188
896	192	256	839	230	250
896	192	320	839	232	313
896	192	384	841	234	376
896	192	448	841	237	437
896	192	512	842	239	497
896	192	576	845	244	563
896	192	640	846	248	625
896	192	704	847	251	688
896	192	768	851	257	749
896	192	832	853	262	810
896	192	896	854	267	872
896	192	960	857	273	935
896	192	1023	860	280	995
896	256	0	839	279	0
896	256	64	839	281	62
896	256	128	839	282	124
896	256	192	839	283	188
896	256	256	840	284	251
896	256	320	840	285	313
896	256	384	841	287	376
896	256	448	842	289	438
896	256	512	844	291	498
896	256	576	846	295	563
896	256	640	847	298	626
896	256	704	848	301	688
896	256	768	851	305	748
896	256	832	854	310	811
896	256	896	856	314	873
896	256	960	858	319	935
896	256	1023	862	324	996
896	320	0	841	338	20
896	320	64	840	341	67
896	320	128	839	341	126
896	320	192	840	342	190
896	320	256	840	343	252
896	320	320	841	344	314
896	320	384	843	346	376
896	320	448	844	347	439
896	320	512	844	349	498
896	320	576	846	351	563
896	320	640	847	353	626
896	320	704	850	357	689
896	320	768	852	360	749
896	320	832	854	363	811
896	320	896	856	366	872
896	320	960	859	370	935
896	320	1023	862	375	996
896	384	0	842	397	34
896	384	64	841	400	71
896	384	128	841	401	128
896	384	192	841	401	191
896	384	256	842	402	253
896	384	320	843	403	315
896	384	384	844	404	377
896	384	448	845	405	439
896	384	512	846	407	499
896	384	576	849	409	564
896	384	640	849	411	627
896	384	704	851	413	689
896	384	768	853	416	749
896	384	832	856	419	812
896	384	896	858	422	873
896	384	960	860	425	935
896	384	1023	864	429	997
896	448	0	844	457	44
896	448	64	844	460	76
896	448	128	843	460	130
896	448	192	843	461	193
896	448	256	844	462	254
896	448	320	845	463	316
896	448	384	846	464	378
896	448	448	847	465	440
896	448	512	848	466	500
896	448	576	851	469	565
896	448	640	852	470	628
896	448	704	853	472	690
896	448	768	856	474	750
896	448	832	859	477	813
896	448	896	861	479	875
896	448	960	862	481	936
896	448	1023	865	484	997
896	512	0	847	517	53
896	512	64	845	519	81
896	512	128	846	520	134
896	512	192	846	520	194
896	512	256	847	521	256
896	512	320	847	522	318
896	512	384	848	523	379
896	512	448	849	524	441
896	512	512	851	525	501
896	512	576	853	527	566
896	512	640	854	528	628
896	512	704	855	529	691
896	512	768	859	532	752
896	512	832	861	534	813
896	512	896	863	536	875
896	512	960	865	538	937
896	512	1023	869	541	999
896	576	0	850	583	62
896	576	64	849	586	87
896	576	128	848	586	137
896	576	192	849	587	197
896	576	256	849	587	257
896	576	320	850	588	319
896	576	384	851	589	381
896	576	448	852	589	442
896	576	512	853	590	502
896	576	576	855	592	567
896	576	640	856	593	629
896	576	704	859	595	692
896	576	768	861	597	752
896	576	832	863	598	814
896	576	896	865	599	875
896	576	960	867	601	938
896	576	1023	871	604	999
896	640	0	853	643	69
896	640	64	852	647	92
896	640	128	852	647	140
896	640	192	852	647	199
896	640	256	852	648	259
896	640	320	853	649	321
896	640	384	854	650	382
896	640	448	856	650	444
896	640	512	857	652	503
896	640	576	859	653	568
896	640	640	860	654	631
896	640	704	862	655	693
896	640	768	864	657	753
896	640	832	867	659	816
896	640	896	869	660	877
896	640	960	871	661	939
896	640	1023	875	664	1001
896	704	0	857	706	79
896	704	64	855	709	99
896	704	128	855	709	144
896	704	192	856	710	202
896	704	256	857	710	262
896	704	320	857	711	323
896	704	384	859	712	384
896	704	448	859	712	445
896	704	512	861	713	505
896	704	576	863	715	570
896	704	640	864	715	632
896	704	704	865	716	694
896	704	768	868	718	755
896	704	832	870	719	817
896	704	896	872	720	878
896	704	960	875	721	941
896	704	1023	878	724	1002
896	768	0	861	765	85
896	768	64	860	769	104
896	768	128	860	769	149
896	768	192	860	770	205
896	768	256	861	770	264
896	768	320	861	771	325
896	768	384	863	772	386
896	768	448	864	773	447
896	768	512	865	773	506
896	768	576	867	774	571
896	768	640	869	776	634
896	768	704	870	776	697
896	768	768	872	778	757
896	768	832	876	780	819
896	768	896	876	779	880
896	768	960	879	780	942
896	768	1023	881	782	1003
896	832	0	864	825	94
896	832	64	864	829	111
896	832	128	863	829	153
896	832	192	863	830	208
896	832	256	864	830	266
896	832	320	865	831	326
896	832	384	866	832	387
896	832	448	866	831	448
896	832	512	868	832	508
896	832	576	870	834	572
896	832	640	871	834	634
896	832	704	873	836	697
896	832	768	876	837	757
896	832	832	878	838	819
896	832	896	879	838	880
896	832	960	882	839	943
896	832	1023	885	841	1005
896	896	0	869	887	101
896	896	64	867	890	116
896	896	128	867	891	157
896	896	192	867	891	211
896	896	256	868	892	269
896	896	320	869	892	328
896	896	384	869	892	388
896	896	448	870	893	450
896	896	512	872	894	509
896	896	576	874	895	574
896	896	640	875	895	636
896	896	704	876	896	698
896	896	768	880	898	759
896	896	832	882	899	820
896	896	896	883	899	882
896	896	960	886	900	944
896	896	1023	889	902	1005
896	960	0	872	946	109
896	960	64	871	951	124
896	960	128	871	951	162
896	960	192	871	951	215
896	960	256	871	951	271
896	960	320	872	952	330
896	960	384	873	953	390
896	960	448	874	954	451
896	960	512	876	955	511
896	960	576	878	956	575
896	960	640	879	956	637
896	960	704	880	956	699
896	960	768	883	957	759
896	960	832	886	959	821
896	960	896	887	959	883
896	960	960	890	960	946
896	960	1023	893	962	1007
896	1023	0	877	1005	116
896	1023	64	876	1010	130
896	1023	128	876	1011	167
896	1023	192	876	1010	218
896	1023	256	876	1010	274
896	1023	320	877	1011	333
896	1023	384	878	1012	392
896	1023	448	879	1012	453
896	1023	512	881	1013	513
896	1023	576	883	1015	577
896	1023	640	884	1014	639
896	1023	704	885	1014	701
896	1023	768	887	1015	761
896	1023	832	890	1017	823
896	1023	896	892	1017	885
896	1023	960	895	1017	947
896	1023	1023	898	1017	1009
960	0	0	895	138	0
960	0	64	894	138	55
960	0	128	894	139	121
960	0	192	894	140	186
960	0	256	894	142	249
960	0	320	895	145	312
960	0	384	896	149	375
960	0	448	898	154	437
960	0	512	899	159	497
960	0	576	901	165	563
960	0	640	902	171	625
960	0	704	903	178	688
960	0	768	905	185	748
960	0	832	908	193	811
960	0	896	910	201	872
960	0	960	912	209	935
960	0	1023	916	218	996
960	64	0	895	149	0
960	64	64	894	149	55
960	64	128	894	150	121
960	64	192	894	152	186
960	64	256	895	153	250
960	64	320	895	156	312
960	64	384	896	160	375
960	64	448	897	164	437
960	64	512	899	169	497
960	64	576	901	174	563
960	64	640	902	180	625
960	64	704	903	187	688
960	64	768	905	194	748
960	64	832	908	201	811
960	64	896	910	208	873
960	64	960	912	217	935
960	64	1023	916	225	996
960	128	0	895	182	0
960	128	64	895	183	56
960	128	128	894	183	122
960	128	192	894	185	187
960	128	256	895	187	250
960	128	320	896	188	313
960	128	384	897	192	375
960	128	448	898	195	438
960	128	512	900	199	498
960	128	576	902	204	563
960	128	640	902	208	626
960	128	704	904	214	688
960	128	768	906	220	748
960	128	832	909	226	811
960	128	896	910	232	873
960	128	960	912	239	934
960	128	1023	915	247	995
960	192	0	896	230	0
960	192	64	895	232	58
960	192	128	895	232	122
960	192	192	895	233	187
960	192	256	895	235	250
960	192	320	896	236	313
960	192	384	898	239	376
960	192	448	898	241	437
960	192	512	899	244	497
960	192	576	902	248	563
960	192	640	902	251	625
960	192	704	905	256	688
960	192	768	907	261	749
960	192	832	909	266	810
960	192	896	910	271	872
960	192	960	913	277	934
960	192	1023	916	283	996
960	256	0	898	283	0
960	256	64	896	285	62
960	256	128	896	286	124
960	256	192	897	287	188
960	256	256	897	288	251
960	256	320	898	289	314
960	256	384	899	291	376
960	256	448	899	293	438
960	256	512	900	295	498
960	256	576	903	298	563
960	256	640	903	301	626
960	256	704	905	304	688
960	256	768	908	309	749
960	256	832	910	313	811
960	256	896	911	317	873
960	256	960	914	322	935
960	256	1023	917	327	996
960	320	0	898	342	19
960	320	64	897	344	65
960	320	128	897	345	126
960	320	192	897	345	189
960	320	256	897	346	252
960	320	320	898	347	314
960	320	384	900	349	376
960	320	448	900	350	439
960	320	512	902	352	499
960	320	576	904	355	564
960	320	640	905	357	627
960	320	704	906	360	689
960	320	768	908	363	749
960	320	832	912	367	812
960	320	896	913	369	873
960	320	960	915	374	936
960	320	1023	919	378	997
960	384	0	900	400	31
960	384	64	899	403	70
960	384	128	898	403	128
960	384	192	899	404	191
960	384	256	899	404	253
960	384	320	900	406	315
960	384	384	902	407	377
960	384	448	902	408	439
960	384	512	903	409	499
960	384	576	905	412	564
960	384	640	906	413	627
960	384	704	908	417	690
960	384	768	910	419	750
960	384	832	912	421	812
960	384	896	914	424	873
960	384	960	916	428	936
960	384	1023	920	432	997
960	448	0	902	459	42
960	448	64	900	462	75
960	448	128	901	463	130
960	448	192	901	464	193
960	448	256	901	464	254
960	448	320	902	465	316
960	448	384	903	466	378
960	448	448	904	467	440
960	448	512	905	469	500
960	448	576	908	471	565
960	448	640	908	472	628
960	448	704	909	474	690
960	448	768	912	476	750
960	448	832	914	479	813
960	448	896	916	481	874
960	448	960	919	484	937
960	448	1023	922	487	999
960	512	0	904	519	51
960	512	64	904	522	80
960	512	128	903	522	133
960	512	192	903	523	194
960	512	256	904	524	256
960	512	320	904	524	318
960	512	384	906	526	379
960	512	448	906	526	441
960	512	512	907	527	501
960	512	576	909	529	566
960	512	640	910	530	628
960	512	704	912	532	691
960	512	768	915	534	752
960	512	832	916	536	813
960	512	896	918	538	875
960	512	960	920	540	937
960	512	1023	924	543	999
960	576	0	907	584	61
960	576	64	906	588	86
960	576	128	906	589	137
960	576	192	906	589	197
960	576	256	906	589	257
960	576	320	907	590	319
960	576	384	908	591	381
960	576	448	909	592	443
960	576	512	911	593	503
960	576	576	913	595	567
960	576	640	914	596	630
960	576	704	915	597	692
960	576	768	917	599	752
960	576	832	920	601	815
960	576	896	922	602	877
960	576	960	924	604	939
960	576	1023	926	606	999
960	640	0	910	645	68
960	640	64	909	649	92
960	640	128	909	649	140
960	640	192	909	649	199
960	640	256	910	650	259
960	640	320	911	651	321
960	640	384	912	652	382
960	640	448	912	652	444
960	640	512	914	653	503
960	640	576	916	655	569
960	640	640	916	655	631
960	640	704	918	656	693
960	640	768	921	659	754
960	640	832	923	660	816
960	640	896	924	661	877
960	640	960	926	663	940
960	640	1023	930	665	1001
960	704	0	914	707	77
960	704	64	913	711	98
960	704	128	912	711	144
960	704	192	913	712	202
960	704	256	913	712	262
960	704	320	914	713	323
960	704	384	915	714	384
960	704	448	916	714	446
960	704	512	917	714	505
960	704	576	919	716	570
960	704	640	919	716	632
960	704	704	922	718	695
960	704	768	924	720	755
960	704	832	926	721	817
960	704	896	928	721	879
960	704	960	930	723	941
960	704	1023	933	725	1003
960	768	0	918	767	85
960	768	64	917	771	105
960	768	128	917	772	149
960	768	192	916	771	205
960	768	256	917	772	264
960	768	320	918	773	325
960	768	384	919	774	386
960	768	448	920	774	448
960	768	512	921	775	507
960	768	576	924	777	572
960	768	640	924	777	634
960	768	704	925	777	696
960	768	768	928	779	757
960	768	832	931	781	819
960	768	896	932	781	881
960	768	960	934	783	943
960	768	1023	938	785	1005
960	832	0	921	826	93
960	832	64	920	831	111
960	832	128	919	831	152
960	832	192	920	831	208
960	832	256	920	831	266
960	832	320	921	832	326
960	832	384	922	833	387
960	832	448	923	834	449
960	832	512	925	835	508
960	832	576	927	836	573
960	832	640	927	836	635
960	832	704	929	837	698
960	832	768	931	838	758
960	832	832	934	840	820
960	832	896	935	840	882
960	832	960	936	840	943
960	832	1023	939	842	1005
960	896	0	924	888	100
960	896	64	924	892	116
960	896	128	923	892	156
960	896	192	924	893	211
960	896	256	924	893	269
960	896	320	925	894	328
960	896	384	926	895	389
960	896	448	926	894	449
960	896	512	927	895	509
960	896	576	929	896	573
960	896	640	930	896	636
960	896	704	932	898	699
960	896	768	934	899	759
960	896	832	936	899	820
960	896	896	938	900	882
960	896	960	940	901	944
960	896	1023	943	903	1006
960	960	0	928	948	108
960	960	64	926	951	124
960	960	128	926	952	161
960	960	192	927	953	215
960	960	256	928	953	271
960	960	320	928	954	330
960	960	384	930	955	391
960	960	448	929	954	451
960	960	512	931	956	511
960	960	576	933	957	575
960	960	640	934	957	637
960	960	704	935	957	699
960	960	768	938	959	760
960	960	832	940	960	822
960	960	896	942	960	883
960	960	960	944	961	946
960	960	1023	947	963	1007
960	1023	0	933	1007	115
960	1023	64	931	1011	130
960	1023	128	931	1012	166
960	1023	192	932	1013	218
960	1023	256	932	1013	274
960	1023	320	934	1014	333
960	1023	384	935	1014	393
960	1023	448	934	1013	453
960	1023	512	936	1014	512
960	1023	576	938	1015	577
960	1023	640	938	1015	639
960	1023	704	940	1015	701
960	1023	768	943	1018	762
960	1023	832	945	1018	823
960	1023	896	946	1018	885
960	1023	960	948	1018	948
960	1023	1023	952	1018	1009
1023	0	0	954	146	0
1023	0	64	953	146	53
1023	0	128	952	147	120
1023	0	192	953	149	186
1023	0	256	953	151	249
1023	0	320	954	154	312
1023	0	384	955	158	375
1023	0	448	956	162	437
1023	0	512	956	166	497
1023	0	576	958	172	562
1023	0	640	960	178	626
1023	0	704	961	185	688
1023	0	768	963	192	748
1023	0	832	966	199	811
1023	0	896	966	206	872
1023	0	960	968	215	934
1023	0	1023	972	223	996
1023	64	0	954	156	0
1023	64	64	953	157	53
1023	64	128	952	158	120
1023	64	192	953	159	186
1023	64	256	953	161	249
1023	64	320	954	163	312
1023	64	384	955	167	375
1023	64	448	956	171	437
1023	64	512	957	175	497
1023	64	576	959	181	562
1023	64	640	960	186	626
1023	64	704	962	193	688
1023	64	768	963	200	748
1023	64	832	967	207	811
1023	64	896	967	214	872
1023	64	960	969	222	934
1023	64	1023	972	230	996
1023	128	0	954	188	0
1023	128	64	953	189	54
1023	128	128	953	189	121
1023	128	192	953	191	186
1023	128	256	954	192	249
1023	128	320	955	194	313
1023	128	384	956	198	375
1023	128	448	956	201	437
1023	128	512	957	204	497
1023	128	576	959	209	562
1023	128	640	959	213	625
1023	128	704	962	219	688
1023	128	768	964	225	748
1023	128	832	966	231	810
1023	128	896	967	237	872
1023	128	960	969	244	934
1023	128	1023	972	251	996
1023	192	0	955	235	0
1023	192	64	953	236	57
1023	192	128	953	237	122
1023	192	192	954	238	187
1023	192	256	954	239	250
1023	192	320	955	241	313
1023	192	384	957	243	375
1023	192	448	956	245	437
1023	192	512	958	248	497
1023	192	576	960	252	563
1023	192	640	960	256	625
1023	192	704	961	260	688
1023	192	768	965	265	749
1023	192	832	966	270	811
1023	192	896	968	275	872
1023	192	960	970	281	935
1023	192	1023	973	287	996
1023	256	0	956	287	0
1023	256	64	955	289	61
1023	256	128	955	289	123
1023	256	192	954	290	188
1023	256	256	956	291	251
1023	256	320	956	293	314
1023	256	384	957	294	376
1023	256	448	957	296	438
1023	256	512	959	299	498
1023	256	576	961	302	563
1023	256	640	961	305	626
1023	256	704	963	308	688
1023	256	768	965	312	748
1023	256	832	968	316	811
1023	256	896	969	320	873
1023	256	960	971	325	935
1023	256	1023	974	330	997
1023	320	0	956	344	13
1023	320	64	955	347	64
1023	320	128	955	347	125
1023	320	192	955	348	189
1023	320	256	956	348	251
1023	320	320	957	350	314
1023	320	384	958	351	376
1023	320	448	959	353	439
1023	320	512	959	354	498
1023	320	576	961	357	563
1023	320	640	962	360	626
1023	320	704	964	362	689
1023	320	768	966	365	749
1023	320	832	968	368	811
1023	320	896	969	372	873
1023	320	960	971	375	935
1023	320	1023	974	380	997
1023	384	0	958	402	29
1023	384	64	957	405	68
1023	384	128	956	405	127
1023	384	192	957	406	190
1023	384	256	958	407	252
1023	384	320	958	408	315
1023	384	384	959	409	377
1023	384	448	959	410	439
1023	384	512	961	412	499
1023	384	576	963	414	564
1023	384	640	964	416	627
1023	384	704	965	418	689
1023	384	768	968	421	750
1023	384	832	970	424	812
1023	384	896	971	426	874
1023	384	960	973	429	936
1023	384	1023	976	433	998
1023	448	0	960	461	40
1023	448	64	959	464	74
1023	448	128	959	465	129
1023	448	192	959	465	192
1023	448	256	959	466	254
1023	448	320	960	467	316
1023	448	384	961	468	378
1023	448	448	962	469	440
1023	448	512	963	471	500
1023	448	576	966	473	565
1023	448	640	966	474	628
1023	448	704	967	476	690
1023	448	768	969	478	750
1023	448	832	972	481	813
1023	448	896	973	483	875
1023	448	960	975	485	936
1023	448	1023	977	488	998
1023	512	0	963	521	50
1023	512	64	961	523	79
1023	512	128	961	524	133
1023	512	192	961	524	194
1023	512	256	962	525	256
1023	512	320	963	526	317
1023	512	384	964	527	379
1023	512	448	963	527	441
1023	512	512	965	529	501
1023	512	576	967	531	566
1023	512	640	968	532	629
1023	512	704	968	533	690
1023	512	768	972	536	752
1023	512	832	974	537	813
1023	512	896	975	539	875
1023	512	960	977	541	937
1023	512	1023	980	544	999
1023	576	0	965	586	60
1023	576	64	964	589	85
1023	576	128	963	589	136
1023	576	192	964	590	196
1023	576	256	964	591	257
1023	576	320	964	591	318
1023	576	384	966	593	380
1023	576	448	967	594	443
1023	576	512	967	594	501
1023	576	576	969	595	567
1023	576	640	970	596	629
1023	576	704	972	598	692
1023	576	768	974	600	752
1023	576	832	976	601	814
1023	576	896	977	603	876
1023	576	960	979	605	938
1023	576	1023	982	607	1000
1023	640	0	967	646	68
1023	640	64	966	650	91
1023	640	128	967	650	139
1023	640	192	966	650	198
1023	640	256	967	651	259
1023	640	320	967	651	320
1023	640	384	969	653	381
1023	640	448	969	653	443
1023	640	512	971	655	503
1023	640	576	973	656	568
1023	640	640	974	657	631
1023	640	704	975	658	693
1023	640	768	977	659	753
1023	640	832	979	661	816
1023	640	896	981	662	877
1023	640	960	983	664	940
1023	640	1023	986	667	1002
1023	704	0	971	708	76
1023	704	64	970	711	97
1023	704	128	970	712	143
1023	704	192	971	713	202
1023	704	256	971	713	261
1023	704	320	972	714	323
1023	704	384	973	715	384
1023	704	448	973	715	445
1023	704	512	974	716	505
1023	704	576	976	717	569
1023	704	640	976	718	632
1023	704	704	978	718	694
1023	704	768	981	721	755
1023	704	832	982	722	817
1023	704	896	984	723	879
1023	704	960	986	724	941
1023	704	1023	989	726	1003
1023	768	0	975	768	84
1023	768	64	974	772	103
1023	768	128	974	772	148
1023	768	192	974	773	205
1023	768	256	974	773	264
1023	768	320	975	774	324
1023	768	384	976	775	386
1023	768	448	977	775	447
1023	768	512	979	776	507
1023	768	576	981	778	572
1023	768	640	981	778	634
1023	768	704	983	779	696
1023	768	768	984	780	757
1023	768	832	987	782	820
1023	768	896	989	783	881
1023	768	960	989	783	943
1023	768	1023	993	785	1004
1023	832	0	978	828	92
1023	832	64	978	832	110
1023	832	128	976	832	152
1023	832	192	977	833	208
1023	832	256	977	833	266
1023	832	320	978	833	326
1023	832	384	980	835	387
1023	832	448	979	834	448
1023	832	512	980	835	507
1023	832	576	982	836	572
1023	832	640	983	836	635
1023	832	704	985	838	697
1023	832	768	987	839	758
1023	832	832	989	840	819
1023	832	896	990	841	881
1023	832	960	992	842	944
1023	832	1023	995	844	1005
1023	896	0	982	889	100
1023	896	64	979	892	116
1023	896	128	980	893	157
1023	896	192	980	894	211
1023	896	256	981	894	268
1023	896	320	982	895	328
1023	896	384	983	896	389
1023	896	448	982	895	449
1023	896	512	984	896	509
1023	896	576	986	897	573
1023	896	640	986	897	636
1023	896	704	988	898	698
1023	896	768	991	901	759
1023	896	832	993	901	821
1023	896	896	994	901	882
1023	896	960	996	902	945
1023	896	1023	999	904	1006
1023	960	0	984	948	108
1023	960	64	983	953	123
1023	960	128	983	954	162
1023	960	192	983	953	214
1023	960	256	985	955	271
1023	960	320	984	954	330
1023	960	384	985	956	390
1023	960	448	986	956	451
1023	960	512	988	957	511
1023	960	576	990	958	575
1023	960	640	990	958	637
1023	960	704	991	958	699
1023	960	768	993	959	759
1023	960	832	996	961	822
1023	960	896	997	962	884
1023	960	960	1000	963	946
1023	960	1023	1002	964	1008
1023	1023	0	989	1008	115
1023	1023	64	987	1013	129
1023	1023	128	988	1014	166
1023	1023	192	987	1013	218
1023	1023	256	987	1013	274
1023	1023	320	988	1014	332
1023	1023	384	990	1015	393
1023	1023	448	990	1015	454
1023	1023	512	992	1016	513
1023	1023	576	994	1018	577
1023	1023	640	994	1017	639
1023	1023	704	996	1018	701
1023	1023	768	998	1019	761
1023	1023	832	1000	1020	824
1023	1023	896	1002	1021	886
1023	1023	960	1004	1022	949
1023	1023	1023	1007	1023	1011
