0	0	0	0	0	0
0	0	64	17	7	64
0	0	128	33	14	124
0	0	192	50	20	185
0	0	256	66	27	245
0	0	320	82	34	308
0	0	384	99	40	369
0	0	448	116	47	432
0	0	512	131	54	491
0	0	576	149	61	556
0	0	640	165	68	617
0	0	704	181	74	677
0	0	768	197	81	738
0	0	832	213	87	796
0	0	896	229	94	858
0	0	960	245	100	917
0	0	1023	261	107	977
0	64	0	16	68	9
0	64	64	23	68	65
0	64	128	36	69	125
0	64	192	51	70	185
0	64	256	67	72	246
0	64	320	83	74	308
0	64	384	100	77	370
0	64	448	116	81	433
0	64	512	132	84	491
0	64	576	149	89	556
0	64	640	165	93	616
0	64	704	181	97	678
0	64	768	197	103	738
0	64	832	213	108	796
0	64	896	229	113	858
0	64	960	246	119	917
0	64	1023	261	124	977
0	128	0	31	129	17
0	128	64	34	130	66
0	128	128	44	130	125
0	128	192	57	131	186
0	128	256	71	132	246
0	128	320	86	133	307
0	128	384	102	135	369
0	128	448	118	136	433
0	128	512	134	138	492
0	128	576	150	141	555
0	128	640	167	143	617
0	128	704	182	146	678
0	128	768	199	149	739
0	128	832	214	152	795
0	128	896	230	155	858
0	128	960	246	160	917
0	128	1023	262	163	977
0	192	0	45	191	25
0	192	64	48	191	68
0	192	128	55	192	126
0	192	192	65	193	187
0	192	256	78	193	246
0	192	320	92	194	308
0	192	384	106	195	370
0	192	448	122	196	433
0	192	512	137	197	492
0	192	576	153	199	556
0	192	640	169	201	618
0	192	704	185	202	678
0	192	768	201	204	739
0	192	832	216	206	797
0	192	896	232	209	858
0	192	960	248	211	918
0	192	1023	263	215	977
0	256	0	60	252	33
0	256	64	62	253	71
0	256	128	67	253	127
0	256	192	75	254	187
0	256	256	86	255	247
0	256	320	99	255	309
0	256	384	113	256	370
0	256	448	127	257	434
0	256	512	142	258	493
0	256	576	157	259	557
0	256	640	173	260	618
0	256	704	188	261	679
0	256	768	204	263	739
0	256	832	218	264	797
0	256	896	234	265	858
0	256	960	250	267	918
0	256	1023	265	269	977
0	320	0	75	315	41
0	320	64	76	316	75
0	320	128	81	317	129
0	320	192	88	317	189
0	320	256	97	318	248
0	320	320	108	318	310
0	320	384	121	319	371
0	320	448	134	319	434
0	320	512	148	320	493
0	320	576	163	321	557
0	320	640	177	321	618
0	320	704	192	322	679
0	320	768	208	324	739
0	320	832	222	325	797
0	320	896	238	326	859
0	320	960	253	327	918
0	320	1023	268	329	978
0	384	0	89	377	49
0	384	64	91	377	79
0	384	128	94	378	132
0	384	192	100	379	190
0	384	256	108	379	249
0	384	320	118	380	310
0	384	384	129	381	372
0	384	448	142	381	435
0	384	512	155	382	494
0	384	576	169	383	557
0	384	640	183	383	619
0	384	704	198	383	679
0	384	768	212	385	740
0	384	832	227	385	798
0	384	896	242	386	859
0	384	960	257	387	919
0	384	1023	272	388	978
0	448	0	105	441	58
0	448	64	105	441	84
0	448	128	108	442	135
0	448	192	114	442	192
0	448	256	121	444	251
0	448	320	129	443	311
0	448	384	140	444	373
0	448	448	151	444	435
0	448	512	163	445	495
0	448	576	177	446	558
0	448	640	190	446	619
0	448	704	204	446	679
0	448	768	218	447	740
0	448	832	232	447	799
0	448	896	247	448	860
0	448	960	262	449	920
0	448	1023	276	450	979
0	512	0	119	501	65
0	512	64	120	501	89
0	512	128	122	502	137
0	512	192	127	503	194
0	512	256	133	504	252
0	512	320	141	504	313
0	512	384	150	504	374
0	512	448	161	504	436
0	512	512	172	505	495
0	512	576	185	505	558
0	512	640	198	506	620
0	512	704	211	505	680
0	512	768	225	507	741
0	512	832	238	507	799
0	512	896	252	507	861
0	512	960	267	508	920
0	512	1023	281	509	980
0	576	0	134	567	74
0	576	64	135	567	95
0	576	128	137	567	141
0	576	192	141	568	197
0	576	256	147	569	254
0	576	320	154	569	314
0	576	384	162	570	375
0	576	448	172	570	438
0	576	512	183	571	497
0	576	576	195	571	560
0	576	640	207	571	621
0	576	704	219	571	681
0	576	768	232	572	742
0	576	832	245	572	800
0	576	896	259	572	861
0	576	960	273	573	921
0	576	1023	287	574	980
0	640	0	149	629	82
0	640	64	150	630	101
0	640	128	152	631	145
0	640	192	155	631	199
0	640	256	161	632	256
0	640	320	167	633	317
0	640	384	175	633	377
0	640	448	184	633	439
0	640	512	193	634	498
0	640	576	205	635	561
0	640	640	216	634	622
0	640	704	228	634	682
0	640	768	241	635	743
0	640	832	253	635	801
0	640	896	267	635	862
0	640	960	280	635	922
0	640	1023	294	637	981
0	704	0	164	690	90
0	704	64	164	691	108
0	704	128	166	691	150
0	704	192	169	692	203
0	704	256	174	693	259
0	704	320	180	693	318
0	704	384	187	694	379
0	704	448	196	694	441
0	704	512	204	694	499
0	704	576	215	695	563
0	704	640	226	694	623
0	704	704	237	694	684
0	704	768	249	695	745
0	704	832	261	695	803
0	704	896	274	695	864
0	704	960	287	696	924
0	704	1023	300	696	982
0	768	0	178	752	98
0	768	64	179	754	114
0	768	128	181	754	154
0	768	192	184	754	206
0	768	256	188	756	261
0	768	320	193	757	321
0	768	384	200	757	380
0	768	448	208	757	442
0	768	512	216	757	500
0	768	576	226	759	564
0	768	640	236	757	625
0	768	704	247	758	685
0	768	768	259	759	746
0	768	832	270	758	804
0	768	896	283	758	865
0	768	960	295	758	924
0	768	1023	308	760	984
0	832	0	193	813	106
0	832	64	193	814	121
0	832	128	195	814	159
0	832	192	198	815	209
0	832	256	202	817	264
0	832	320	206	816	322
0	832	384	213	817	382
0	832	448	220	818	444
0	832	512	228	818	501
0	832	576	237	819	565
0	832	640	247	818	625
0	832	704	257	818	686
0	832	768	268	819	746
0	832	832	279	819	804
0	832	896	291	818	865
0	832	960	303	819	925
0	832	1023	316	819	983
0	896	0	208	875	114
0	896	64	208	877	128
0	896	128	210	877	164
0	896	192	212	878	213
0	896	256	216	880	266
0	896	320	220	879	324
0	896	384	226	880	383
0	896	448	233	881	445
0	896	512	240	881	503
0	896	576	249	882	566
0	896	640	258	881	626
0	896	704	268	881	686
0	896	768	279	882	747
0	896	832	290	882	804
0	896	896	301	881	866
0	896	960	312	882	925
0	896	1023	325	882	984
0	960	0	222	936	122
0	960	64	223	937	135
0	960	128	224	937	169
0	960	192	226	938	217
0	960	256	230	940	269
0	960	320	234	940	327
0	960	384	239	941	385
0	960	448	246	941	447
0	960	512	253	941	504
0	960	576	261	942	567
0	960	640	269	941	627
0	960	704	279	941	688
0	960	768	289	942	748
0	960	832	299	941	805
0	960	896	311	941	867
0	960	960	321	942	926
0	960	1023	333	942	985
0	1023	0	237	997	129
0	1023	64	237	999	142
0	1023	128	239	1000	175
0	1023	192	241	1000	221
0	1023	256	244	1002	273
0	1023	320	248	1002	329
0	1023	384	253	1002	387
0	1023	448	259	1003	448
0	1023	512	265	1003	506
0	1023	576	273	1005	569
0	1023	640	281	1003	629
0	1023	704	290	1003	689
0	1023	768	300	1004	749
0	1023	832	310	1003	807
0	1023	896	321	1003	869
0	1023	960	331	1003	928
0	1023	1023	342	1003	987
64	0	0	68	10	0
64	0	64	69	12	64
64	0	128	73	16	124
64	0	192	81	22	185
64	0	256	91	28	245
64	0	320	103	35	307
64	0	384	116	41	369
64	0	448	130	48	432
64	0	512	144	54	491
64	0	576	160	61	555
64	0	640	175	68	616
64	0	704	190	74	676
64	0	768	205	81	738
64	0	832	220	87	795
64	0	896	236	94	857
64	0	960	251	101	917
64	0	1023	267	108	975
64	64	0	68	69	9
64	64	64	69	68	65
64	64	128	74	69	124
64	64	192	82	70	185
64	64	256	92	72	245
64	64	320	104	75	307
64	64	384	117	78	369
64	64	448	131	81	432
64	64	512	144	85	491
64	64	576	160	89	556
64	64	640	175	94	616
64	64	704	190	98	677
64	64	768	205	103	738
64	64	832	221	107	796
64	64	896	236	113	857
64	64	960	251	119	917
64	64	1023	267	125	976
64	128	0	72	130	17
64	128	64	72	130	66
64	128	128	77	130	125
64	128	192	84	131	186
64	128	256	94	132	246
64	128	320	106	133	308
64	128	384	118	135	369
64	128	448	132	136	432
64	128	512	146	139	492
64	128	576	161	141	555
64	128	640	176	144	617
64	128	704	191	146	677
64	128	768	206	149	738
64	128	832	221	152	796
64	128	896	237	156	858
64	128	960	252	160	917
64	128	1023	267	164	976
64	192	0	77	191	25
64	192	64	78	191	68
64	192	128	82	192	126
64	192	192	89	192	186
64	192	256	98	193	246
64	192	320	110	194	308
64	192	384	122	195	370
64	192	448	135	196	433
64	192	512	149	198	492
64	192	576	164	199	556
64	192	640	178	200	616
64	192	704	193	202	677
64	192	768	208	204	738
64	192	832	223	206	796
64	192	896	239	209	857
64	192	960	254	211	917
64	192	1023	269	214	977
64	256	0	86	253	33
64	256	64	86	252	71
64	256	128	90	253	127
64	256	192	96	253	187
64	256	256	105	255	247
64	256	320	115	255	308
64	256	384	127	256	370
64	256	448	140	256	433
64	256	512	153	258	492
64	256	576	167	259	556
64	256	640	182	260	617
64	256	704	196	261	678
64	256	768	211	263	739
64	256	832	226	264	796
64	256	896	241	266	858
64	256	960	256	267	918
64	256	1023	271	269	977
64	320	0	96	316	41
64	320	64	96	316	74
64	320	128	100	316	129
64	320	192	105	316	188
64	320	256	113	317	248
64	320	320	122	318	309
64	320	384	133	319	370
64	320	448	146	319	434
64	320	512	158	320	493
64	320	576	172	322	556
64	320	640	186	322	617
64	320	704	200	323	678
64	320	768	214	324	739
64	320	832	229	325	797
64	320	896	244	325	857
64	320	960	259	327	918
64	320	1023	273	329	977
64	384	0	107	378	50
64	384	64	107	377	79
64	384	128	110	378	131
64	384	192	116	379	190
64	384	256	122	379	249
64	384	320	131	380	310
64	384	384	141	381	371
64	384	448	153	381	434
64	384	512	164	381	493
64	384	576	177	383	557
64	384	640	191	382	618
64	384	704	205	383	678
64	384	768	219	384	739
64	384	832	233	385	797
64	384	896	248	386	859
64	384	960	263	387	918
64	384	1023	277	388	978
64	448	0	120	442	58
64	448	64	120	440	84
64	448	128	122	441	134
64	448	192	127	442	192
64	448	256	133	443	250
64	448	320	141	443	311
64	448	384	150	444	372
64	448	448	161	444	435
64	448	512	172	445	494
64	448	576	185	446	557
64	448	640	198	446	619
64	448	704	211	446	679
64	448	768	224	447	740
64	448	832	238	447	798
64	448	896	252	448	860
64	448	960	267	449	919
64	448	1023	281	450	978
64	512	0	132	502	65
64	512	64	132	500	89
64	512	128	134	501	137
64	512	192	139	502	194
64	512	256	144	503	252
64	512	320	151	503	312
64	512	384	160	504	373
64	512	448	170	504	436
64	512	512	180	505	495
64	512	576	192	505	558
64	512	640	205	506	620
64	512	704	217	506	680
64	512	768	230	506	740
64	512	832	244	507	798
64	512	896	258	507	860
64	512	960	272	508	920
64	512	1023	286	509	979
64	576	0	146	567	74
64	576	64	146	566	95
64	576	128	148	567	141
64	576	192	152	567	196
64	576	256	157	568	253
64	576	320	164	569	314
64	576	384	172	570	375
64	576	448	181	570	437
64	576	512	190	570	496
64	576	576	202	571	559
64	576	640	213	570	620
64	576	704	225	571	681
64	576	768	238	572	741
64	576	832	251	572	799
64	576	896	264	572	861
64	576	960	278	572	920
64	576	1023	292	574	980
64	640	0	160	630	82
64	640	64	160	630	101
64	640	128	162	629	145
64	640	192	165	630	199
64	640	256	170	632	256
64	640	320	176	633	316
64	640	384	183	632	376
64	640	448	192	633	438
64	640	512	201	633	497
64	640	576	212	634	561
64	640	640	222	634	621
64	640	704	234	634	682
64	640	768	247	635	742
64	640	832	259	635	800
64	640	896	272	634	862
64	640	960	285	635	921
64	640	1023	298	636	980
64	704	0	173	691	90
64	704	64	173	689	108
64	704	128	175	690	149
64	704	192	178	691	202
64	704	256	183	692	258
64	704	320	188	692	318
64	704	384	195	693	378
64	704	448	203	694	440
64	704	512	211	694	499
64	704	576	221	694	561
64	704	640	232	694	623
64	704	704	244	694	684
64	704	768	255	695	744
64	704	832	266	694	801
64	704	896	280	694	863
64	704	960	292	695	923
64	704	1023	305	695	981
64	768	0	187	754	98
64	768	64	187	753	114
64	768	128	189	753	154
64	768	192	192	754	206
64	768	256	196	755	261
64	768	320	201	756	320
64	768	384	207	757	380
64	768	448	215	757	442
64	768	512	223	757	500
64	768	576	233	758	563
64	768	640	242	757	624
64	768	704	253	757	684
64	768	768	264	758	745
64	768	832	275	758	803
64	768	896	288	758	864
64	768	960	300	758	924
64	768	1023	312	759	983
64	832	0	201	814	106
64	832	64	201	813	121
64	832	128	203	813	158
64	832	192	205	815	209
64	832	256	209	816	263
64	832	320	214	815	321
64	832	384	219	817	381
64	832	448	227	818	443
64	832	512	234	817	501
64	832	576	243	818	564
64	832	640	252	817	624
64	832	704	263	818	685
64	832	768	274	819	745
64	832	832	284	818	803
64	832	896	296	818	864
64	832	960	308	818	924
64	832	1023	321	819	983
64	896	0	216	877	114
64	896	64	215	875	128
64	896	128	217	876	163
64	896	192	219	877	212
64	896	256	223	879	266
64	896	320	227	879	323
64	896	384	233	880	383
64	896	448	240	881	444
64	896	512	247	880	502
64	896	576	255	881	565
64	896	640	264	881	626
64	896	704	274	881	686
64	896	768	284	882	746
64	896	832	294	881	804
64	896	896	306	881	865
64	896	960	317	882	925
64	896	1023	329	882	984
64	960	0	229	938	122
64	960	64	230	937	135
64	960	128	230	936	169
64	960	192	233	937	216
64	960	256	237	939	269
64	960	320	240	939	326
64	960	384	245	940	385
64	960	448	252	941	446
64	960	512	258	941	504
64	960	576	267	942	566
64	960	640	275	941	627
64	960	704	284	941	687
64	960	768	294	942	748
64	960	832	304	941	805
64	960	896	315	941	866
64	960	960	326	942	926
64	960	1023	337	942	985
64	1023	0	244	999	130
64	1023	64	244	998	142
64	1023	128	244	998	174
64	1023	192	246	999	221
64	1023	256	250	1001	272
64	1023	320	254	1001	329
64	1023	384	258	1002	387
64	1023	448	265	1002	448
64	1023	512	271	1003	506
64	1023	576	279	1004	568
64	1023	640	287	1003	628
64	1023	704	295	1003	689
64	1023	768	305	1003	749
64	1023	832	314	1003	806
64	1023	896	325	1002	867
64	1023	960	336	1002	927
64	1023	1023	346	1002	986
128	0	0	128	19	0
128	0	64	128	20	64
128	0	128	130	22	124
128	0	192	135	26	185
128	0	256	140	32	245
128	0	320	148	37	306
128	0	384	157	43	368
128	0	448	167	50	432
128	0	512	177	56	491
128	0	576	190	63	554
128	0	640	202	69	615
128	0	704	215	76	676
128	0	768	228	82	737
128	0	832	241	88	795
128	0	896	255	95	856
128	0	960	269	102	916
128	0	1023	284	108	975
128	64	0	129	70	8
128	64	64	128	70	64
128	64	128	131	70	124
128	64	192	135	72	185
128	64	256	141	73	245
128	64	320	148	76	307
128	64	384	157	79	369
128	64	448	168	82	432
128	64	512	178	85	491
128	64	576	190	90	554
128	64	640	202	95	616
128	64	704	215	98	677
128	64	768	228	104	738
128	64	832	242	108	795
128	64	896	256	114	856
128	64	960	270	119	917
128	64	1023	284	125	976
128	128	0	130	131	16
128	128	64	130	130	66
128	128	128	132	131	125
128	128	192	137	132	186
128	128	256	142	132	245
128	128	320	150	134	307
128	128	384	158	135	369
128	128	448	169	137	432
128	128	512	179	139	491
128	128	576	191	141	555
128	128	640	204	144	617
128	128	704	216	146	677
128	128	768	229	150	737
128	128	832	243	153	795
128	128	896	257	156	858
128	128	960	270	161	916
128	128	1023	284	165	976
128	192	0	133	192	25
128	192	64	133	192	68
128	192	128	135	192	126
128	192	192	140	193	186
128	192	256	145	194	246
128	192	320	152	194	307
128	192	384	161	195	369
128	192	448	171	197	433
128	192	512	181	198	491
128	192	576	193	200	556
128	192	640	205	201	617
128	192	704	218	203	677
128	192	768	231	205	738
128	192	832	244	207	796
128	192	896	258	209	857
128	192	960	272	211	917
128	192	1023	286	215	975
128	256	0	138	254	33
128	256	64	137	252	71
128	256	128	140	253	127
128	256	192	144	254	187
128	256	256	149	254	246
128	256	320	156	255	308
128	256	384	165	256	370
128	256	448	174	257	433
128	256	512	184	258	492
128	256	576	196	259	556
128	256	640	208	260	617
128	256	704	220	261	677
128	256	768	233	263	738
128	256	832	246	264	796
128	256	896	260	265	858
128	256	960	274	268	918
128	256	1023	288	270	976
128	320	0	144	317	41
128	320	64	144	316	74
128	320	128	146	316	129
128	320	192	149	317	188
128	320	256	155	318	248
128	320	320	161	318	309
128	320	384	169	319	370
128	320	448	179	320	434
128	320	512	189	320	492
128	320	576	200	322	556
128	320	640	212	322	617
128	320	704	224	323	678
128	320	768	237	324	738
128	320	832	250	325	797
128	320	896	263	325	858
128	320	960	277	327	917
128	320	1023	290	329	976
128	384	0	151	379	49
128	384	64	151	378	79
128	384	128	153	378	131
128	384	192	156	378	190
128	384	256	161	379	249
128	384	320	168	380	310
128	384	384	175	380	371
128	384	448	184	381	434
128	384	512	194	382	493
128	384	576	205	383	557
128	384	640	216	383	618
128	384	704	228	383	678
128	384	768	241	385	739
128	384	832	253	385	797
128	384	896	267	385	858
128	384	960	280	387	918
128	384	1023	293	389	977
128	448	0	159	442	58
128	448	64	159	441	84
128	448	128	161	441	134
128	448	192	164	441	191
128	448	256	169	443	250
128	448	320	175	443	311
128	448	384	183	444	372
128	448	448	191	444	435
128	448	512	200	444	493
128	448	576	211	446	557
128	448	640	222	445	618
128	448	704	233	446	679
128	448	768	246	447	740
128	448	832	258	447	798
128	448	896	271	448	859
128	448	960	284	449	919
128	448	1023	297	450	978
128	512	0	168	502	65
128	512	64	168	501	89
128	512	128	170	501	137
128	512	192	173	501	193
128	512	256	178	503	252
128	512	320	183	503	312
128	512	384	191	504	373
128	512	448	199	504	436
128	512	512	207	504	494
128	512	576	218	505	558
128	512	640	228	505	619
128	512	704	239	505	679
128	512	768	251	507	740
128	512	832	263	507	798
128	512	896	276	507	860
128	512	960	289	508	919
128	512	1023	302	509	978
128	576	0	179	567	74
128	576	64	179	566	95
128	576	128	180	566	141
128	576	192	183	567	196
128	576	256	188	568	254
128	576	320	193	569	314
128	576	384	200	569	374
128	576	448	208	570	437
128	576	512	216	570	495
128	576	576	226	571	559
128	576	640	236	570	620
128	576	704	247	571	681
128	576	768	258	572	741
128	576	832	270	572	799
128	576	896	282	572	860
128	576	960	295	573	920
128	576	1023	307	573	979
128	640	0	190	631	82
128	640	64	190	629	101
128	640	128	192	630	145
128	640	192	195	631	199
128	640	256	199	632	256
128	640	320	203	632	315
128	640	384	210	632	376
128	640	448	217	632	438
128	640	512	225	633	497
128	640	576	234	634	560
128	640	640	244	634	621
128	640	704	254	634	682
128	640	768	265	634	742
128	640	832	276	634	800
128	640	896	289	634	861
128	640	960	301	635	921
128	640	1023	314	636	980
128	704	0	202	691	90
128	704	64	201	689	108
128	704	128	203	690	149
128	704	192	205	691	202
128	704	256	209	691	258
128	704	320	214	692	317
128	704	384	220	693	378
128	704	448	226	692	440
128	704	512	234	694	499
128	704	576	243	694	561
128	704	640	253	694	623
128	704	704	263	693	683
128	704	768	273	694	743
128	704	832	284	694	801
128	704	896	296	694	863
128	704	960	308	695	923
128	704	1023	320	696	982
128	768	0	214	754	98
128	768	64	213	752	114
128	768	128	215	753	154
128	768	192	217	754	205
128	768	256	221	755	261
128	768	320	225	755	319
128	768	384	231	756	379
128	768	448	237	755	441
128	768	512	244	757	500
128	768	576	253	757	562
128	768	640	262	757	624
128	768	704	272	757	684
128	768	768	282	758	745
128	768	832	292	757	802
128	768	896	304	758	864
128	768	960	315	758	924
128	768	1023	327	759	982
128	832	0	225	815	106
128	832	64	225	812	121
128	832	128	226	813	158
128	832	192	229	815	209
128	832	256	232	815	263
128	832	320	236	816	321
128	832	384	242	817	381
128	832	448	248	816	442
128	832	512	255	817	501
128	832	576	263	818	563
128	832	640	272	818	625
128	832	704	280	817	684
128	832	768	290	818	745
128	832	832	300	818	803
128	832	896	312	818	864
128	832	960	323	819	924
128	832	1023	334	819	983
128	896	0	239	878	114
128	896	64	238	875	128
128	896	128	239	876	164
128	896	192	241	877	212
128	896	256	244	877	265
128	896	320	248	878	323
128	896	384	253	879	382
128	896	448	259	879	443
128	896	512	266	880	502
128	896	576	273	881	564
128	896	640	282	880	625
128	896	704	290	880	685
128	896	768	300	881	745
128	896	832	310	881	804
128	896	896	321	881	865
128	896	960	332	882	925
128	896	1023	342	882	983
128	960	0	250	938	122
128	960	64	250	935	135
128	960	128	252	936	169
128	960	192	254	937	216
128	960	256	256	939	269
128	960	320	260	938	326
128	960	384	265	939	384
128	960	448	270	939	445
128	960	512	277	940	503
128	960	576	284	940	566
128	960	640	292	940	627
128	960	704	300	940	686
128	960	768	310	941	747
128	960	832	319	940	804
128	960	896	329	941	866
128	960	960	340	941	925
128	960	1023	350	942	984
128	1023	0	263	1000	130
128	1023	64	262	997	142
128	1023	128	264	998	174
128	1023	192	266	999	220
128	1023	256	269	1001	272
128	1023	320	273	1001	329
128	1023	384	277	1002	387
128	1023	448	283	1002	448
128	1023	512	288	1002	505
128	1023	576	295	1003	568
128	1023	640	303	1003	628
128	1023	704	311	1003	689
128	1023	768	320	1004	749
128	1023	832	329	1002	806
128	1023	896	339	1002	868
128	1023	960	350	1003	927
128	1023	1023	360	1003	986
192	0	0	189	28	0
192	0	64	188	29	64
192	0	128	190	30	124
192	0	192	193	33	185
192	0	256	197	37	244
192	0	320	202	42	306
192	0	384	208	47	368
192	0	448	215	53	431
192	0	512	224	59	491
192	0	576	233	65	554
192	0	640	242	72	615
192	0	704	253	78	676
192	0	768	264	84	737
192	0	832	275	90	794
192	0	896	287	96	856
192	0	960	299	103	916
192	0	1023	312	110	975
192	64	0	190	73	6
192	64	64	189	72	64
192	64	128	190	73	124
192	64	192	193	74	185
192	64	256	197	76	245
192	64	320	202	78	307
192	64	384	209	81	369
192	64	448	216	84	432
192	64	512	224	88	491
192	64	576	233	92	555
192	64	640	243	96	616
192	64	704	253	100	676
192	64	768	264	106	737
192	64	832	276	110	795
192	64	896	288	115	857
192	64	960	300	121	917
192	64	1023	312	126	975
192	128	0	190	132	16
192	128	64	190	131	66
192	128	128	191	132	124
192	128	192	194	132	185
192	128	256	198	134	245
192	128	320	203	135	307
192	128	384	209	136	369
192	128	448	217	138	432
192	128	512	225	140	491
192	128	576	234	143	555
192	128	640	244	145	616
192	128	704	254	148	677
192	128	768	265	151	738
192	128	832	276	153	796
192	128	896	288	157	856
192	128	960	300	161	916
192	128	1023	312	166	975
192	192	0	193	193	24
192	192	64	192	192	67
192	192	128	193	192	125
192	192	192	196	193	186
192	192	256	200	194	245
192	192	320	205	195	308
192	192	384	211	196	369
192	192	448	218	197	432
192	192	512	227	198	492
192	192	576	236	200	555
192	192	640	245	202	616
192	192	704	255	203	677
192	192	768	266	205	737
192	192	832	277	207	795
192	192	896	289	209	857
192	192	960	302	212	917
192	192	1023	314	215	976
192	256	0	195	254	33
192	256	64	195	253	71
192	256	128	196	253	127
192	256	192	199	254	187
192	256	256	203	255	246
192	256	320	208	256	308
192	256	384	214	256	369
192	256	448	221	257	433
192	256	512	229	258	491
192	256	576	238	260	556
192	256	640	247	260	617
192	256	704	257	261	677
192	256	768	268	263	738
192	256	832	279	264	796
192	256	896	291	266	857
192	256	960	303	268	917
192	256	1023	315	271	976
192	320	0	199	317	41
192	320	64	199	316	74
192	320	128	200	316	129
192	320	192	203	317	188
192	320	256	206	317	247
192	320	320	212	318	309
192	320	384	218	319	370
192	320	448	224	319	433
192	320	512	232	320	492
192	320	576	241	321	555
192	320	640	250	322	617
192	320	704	260	323	677
192	320	768	271	324	738
192	320	832	282	325	796
192	320	896	294	326	858
192	320	960	306	328	918
192	320	1023	318	330	977
192	384	0	204	379	49
192	384	64	204	377	78
192	384	128	205	378	131
192	384	192	208	379	190
192	384	256	212	380	249
192	384	320	216	380	310
192	384	384	222	381	371
192	384	448	229	381	433
192	384	512	236	382	493
192	384	576	245	383	556
192	384	640	254	383	618
192	384	704	264	383	678
192	384	768	274	384	738
192	384	832	285	385	796
192	384	896	297	386	858
192	384	960	308	387	918
192	384	1023	321	388	977
192	448	0	211	442	58
192	448	64	210	441	84
192	448	128	211	441	134
192	448	192	214	442	192
192	448	256	218	443	250
192	448	320	222	443	311
192	448	384	228	444	372
192	448	448	235	445	435
192	448	512	242	445	494
192	448	576	251	447	558
192	448	640	259	446	619
192	448	704	269	447	679
192	448	768	279	448	740
192	448	832	290	447	797
192	448	896	301	448	859
192	448	960	313	449	918
192	448	1023	324	450	977
192	512	0	217	503	65
192	512	64	216	501	89
192	512	128	218	501	137
192	512	192	220	502	194
192	512	256	224	503	252
192	512	320	228	503	312
192	512	384	234	504	373
192	512	448	240	505	436
192	512	512	248	505	495
192	512	576	255	505	557
192	512	640	264	505	619
192	512	704	274	506	680
192	512	768	284	507	740
192	512	832	294	506	798
192	512	896	305	507	859
192	512	960	317	508	919
192	512	1023	328	509	978
192	576	0	225	568	74
192	576	64	224	566	95
192	576	128	226	566	141
192	576	192	228	567	196
192	576	256	232	569	254
192	576	320	236	569	314
192	576	384	241	569	374
192	576	448	247	569	437
192	576	512	254	570	496
192	576	576	263	571	559
192	576	640	271	571	620
192	576	704	280	571	680
192	576	768	290	571	741
192	576	832	300	571	798
192	576	896	311	572	860
192	576	960	322	573	920
192	576	1023	333	574	979
192	640	0	234	631	82
192	640	64	233	630	101
192	640	128	235	630	145
192	640	192	237	631	199
192	640	256	240	631	256
192	640	320	244	632	316
192	640	384	249	633	376
192	640	448	255	633	438
192	640	512	261	633	496
192	640	576	270	634	560
192	640	640	278	634	621
192	640	704	287	634	681
192	640	768	296	635	742
192	640	832	306	634	800
192	640	896	317	635	862
192	640	960	328	635	921
192	640	1023	339	637	980
192	704	0	243	691	90
192	704	64	242	690	108
192	704	128	243	689	149
192	704	192	245	690	202
192	704	256	249	691	258
192	704	320	253	692	317
192	704	384	258	692	377
192	704	448	263	693	440
192	704	512	269	693	498
192	704	576	278	694	561
192	704	640	285	693	622
192	704	704	294	694	683
192	704	768	303	694	743
192	704	832	313	694	801
192	704	896	323	694	862
192	704	960	334	695	922
192	704	1023	345	696	982
192	768	0	253	755	98
192	768	64	252	753	114
192	768	128	253	753	154
192	768	192	255	754	206
192	768	256	258	755	261
192	768	320	262	755	320
192	768	384	267	756	380
192	768	448	272	756	441
192	768	512	278	756	499
192	768	576	286	757	563
192	768	640	294	758	624
192	768	704	302	757	684
192	768	768	311	758	744
192	768	832	320	757	802
192	768	896	331	758	864
192	768	960	340	758	923
192	768	1023	352	759	982
192	832	0	262	814	106
192	832	64	262	813	121
192	832	128	263	814	159
192	832	192	264	814	208
192	832	256	267	815	263
192	832	320	271	816	321
192	832	384	276	816	380
192	832	448	281	817	442
192	832	512	287	817	500
192	832	576	294	818	563
192	832	640	302	817	624
192	832	704	310	817	684
192	832	768	318	819	745
192	832	832	328	818	803
192	832	896	337	817	863
192	832	960	348	818	924
192	832	1023	358	820	983
192	896	0	273	878	114
192	896	64	273	876	128
192	896	128	274	877	163
192	896	192	275	876	212
192	896	256	279	879	266
192	896	320	282	879	324
192	896	384	286	879	382
192	896	448	291	880	444
192	896	512	297	880	502
192	896	576	304	881	564
192	896	640	310	880	625
192	896	704	319	880	685
192	896	768	327	881	746
192	896	832	336	881	803
192	896	896	345	880	864
192	896	960	355	881	924
192	896	1023	366	882	983
192	960	0	283	937	122
192	960	64	283	936	135
192	960	128	284	936	169
192	960	192	286	936	216
192	960	256	289	938	268
192	960	320	292	939	326
192	960	384	296	940	385
192	960	448	301	939	445
192	960	512	307	940	503
192	960	576	313	941	566
192	960	640	319	940	626
192	960	704	327	940	686
192	960	768	336	941	747
192	960	832	344	940	804
192	960	896	353	940	866
192	960	960	363	941	925
192	960	1023	373	942	984
192	1023	0	295	1001	130
192	1023	64	294	998	141
192	1023	128	295	999	174
192	1023	192	297	1000	221
192	1023	256	299	1000	272
192	1023	320	303	1001	328
192	1023	384	307	1002	387
192	1023	448	311	1001	447
192	1023	512	317	1002	505
192	1023	576	323	1003	568
192	1023	640	330	1003	628
192	1023	704	337	1002	688
192	1023	768	345	1003	748
192	1023	832	353	1002	806
192	1023	896	363	1002	867
192	1023	960	372	1002	927
192	1023	1023	382	1002	986
256	0	0	248	37	0
256	0	64	248	37	64
256	0	128	248	38	123
256	0	192	250	41	184
256	0	256	254	44	244
256	0	320	258	47	306
256	0	384	262	52	368
256	0	448	268	57	431
256	0	512	274	63	490
256	0	576	282	69	554
256	0	640	289	74	615
256	0	704	298	80	676
256	0	768	307	86	737
256	0	832	316	92	794
256	0	896	326	98	856
256	0	960	337	105	915
256	0	1023	348	112	974
256	64	0	249	76	2
256	64	64	248	76	64
256	64	128	249	76	124
256	64	192	251	77	185
256	64	256	255	79	245
256	64	320	258	81	307
256	64	384	263	84	368
256	64	448	269	87	432
256	64	512	275	90	491
256	64	576	282	94	555
256	64	640	289	98	616
256	64	704	298	102	677
256	64	768	307	107	737
256	64	832	317	111	796
256	64	896	326	117	856
256	64	960	337	122	917
256	64	1023	348	129	975
256	128	0	250	134	15
256	128	64	249	133	65
256	128	128	250	133	125
256	128	192	252	134	185
256	128	256	255	135	245
256	128	320	259	136	307
256	128	384	264	138	369
256	128	448	269	139	432
256	128	512	275	142	491
256	128	576	283	144	554
256	128	640	291	146	616
256	128	704	299	149	677
256	128	768	308	152	737
256	128	832	317	155	795
256	128	896	327	158	857
256	128	960	338	162	917
256	128	1023	348	166	975
256	192	0	251	194	24
256	192	64	250	193	67
256	192	128	251	193	125
256	192	192	253	194	186
256	192	256	256	195	245
256	192	320	260	196	308
256	192	384	265	197	369
256	192	448	271	198	432
256	192	512	276	199	491
256	192	576	284	201	555
256	192	640	291	202	616
256	192	704	300	204	677
256	192	768	309	206	737
256	192	832	318	208	795
256	192	896	328	210	856
256	192	960	339	213	916
256	192	1023	350	216	976
256	256	0	253	255	33
256	256	64	252	254	70
256	256	128	254	254	127
256	256	192	256	255	187
256	256	256	259	256	246
256	256	320	262	256	308
256	256	384	267	257	369
256	256	448	272	257	432
256	256	512	279	259	492
256	256	576	286	260	555
256	256	640	293	261	617
256	256	704	301	262	677
256	256	768	311	264	738
256	256	832	320	265	795
256	256	896	330	267	857
256	256	960	340	269	917
256	256	1023	351	271	976
256	320	0	257	318	41
256	320	64	256	317	74
256	320	128	256	317	129
256	320	192	259	317	188
256	320	256	262	319	247
256	320	320	266	319	309
256	320	384	270	320	370
256	320	448	275	320	433
256	320	512	281	321	492
256	320	576	289	322	556
256	320	640	296	322	617
256	320	704	304	324	678
256	320	768	314	325	739
256	320	832	322	326	796
256	320	896	332	326	857
256	320	960	343	328	917
256	320	1023	353	330	976
256	384	0	260	379	49
256	384	64	259	378	79
256	384	128	260	379	131
256	384	192	262	379	189
256	384	256	265	380	248
256	384	320	269	380	310
256	384	384	273	381	370
256	384	448	279	381	433
256	384	512	284	382	492
256	384	576	292	383	556
256	384	640	299	383	617
256	384	704	307	384	678
256	384	768	316	385	738
256	384	832	325	386	796
256	384	896	335	386	858
256	384	960	345	388	917
256	384	1023	356	389	977
256	448	0	265	443	58
256	448	64	264	441	84
256	448	128	265	442	134
256	448	192	267	442	192
256	448	256	269	443	250
256	448	320	273	443	311
256	448	384	278	445	372
256	448	448	283	444	434
256	448	512	289	445	493
256	448	576	296	446	557
256	448	640	303	447	618
256	448	704	311	446	678
256	448	768	320	448	739
256	448	832	328	448	797
256	448	896	338	448	859
256	448	960	348	449	918
256	448	1023	359	451	978
256	512	0	270	504	65
256	512	64	269	501	89
256	512	128	270	502	137
256	512	192	272	503	194
256	512	256	275	503	251
256	512	320	278	504	312
256	512	384	283	505	373
256	512	448	288	504	435
256	512	512	293	505	494
256	512	576	300	506	558
256	512	640	308	506	619
256	512	704	315	506	679
256	512	768	324	507	740
256	512	832	333	507	798
256	512	896	342	508	860
256	512	960	352	508	919
256	512	1023	363	510	979
256	576	0	276	568	74
256	576	64	275	567	95
256	576	128	276	566	141
256	576	192	278	567	196
256	576	256	281	569	253
256	576	320	284	569	314
256	576	384	289	569	374
256	576	448	294	570	437
256	576	512	299	570	495
256	576	576	306	571	559
256	576	640	313	571	619
256	576	704	320	571	680
256	576	768	329	572	741
256	576	832	338	572	799
256	576	896	347	572	860
256	576	960	357	573	920
256	576	1023	367	574	979
256	640	0	283	632	82
256	640	64	282	629	101
256	640	128	283	630	145
256	640	192	285	631	199
256	640	256	288	632	256
256	640	320	291	632	315
256	640	384	295	633	376
256	640	448	300	633	438
256	640	512	305	633	496
256	640	576	313	635	560
256	640	640	319	634	621
256	640	704	326	634	681
256	640	768	335	635	742
256	640	832	343	634	799
256	640	896	352	635	861
256	640	960	362	636	921
256	640	1023	372	636	979
256	704	0	291	692	90
256	704	64	289	689	107
256	704	128	290	690	149
256	704	192	292	691	202
256	704	256	295	692	258
256	704	320	298	692	317
256	704	384	302	693	377
256	704	448	307	692	439
256	704	512	312	693	498
256	704	576	319	694	561
256	704	640	325	694	622
256	704	704	333	694	682
256	704	768	341	695	743
256	704	832	349	694	801
256	704	896	358	694	862
256	704	960	368	695	922
256	704	1023	377	696	981
256	768	0	299	755	98
256	768	64	298	753	114
256	768	128	298	753	154
256	768	192	300	754	205
256	768	256	303	755	261
256	768	320	306	755	319
256	768	384	310	756	379
256	768	448	315	757	441
256	768	512	320	757	499
256	768	576	326	758	563
256	768	640	332	757	623
256	768	704	340	757	684
256	768	768	348	758	744
256	768	832	356	758	802
256	768	896	364	757	863
256	768	960	374	758	923
256	768	1023	383	759	982
256	832	0	306	816	106
256	832	64	305	813	120
256	832	128	306	813	158
256	832	192	308	814	208
256	832	256	311	816	263
256	832	320	313	816	321
256	832	384	318	817	380
256	832	448	322	816	442
256	832	512	327	817	500
256	832	576	333	818	563
256	832	640	339	817	624
256	832	704	346	818	685
256	832	768	354	818	744
256	832	832	362	818	802
256	832	896	371	818	864
256	832	960	380	819	924
256	832	1023	389	819	982
256	896	0	315	878	114
256	896	64	314	876	127
256	896	128	315	876	163
256	896	192	317	877	212
256	896	256	320	879	266
256	896	320	322	878	323
256	896	384	326	880	382
256	896	448	331	879	443
256	896	512	335	880	501
256	896	576	342	881	564
256	896	640	348	881	625
256	896	704	354	880	685
256	896	768	362	881	745
256	896	832	369	881	803
256	896	896	378	881	865
256	896	960	388	882	924
256	896	1023	397	883	983
256	960	0	324	939	122
256	960	64	323	936	135
256	960	128	324	936	169
256	960	192	326	937	216
256	960	256	328	939	269
256	960	320	331	938	326
256	960	384	335	940	384
256	960	448	339	939	445
256	960	512	344	940	503
256	960	576	350	941	566
256	960	640	355	940	626
256	960	704	362	941	687
256	960	768	370	941	747
256	960	832	377	941	804
256	960	896	385	941	866
256	960	960	394	941	925
256	960	1023	403	942	984
256	1023	0	334	1001	130
256	1023	64	333	999	142
256	1023	128	334	999	174
256	1023	192	335	999	220
256	1023	256	338	1001	272
256	1023	320	341	1001	328
256	1023	384	344	1002	387
256	1023	448	348	1002	448
256	1023	512	353	1003	505
256	1023	576	359	1004	568
256	1023	640	364	1002	628
256	1023	704	371	1003	688
256	1023	768	378	1003	748
256	1023	832	385	1003	806
256	1023	896	393	1002	867
256	1023	960	402	1002	926
256	1023	1023	411	1002	985
320	0	0	311	46	0
320	0	64	310	46	64
320	0	128	311	47	124
320	0	192	312	49	185
320	0	256	315	51	244
320	0	320	318	55	306
320	0	384	322	59	368
320	0	448	326	63	431
320	0	512	331	68	491
320	0	576	337	74	554
320	0	640	343	79	616
320	0	704	349	84	676
320	0	768	357	90	736
320	0	832	365	95	795
320	0	896	373	102	856
320	0	960	383	108	916
320	0	1023	392	113	975
320	64	0	311	80	0
320	64	64	310	80	64
320	64	128	311	80	124
320	64	192	313	81	185
320	64	256	315	83	245
320	64	320	318	85	307
320	64	384	322	88	368
320	64	448	326	90	431
320	64	512	331	93	490
320	64	576	337	98	554
320	64	640	343	102	615
320	64	704	350	106	676
320	64	768	358	110	737
320	64	832	365	114	795
320	64	896	374	119	857
320	64	960	382	125	916
320	64	1023	392	131	975
320	128	0	312	136	14
320	128	64	311	135	65
320	128	128	311	135	124
320	128	192	313	136	185
320	128	256	316	137	245
320	128	320	319	138	307
320	128	384	323	140	368
320	128	448	327	142	432
320	128	512	332	143	491
320	128	576	338	146	554
320	128	640	344	148	616
320	128	704	351	151	677
320	128	768	358	154	737
320	128	832	366	156	795
320	128	896	374	160	857
320	128	960	383	164	917
320	128	1023	393	168	975
320	192	0	313	196	23
320	192	64	312	195	67
320	192	128	313	195	125
320	192	192	315	196	186
320	192	256	317	196	245
320	192	320	320	197	308
320	192	384	324	198	369
320	192	448	328	199	432
320	192	512	333	201	491
320	192	576	339	202	555
320	192	640	345	204	616
320	192	704	352	205	677
320	192	768	359	208	737
320	192	832	367	209	796
320	192	896	376	212	857
320	192	960	384	215	917
320	192	1023	394	217	976
320	256	0	315	256	32
320	256	64	314	255	70
320	256	128	314	255	127
320	256	192	316	256	187
320	256	256	319	257	246
320	256	320	321	257	308
320	256	384	325	258	369
320	256	448	330	259	433
320	256	512	334	260	492
320	256	576	341	261	555
320	256	640	346	262	616
320	256	704	353	263	677
320	256	768	361	265	738
320	256	832	368	266	796
320	256	896	376	267	857
320	256	960	386	269	917
320	256	1023	395	272	976
320	320	0	318	319	41
320	320	64	316	318	74
320	320	128	317	318	129
320	320	192	319	319	188
320	320	256	321	319	247
320	320	320	324	320	309
320	320	384	328	321	370
320	320	448	332	321	433
320	320	512	336	321	491
320	320	576	343	323	555
320	320	640	349	324	617
320	320	704	355	324	677
320	320	768	363	325	738
320	320	832	370	326	796
320	320	896	379	328	858
320	320	960	388	329	917
320	320	1023	397	331	976
320	384	0	320	381	49
320	384	64	319	379	78
320	384	128	320	379	131
320	384	192	321	380	190
320	384	256	324	380	248
320	384	320	327	381	309
320	384	384	331	382	371
320	384	448	335	382	433
320	384	512	340	383	493
320	384	576	345	384	556
320	384	640	351	384	618
320	384	704	358	385	678
320	384	768	365	386	739
320	384	832	373	386	797
320	384	896	381	387	858
320	384	960	390	389	918
320	384	1023	399	390	977
320	448	0	324	444	57
320	448	64	323	442	84
320	448	128	323	442	134
320	448	192	325	443	192
320	448	256	328	444	250
320	448	320	330	444	311
320	448	384	334	445	372
320	448	448	338	445	434
320	448	512	343	446	494
320	448	576	348	446	557
320	448	640	354	447	618
320	448	704	361	447	679
320	448	768	368	448	739
320	448	832	375	448	797
320	448	896	384	449	859
320	448	960	393	450	919
320	448	1023	402	451	978
320	512	0	328	504	65
320	512	64	327	502	88
320	512	128	328	502	137
320	512	192	329	503	193
320	512	256	332	504	252
320	512	320	334	504	312
320	512	384	338	504	372
320	512	448	342	505	435
320	512	512	347	506	494
320	512	576	352	506	557
320	512	640	358	506	619
320	512	704	365	507	680
320	512	768	372	507	740
320	512	832	379	507	797
320	512	896	387	508	859
320	512	960	396	509	919
320	512	1023	405	510	978
320	576	0	333	569	74
320	576	64	332	567	95
320	576	128	333	568	141
320	576	192	334	568	196
320	576	256	336	569	253
320	576	320	339	569	313
320	576	384	343	570	374
320	576	448	346	569	436
320	576	512	351	571	495
320	576	576	357	571	558
320	576	640	363	571	620
320	576	704	369	571	680
320	576	768	376	572	741
320	576	832	383	572	798
320	576	896	392	573	860
320	576	960	400	574	920
320	576	1023	409	574	979
320	640	0	338	632	82
320	640	64	337	630	101
320	640	128	338	631	145
320	640	192	339	630	198
320	640	256	342	632	255
320	640	320	345	632	315
320	640	384	348	633	376
320	640	448	352	633	438
320	640	512	356	633	496
320	640	576	362	634	560
320	640	640	367	634	620
320	640	704	374	634	681
320	640	768	381	635	742
320	640	832	389	635	800
320	640	896	396	635	861
320	640	960	405	636	921
320	640	1023	414	637	980
320	704	0	345	692	90
320	704	64	344	691	107
320	704	128	344	690	149
320	704	192	346	691	202
320	704	256	348	692	258
320	704	320	351	693	318
320	704	384	354	693	377
320	704	448	358	694	440
320	704	512	362	694	498
320	704	576	368	695	561
320	704	640	373	694	622
320	704	704	380	694	683
320	704	768	387	696	743
320	704	832	394	695	801
320	704	896	402	695	863
320	704	960	410	695	922
320	704	1023	418	696	980
320	768	0	351	755	98
320	768	64	350	754	114
320	768	128	351	754	154
320	768	192	352	754	205
320	768	256	354	755	260
320	768	320	357	756	319
320	768	384	361	757	379
320	768	448	364	756	441
320	768	512	368	756	499
320	768	576	374	758	562
320	768	640	379	757	623
320	768	704	385	757	683
320	768	768	392	758	744
320	768	832	399	758	802
320	768	896	407	758	863
320	768	960	415	758	923
320	768	1023	424	759	982
320	832	0	357	816	106
320	832	64	356	814	121
320	832	128	357	813	158
320	832	192	359	814	208
320	832	256	361	815	263
320	832	320	364	816	321
320	832	384	367	816	380
320	832	448	371	817	442
320	832	512	375	817	500
320	832	576	380	818	563
320	832	640	385	818	624
320	832	704	391	818	685
320	832	768	398	819	745
320	832	832	405	818	802
320	832	896	413	818	864
320	832	960	420	819	923
320	832	1023	429	819	982
320	896	0	365	878	114
320	896	64	364	877	128
320	896	128	365	876	163
320	896	192	366	877	212
320	896	256	369	879	265
320	896	320	371	879	323
320	896	384	374	879	382
320	896	448	378	880	444
320	896	512	382	880	501
320	896	576	388	882	564
320	896	640	392	880	625
320	896	704	398	881	685
320	896	768	405	882	746
320	896	832	411	881	803
320	896	896	419	881	864
320	896	960	426	882	924
320	896	1023	435	882	982
320	960	0	373	938	122
320	960	64	372	936	134
320	960	128	372	936	168
320	960	192	373	937	216
320	960	256	376	938	268
320	960	320	378	939	326
320	960	384	381	939	384
320	960	448	385	940	445
320	960	512	389	940	503
320	960	576	394	941	566
320	960	640	399	940	626
320	960	704	405	941	687
320	960	768	412	942	747
320	960	832	418	941	804
320	960	896	425	940	865
320	960	960	433	941	925
320	960	1023	442	943	984
320	1023	0	381	1001	130
320	1023	64	380	999	142
320	1023	128	381	999	174
320	1023	192	382	999	220
320	1023	256	384	1000	272
320	1023	320	387	1001	329
320	1023	384	390	1003	387
320	1023	448	393	1002	447
320	1023	512	397	1002	505
320	1023	576	402	1003	567
320	1023	640	407	1002	628
320	1023	704	413	1002	688
320	1023	768	419	1003	748
320	1023	832	425	1003	806
320	1023	896	433	1003	867
320	1023	960	441	1003	927
320	1023	1023	448	1003	985
384	0	0	372	55	0
384	0	64	370	55	63
384	0	128	371	56	123
384	0	192	372	57	184
384	0	256	374	59	244
384	0	320	376	62	306
384	0	384	380	66	368
384	0	448	384	70	431
384	0	512	388	74	490
384	0	576	392	79	554
384	0	640	397	84	615
384	0	704	403	88	676
384	0	768	410	94	737
384	0	832	416	99	794
384	0	896	423	105	856
384	0	960	431	111	915
384	0	1023	439	117	975
384	64	0	372	85	0
384	64	64	370	85	64
384	64	128	371	85	124
384	64	192	373	86	185
384	64	256	375	88	245
384	64	320	377	90	307
384	64	384	381	92	368
384	64	448	384	94	431
384	64	512	388	98	491
384	64	576	393	101	554
384	64	640	398	105	616
384	64	704	404	109	677
384	64	768	410	114	737
384	64	832	416	118	794
384	64	896	424	122	856
384	64	960	431	128	916
384	64	1023	439	133	975
384	128	0	372	138	12
384	128	64	371	138	65
384	128	128	372	138	124
384	128	192	373	139	185
384	128	256	375	140	245
384	128	320	378	141	307
384	128	384	381	143	368
384	128	448	384	144	431
384	128	512	388	146	490
384	128	576	394	148	555
384	128	640	398	151	616
384	128	704	404	153	676
384	128	768	411	156	737
384	128	832	417	159	795
384	128	896	424	162	857
384	128	960	431	166	916
384	128	1023	440	170	975
384	192	0	373	197	22
384	192	64	372	196	67
384	192	128	372	196	125
384	192	192	374	197	186
384	192	256	376	198	245
384	192	320	378	199	307
384	192	384	382	200	369
384	192	448	385	201	432
384	192	512	389	202	491
384	192	576	394	204	554
384	192	640	399	205	616
384	192	704	405	207	677
384	192	768	411	209	738
384	192	832	417	210	795
384	192	896	424	213	856
384	192	960	432	215	916
384	192	1023	440	219	975
384	256	0	375	257	32
384	256	64	373	256	70
384	256	128	374	257	127
384	256	192	376	257	187
384	256	256	377	257	246
384	256	320	380	258	308
384	256	384	383	259	369
384	256	448	387	260	432
384	256	512	391	261	492
384	256	576	396	262	555
384	256	640	401	263	617
384	256	704	406	264	677
384	256	768	413	266	738
384	256	832	419	267	795
384	256	896	426	269	857
384	256	960	434	271	917
384	256	1023	442	273	976
384	320	0	377	320	40
384	320	64	375	318	74
384	320	128	376	319	128
384	320	192	377	319	188
384	320	256	380	320	247
384	320	320	382	320	308
384	320	384	385	321	370
384	320	448	389	322	433
384	320	512	393	323	492
384	320	576	397	323	555
384	320	640	402	324	617
384	320	704	408	325	678
384	320	768	415	327	738
384	320	832	420	327	796
384	320	896	428	328	857
384	320	960	435	330	917
384	320	1023	443	331	976
384	384	0	379	381	49
384	384	64	378	380	78
384	384	128	378	380	131
384	384	192	380	380	189
384	384	256	382	381	248
384	384	320	384	381	309
384	384	384	387	382	370
384	384	448	391	383	434
384	384	512	395	383	492
384	384	576	400	385	556
384	384	640	404	384	617
384	384	704	410	385	678
384	384	768	416	386	738
384	384	832	423	387	796
384	384	896	429	387	857
384	384	960	437	389	917
384	384	1023	445	390	976
384	448	0	382	444	57
384	448	64	381	443	83
384	448	128	382	443	134
384	448	192	382	443	191
384	448	256	385	444	249
384	448	320	387	445	311
384	448	384	390	445	371
384	448	448	394	445	434
384	448	512	397	446	493
384	448	576	403	447	557
384	448	640	407	447	618
384	448	704	413	447	678
384	448	768	419	448	739
384	448	832	425	449	797
384	448	896	433	449	859
384	448	960	440	450	918
384	448	1023	448	452	977
384	512	0	385	504	64
384	512	64	384	503	88
384	512	128	385	503	137
384	512	192	386	502	193
384	512	256	388	504	251
384	512	320	391	504	312
384	512	384	393	505	372
384	512	448	397	505	435
384	512	512	401	506	494
384	512	576	406	507	558
384	512	640	410	506	619
384	512	704	416	507	679
384	512	768	422	508	740
384	512	832	429	508	798
384	512	896	435	508	859
384	512	960	443	509	919
384	512	1023	451	510	978
384	576	0	390	569	73
384	576	64	389	568	94
384	576	128	389	567	140
384	576	192	390	568	196
384	576	256	393	569	253
384	576	320	394	569	313
384	576	384	398	570	374
384	576	448	401	571	436
384	576	512	405	571	495
384	576	576	410	572	559
384	576	640	414	571	619
384	576	704	420	572	680
384	576	768	426	573	741
384	576	832	433	573	799
384	576	896	439	573	860
384	576	960	447	574	920
384	576	1023	454	574	978
384	640	0	394	632	81
384	640	64	393	630	101
384	640	128	394	631	144
384	640	192	395	631	199
384	640	256	397	632	255
384	640	320	399	632	315
384	640	384	403	633	375
384	640	448	405	633	437
384	640	512	410	634	496
384	640	576	414	634	559
384	640	640	419	634	621
384	640	704	424	634	681
384	640	768	430	635	741
384	640	832	436	635	799
384	640	896	443	635	861
384	640	960	451	636	920
384	640	1023	458	637	979
384	704	0	400	693	90
384	704	64	398	690	107
384	704	128	399	691	149
384	704	192	400	691	202
384	704	256	402	691	257
384	704	320	404	692	317
384	704	384	407	693	377
384	704	448	410	693	439
384	704	512	415	694	498
384	704	576	419	694	561
384	704	640	424	694	622
384	704	704	429	694	682
384	704	768	435	695	743
384	704	832	441	695	801
384	704	896	448	695	862
384	704	960	456	696	922
384	704	1023	463	696	981
384	768	0	405	756	98
384	768	64	404	753	114
384	768	128	405	754	154
384	768	192	406	754	205
384	768	256	408	756	260
384	768	320	410	755	319
384	768	384	413	756	379
384	768	448	416	756	440
384	768	512	420	757	499
384	768	576	424	757	562
384	768	640	429	757	623
384	768	704	434	757	683
384	768	768	440	758	744
384	768	832	446	757	801
384	768	896	453	758	863
384	768	960	460	759	923
384	768	1023	467	759	981
384	832	0	411	816	106
384	832	64	409	814	120
384	832	128	410	814	158
384	832	192	411	815	208
384	832	256	413	815	262
384	832	320	415	816	321
384	832	384	418	817	380
384	832	448	421	816	442
384	832	512	425	817	500
384	832	576	430	818	563
384	832	640	434	817	624
384	832	704	439	817	683
384	832	768	445	818	744
384	832	832	451	818	802
384	832	896	458	818	864
384	832	960	465	819	924
384	832	1023	472	819	982
384	896	0	417	880	114
384	896	64	416	877	127
384	896	128	417	878	163
384	896	192	418	878	212
384	896	256	419	878	265
384	896	320	422	879	323
384	896	384	425	880	382
384	896	448	427	880	443
384	896	512	432	881	502
384	896	576	436	881	564
384	896	640	440	881	625
384	896	704	445	880	685
384	896	768	451	882	745
384	896	832	457	881	803
384	896	896	464	881	865
384	896	960	471	882	924
384	896	1023	477	883	983
384	960	0	424	940	122
384	960	64	422	937	134
384	960	128	423	937	168
384	960	192	424	938	216
384	960	256	426	938	268
384	960	320	428	939	325
384	960	384	431	940	384
384	960	448	434	939	445
384	960	512	437	940	503
384	960	576	442	941	565
384	960	640	447	941	626
384	960	704	451	941	686
384	960	768	457	942	747
384	960	832	463	941	804
384	960	896	469	941	865
384	960	960	476	942	925
384	960	1023	483	942	984
384	1023	0	431	1002	130
384	1023	64	429	999	141
384	1023	128	430	999	174
384	1023	192	431	1000	220
384	1023	256	433	1001	272
384	1023	320	435	1001	328
384	1023	384	438	1002	386
384	1023	448	441	1001	447
384	1023	512	445	1003	505
384	1023	576	449	1003	567
384	1023	640	453	1003	628
384	1023	704	458	1003	688
384	1023	768	464	1003	748
384	1023	832	469	1002	805
384	1023	896	476	1002	867
384	1023	960	483	1003	927
384	1023	1023	489	1002	985
448	0	0	434	64	0
448	0	64	432	64	63
448	0	128	433	64	123
448	0	192	434	66	184
448	0	256	436	67	244
448	0	320	438	70	306
448	0	384	441	73	367
448	0	448	443	76	430
448	0	512	447	80	490
448	0	576	451	85	553
448	0	640	455	90	615
448	0	704	460	94	676
448	0	768	465	99	736
448	0	832	471	104	794
448	0	896	477	110	855
448	0	960	484	115	916
448	0	1023	491	122	974
448	64	0	435	91	0
448	64	64	433	90	63
448	64	128	433	91	123
448	64	192	435	91	185
448	64	256	437	93	245
448	64	320	438	95	306
448	64	384	441	97	368
448	64	448	444	99	431
448	64	512	448	102	490
448	64	576	452	106	554
448	64	640	456	110	615
448	64	704	460	113	676
448	64	768	466	117	737
448	64	832	472	121	795
448	64	896	478	126	856
448	64	960	485	131	916
448	64	1023	491	137	975
448	128	0	434	142	8
448	128	64	433	141	64
448	128	128	434	141	124
448	128	192	435	142	185
448	128	256	437	143	245
448	128	320	439	144	307
448	128	384	441	145	368
448	128	448	444	147	431
448	128	512	447	149	490
448	128	576	452	151	554
448	128	640	456	153	615
448	128	704	461	156	676
448	128	768	467	159	737
448	128	832	472	162	795
448	128	896	478	165	857
448	128	960	484	169	916
448	128	1023	492	173	975
448	192	0	435	199	21
448	192	64	433	198	66
448	192	128	434	199	125
448	192	192	436	199	186
448	192	256	438	200	245
448	192	320	439	201	307
448	192	384	442	202	368
448	192	448	445	203	431
448	192	512	449	204	491
448	192	576	453	206	554
448	192	640	457	207	616
448	192	704	462	209	677
448	192	768	467	211	737
448	192	832	472	212	794
448	192	896	478	215	856
448	192	960	485	218	916
448	192	1023	492	220	975
448	256	0	436	258	30
448	256	64	436	258	69
448	256	128	436	258	127
448	256	192	437	259	187
448	256	256	439	259	246
448	256	320	441	260	307
448	256	384	444	261	369
448	256	448	446	261	432
448	256	512	449	262	491
448	256	576	454	264	555
448	256	640	457	264	616
448	256	704	462	265	676
448	256	768	468	267	737
448	256	832	474	268	795
448	256	896	480	270	857
448	256	960	486	272	916
448	256	1023	494	274	976
448	320	0	438	321	39
448	320	64	436	319	73
448	320	128	437	319	128
448	320	192	438	320	188
448	320	256	440	321	247
448	320	320	442	321	308
448	320	384	445	322	369
448	320	448	448	322	432
448	320	512	451	323	491
448	320	576	455	324	555
448	320	640	459	325	616
448	320	704	464	326	677
448	320	768	470	327	737
448	320	832	475	327	795
448	320	896	481	329	857
448	320	960	488	330	917
448	320	1023	495	332	976
448	384	0	440	381	48
448	384	64	438	380	77
448	384	128	439	380	130
448	384	192	440	381	189
448	384	256	442	382	248
448	384	320	444	382	309
448	384	384	447	383	370
448	384	448	450	383	433
448	384	512	453	384	492
448	384	576	458	385	556
448	384	640	461	385	617
448	384	704	466	386	677
448	384	768	472	387	738
448	384	832	476	387	795
448	384	896	483	388	857
448	384	960	490	390	918
448	384	1023	496	391	976
448	448	0	443	444	56
448	448	64	442	444	83
448	448	128	441	443	133
448	448	192	443	444	191
448	448	256	445	444	249
448	448	320	447	445	310
448	448	384	449	445	371
448	448	448	453	446	434
448	448	512	455	446	493
448	448	576	460	447	556
448	448	640	464	447	617
448	448	704	469	448	678
448	448	768	474	449	739
448	448	832	479	449	797
448	448	896	485	450	858
448	448	960	492	451	918
448	448	1023	499	452	977
448	512	0	446	504	64
448	512	64	445	503	88
448	512	128	445	503	136
448	512	192	446	503	193
448	512	256	448	504	251
448	512	320	450	505	311
448	512	384	452	505	372
448	512	448	455	505	435
448	512	512	458	506	493
448	512	576	463	507	557
448	512	640	467	507	618
448	512	704	472	507	679
448	512	768	477	508	740
448	512	832	482	508	798
448	512	896	488	508	859
448	512	960	495	510	919
448	512	1023	502	510	977
448	576	0	449	569	73
448	576	64	447	568	94
448	576	128	448	568	140
448	576	192	449	569	195
448	576	256	452	570	253
448	576	320	453	569	313
448	576	384	456	570	373
448	576	448	459	571	436
448	576	512	462	571	495
448	576	576	466	571	558
448	576	640	470	572	619
448	576	704	475	572	680
448	576	768	480	573	740
448	576	832	485	572	798
448	576	896	491	573	859
448	576	960	498	574	920
448	576	1023	504	575	978
448	640	0	454	633	81
448	640	64	452	631	100
448	640	128	452	631	144
448	640	192	454	632	198
448	640	256	455	631	254
448	640	320	457	632	315
448	640	384	460	633	375
448	640	448	462	633	437
448	640	512	466	634	496
448	640	576	470	634	559
448	640	640	474	634	620
448	640	704	478	634	680
448	640	768	483	635	741
448	640	832	489	635	799
448	640	896	495	635	861
448	640	960	501	636	920
448	640	1023	508	637	979
448	704	0	458	692	89
448	704	64	456	691	107
448	704	128	457	691	149
448	704	192	458	692	202
448	704	256	460	692	257
448	704	320	462	692	317
448	704	384	464	693	377
448	704	448	467	693	439
448	704	512	470	693	497
448	704	576	475	695	561
448	704	640	478	694	621
448	704	704	483	694	682
448	704	768	488	695	743
448	704	832	493	695	800
448	704	896	499	695	862
448	704	960	505	695	921
448	704	1023	512	696	981
448	768	0	463	756	97
448	768	64	461	754	113
448	768	128	462	754	153
448	768	192	463	755	205
448	768	256	464	755	260
448	768	320	466	756	319
448	768	384	469	757	379
448	768	448	472	757	440
448	768	512	476	757	499
448	768	576	479	757	562
448	768	640	483	757	623
448	768	704	487	757	683
448	768	768	493	758	744
448	768	832	498	758	801
448	768	896	504	758	863
448	768	960	510	759	923
448	768	1023	517	759	981
448	832	0	468	817	105
448	832	64	466	814	120
448	832	128	466	814	158
448	832	192	468	815	208
448	832	256	469	815	262
448	832	320	471	816	321
448	832	384	474	817	380
448	832	448	476	817	442
448	832	512	479	817	499
448	832	576	484	818	563
448	832	640	488	818	624
448	832	704	492	818	684
448	832	768	497	818	744
448	832	832	502	817	801
448	832	896	508	818	863
448	832	960	514	818	922
448	832	1023	520	819	982
448	896	0	472	878	113
448	896	64	471	877	127
448	896	128	472	877	163
448	896	192	473	878	212
448	896	256	474	878	265
448	896	320	476	879	323
448	896	384	479	880	382
448	896	448	481	879	443
448	896	512	484	880	500
448	896	576	489	882	564
448	896	640	492	880	624
448	896	704	497	881	685
448	896	768	502	882	745
448	896	832	507	882	803
448	896	896	513	881	864
448	896	960	519	881	923
448	896	1023	525	882	983
448	960	0	478	939	122
448	960	64	477	936	134
448	960	128	477	937	168
448	960	192	478	938	216
448	960	256	480	938	268
448	960	320	482	939	325
448	960	384	485	940	384
448	960	448	487	939	445
448	960	512	490	941	503
448	960	576	494	941	565
448	960	640	498	941	626
448	960	704	502	940	685
448	960	768	507	941	746
448	960	832	512	941	804
448	960	896	518	941	866
448	960	960	524	942	925
448	960	1023	531	943	984
448	1023	0	485	1002	129
448	1023	64	483	999	141
448	1023	128	483	999	173
448	1023	192	485	1000	220
448	1023	256	486	1000	271
448	1023	320	488	1001	328
448	1023	384	491	1002	386
448	1023	448	493	1001	447
448	1023	512	497	1002	505
448	1023	576	500	1003	567
448	1023	640	504	1003	628
448	1023	704	508	1002	687
448	1023	768	513	1003	747
448	1023	832	518	1002	805
448	1023	896	524	1002	867
448	1023	960	530	1002	926
448	1023	1023	536	1002	985
512	0	0	493	72	0
512	0	64	491	72	62
512	0	128	491	73	123
512	0	192	493	74	184
512	0	256	495	75	244
512	0	320	496	78	306
512	0	384	498	81	367
512	0	448	500	83	430
512	0	512	504	87	489
512	0	576	508	91	553
512	0	640	511	95	615
512	0	704	514	100	675
512	0	768	520	104	736
512	0	832	524	109	794
512	0	896	530	114	855
512	0	960	536	121	915
512	0	1023	542	126	974
512	64	0	494	97	0
512	64	64	492	96	63
512	64	128	492	96	123
512	64	192	494	97	184
512	64	256	495	98	244
512	64	320	497	100	306
512	64	384	500	102	368
512	64	448	501	104	431
512	64	512	505	107	490
512	64	576	508	111	554
512	64	640	512	114	615
512	64	704	516	118	676
512	64	768	521	122	737
512	64	832	525	126	794
512	64	896	531	130	856
512	64	960	537	135	916
512	64	1023	543	140	975
512	128	0	494	145	0
512	128	64	492	145	64
512	128	128	492	145	123
512	128	192	494	145	185
512	128	256	495	146	244
512	128	320	497	147	307
512	128	384	499	149	368
512	128	448	502	150	431
512	128	512	505	152	490
512	128	576	509	155	554
512	128	640	512	156	615
512	128	704	516	159	676
512	128	768	521	162	737
512	128	832	526	164	794
512	128	896	531	168	856
512	128	960	537	171	915
512	128	1023	543	175	975
512	192	0	494	201	19
512	192	64	493	201	66
512	192	128	493	201	125
512	192	192	494	202	185
512	192	256	496	202	245
512	192	320	497	203	307
512	192	384	500	204	368
512	192	448	502	205	431
512	192	512	506	206	490
512	192	576	509	208	554
512	192	640	513	209	616
512	192	704	516	211	676
512	192	768	521	213	736
512	192	832	526	214	795
512	192	896	531	217	856
512	192	960	537	220	916
512	192	1023	543	222	975
512	256	0	495	260	29
512	256	64	494	259	69
512	256	128	495	260	126
512	256	192	495	260	186
512	256	256	497	260	246
512	256	320	499	261	307
512	256	384	501	262	368
512	256	448	504	263	432
512	256	512	506	263	490
512	256	576	511	265	555
512	256	640	513	266	616
512	256	704	518	267	677
512	256	768	523	269	737
512	256	832	527	270	795
512	256	896	532	271	856
512	256	960	538	274	916
512	256	1023	545	276	975
512	320	0	497	322	38
512	320	64	495	320	73
512	320	128	496	321	128
512	320	192	497	321	187
512	320	256	498	322	246
512	320	320	500	322	308
512	320	384	502	323	369
512	320	448	504	323	432
512	320	512	508	325	491
512	320	576	512	325	555
512	320	640	515	326	616
512	320	704	519	327	677
512	320	768	524	328	737
512	320	832	528	329	795
512	320	896	534	330	857
512	320	960	540	332	917
512	320	1023	546	333	976
512	384	0	499	383	47
512	384	64	497	381	77
512	384	128	497	381	130
512	384	192	499	382	189
512	384	256	500	383	248
512	384	320	502	383	309
512	384	384	504	384	370
512	384	448	506	384	432
512	384	512	510	385	492
512	384	576	513	385	555
512	384	640	517	386	616
512	384	704	521	387	677
512	384	768	525	387	737
512	384	832	530	388	795
512	384	896	535	389	857
512	384	960	541	390	917
512	384	1023	547	391	976
512	448	0	500	445	56
512	448	64	499	444	83
512	448	128	499	444	133
512	448	192	500	444	191
512	448	256	502	445	249
512	448	320	504	445	310
512	448	384	506	446	371
512	448	448	509	447	434
512	448	512	512	447	493
512	448	576	516	448	557
512	448	640	519	448	617
512	448	704	523	449	678
512	448	768	528	450	739
512	448	832	533	450	797
512	448	896	538	450	858
512	448	960	544	452	918
512	448	1023	549	453	976
512	512	0	503	505	64
512	512	64	501	503	87
512	512	128	502	503	136
512	512	192	503	504	193
512	512	256	505	505	251
512	512	320	506	505	311
512	512	384	509	505	372
512	512	448	512	506	435
512	512	512	514	506	493
512	512	576	518	508	557
512	512	640	521	507	618
512	512	704	526	508	679
512	512	768	530	509	739
512	512	832	534	509	797
512	512	896	540	509	859
512	512	960	546	510	919
512	512	1023	552	511	977
512	576	0	507	570	73
512	576	64	505	569	94
512	576	128	506	569	140
512	576	192	507	569	196
512	576	256	509	571	253
512	576	320	510	570	313
512	576	384	512	571	373
512	576	448	514	571	436
512	576	512	518	572	495
512	576	576	521	572	558
512	576	640	525	572	619
512	576	704	528	572	679
512	576	768	533	573	740
512	576	832	537	573	798
512	576	896	543	573	859
512	576	960	549	574	919
512	576	1023	555	575	978
512	640	0	511	633	81
512	640	64	508	631	100
512	640	128	509	631	144
512	640	192	510	632	198
512	640	256	511	632	254
512	640	320	513	633	315
512	640	384	516	634	375
512	640	448	518	633	437
512	640	512	520	634	495
512	640	576	525	635	559
512	640	640	528	635	620
512	640	704	532	635	680
512	640	768	537	636	741
512	640	832	541	636	799
512	640	896	547	636	861
512	640	960	552	636	920
512	640	1023	559	638	980
512	704	0	515	693	89
512	704	64	513	692	107
512	704	128	514	692	149
512	704	192	514	692	201
512	704	256	516	693	257
512	704	320	518	693	317
512	704	384	520	693	377
512	704	448	522	694	439
512	704	512	525	694	497
512	704	576	529	695	560
512	704	640	532	694	621
512	704	704	536	695	682
512	704	768	541	696	742
512	704	832	545	695	800
512	704	896	550	695	862
512	704	960	556	696	921
512	704	1023	562	697	981
512	768	0	519	757	97
512	768	64	517	755	113
512	768	128	518	755	153
512	768	192	519	755	205
512	768	256	520	755	260
512	768	320	521	756	319
512	768	384	524	757	378
512	768	448	526	756	440
512	768	512	529	756	498
512	768	576	533	758	561
512	768	640	536	758	623
512	768	704	540	758	683
512	768	768	545	759	744
512	768	832	549	758	801
512	768	896	554	758	863
512	768	960	560	759	923
512	768	1023	566	760	982
512	832	0	522	816	105
512	832	64	521	815	120
512	832	128	522	815	158
512	832	192	522	815	208
512	832	256	524	816	262
512	832	320	526	817	321
512	832	384	528	816	379
512	832	448	530	817	441
512	832	512	533	817	499
512	832	576	537	819	563
512	832	640	539	817	623
512	832	704	544	818	684
512	832	768	548	819	744
512	832	832	553	818	802
512	832	896	558	819	864
512	832	960	563	819	923
512	832	1023	570	820	982
512	896	0	527	879	113
512	896	64	526	878	127
512	896	128	526	878	163
512	896	192	527	877	211
512	896	256	529	879	265
512	896	320	530	879	323
512	896	384	532	879	381
512	896	448	535	880	443
512	896	512	537	880	500
512	896	576	541	881	564
512	896	640	544	881	624
512	896	704	548	881	684
512	896	768	553	881	745
512	896	832	557	881	802
512	896	896	562	881	864
512	896	960	568	882	923
512	896	1023	574	883	983
512	960	0	532	939	121
512	960	64	531	938	134
512	960	128	531	938	168
512	960	192	532	938	215
512	960	256	534	939	268
512	960	320	535	939	325
512	960	384	538	940	384
512	960	448	540	940	445
512	960	512	542	940	502
512	960	576	546	941	565
512	960	640	549	940	625
512	960	704	553	941	686
512	960	768	558	942	746
512	960	832	562	941	804
512	960	896	567	942	866
512	960	960	573	942	925
512	960	1023	579	943	984
512	1023	0	538	1002	129
512	1023	64	536	1000	141
512	1023	128	537	1000	174
512	1023	192	538	1001	220
512	1023	256	539	1001	271
512	1023	320	541	1001	328
512	1023	384	543	1002	386
512	1023	448	545	1002	447
512	1023	512	549	1003	505
512	1023	576	552	1003	567
512	1023	640	555	1003	628
512	1023	704	559	1003	687
512	1023	768	563	1004	748
512	1023	832	567	1003	805
512	1023	896	572	1002	867
512	1023	960	578	1003	926
512	1023	1023	584	1003	985
576	0	0	557	81	0
576	0	64	555	81	62
576	0	128	555	82	123
576	0	192	557	83	184
576	0	256	558	84	244
576	0	320	560	86	306
576	0	384	562	88	367
576	0	448	563	91	430
576	0	512	566	94	490
576	0	576	569	98	553
576	0	640	573	102	615
576	0	704	576	106	675
576	0	768	580	110	736
576	0	832	584	114	794
576	0	896	589	119	856
576	0	960	595	124	916
576	0	1023	600	131	974
576	64	0	558	103	0
576	64	64	556	102	62
576	64	128	556	103	123
576	64	192	558	104	184
576	64	256	558	105	244
576	64	320	560	106	306
576	64	384	562	109	368
576	64	448	564	111	431
576	64	512	567	113	490
576	64	576	570	117	553
576	64	640	573	120	615
576	64	704	577	123	676
576	64	768	581	127	736
576	64	832	585	131	794
576	64	896	590	135	856
576	64	960	595	139	916
576	64	1023	601	144	975
576	128	0	558	149	0
576	128	64	556	149	63
576	128	128	556	149	123
576	128	192	557	149	184
576	128	256	559	150	244
576	128	320	561	151	306
576	128	384	562	153	367
576	128	448	565	154	431
576	128	512	567	156	490
576	128	576	571	158	554
576	128	640	573	160	615
576	128	704	577	162	676
576	128	768	582	165	737
576	128	832	585	168	795
576	128	896	590	171	856
576	128	960	595	175	916
576	128	1023	601	179	975
576	192	0	558	204	16
576	192	64	556	203	66
576	192	128	557	204	124
576	192	192	558	204	185
576	192	256	560	205	245
576	192	320	561	205	306
576	192	384	563	207	368
576	192	448	565	207	431
576	192	512	568	209	490
576	192	576	571	210	554
576	192	640	574	212	616
576	192	704	577	213	676
576	192	768	582	215	736
576	192	832	586	217	795
576	192	896	591	219	856
576	192	960	596	222	916
576	192	1023	601	225	975
576	256	0	559	262	28
576	256	64	558	262	69
576	256	128	558	262	126
576	256	192	559	262	186
576	256	256	560	263	245
576	256	320	562	263	307
576	256	384	564	264	368
576	256	448	566	265	432
576	256	512	568	265	490
576	256	576	572	267	555
576	256	640	575	268	616
576	256	704	578	269	676
576	256	768	583	271	737
576	256	832	587	271	795
576	256	896	592	274	857
576	256	960	596	275	916
576	256	1023	603	278	976
576	320	0	561	323	38
576	320	64	558	322	72
576	320	128	559	323	128
576	320	192	561	323	187
576	320	256	561	323	246
576	320	320	563	324	308
576	320	384	565	325	369
576	320	448	567	325	432
576	320	512	570	326	491
576	320	576	573	327	555
576	320	640	576	328	616
576	320	704	579	328	676
576	320	768	584	330	737
576	320	832	588	330	795
576	320	896	592	331	857
576	320	960	598	333	917
576	320	1023	603	335	976
576	384	0	562	384	46
576	384	64	560	382	77
576	384	128	560	383	130
576	384	192	562	383	189
576	384	256	563	384	248
576	384	320	564	384	308
576	384	384	567	385	370
576	384	448	568	385	432
576	384	512	571	386	492
576	384	576	574	386	555
576	384	640	577	387	616
576	384	704	581	388	677
576	384	768	585	388	737
576	384	832	589	389	795
576	384	896	593	390	857
576	384	960	599	391	917
576	384	1023	604	393	976
576	448	0	564	446	56
576	448	64	563	446	82
576	448	128	563	445	133
576	448	192	564	446	191
576	448	256	565	446	249
576	448	320	566	446	310
576	448	384	569	447	371
576	448	448	571	448	434
576	448	512	573	448	492
576	448	576	577	450	556
576	448	640	580	449	617
576	448	704	583	449	678
576	448	768	588	451	739
576	448	832	592	451	797
576	448	896	596	451	858
576	448	960	601	453	918
576	448	1023	606	453	976
576	512	0	566	506	63
576	512	64	565	505	87
576	512	128	565	504	136
576	512	192	566	505	193
576	512	256	568	506	251
576	512	320	568	505	311
576	512	384	571	507	372
576	512	448	573	507	435
576	512	512	575	507	493
576	512	576	579	508	557
576	512	640	581	508	618
576	512	704	585	508	679
576	512	768	590	509	739
576	512	832	594	510	798
576	512	896	598	510	859
576	512	960	603	511	919
576	512	1023	609	512	977
576	576	0	569	571	72
576	576	64	567	569	93
576	576	128	568	569	140
576	576	192	569	570	195
576	576	256	571	571	253
576	576	320	571	571	313
576	576	384	574	572	373
576	576	448	575	571	435
576	576	512	579	573	495
576	576	576	582	573	558
576	576	640	585	573	619
576	576	704	589	574	680
576	576	768	592	574	740
576	576	832	596	574	798
576	576	896	601	574	859
576	576	960	606	576	920
576	576	1023	612	576	978
576	640	0	573	635	81
576	640	64	571	633	100
576	640	128	572	633	144
576	640	192	573	634	198
576	640	256	574	633	255
576	640	320	575	634	315
576	640	384	577	635	375
576	640	448	579	634	437
576	640	512	582	635	496
576	640	576	585	636	559
576	640	640	588	636	620
576	640	704	591	636	680
576	640	768	595	636	741
576	640	832	599	636	798
576	640	896	604	636	860
576	640	960	609	637	920
576	640	1023	615	638	979
576	704	0	576	693	88
576	704	64	575	692	106
576	704	128	575	692	148
576	704	192	575	692	201
576	704	256	577	693	257
576	704	320	579	694	317
576	704	384	580	694	376
576	704	448	583	694	438
576	704	512	585	694	497
576	704	576	589	696	561
576	704	640	591	695	621
576	704	704	595	695	682
576	704	768	599	696	742
576	704	832	603	696	800
576	704	896	608	696	862
576	704	960	612	696	921
576	704	1023	618	698	981
576	768	0	581	758	97
576	768	64	578	755	113
576	768	128	579	756	153
576	768	192	580	756	205
576	768	256	581	756	260
576	768	320	582	757	319
576	768	384	585	758	379
576	768	448	587	757	440
576	768	512	590	758	499
576	768	576	592	759	562
576	768	640	595	758	623
576	768	704	598	758	683
576	768	768	603	759	743
576	768	832	607	759	801
576	768	896	611	759	863
576	768	960	617	760	923
576	768	1023	622	761	982
576	832	0	583	817	105
576	832	64	582	816	120
576	832	128	583	816	157
576	832	192	583	816	208
576	832	256	584	817	262
576	832	320	586	817	320
576	832	384	588	818	380
576	832	448	590	817	441
576	832	512	592	818	499
576	832	576	596	819	562
576	832	640	598	818	623
576	832	704	602	818	683
576	832	768	606	819	744
576	832	832	610	819	802
576	832	896	614	819	863
576	832	960	619	819	923
576	832	1023	625	821	982
576	896	0	587	880	113
576	896	64	586	878	126
576	896	128	586	879	163
576	896	192	587	878	211
576	896	256	588	879	265
576	896	320	590	880	323
576	896	384	592	880	381
576	896	448	594	880	443
576	896	512	596	881	500
576	896	576	600	882	563
576	896	640	602	881	624
576	896	704	606	881	684
576	896	768	610	882	745
576	896	832	614	882	803
576	896	896	619	882	865
576	896	960	623	883	924
576	896	1023	628	883	982
576	960	0	592	939	121
576	960	64	590	938	134
576	960	128	590	938	168
576	960	192	592	939	216
576	960	256	593	939	268
576	960	320	594	939	325
576	960	384	597	941	384
576	960	448	598	940	445
576	960	512	601	941	502
576	960	576	604	942	565
576	960	640	607	941	625
576	960	704	610	941	686
576	960	768	614	942	746
576	960	832	618	942	804
576	960	896	623	942	865
576	960	960	627	942	924
576	960	1023	633	943	984
576	1023	0	597	1003	129
576	1023	64	595	1000	141
576	1023	128	596	1000	174
576	1023	192	597	1001	219
576	1023	256	598	1001	271
576	1023	320	600	1002	328
576	1023	384	602	1003	386
576	1023	448	603	1002	447
576	1023	512	607	1004	505
576	1023	576	609	1004	567
576	1023	640	612	1003	627
576	1023	704	615	1003	687
576	1023	768	620	1004	748
576	1023	832	623	1003	805
576	1023	896	628	1003	867
576	1023	960	632	1003	926
576	1023	1023	638	1003	985
640	0	0	618	90	0
640	0	64	616	90	61
640	0	128	617	90	122
640	0	192	617	91	183
640	0	256	619	92	243
640	0	320	620	94	305
640	0	384	621	96	367
640	0	448	624	99	430
640	0	512	626	101	489
640	0	576	629	106	553
640	0	640	631	109	614
640	0	704	634	112	675
640	0	768	639	117	736
640	0	832	642	121	793
640	0	896	646	125	855
640	0	960	650	131	915
640	0	1023	656	136	974
640	64	0	618	110	0
640	64	64	617	109	62
640	64	128	617	109	123
640	64	192	617	110	184
640	64	256	619	111	244
640	64	320	621	113	306
640	64	384	622	115	367
640	64	448	625	117	431
640	64	512	627	119	489
640	64	576	630	122	554
640	64	640	632	125	615
640	64	704	636	128	676
640	64	768	639	133	736
640	64	832	643	135	794
640	64	896	647	140	856
640	64	960	652	145	916
640	64	1023	656	148	974
640	128	0	619	153	0
640	128	64	617	153	63
640	128	128	617	153	123
640	128	192	619	154	184
640	128	256	620	155	244
640	128	320	621	156	306
640	128	384	623	157	367
640	128	448	624	158	430
640	128	512	627	160	490
640	128	576	630	162	553
640	128	640	633	164	615
640	128	704	635	166	675
640	128	768	639	169	736
640	128	832	643	172	794
640	128	896	647	175	856
640	128	960	652	178	916
640	128	1023	657	182	975
640	192	0	619	207	13
640	192	64	618	207	65
640	192	128	618	207	124
640	192	192	619	207	185
640	192	256	620	208	244
640	192	320	622	208	306
640	192	384	623	209	367
640	192	448	625	211	431
640	192	512	628	212	490
640	192	576	631	213	554
640	192	640	633	214	615
640	192	704	636	216	676
640	192	768	640	218	737
640	192	832	644	220	794
640	192	896	647	222	856
640	192	960	652	225	916
640	192	1023	658	228	976
640	256	0	620	264	26
640	256	64	618	263	68
640	256	128	619	264	126
640	256	192	620	264	186
640	256	256	621	265	245
640	256	320	622	265	307
640	256	384	624	266	368
640	256	448	626	266	431
640	256	512	629	268	491
640	256	576	632	269	554
640	256	640	634	270	616
640	256	704	638	271	676
640	256	768	641	273	737
640	256	832	644	274	795
640	256	896	648	275	856
640	256	960	653	277	916
640	256	1023	658	280	975
640	320	0	621	325	36
640	320	64	620	324	72
640	320	128	619	324	127
640	320	192	621	324	187
640	320	256	622	325	246
640	320	320	624	326	308
640	320	384	625	326	369
640	320	448	627	327	432
640	320	512	629	327	491
640	320	576	633	329	555
640	320	640	635	329	616
640	320	704	638	330	677
640	320	768	643	331	737
640	320	832	646	332	796
640	320	896	649	333	857
640	320	960	654	335	916
640	320	1023	660	337	976
640	384	0	622	385	45
640	384	64	621	384	76
640	384	128	622	385	130
640	384	192	623	385	189
640	384	256	624	385	247
640	384	320	625	386	308
640	384	384	628	387	370
640	384	448	629	387	433
640	384	512	631	387	491
640	384	576	634	388	555
640	384	640	636	388	616
640	384	704	640	389	677
640	384	768	644	391	738
640	384	832	647	391	796
640	384	896	651	392	857
640	384	960	656	393	917
640	384	1023	661	395	976
640	448	0	625	448	55
640	448	64	623	446	82
640	448	128	624	447	133
640	448	192	625	447	191
640	448	256	625	447	249
640	448	320	627	448	310
640	448	384	629	449	371
640	448	448	630	449	433
640	448	512	633	450	493
640	448	576	636	450	556
640	448	640	639	451	618
640	448	704	641	451	678
640	448	768	645	452	738
640	448	832	649	452	796
640	448	896	653	453	858
640	448	960	658	454	918
640	448	1023	663	455	977
640	512	0	628	508	62
640	512	64	625	506	87
640	512	128	626	506	136
640	512	192	627	507	193
640	512	256	628	507	250
640	512	320	629	507	311
640	512	384	631	508	372
640	512	448	633	508	434
640	512	512	636	509	494
640	512	576	638	509	557
640	512	640	641	509	618
640	512	704	643	509	678
640	512	768	648	511	739
640	512	832	651	510	797
640	512	896	655	511	859
640	512	960	660	512	919
640	512	1023	665	513	977
640	576	0	629	571	71
640	576	64	628	571	93
640	576	128	628	571	140
640	576	192	629	571	195
640	576	256	630	572	252
640	576	320	632	572	313
640	576	384	634	573	373
640	576	448	635	573	436
640	576	512	637	573	494
640	576	576	641	574	558
640	576	640	643	574	619
640	576	704	646	574	680
640	576	768	650	575	740
640	576	832	653	575	798
640	576	896	657	575	860
640	576	960	662	576	919
640	576	1023	667	577	978
640	640	0	632	634	80
640	640	64	631	633	99
640	640	128	631	633	144
640	640	192	632	633	198
640	640	256	633	634	255
640	640	320	634	634	314
640	640	384	637	635	375
640	640	448	638	635	437
640	640	512	640	635	495
640	640	576	644	637	559
640	640	640	646	636	620
640	640	704	649	637	681
640	640	768	653	638	741
640	640	832	657	637	799
640	640	896	660	637	860
640	640	960	665	638	920
640	640	1023	670	639	979
640	704	0	636	695	88
640	704	64	634	692	106
640	704	128	634	693	148
640	704	192	635	693	201
640	704	256	637	694	257
640	704	320	637	694	316
640	704	384	640	695	376
640	704	448	641	694	438
640	704	512	644	695	497
640	704	576	646	696	560
640	704	640	649	696	621
640	704	704	653	696	682
640	704	768	656	697	742
640	704	832	660	696	800
640	704	896	664	697	862
640	704	960	668	698	922
640	704	1023	673	698	980
640	768	0	639	757	97
640	768	64	638	756	113
640	768	128	638	755	153
640	768	192	638	756	204
640	768	256	640	757	260
640	768	320	641	757	318
640	768	384	643	757	378
640	768	448	645	758	440
640	768	512	647	758	498
640	768	576	650	759	562
640	768	640	653	759	622
640	768	704	656	759	683
640	768	768	660	760	743
640	768	832	663	760	801
640	768	896	667	759	863
640	768	960	671	760	922
640	768	1023	676	761	981
640	832	0	642	818	104
640	832	64	640	816	119
640	832	128	641	816	157
640	832	192	642	817	207
640	832	256	643	818	262
640	832	320	644	817	320
640	832	384	646	818	379
640	832	448	647	818	441
640	832	512	650	819	499
640	832	576	653	819	562
640	832	640	656	819	623
640	832	704	659	820	684
640	832	768	663	821	744
640	832	832	665	819	801
640	832	896	670	819	863
640	832	960	674	820	923
640	832	1023	679	821	982
640	896	0	646	881	113
640	896	64	644	879	127
640	896	128	644	879	162
640	896	192	645	880	211
640	896	256	647	880	265
640	896	320	648	880	322
640	896	384	650	881	381
640	896	448	651	881	442
640	896	512	654	882	501
640	896	576	657	882	563
640	896	640	659	882	624
640	896	704	663	882	685
640	896	768	666	883	745
640	896	832	669	882	802
640	896	896	673	882	864
640	896	960	678	883	923
640	896	1023	682	883	982
640	960	0	650	940	120
640	960	64	648	938	134
640	960	128	648	938	167
640	960	192	649	939	215
640	960	256	651	940	268
640	960	320	652	940	325
640	960	384	654	940	383
640	960	448	655	941	444
640	960	512	658	941	502
640	960	576	660	941	564
640	960	640	663	941	625
640	960	704	666	942	686
640	960	768	670	943	746
640	960	832	672	941	803
640	960	896	677	942	865
640	960	960	681	942	924
640	960	1023	686	943	983
640	1023	0	654	1002	129
640	1023	64	652	1000	141
640	1023	128	653	1000	173
640	1023	192	653	1001	219
640	1023	256	655	1002	271
640	1023	320	656	1001	327
640	1023	384	658	1002	385
640	1023	448	660	1003	447
640	1023	512	662	1003	504
640	1023	576	665	1004	567
640	1023	640	667	1003	627
640	1023	704	670	1003	687
640	1023	768	674	1004	747
640	1023	832	678	1004	805
640	1023	896	681	1003	866
640	1023	960	685	1003	926
640	1023	1023	690	1002	984
704	0	0	678	98	0
704	0	64	676	98	60
704	0	128	677	99	122
704	0	192	677	99	183
704	0	256	679	100	243
704	0	320	680	102	305
704	0	384	682	104	367
704	0	448	683	107	430
704	0	512	685	109	488
704	0	576	688	112	553
704	0	640	690	116	614
704	0	704	693	119	675
704	0	768	696	123	735
704	0	832	700	126	793
704	0	896	703	131	855
704	0	960	707	135	915
704	0	1023	712	140	974
704	64	0	679	117	0
704	64	64	677	116	61
704	64	128	677	117	122
704	64	192	678	117	183
704	64	256	679	118	243
704	64	320	680	120	305
704	64	384	682	121	367
704	64	448	684	123	430
704	64	512	686	125	489
704	64	576	689	128	553
704	64	640	690	131	614
704	64	704	693	134	675
704	64	768	697	137	736
704	64	832	701	140	794
704	64	896	703	146	855
704	64	960	708	150	915
704	64	1023	713	154	975
704	128	0	679	158	0
704	128	64	677	157	62
704	128	128	677	157	122
704	128	192	678	158	184
704	128	256	680	159	244
704	128	320	681	160	305
704	128	384	683	161	367
704	128	448	684	162	430
704	128	512	686	165	489
704	128	576	689	166	553
704	128	640	691	168	615
704	128	704	694	170	675
704	128	768	697	173	736
704	128	832	700	175	794
704	128	896	704	178	856
704	128	960	708	182	915
704	128	1023	713	185	975
704	192	0	679	210	7
704	192	64	678	210	64
704	192	128	679	210	124
704	192	192	679	210	184
704	192	256	680	211	244
704	192	320	682	212	306
704	192	384	684	213	368
704	192	448	685	214	431
704	192	512	687	215	489
704	192	576	690	217	554
704	192	640	691	218	615
704	192	704	695	219	676
704	192	768	698	222	736
704	192	832	701	223	794
704	192	896	705	225	856
704	192	960	709	228	915
704	192	1023	714	231	975
704	256	0	681	267	24
704	256	64	679	266	67
704	256	128	679	266	125
704	256	192	680	266	185
704	256	256	681	267	245
704	256	320	682	267	306
704	256	384	684	268	368
704	256	448	686	269	431
704	256	512	688	270	490
704	256	576	690	271	553
704	256	640	692	272	615
704	256	704	695	273	676
704	256	768	699	275	737
704	256	832	701	276	794
704	256	896	705	277	856
704	256	960	710	279	916
704	256	1023	714	281	975
704	320	0	681	326	35
704	320	64	680	326	71
704	320	128	680	326	127
704	320	192	680	326	186
704	320	256	682	327	246
704	320	320	683	327	307
704	320	384	684	328	368
704	320	448	686	328	431
704	320	512	688	329	490
704	320	576	691	330	554
704	320	640	693	330	615
704	320	704	696	331	676
704	320	768	700	333	737
704	320	832	703	333	795
704	320	896	707	335	857
704	320	960	710	336	916
704	320	1023	715	338	975
704	384	0	682	386	44
704	384	64	681	385	76
704	384	128	681	385	129
704	384	192	682	386	188
704	384	256	683	386	247
704	384	320	685	387	308
704	384	384	686	388	369
704	384	448	687	388	432
704	384	512	689	388	491
704	384	576	693	389	555
704	384	640	694	389	616
704	384	704	697	390	676
704	384	768	701	391	737
704	384	832	704	392	795
704	384	896	707	392	857
704	384	960	711	393	916
704	384	1023	716	395	976
704	448	0	685	448	53
704	448	64	682	447	81
704	448	128	683	447	132
704	448	192	684	448	190
704	448	256	685	448	248
704	448	320	686	449	309
704	448	384	688	450	370
704	448	448	689	449	433
704	448	512	692	450	492
704	448	576	694	451	555
704	448	640	696	451	617
704	448	704	699	451	677
704	448	768	703	452	738
704	448	832	706	453	796
704	448	896	709	453	858
704	448	960	714	455	917
704	448	1023	718	456	976
704	512	0	687	508	62
704	512	64	684	506	86
704	512	128	685	506	135
704	512	192	686	507	192
704	512	256	687	507	250
704	512	320	688	507	311
704	512	384	690	508	371
704	512	448	691	508	434
704	512	512	694	509	493
704	512	576	696	509	556
704	512	640	698	510	617
704	512	704	701	510	678
704	512	768	705	511	738
704	512	832	707	511	796
704	512	896	711	512	858
704	512	960	716	513	918
704	512	1023	720	514	977
704	576	0	688	572	71
704	576	64	687	571	92
704	576	128	687	571	139
704	576	192	688	572	195
704	576	256	689	572	252
704	576	320	691	573	312
704	576	384	693	573	373
704	576	448	694	573	435
704	576	512	695	573	493
704	576	576	698	574	557
704	576	640	700	573	618
704	576	704	703	574	679
704	576	768	707	576	740
704	576	832	710	575	797
704	576	896	714	576	859
704	576	960	717	576	919
704	576	1023	722	578	978
704	640	0	692	635	79
704	640	64	690	634	99
704	640	128	689	633	143
704	640	192	691	634	197
704	640	256	692	635	254
704	640	320	694	635	314
704	640	384	695	635	374
704	640	448	697	636	437
704	640	512	698	636	495
704	640	576	702	637	559
704	640	640	703	636	619
704	640	704	706	637	680
704	640	768	710	638	741
704	640	832	713	638	799
704	640	896	716	637	860
704	640	960	720	639	920
704	640	1023	725	639	979
704	704	0	695	695	88
704	704	64	692	693	105
704	704	128	693	693	148
704	704	192	694	694	201
704	704	256	695	694	257
704	704	320	696	694	316
704	704	384	698	695	376
704	704	448	700	695	438
704	704	512	702	695	497
704	704	576	704	696	560
704	704	640	707	696	621
704	704	704	709	696	682
704	704	768	713	697	742
704	704	832	715	696	800
704	704	896	719	696	861
704	704	960	723	697	921
704	704	1023	728	698	980
704	768	0	698	758	96
704	768	64	696	756	112
704	768	128	696	756	152
704	768	192	697	756	204
704	768	256	699	758	259
704	768	320	700	758	318
704	768	384	701	758	378
704	768	448	703	758	440
704	768	512	705	759	498
704	768	576	708	760	561
704	768	640	710	759	622
704	768	704	713	759	683
704	768	768	716	760	743
704	768	832	719	760	801
704	768	896	722	759	862
704	768	960	726	760	922
704	768	1023	731	761	981
704	832	0	701	818	104
704	832	64	698	816	119
704	832	128	699	816	157
704	832	192	699	817	207
704	832	256	701	818	262
704	832	320	702	817	320
704	832	384	704	818	379
704	832	448	706	819	441
704	832	512	708	819	499
704	832	576	710	819	562
704	832	640	712	819	623
704	832	704	715	819	683
704	832	768	719	820	744
704	832	832	721	819	801
704	832	896	725	819	863
704	832	960	729	820	923
704	832	1023	734	821	981
704	896	0	704	881	112
704	896	64	702	878	126
704	896	128	702	879	162
704	896	192	703	880	211
704	896	256	705	881	264
704	896	320	706	881	322
704	896	384	707	881	381
704	896	448	709	881	442
704	896	512	711	882	500
704	896	576	713	882	563
704	896	640	715	882	624
704	896	704	718	882	684
704	896	768	722	883	745
704	896	832	724	882	802
704	896	896	728	882	864
704	896	960	732	883	923
704	896	1023	737	883	982
704	960	0	707	940	120
704	960	64	706	939	133
704	960	128	706	938	167
704	960	192	706	939	215
704	960	256	708	940	267
704	960	320	709	940	324
704	960	384	711	941	383
704	960	448	712	941	444
704	960	512	714	941	502
704	960	576	718	943	565
704	960	640	719	941	625
704	960	704	722	942	685
704	960	768	725	943	746
704	960	832	729	943	804
704	960	896	732	942	865
704	960	960	736	943	924
704	960	1023	740	943	983
704	1023	0	712	1003	129
704	1023	64	710	1001	140
704	1023	128	710	1000	173
704	1023	192	711	1001	219
704	1023	256	712	1002	271
704	1023	320	714	1003	328
704	1023	384	715	1003	385
704	1023	448	717	1003	446
704	1023	512	718	1003	503
704	1023	576	722	1005	567
704	1023	640	723	1003	627
704	1023	704	726	1003	687
704	1023	768	730	1004	747
704	1023	832	732	1003	805
704	1023	896	735	1003	866
704	1023	960	740	1003	926
704	1023	1023	744	1003	984
768	0	0	739	107	0
768	0	64	736	106	60
768	0	128	737	107	122
768	0	192	737	108	183
768	0	256	738	109	243
768	0	320	739	110	305
768	0	384	741	112	367
768	0	448	742	114	429
768	0	512	745	116	489
768	0	576	747	119	552
768	0	640	749	123	614
768	0	704	751	125	674
768	0	768	755	130	735
768	0	832	757	132	793
768	0	896	760	137	855
768	0	960	764	142	915
768	0	1023	769	146	974
768	64	0	739	123	0
768	64	64	737	123	60
768	64	128	737	123	122
768	64	192	739	124	184
768	64	256	739	125	243
768	64	320	741	126	306
768	64	384	743	128	367
768	64	448	744	129	430
768	64	512	745	131	489
768	64	576	748	135	553
768	64	640	750	137	614
768	64	704	752	140	675
768	64	768	756	144	736
768	64	832	758	146	794
768	64	896	762	150	856
768	64	960	766	154	916
768	64	1023	770	159	975
768	128	0	740	163	0
768	128	64	738	163	62
768	128	128	737	162	123
768	128	192	739	163	184
768	128	256	740	164	244
768	128	320	740	165	305
768	128	384	742	166	367
768	128	448	744	167	430
768	128	512	745	169	489
768	128	576	749	171	554
768	128	640	750	173	614
768	128	704	752	175	675
768	128	768	756	178	736
768	128	832	758	180	794
768	128	896	762	183	856
768	128	960	765	187	915
768	128	1023	770	189	974
768	192	0	740	214	0
768	192	64	738	213	64
768	192	128	738	213	123
768	192	192	739	214	184
768	192	256	740	214	244
768	192	320	742	215	306
768	192	384	743	216	368
768	192	448	744	217	431
768	192	512	747	218	490
768	192	576	748	220	553
768	192	640	751	221	615
768	192	704	753	222	675
768	192	768	756	224	736
768	192	832	759	226	794
768	192	896	762	228	856
768	192	960	766	231	915
768	192	1023	770	233	975
768	256	0	740	269	23
768	256	64	739	269	67
768	256	128	738	268	125
768	256	192	739	269	185
768	256	256	741	269	245
768	256	320	742	270	307
768	256	384	743	271	368
768	256	448	745	271	431
768	256	512	746	272	490
768	256	576	749	274	554
768	256	640	751	275	615
768	256	704	754	275	676
768	256	768	757	277	737
768	256	832	760	279	795
768	256	896	762	280	856
768	256	960	767	282	916
768	256	1023	770	284	974
768	320	0	742	329	34
768	320	64	739	328	71
768	320	128	740	328	127
768	320	192	741	329	187
768	320	256	742	329	246
768	320	320	743	329	307
768	320	384	745	330	369
768	320	448	746	330	432
768	320	512	747	331	490
768	320	576	750	332	554
768	320	640	752	333	616
768	320	704	754	333	676
768	320	768	758	335	737
768	320	832	761	335	795
768	320	896	764	337	857
768	320	960	767	338	916
768	320	1023	772	340	976
768	384	0	743	388	44
768	384	64	741	387	76
768	384	128	741	387	129
768	384	192	742	388	188
768	384	256	743	388	247
768	384	320	744	388	308
768	384	384	746	389	369
768	384	448	746	389	432
768	384	512	749	390	491
768	384	576	751	391	555
768	384	640	754	392	616
768	384	704	755	392	676
768	384	768	759	393	737
768	384	832	761	393	795
768	384	896	765	394	857
768	384	960	769	396	917
768	384	1023	773	397	976
768	448	0	745	450	53
768	448	64	742	448	81
768	448	128	742	449	132
768	448	192	743	449	190
768	448	256	745	450	249
768	448	320	745	450	309
768	448	384	747	451	370
768	448	448	748	451	433
768	448	512	750	452	492
768	448	576	753	452	555
768	448	640	755	452	617
768	448	704	758	453	678
768	448	768	760	454	738
768	448	832	763	454	796
768	448	896	766	455	857
768	448	960	771	456	918
768	448	1023	774	457	976
768	512	0	746	509	61
768	512	64	744	507	86
768	512	128	744	507	135
768	512	192	745	508	192
768	512	256	747	509	250
768	512	320	747	509	310
768	512	384	749	510	371
768	512	448	750	510	434
768	512	512	752	510	493
768	512	576	755	511	556
768	512	640	757	511	618
768	512	704	759	512	678
768	512	768	762	512	739
768	512	832	765	512	796
768	512	896	768	513	858
768	512	960	772	514	918
768	512	1023	776	515	977
768	576	0	748	573	70
768	576	64	746	572	92
768	576	128	747	572	139
768	576	192	747	573	194
768	576	256	748	573	252
768	576	320	749	573	312
768	576	384	751	574	373
768	576	448	752	573	435
768	576	512	754	575	494
768	576	576	757	575	557
768	576	640	759	575	618
768	576	704	761	575	678
768	576	768	764	576	739
768	576	832	767	576	797
768	576	896	770	577	859
768	576	960	775	578	919
768	576	1023	778	578	978
768	640	0	750	635	79
768	640	64	749	634	99
768	640	128	749	635	143
768	640	192	749	634	197
768	640	256	751	635	254
768	640	320	752	636	314
768	640	384	754	637	374
768	640	448	755	636	436
768	640	512	756	636	495
768	640	576	760	638	558
768	640	640	761	637	619
768	640	704	764	637	680
768	640	768	767	638	740
768	640	832	769	638	798
768	640	896	773	638	860
768	640	960	777	639	919
768	640	1023	781	640	979
768	704	0	753	695	88
768	704	64	752	694	105
768	704	128	751	693	147
768	704	192	752	694	200
768	704	256	754	695	257
768	704	320	755	696	316
768	704	384	756	695	376
768	704	448	758	696	438
768	704	512	760	696	496
768	704	576	763	697	560
768	704	640	764	696	621
768	704	704	767	697	681
768	704	768	770	698	742
768	704	832	773	698	800
768	704	896	776	697	861
768	704	960	779	698	921
768	704	1023	783	699	980
768	768	0	757	758	96
768	768	64	755	757	112
768	768	128	755	757	152
768	768	192	756	757	204
768	768	256	757	758	259
768	768	320	758	758	318
768	768	384	760	759	378
768	768	448	760	758	439
768	768	512	762	758	497
768	768	576	765	760	561
768	768	640	767	759	622
768	768	704	769	760	682
768	768	768	773	760	743
768	768	832	775	760	801
768	768	896	779	761	863
768	768	960	782	761	922
768	768	1023	787	761	981
768	832	0	759	818	104
768	832	64	757	817	119
768	832	128	757	816	156
768	832	192	758	817	207
768	832	256	759	818	261
768	832	320	760	818	320
768	832	384	761	818	379
768	832	448	763	819	441
768	832	512	765	819	499
768	832	576	768	820	562
768	832	640	769	819	622
768	832	704	772	819	683
768	832	768	775	820	743
768	832	832	778	820	801
768	832	896	780	820	862
768	832	960	784	821	922
768	832	1023	789	821	981
768	896	0	762	881	112
768	896	64	760	880	126
768	896	128	760	879	162
768	896	192	761	880	211
768	896	256	762	881	264
768	896	320	764	882	322
768	896	384	765	882	381
768	896	448	766	882	442
768	896	512	768	882	500
768	896	576	771	883	563
768	896	640	772	882	623
768	896	704	775	883	684
768	896	768	778	883	744
768	896	832	781	883	802
768	896	896	784	883	863
768	896	960	788	884	923
768	896	1023	791	884	982
768	960	0	765	941	120
768	960	64	764	940	133
768	960	128	763	939	167
768	960	192	764	940	214
768	960	256	766	941	267
768	960	320	767	941	325
768	960	384	768	941	383
768	960	448	770	941	444
768	960	512	771	941	501
768	960	576	774	943	564
768	960	640	776	942	625
768	960	704	778	942	685
768	960	768	782	943	745
768	960	832	784	943	803
768	960	896	787	942	864
768	960	960	791	943	924
768	960	1023	796	945	984
768	1023	0	769	1003	128
768	1023	64	768	1001	140
768	1023	128	768	1001	173
768	1023	192	768	1001	219
768	1023	256	769	1002	270
768	1023	320	771	1003	327
768	1023	384	772	1004	385
768	1023	448	773	1003	446
768	1023	512	775	1003	503
768	1023	576	778	1004	566
768	1023	640	779	1004	626
768	1023	704	782	1004	687
768	1023	768	785	1005	747
768	1023	832	788	1004	805
768	1023	896	791	1004	866
768	1023	960	794	1004	926
768	1023	1023	799	1004	985
832	0	0	798	115	0
832	0	64	795	115	59
832	0	128	795	115	121
832	0	192	796	116	183
832	0	256	798	117	243
832	0	320	798	118	305
832	0	384	799	119	366
832	0	448	800	121	429
832	0	512	803	124	489
832	0	576	805	126	552
832	0	640	807	130	614
832	0	704	808	133	674
832	0	768	812	136	735
832	0	832	814	139	793
832	0	896	817	143	855
832	0	960	822	147	916
832	0	1023	825	151	974
832	64	0	798	130	0
832	64	64	796	130	59
832	64	128	796	130	121
832	64	192	797	131	183
832	64	256	798	132	243
832	64	320	799	133	305
832	64	384	801	135	367
832	64	448	802	136	430
832	64	512	804	138	490
832	64	576	806	141	553
832	64	640	808	143	615
832	64	704	810	145	675
832	64	768	813	149	736
832	64	832	815	152	794
832	64	896	818	155	856
832	64	960	822	161	916
832	64	1023	826	164	975
832	128	0	798	168	0
832	128	64	797	168	61
832	128	128	796	167	122
832	128	192	797	168	183
832	128	256	798	169	244
832	128	320	800	170	306
832	128	384	800	171	367
832	128	448	802	172	430
832	128	512	803	173	489
832	128	576	807	176	554
832	128	640	807	178	614
832	128	704	810	180	675
832	128	768	813	182	736
832	128	832	815	185	794
832	128	896	818	187	856
832	128	960	821	190	915
832	128	1023	826	194	974
832	192	0	799	218	0
832	192	64	796	217	63
832	192	128	797	217	123
832	192	192	798	218	184
832	192	256	799	218	244
832	192	320	799	219	306
832	192	384	801	219	367
832	192	448	802	220	430
832	192	512	804	222	490
832	192	576	806	223	553
832	192	640	808	225	615
832	192	704	810	226	675
832	192	768	813	228	736
832	192	832	815	229	794
832	192	896	819	232	856
832	192	960	823	234	917
832	192	1023	827	236	975
832	256	0	799	272	18
832	256	64	797	271	66
832	256	128	798	271	124
832	256	192	798	272	185
832	256	256	800	272	245
832	256	320	801	273	307
832	256	384	802	273	368
832	256	448	803	274	431
832	256	512	804	275	490
832	256	576	807	276	554
832	256	640	809	277	615
832	256	704	811	278	676
832	256	768	814	280	737
832	256	832	817	281	795
832	256	896	819	282	856
832	256	960	823	284	916
832	256	1023	828	287	976
832	320	0	800	331	32
832	320	64	798	330	70
832	320	128	799	330	126
832	320	192	799	331	186
832	320	256	800	331	245
832	320	320	801	332	307
832	320	384	803	332	369
832	320	448	804	332	431
832	320	512	806	333	491
832	320	576	808	334	554
832	320	640	810	335	616
832	320	704	811	335	676
832	320	768	814	337	737
832	320	832	817	337	795
832	320	896	821	339	857
832	320	960	824	341	917
832	320	1023	828	342	976
832	384	0	801	390	43
832	384	64	799	389	75
832	384	128	799	389	129
832	384	192	800	390	188
832	384	256	802	390	247
832	384	320	802	390	308
832	384	384	804	391	369
832	384	448	805	391	432
832	384	512	807	392	491
832	384	576	809	393	555
832	384	640	811	393	616
832	384	704	813	394	677
832	384	768	816	395	738
832	384	832	819	395	796
832	384	896	822	396	857
832	384	960	826	398	917
832	384	1023	829	399	976
832	448	0	803	452	53
832	448	64	801	451	80
832	448	128	801	450	132
832	448	192	802	451	190
832	448	256	803	452	248
832	448	320	803	451	309
832	448	384	805	452	370
832	448	448	807	453	433
832	448	512	808	453	492
832	448	576	811	454	556
832	448	640	812	454	617
832	448	704	815	455	678
832	448	768	818	456	739
832	448	832	821	456	797
832	448	896	823	456	858
832	448	960	827	457	918
832	448	1023	830	458	977
832	512	0	805	510	60
832	512	64	803	510	86
832	512	128	803	509	135
832	512	192	803	509	192
832	512	256	805	511	250
832	512	320	805	510	311
832	512	384	807	511	371
832	512	448	809	512	434
832	512	512	810	512	493
832	512	576	813	513	557
832	512	640	814	512	618
832	512	704	817	513	678
832	512	768	820	514	740
832	512	832	822	514	797
832	512	896	825	514	858
832	512	960	828	515	919
832	512	1023	832	516	978
832	576	0	807	575	69
832	576	64	804	573	92
832	576	128	805	573	139
832	576	192	806	574	195
832	576	256	807	575	252
832	576	320	807	575	312
832	576	384	809	575	373
832	576	448	810	575	435
832	576	512	812	576	494
832	576	576	815	577	557
832	576	640	816	577	619
832	576	704	818	576	679
832	576	768	822	578	740
832	576	832	824	577	798
832	576	896	827	578	860
832	576	960	831	579	920
832	576	1023	834	580	978
832	640	0	809	637	78
832	640	64	807	636	98
832	640	128	807	636	143
832	640	192	808	637	197
832	640	256	809	637	254
832	640	320	810	637	314
832	640	384	812	638	375
832	640	448	813	638	437
832	640	512	815	638	495
832	640	576	817	639	558
832	640	640	819	639	620
832	640	704	820	638	680
832	640	768	824	639	741
832	640	832	826	640	799
832	640	896	829	640	861
832	640	960	833	641	921
832	640	1023	836	641	979
832	704	0	811	696	87
832	704	64	810	695	105
832	704	128	810	695	147
832	704	192	810	695	200
832	704	256	812	696	256
832	704	320	813	697	316
832	704	384	814	697	376
832	704	448	816	697	438
832	704	512	817	697	496
832	704	576	820	698	560
832	704	640	821	697	621
832	704	704	823	698	681
832	704	768	827	699	742
832	704	832	829	699	800
832	704	896	832	698	862
832	704	960	835	699	921
832	704	1023	839	700	981
832	768	0	815	760	96
832	768	64	813	758	111
832	768	128	813	758	152
832	768	192	814	759	204
832	768	256	815	759	259
832	768	320	815	759	318
832	768	384	817	760	378
832	768	448	818	760	440
832	768	512	821	761	498
832	768	576	822	761	561
832	768	640	824	761	622
832	768	704	826	760	682
832	768	768	829	762	743
832	768	832	832	761	801
832	768	896	834	761	863
832	768	960	838	762	922
832	768	1023	842	763	981
832	832	0	816	819	103
832	832	64	814	817	118
832	832	128	815	818	156
832	832	192	815	817	207
832	832	256	816	819	261
832	832	320	818	819	320
832	832	384	819	820	379
832	832	448	820	819	441
832	832	512	821	819	499
832	832	576	824	821	562
832	832	640	825	820	623
832	832	704	828	820	683
832	832	768	831	821	744
832	832	832	834	821	801
832	832	896	837	821	863
832	832	960	840	821	922
832	832	1023	844	823	982
832	896	0	819	881	111
832	896	64	817	880	125
832	896	128	817	880	162
832	896	192	817	880	210
832	896	256	819	881	264
832	896	320	820	882	322
832	896	384	821	882	380
832	896	448	823	883	442
832	896	512	825	883	500
832	896	576	827	884	563
832	896	640	828	883	624
832	896	704	831	883	684
832	896	768	834	884	744
832	896	832	836	884	802
832	896	896	839	884	864
832	896	960	842	884	923
832	896	1023	846	885	982
832	960	0	822	942	120
832	960	64	821	941	133
832	960	128	821	941	167
832	960	192	822	942	215
832	960	256	822	941	267
832	960	320	824	942	324
832	960	384	826	943	383
832	960	448	826	942	444
832	960	512	828	942	501
832	960	576	830	943	564
832	960	640	832	943	625
832	960	704	834	943	685
832	960	768	837	944	746
832	960	832	840	943	803
832	960	896	843	944	865
832	960	960	846	943	924
832	960	1023	850	945	983
832	1023	0	827	1005	128
832	1023	64	824	1002	139
832	1023	128	824	1002	172
832	1023	192	825	1003	219
832	1023	256	826	1003	270
832	1023	320	827	1004	327
832	1023	384	829	1005	385
832	1023	448	830	1004	446
832	1023	512	832	1005	504
832	1023	576	834	1005	566
832	1023	640	836	1005	627
832	1023	704	837	1004	687
832	1023	768	840	1005	747
832	1023	832	843	1004	804
832	1023	896	846	1004	866
832	1023	960	849	1004	926
832	1023	1023	853	1004	985
896	0	0	860	124	0
896	0	64	859	123	58
896	0	128	859	123	121
896	0	192	859	124	182
896	0	256	861	125	242
896	0	320	862	126	305
896	0	384	863	128	366
896	0	448	865	129	430
896	0	512	866	132	488
896	0	576	868	134	553
896	0	640	869	137	613
896	0	704	871	140	674
896	0	768	875	143	735
896	0	832	876	146	793
896	0	896	879	150	855
896	0	960	882	154	914
896	0	1023	887	158	975
896	64	0	861	138	0
896	64	64	860	137	59
896	64	128	859	138	121
896	64	192	861	138	183
896	64	256	862	139	243
896	64	320	863	140	305
896	64	384	863	142	366
896	64	448	865	143	430
896	64	512	866	145	489
896	64	576	869	148	553
896	64	640	870	150	614
896	64	704	872	153	675
896	64	768	875	156	736
896	64	832	877	159	794
896	64	896	880	161	856
896	64	960	884	166	916
896	64	1023	887	169	975
896	128	0	862	173	0
896	128	64	860	173	60
896	128	128	860	173	122
896	128	192	861	174	183
896	128	256	861	174	243
896	128	320	863	175	305
896	128	384	865	177	367
896	128	448	865	178	430
896	128	512	867	179	489
896	128	576	869	181	553
896	128	640	871	183	614
896	128	704	872	185	675
896	128	768	875	187	736
896	128	832	878	189	794
896	128	896	881	192	856
896	128	960	884	196	916
896	128	1023	887	199	974
896	192	0	862	221	0
896	192	64	861	221	62
896	192	128	861	221	123
896	192	192	861	221	184
896	192	256	862	222	244
896	192	320	863	223	306
896	192	384	864	224	367
896	192	448	866	224	430
896	192	512	867	225	489
896	192	576	870	227	553
896	192	640	870	228	614
896	192	704	873	230	675
896	192	768	876	232	736
896	192	832	878	233	794
896	192	896	880	235	856
896	192	960	884	238	915
896	192	1023	888	241	975
896	256	0	863	275	19
896	256	64	861	274	66
896	256	128	861	274	124
896	256	192	862	275	185
896	256	256	864	276	245
896	256	320	864	276	306
896	256	384	866	277	368
896	256	448	866	277	431
896	256	512	868	278	490
896	256	576	870	279	553
896	256	640	872	280	615
896	256	704	874	282	676
896	256	768	876	283	736
896	256	832	878	284	794
896	256	896	881	285	856
896	256	960	884	287	916
896	256	1023	888	290	975
896	320	0	864	333	32
896	320	64	862	333	70
896	320	128	862	332	126
896	320	192	863	333	186
896	320	256	864	334	245
896	320	320	865	334	307
896	320	384	866	335	368
896	320	448	868	335	431
896	320	512	869	336	490
896	320	576	871	337	554
896	320	640	872	337	615
896	320	704	875	338	676
896	320	768	878	339	737
896	320	832	880	340	795
896	320	896	882	341	857
896	320	960	885	343	916
896	320	1023	890	344	976
896	384	0	864	391	42
896	384	64	863	391	74
896	384	128	863	391	129
896	384	192	863	391	187
896	384	256	865	392	246
896	384	320	866	392	308
896	384	384	868	393	369
896	384	448	868	393	432
896	384	512	869	393	490
896	384	576	872	395	555
896	384	640	873	395	616
896	384	704	875	396	676
896	384	768	878	397	737
896	384	832	881	397	795
896	384	896	883	398	857
896	384	960	886	399	916
896	384	1023	890	401	976
896	448	0	866	453	52
896	448	64	864	452	80
896	448	128	864	452	132
896	448	192	865	452	190
896	448	256	866	452	248
896	448	320	867	453	309
896	448	384	869	454	370
896	448	448	870	454	433
896	448	512	871	455	492
896	448	576	873	455	555
896	448	640	875	456	617
896	448	704	877	456	677
896	448	768	880	457	738
896	448	832	882	457	796
896	448	896	885	458	858
896	448	960	888	459	918
896	448	1023	891	460	977
896	512	0	868	512	60
896	512	64	866	510	85
896	512	128	866	510	134
896	512	192	867	511	192
896	512	256	868	511	250
896	512	320	869	512	310
896	512	384	871	512	371
896	512	448	871	512	434
896	512	512	874	513	493
896	512	576	875	514	556
896	512	640	877	514	618
896	512	704	878	514	678
896	512	768	881	515	738
896	512	832	883	515	797
896	512	896	887	515	859
896	512	960	890	516	918
896	512	1023	893	517	977
896	576	0	869	575	69
896	576	64	867	574	92
896	576	128	868	574	138
896	576	192	868	574	194
896	576	256	869	575	251
896	576	320	871	576	312
896	576	384	871	576	372
896	576	448	873	576	435
896	576	512	874	576	493
896	576	576	877	577	557
896	576	640	878	577	618
896	576	704	880	577	678
896	576	768	883	578	739
896	576	832	885	578	797
896	576	896	888	579	859
896	576	960	891	579	918
896	576	1023	895	581	978
896	640	0	872	637	78
896	640	64	870	636	98
896	640	128	870	636	142
896	640	192	870	637	197
896	640	256	872	638	254
896	640	320	873	638	314
896	640	384	874	638	374
896	640	448	875	639	436
896	640	512	877	639	495
896	640	576	880	640	559
896	640	640	881	639	620
896	640	704	883	640	680
896	640	768	886	641	741
896	640	832	888	640	799
896	640	896	890	640	860
896	640	960	893	641	920
896	640	1023	897	642	979
896	704	0	875	697	87
896	704	64	872	695	105
896	704	128	873	696	147
896	704	192	874	696	200
896	704	256	875	697	256
896	704	320	875	697	316
896	704	384	877	698	376
896	704	448	878	697	438
896	704	512	880	698	496
896	704	576	881	698	559
896	704	640	883	699	621
896	704	704	886	699	682
896	704	768	888	699	742
896	704	832	890	699	799
896	704	896	893	699	861
896	704	960	896	700	921
896	704	1023	900	701	980
896	768	0	877	760	95
896	768	64	876	759	111
896	768	128	875	758	152
896	768	192	876	759	203
896	768	256	877	760	259
896	768	320	877	759	317
896	768	384	879	760	378
896	768	448	881	761	439
896	768	512	882	761	498
896	768	576	885	762	561
896	768	640	885	761	622
896	768	704	888	761	682
896	768	768	891	762	743
896	768	832	893	762	801
896	768	896	895	761	862
896	768	960	898	762	922
896	768	1023	902	762	981
896	832	0	879	820	103
896	832	64	876	818	118
896	832	128	877	818	156
896	832	192	878	819	207
896	832	256	879	820	261
896	832	320	880	820	319
896	832	384	881	820	379
896	832	448	882	820	440
896	832	512	884	821	499
896	832	576	886	821	561
896	832	640	888	821	623
896	832	704	890	821	683
896	832	768	892	821	743
896	832	832	894	821	801
896	832	896	897	821	863
896	832	960	900	822	922
896	832	1023	904	823	981
896	896	0	882	883	111
896	896	64	879	881	125
896	896	128	880	881	161
896	896	192	881	882	210
896	896	256	882	883	264
896	896	320	883	883	322
896	896	384	884	883	381
896	896	448	885	883	442
896	896	512	887	884	500
896	896	576	889	884	563
896	896	640	890	884	623
896	896	704	893	884	684
896	896	768	895	885	744
896	896	832	897	884	802
896	896	896	900	884	864
896	896	960	904	885	924
896	896	1023	907	886	982
896	960	0	885	943	119
896	960	64	882	940	132
896	960	128	882	941	167
896	960	192	883	941	214
896	960	256	885	943	267
896	960	320	886	942	324
896	960	384	887	943	383
896	960	448	889	944	444
896	960	512	890	943	502
896	960	576	892	944	564
896	960	640	893	944	625
896	960	704	895	944	685
896	960	768	898	945	746
896	960	832	900	944	803
896	960	896	903	944	865
896	960	960	906	945	925
896	960	1023	910	945	983
896	1023	0	889	1005	128
896	1023	64	887	1004	140
896	1023	128	886	1002	172
896	1023	192	887	1003	218
896	1023	256	888	1005	270
896	1023	320	889	1004	327
896	1023	384	890	1005	385
896	1023	448	892	1005	446
896	1023	512	893	1005	503
896	1023	576	896	1006	566
896	1023	640	896	1005	626
896	1023	704	899	1006	687
896	1023	768	901	1006	747
896	1023	832	904	1005	805
896	1023	896	906	1005	866
896	1023	960	909	1005	925
896	1023	1023	912	1004	984
960	0	0	921	132	0
960	0	64	918	131	56
960	0	128	918	132	120
960	0	192	919	132	182
960	0	256	921	133	242
960	0	320	921	134	304
960	0	384	923	136	366
960	0	448	924	138	429
960	0	512	925	139	488
960	0	576	927	142	552
960	0	640	929	144	613
960	0	704	931	147	674
960	0	768	934	150	735
960	0	832	935	153	793
960	0	896	937	157	854
960	0	960	941	161	914
960	0	1023	944	164	973
960	64	0	922	145	0
960	64	64	919	145	57
960	64	128	919	145	120
960	64	192	920	145	182
960	64	256	922	147	243
960	64	320	922	147	304
960	64	384	924	149	366
960	64	448	924	150	429
960	64	512	926	152	489
960	64	576	927	155	552
960	64	640	929	156	614
960	64	704	931	159	674
960	64	768	934	162	735
960	64	832	935	165	793
960	64	896	938	168	855
960	64	960	942	171	915
960	64	1023	945	176	974
960	128	0	921	179	0
960	128	64	919	178	58
960	128	128	919	179	121
960	128	192	920	179	182
960	128	256	921	180	242
960	128	320	922	181	304
960	128	384	924	182	366
960	128	448	924	183	429
960	128	512	926	184	488
960	128	576	928	186	552
960	128	640	929	187	613
960	128	704	931	189	674
960	128	768	934	192	735
960	128	832	936	194	793
960	128	896	938	197	855
960	128	960	941	200	915
960	128	1023	945	203	974
960	192	0	922	225	0
960	192	64	919	224	60
960	192	128	920	225	122
960	192	192	921	225	183
960	192	256	922	226	243
960	192	320	922	226	305
960	192	384	924	227	367
960	192	448	925	228	430
960	192	512	926	229	489
960	192	576	928	231	552
960	192	640	930	232	614
960	192	704	932	233	675
960	192	768	934	235	735
960	192	832	936	237	793
960	192	896	938	239	855
960	192	960	942	241	915
960	192	1023	946	243	974
960	256	0	923	278	5
960	256	64	920	277	64
960	256	128	921	277	123
960	256	192	922	278	184
960	256	256	922	278	243
960	256	320	923	278	306
960	256	384	925	280	367
960	256	448	925	280	430
960	256	512	926	281	489
960	256	576	929	282	553
960	256	640	931	283	614
960	256	704	932	284	675
960	256	768	935	286	736
960	256	832	937	287	794
960	256	896	940	288	856
960	256	960	942	290	915
960	256	1023	946	292	975
960	320	0	923	335	27
960	320	64	921	334	68
960	320	128	921	334	125
960	320	192	922	335	185
960	320	256	924	336	245
960	320	320	924	336	306
960	320	384	925	337	368
960	320	448	926	337	431
960	320	512	928	338	490
960	320	576	930	339	553
960	320	640	931	339	615
960	320	704	934	340	676
960	320	768	936	342	737
960	320	832	938	342	794
960	320	896	940	343	856
960	320	960	943	345	916
960	320	1023	946	346	975
960	384	0	924	393	40
960	384	64	923	392	73
960	384	128	922	392	127
960	384	192	923	393	187
960	384	256	924	394	246
960	384	320	925	394	307
960	384	384	926	394	368
960	384	448	927	395	431
960	384	512	929	395	490
960	384	576	931	396	554
960	384	640	932	396	615
960	384	704	934	397	676
960	384	768	937	398	737
960	384	832	939	399	795
960	384	896	941	399	856
960	384	960	944	401	916
960	384	1023	947	402	975
960	448	0	926	454	50
960	448	64	924	453	78
960	448	128	923	453	131
960	448	192	924	453	189
960	448	256	926	454	247
960	448	320	927	455	309
960	448	384	927	455	369
960	448	448	929	455	432
960	448	512	930	456	491
960	448	576	933	457	555
960	448	640	933	456	616
960	448	704	936	457	677
960	448	768	938	458	737
960	448	832	940	458	796
960	448	896	942	459	857
960	448	960	946	460	917
960	448	1023	949	461	976
960	512	0	927	512	58
960	512	64	925	511	84
960	512	128	925	511	134
960	512	192	926	512	191
960	512	256	927	513	249
960	512	320	928	513	310
960	512	384	929	513	370
960	512	448	931	514	433
960	512	512	932	514	492
960	512	576	934	515	556
960	512	640	935	514	616
960	512	704	937	515	678
960	512	768	940	516	739
960	512	832	942	516	796
960	512	896	943	516	857
960	512	960	947	517	918
960	512	1023	951	518	977
960	576	0	929	576	67
960	576	64	926	575	90
960	576	128	927	575	137
960	576	192	928	576	193
960	576	256	929	577	251
960	576	320	929	576	311
960	576	384	931	577	372
960	576	448	932	577	434
960	576	512	933	577	493
960	576	576	936	579	557
960	576	640	937	578	618
960	576	704	939	578	678
960	576	768	942	580	739
960	576	832	943	579	797
960	576	896	945	579	858
960	576	960	949	580	918
960	576	1023	952	581	977
960	640	0	931	638	77
960	640	64	929	637	97
960	640	128	929	637	142
960	640	192	930	638	196
960	640	256	932	639	253
960	640	320	932	639	313
960	640	384	933	639	373
960	640	448	934	639	435
960	640	512	936	639	494
960	640	576	937	640	557
960	640	640	939	640	619
960	640	704	940	640	679
960	640	768	943	640	740
960	640	832	945	640	798
960	640	896	948	641	860
960	640	960	951	642	919
960	640	1023	955	642	979
960	704	0	934	698	85
960	704	64	932	696	104
960	704	128	932	696	146
960	704	192	933	697	200
960	704	256	934	698	256
960	704	320	935	698	315
960	704	384	936	699	375
960	704	448	937	698	437
960	704	512	937	698	495
960	704	576	940	699	559
960	704	640	942	699	620
960	704	704	943	699	681
960	704	768	946	700	741
960	704	832	948	699	799
960	704	896	951	700	861
960	704	960	953	700	920
960	704	1023	957	701	980
960	768	0	936	760	94
960	768	64	934	759	111
960	768	128	934	759	151
960	768	192	935	760	203
960	768	256	937	761	258
960	768	320	937	760	317
960	768	384	939	761	377
960	768	448	939	761	439
960	768	512	941	762	498
960	768	576	943	762	560
960	768	640	944	761	621
960	768	704	946	761	682
960	768	768	948	762	742
960	768	832	950	762	800
960	768	896	953	762	862
960	768	960	956	763	922
960	768	1023	959	763	981
960	832	0	939	821	102
960	832	64	936	819	117
960	832	128	936	819	156
960	832	192	937	820	206
960	832	256	938	820	261
960	832	320	939	820	319
960	832	384	940	821	379
960	832	448	941	821	440
960	832	512	943	822	499
960	832	576	944	822	561
960	832	640	946	821	622
960	832	704	947	821	682
960	832	768	950	822	743
960	832	832	952	822	800
960	832	896	954	822	862
960	832	960	958	822	922
960	832	1023	961	823	981
960	896	0	941	883	110
960	896	64	938	881	124
960	896	128	938	881	161
960	896	192	939	882	210
960	896	256	940	882	263
960	896	320	941	883	321
960	896	384	943	884	380
960	896	448	943	883	441
960	896	512	945	884	499
960	896	576	947	885	562
960	896	640	948	884	623
960	896	704	950	884	683
960	896	768	953	885	744
960	896	832	955	884	802
960	896	896	957	884	863
960	896	960	960	884	922
960	896	1023	964	886	982
960	960	0	944	943	119
960	960	64	941	941	132
960	960	128	941	942	166
960	960	192	943	943	214
960	960	256	943	943	266
960	960	320	944	943	324
960	960	384	946	944	382
960	960	448	946	943	443
960	960	512	949	945	502
960	960	576	950	945	564
960	960	640	951	944	625
960	960	704	953	944	685
960	960	768	956	945	745
960	960	832	958	944	803
960	960	896	960	945	865
960	960	960	964	945	925
960	960	1023	966	946	983
960	1023	0	947	1005	127
960	1023	64	944	1003	139
960	1023	128	944	1003	172
960	1023	192	946	1004	218
960	1023	256	947	1005	270
960	1023	320	947	1005	326
960	1023	384	949	1005	385
960	1023	448	949	1005	445
960	1023	512	951	1005	503
960	1023	576	953	1006	566
960	1023	640	955	1006	626
960	1023	704	956	1006	686
960	1023	768	959	1006	747
960	1023	832	961	1005	804
960	1023	896	963	1005	866
960	1023	960	967	1005	926
960	1023	1023	970	1005	984
1023	0	0	978	140	0
1023	0	64	975	139	56
1023	0	128	975	140	120
1023	0	192	976	140	182
1023	0	256	978	141	242
1023	0	320	978	142	304
1023	0	384	979	144	365
1023	0	448	980	145	428
1023	0	512	982	147	488
1023	0	576	983	149	551
1023	0	640	985	152	613
1023	0	704	986	154	674
1023	0	768	989	157	735
1023	0	832	991	160	793
1023	0	896	993	163	854
1023	0	960	996	167	914
1023	0	1023	999	171	973
1023	64	0	979	152	0
1023	64	64	976	152	57
1023	64	128	976	152	120
1023	64	192	977	152	182
1023	64	256	978	153	242
1023	64	320	979	154	304
1023	64	384	980	155	366
1023	64	448	981	157	429
1023	64	512	983	159	489
1023	64	576	984	161	552
1023	64	640	985	163	614
1023	64	704	987	165	674
1023	64	768	990	168	735
1023	64	832	992	170	793
1023	64	896	994	174	855
1023	64	960	997	177	915
1023	64	1023	1000	181	974
1023	128	0	978	184	0
1023	128	64	976	183	58
1023	128	128	976	184	121
1023	128	192	977	184	182
1023	128	256	978	185	242
1023	128	320	980	186	305
1023	128	384	980	187	366
1023	128	448	981	188	429
1023	128	512	982	189	488
1023	128	576	985	192	552
1023	128	640	985	193	614
1023	128	704	987	195	674
1023	128	768	990	197	735
1023	128	832	992	199	793
1023	128	896	994	201	855
1023	128	960	997	205	915
1023	128	1023	1001	208	974
1023	192	0	979	229	0
1023	192	64	976	229	60
1023	192	128	977	229	122
1023	192	192	978	229	183
1023	192	256	979	230	243
1023	192	320	979	231	305
1023	192	384	981	232	366
1023	192	448	981	232	429
1023	192	512	983	233	489
1023	192	576	984	235	552
1023	192	640	986	236	614
1023	192	704	987	237	674
1023	192	768	990	239	735
1023	192	832	992	241	793
1023	192	896	994	243	855
1023	192	960	997	245	915
1023	192	1023	1001	247	975
1023	256	0	979	281	0
1023	256	64	977	280	64
1023	256	128	978	280	123
1023	256	192	977	281	184
1023	256	256	979	281	243
1023	256	320	980	282	306
1023	256	384	982	283	367
1023	256	448	982	283	430
1023	256	512	983	284	489
1023	256	576	986	286	553
1023	256	640	986	286	614
1023	256	704	988	287	675
1023	256	768	991	289	736
1023	256	832	993	290	794
1023	256	896	995	291	856
1023	256	960	998	293	915
1023	256	1023	1001	295	974
1023	320	0	980	338	27
1023	320	64	978	337	68
1023	320	128	978	337	125
1023	320	192	979	337	185
1023	320	256	980	338	245
1023	320	320	980	338	306
1023	320	384	982	339	367
1023	320	448	982	339	430
1023	320	512	984	340	489
1023	320	576	986	341	553
1023	320	640	987	342	615
1023	320	704	989	342	675
1023	320	768	992	344	736
1023	320	832	993	344	794
1023	320	896	995	345	856
1023	320	960	998	347	916
1023	320	1023	1001	348	975
1023	384	0	980	395	39
1023	384	64	978	394	72
1023	384	128	978	394	127
1023	384	192	979	395	187
1023	384	256	981	395	246
1023	384	320	981	396	307
1023	384	384	983	396	368
1023	384	448	984	397	431
1023	384	512	985	397	490
1023	384	576	986	398	553
1023	384	640	988	398	615
1023	384	704	990	399	676
1023	384	768	992	400	737
1023	384	832	994	401	794
1023	384	896	996	401	856
1023	384	960	999	403	916
1023	384	1023	1002	404	975
1023	448	0	982	455	49
1023	448	64	980	455	78
1023	448	128	979	454	130
1023	448	192	980	455	188
1023	448	256	982	456	247
1023	448	320	982	456	308
1023	448	384	984	456	369
1023	448	448	985	457	432
1023	448	512	986	457	491
1023	448	576	988	458	555
1023	448	640	989	458	615
1023	448	704	991	458	676
1023	448	768	994	460	737
1023	448	832	995	460	795
1023	448	896	997	460	857
1023	448	960	1001	462	917
1023	448	1023	1003	462	976
1023	512	0	983	513	57
1023	512	64	982	513	83
1023	512	128	981	512	133
1023	512	192	982	513	191
1023	512	256	984	514	249
1023	512	320	984	514	309
1023	512	384	985	514	370
1023	512	448	986	515	433
1023	512	512	987	515	491
1023	512	576	990	516	556
1023	512	640	990	515	616
1023	512	704	993	516	677
1023	512	768	995	517	738
1023	512	832	997	517	796
1023	512	896	998	517	857
1023	512	960	1002	519	918
1023	512	1023	1005	519	976
1023	576	0	985	577	67
1023	576	64	982	576	90
1023	576	128	983	576	137
1023	576	192	984	577	193
1023	576	256	985	578	251
1023	576	320	985	577	311
1023	576	384	987	579	372
1023	576	448	987	578	434
1023	576	512	989	579	493
1023	576	576	991	579	556
1023	576	640	992	579	618
1023	576	704	994	580	678
1023	576	768	996	580	738
1023	576	832	998	580	796
1023	576	896	1000	580	858
1023	576	960	1003	581	918
1023	576	1023	1007	582	977
1023	640	0	987	640	77
1023	640	64	984	638	97
1023	640	128	985	638	141
1023	640	192	986	639	196
1023	640	256	986	639	252
1023	640	320	988	640	313
1023	640	384	989	640	373
1023	640	448	990	640	435
1023	640	512	992	641	494
1023	640	576	993	641	557
1023	640	640	995	641	619
1023	640	704	996	641	679
1023	640	768	999	642	740
1023	640	832	1000	642	798
1023	640	896	1003	642	859
1023	640	960	1006	643	919
1023	640	1023	1009	644	978
1023	704	0	989	698	86
1023	704	64	987	697	103
1023	704	128	987	697	146
1023	704	192	988	697	199
1023	704	256	989	698	255
1023	704	320	990	698	315
1023	704	384	992	699	375
1023	704	448	992	699	437
1023	704	512	993	699	495
1023	704	576	996	700	559
1023	704	640	996	699	619
1023	704	704	999	700	680
1023	704	768	1001	701	741
1023	704	832	1003	700	799
1023	704	896	1005	701	861
1023	704	960	1008	701	920
1023	704	1023	1012	702	980
1023	768	0	992	761	94
1023	768	64	990	760	111
1023	768	128	990	760	151
1023	768	192	991	761	202
1023	768	256	992	761	258
1023	768	320	993	762	317
1023	768	384	994	763	377
1023	768	448	995	762	439
1023	768	512	996	762	497
1023	768	576	998	762	560
1023	768	640	999	762	621
1023	768	704	1001	762	681
1023	768	768	1003	763	742
1023	768	832	1005	762	800
1023	768	896	1007	763	862
1023	768	960	1011	764	922
1023	768	1023	1014	764	981
1023	832	0	993	821	102
1023	832	64	991	819	117
1023	832	128	992	820	155
1023	832	192	993	821	206
1023	832	256	993	821	260
1023	832	320	995	822	319
1023	832	384	996	822	378
1023	832	448	996	822	440
1023	832	512	998	822	498
1023	832	576	1000	823	561
1023	832	640	1000	822	622
1023	832	704	1003	822	682
1023	832	768	1005	823	743
1023	832	832	1007	823	801
1023	832	896	1009	823	862
1023	832	960	1011	823	922
1023	832	1023	1015	824	981
1023	896	0	995	883	110
1023	896	64	994	882	124
1023	896	128	994	883	161
1023	896	192	994	882	209
1023	896	256	996	884	263
1023	896	320	996	884	321
1023	896	384	999	885	380
1023	896	448	999	885	441
1023	896	512	1000	884	499
1023	896	576	1002	886	562
1023	896	640	1003	885	623
1023	896	704	1005	885	683
1023	896	768	1007	886	744
1023	896	832	1009	885	801
1023	896	896	1011	885	863
1023	896	960	1014	885	922
1023	896	1023	1018	887	982
1023	960	0	998	943	118
1023	960	64	996	942	132
1023	960	128	997	943	166
1023	960	192	998	943	214
1023	960	256	998	943	266
1023	960	320	999	944	324
1023	960	384	1001	945	382
1023	960	448	1001	944	443
1023	960	512	1002	944	501
1023	960	576	1005	945	564
1023	960	640	1005	944	624
1023	960	704	1007	945	684
1023	960	768	1010	945	745
1023	960	832	1012	945	803
1023	960	896	1014	945	864
1023	960	960	1017	946	924
1023	960	1023	1020	946	983
1023	1023	0	1002	1006	127
1023	1023	64	999	1004	139
1023	1023	128	1000	1004	172
1023	1023	192	1000	1005	218
1023	1023	256	1001	1006	270
1023	1023	320	1002	1006	327
1023	1023	384	1004	1007	385
1023	1023	448	1005	1007	446
1023	1023	512	1006	1007	504
1023	1023	576	1008	1008	566
1023	1023	640	1009	1007	627
1023	1023	704	1010	1007	687
1023	1023	768	1013	1008	747
1023	1023	832	1015	1007	805
1023	1023	896	1017	1007	866
1023	1023	960	1020	1008	926
1023	1023	1023	1023	1009	985
