0	0	0	0	0	0
0	0	64	17	7	62
0	0	128	32	13	119
0	0	192	48	20	178
0	0	256	63	26	236
0	0	320	79	32	296
0	0	384	95	39	355
0	0	448	111	46	416
0	0	512	126	52	472
0	0	576	143	58	534
0	0	640	159	65	593
0	0	704	174	71	651
0	0	768	189	78	709
0	0	832	204	84	765
0	0	896	220	90	825
0	0	960	235	97	882
0	0	1023	251	103	939
0	64	0	34	67	21
0	64	64	37	67	64
0	64	128	45	68	121
0	64	192	56	69	179
0	64	256	70	71	237
0	64	320	84	73	296
0	64	384	99	76	356
0	64	448	115	79	416
0	64	512	129	82	472
0	64	576	145	87	534
0	64	640	161	91	593
0	64	704	176	95	651
0	64	768	191	100	710
0	64	832	206	104	765
0	64	896	222	110	825
0	64	960	237	115	882
0	64	1023	252	120	939
0	128	0	64	128	40
0	128	64	65	128	72
0	128	128	70	128	124
0	128	192	77	129	181
0	128	256	87	130	238
0	128	320	98	131	297
0	128	384	111	132	356
0	128	448	125	134	417
0	128	512	138	136	474
0	128	576	153	138	535
0	128	640	168	140	594
0	128	704	182	143	652
0	128	768	197	146	711
0	128	832	211	149	765
0	128	896	227	152	825
0	128	960	242	156	882
0	128	1023	256	160	939
0	192	0	94	189	59
0	192	64	95	189	83
0	192	128	98	189	131
0	192	192	104	190	186
0	192	256	110	190	241
0	192	320	120	191	300
0	192	384	130	192	358
0	192	448	141	193	419
0	192	512	153	194	475
0	192	576	166	196	536
0	192	640	180	198	595
0	192	704	193	198	653
0	192	768	207	201	711
0	192	832	221	202	767
0	192	896	235	205	826
0	192	960	249	207	883
0	192	1023	263	210	940
0	256	0	124	249	78
0	256	64	125	249	97
0	256	128	127	249	139
0	256	192	131	250	191
0	256	256	137	251	246
0	256	320	144	251	303
0	256	384	152	252	361
0	256	448	162	253	421
0	256	512	172	254	477
0	256	576	184	255	538
0	256	640	196	256	596
0	256	704	208	257	655
0	256	768	221	259	713
0	256	832	233	260	768
0	256	896	247	261	826
0	256	960	260	262	884
0	256	1023	274	265	941
0	320	0	155	311	97
0	320	64	156	311	112
0	320	128	158	312	150
0	320	192	161	313	199
0	320	256	165	313	251
0	320	320	171	314	308
0	320	384	178	315	365
0	320	448	186	315	424
0	320	512	195	315	479
0	320	576	205	317	540
0	320	640	215	317	598
0	320	704	226	318	656
0	320	768	238	319	714
0	320	832	250	320	770
0	320	896	262	321	829
0	320	960	275	322	886
0	320	1023	287	323	942
0	384	0	186	372	116
0	384	64	186	372	129
0	384	128	188	373	162
0	384	192	191	374	208
0	384	256	194	374	258
0	384	320	199	374	313
0	384	384	205	375	369
0	384	448	212	375	427
0	384	512	219	376	483
0	384	576	228	377	543
0	384	640	237	377	601
0	384	704	247	377	658
0	384	768	258	379	716
0	384	832	268	379	771
0	384	896	280	380	830
0	384	960	291	381	888
0	384	1023	303	382	944
0	448	0	217	435	136
0	448	64	218	435	147
0	448	128	219	435	176
0	448	192	221	436	218
0	448	256	225	437	267
0	448	320	228	437	319
0	448	384	234	438	375
0	448	448	239	438	432
0	448	512	246	439	487
0	448	576	254	439	547
0	448	640	262	439	604
0	448	704	270	439	661
0	448	768	280	440	719
0	448	832	289	441	774
0	448	896	300	441	833
0	448	960	311	442	890
0	448	1023	322	443	946
0	512	0	247	494	154
0	512	64	247	494	163
0	512	128	248	494	190
0	512	192	251	495	229
0	512	256	254	497	275
0	512	320	257	496	327
0	512	384	261	497	381
0	512	448	266	497	437
0	512	512	272	498	492
0	512	576	279	498	550
0	512	640	286	498	608
0	512	704	294	498	664
0	512	768	303	499	722
0	512	832	311	499	777
0	512	896	321	499	835
0	512	960	331	500	892
0	512	1023	341	502	949
0	576	0	279	558	175
0	576	64	279	559	183
0	576	128	281	559	206
0	576	192	283	560	243
0	576	256	285	560	286
0	576	320	288	561	336
0	576	384	292	562	388
0	576	448	296	562	444
0	576	512	302	563	498
0	576	576	308	563	556
0	576	640	314	563	613
0	576	704	321	562	669
0	576	768	329	563	726
0	576	832	337	563	780
0	576	896	345	563	838
0	576	960	355	564	895
0	576	1023	364	565	951
0	640	0	310	620	194
0	640	64	310	621	201
0	640	128	312	622	222
0	640	192	313	622	256
0	640	256	316	623	297
0	640	320	319	624	346
0	640	384	322	624	396
0	640	448	326	624	451
0	640	512	330	624	503
0	640	576	336	625	561
0	640	640	342	625	617
0	640	704	348	625	673
0	640	768	355	626	730
0	640	832	362	626	785
0	640	896	370	625	842
0	640	960	379	626	899
0	640	1023	388	627	955
0	704	0	340	680	212
0	704	64	341	681	219
0	704	128	341	681	238
0	704	192	343	682	270
0	704	256	345	683	310
0	704	320	347	683	355
0	704	384	351	684	405
0	704	448	355	684	459
0	704	512	358	684	510
0	704	576	364	685	568
0	704	640	369	684	623
0	704	704	374	684	679
0	704	768	381	685	735
0	704	832	388	685	789
0	704	896	395	684	846
0	704	960	403	685	903
0	704	1023	411	685	958
0	768	0	371	741	232
0	768	64	372	743	238
0	768	128	372	744	256
0	768	192	373	744	285
0	768	256	376	745	322
0	768	320	378	746	367
0	768	384	381	746	415
0	768	448	384	746	467
0	768	512	388	746	518
0	768	576	393	748	574
0	768	640	397	747	629
0	768	704	403	747	684
0	768	768	409	748	740
0	768	832	415	747	794
0	768	896	421	747	851
0	768	960	429	747	907
0	768	1023	437	749	962
0	832	0	400	801	250
0	832	64	401	802	256
0	832	128	402	802	272
0	832	192	403	803	299
0	832	256	405	805	335
0	832	320	407	805	377
0	832	384	410	806	424
0	832	448	413	806	475
0	832	512	416	806	525
0	832	576	421	807	580
0	832	640	425	806	634
0	832	704	430	806	689
0	832	768	436	807	745
0	832	832	441	807	798
0	832	896	447	806	854
0	832	960	454	807	910
0	832	1023	461	807	965
0	896	0	431	863	270
0	896	64	432	864	275
0	896	128	433	864	290
0	896	192	434	866	315
0	896	256	436	867	349
0	896	320	438	867	389
0	896	384	440	867	434
0	896	448	444	868	484
0	896	512	446	868	533
0	896	576	451	869	588
0	896	640	454	868	641
0	896	704	459	869	695
0	896	768	464	869	750
0	896	832	469	869	803
0	896	896	475	868	859
0	896	960	481	869	915
0	896	1023	488	869	969
0	960	0	461	923	288
0	960	64	462	924	293
0	960	128	462	923	307
0	960	192	464	925	331
0	960	256	465	926	363
0	960	320	467	927	402
0	960	384	470	927	446
0	960	448	472	927	494
0	960	512	475	928	542
0	960	576	479	929	596
0	960	640	482	927	648
0	960	704	487	928	701
0	960	768	492	928	756
0	960	832	496	928	808
0	960	896	502	927	864
0	960	960	508	928	919
0	960	1023	514	928	974
0	1023	0	491	983	307
0	1023	64	492	985	312
0	1023	128	493	986	325
0	1023	192	494	986	347
0	1023	256	496	987	378
0	1023	320	497	988	415
0	1023	384	500	988	457
0	1023	448	502	989	505
0	1023	512	505	989	551
0	1023	576	509	990	604
0	1023	640	512	988	656
0	1023	704	516	989	709
0	1023	768	520	989	763
0	1023	832	525	989	815
0	1023	896	530	989	871
0	1023	960	535	989	925
0	1023	1023	541	989	979
64	0	0	62	17	10
64	0	64	63	18	62
64	0	128	68	21	119
64	0	192	75	25	178
64	0	256	85	30	235
64	0	320	97	36	295
64	0	384	110	42	354
64	0	448	124	48	415
64	0	512	138	54	472
64	0	576	152	60	533
64	0	640	167	66	592
64	0	704	181	72	650
64	0	768	196	79	709
64	0	832	211	85	765
64	0	896	226	91	824
64	0	960	241	97	881
64	0	1023	256	104	938
64	64	0	68	69	23
64	64	64	69	68	65
64	64	128	73	69	121
64	64	192	81	70	179
64	64	256	90	72	236
64	64	320	101	74	296
64	64	384	114	77	355
64	64	448	127	80	416
64	64	512	140	83	472
64	64	576	155	87	534
64	64	640	169	92	593
64	64	704	183	96	651
64	64	768	198	101	709
64	64	832	213	105	766
64	64	896	228	110	824
64	64	960	242	116	881
64	64	1023	257	122	938
64	128	0	86	129	41
64	128	64	86	128	72
64	128	128	89	129	124
64	128	192	95	130	181
64	128	256	103	131	239
64	128	320	113	132	297
64	128	384	124	133	356
64	128	448	136	134	416
64	128	512	148	137	474
64	128	576	162	139	534
64	128	640	176	141	593
64	128	704	189	143	652
64	128	768	204	146	710
64	128	832	218	149	765
64	128	896	233	153	825
64	128	960	247	157	882
64	128	1023	261	161	939
64	192	0	109	189	59
64	192	64	109	189	83
64	192	128	112	189	131
64	192	192	116	189	185
64	192	256	123	190	241
64	192	320	131	191	300
64	192	384	140	193	358
64	192	448	151	193	418
64	192	512	162	195	475
64	192	576	174	196	536
64	192	640	187	197	594
64	192	704	200	199	652
64	192	768	213	201	711
64	192	832	226	203	766
64	192	896	241	205	825
64	192	960	254	207	883
64	192	1023	268	210	940
64	256	0	135	250	78
64	256	64	135	249	97
64	256	128	138	249	139
64	256	192	141	250	191
64	256	256	146	251	245
64	256	320	153	251	303
64	256	384	161	252	361
64	256	448	170	253	420
64	256	512	180	254	477
64	256	576	191	255	537
64	256	640	202	256	596
64	256	704	214	257	654
64	256	768	226	259	713
64	256	832	239	259	767
64	256	896	252	261	827
64	256	960	265	263	884
64	256	1023	278	265	940
64	320	0	164	312	98
64	320	64	164	311	112
64	320	128	166	312	150
64	320	192	169	312	198
64	320	256	173	313	251
64	320	320	178	314	307
64	320	384	185	314	364
64	320	448	193	315	423
64	320	512	201	315	479
64	320	576	211	317	540
64	320	640	221	317	598
64	320	704	232	318	656
64	320	768	243	319	714
64	320	832	254	320	769
64	320	896	266	320	827
64	320	960	279	322	885
64	320	1023	291	324	942
64	384	0	193	373	117
64	384	64	193	372	129
64	384	128	194	373	162
64	384	192	197	374	208
64	384	256	200	374	258
64	384	320	205	374	313
64	384	384	211	375	369
64	384	448	218	376	427
64	384	512	224	376	482
64	384	576	233	377	542
64	384	640	242	377	600
64	384	704	252	377	658
64	384	768	262	378	716
64	384	832	273	379	771
64	384	896	284	380	830
64	384	960	295	381	887
64	384	1023	307	382	944
64	448	0	223	436	136
64	448	64	223	434	146
64	448	128	224	435	176
64	448	192	226	436	218
64	448	256	229	436	266
64	448	320	233	437	319
64	448	384	239	438	374
64	448	448	244	438	432
64	448	512	251	439	487
64	448	576	258	439	546
64	448	640	266	439	604
64	448	704	274	439	661
64	448	768	284	441	719
64	448	832	293	441	774
64	448	896	304	441	832
64	448	960	314	442	889
64	448	1023	325	443	945
64	512	0	252	495	155
64	512	64	251	493	163
64	512	128	253	494	190
64	512	192	255	495	229
64	512	256	257	495	275
64	512	320	261	496	326
64	512	384	266	497	380
64	512	448	270	497	437
64	512	512	276	498	491
64	512	576	283	498	550
64	512	640	290	499	608
64	512	704	298	498	664
64	512	768	306	499	721
64	512	832	315	499	776
64	512	896	325	500	835
64	512	960	334	501	892
64	512	1023	344	502	948
64	576	0	283	559	175
64	576	64	283	558	182
64	576	128	284	559	206
64	576	192	286	559	242
64	576	256	288	560	285
64	576	320	292	561	335
64	576	384	296	562	388
64	576	448	300	562	443
64	576	512	305	562	497
64	576	576	311	563	555
64	576	640	317	562	612
64	576	704	324	563	668
64	576	768	332	564	725
64	576	832	340	564	780
64	576	896	348	564	838
64	576	960	357	564	894
64	576	1023	367	565	951
64	640	0	314	621	194
64	640	64	314	621	201
64	640	128	315	620	222
64	640	192	316	621	256
64	640	256	319	623	297
64	640	320	322	624	345
64	640	384	325	623	396
64	640	448	329	624	450
64	640	512	334	624	503
64	640	576	339	625	561
64	640	640	345	625	617
64	640	704	351	625	673
64	640	768	358	626	730
64	640	832	365	625	784
64	640	896	373	625	841
64	640	960	381	626	898
64	640	1023	390	627	953
64	704	0	344	681	213
64	704	64	343	679	219
64	704	128	344	680	238
64	704	192	345	681	270
64	704	256	348	682	309
64	704	320	350	682	355
64	704	384	354	683	405
64	704	448	357	684	458
64	704	512	361	684	510
64	704	576	366	684	566
64	704	640	372	684	622
64	704	704	378	684	678
64	704	768	384	685	734
64	704	832	390	684	788
64	704	896	397	684	845
64	704	960	405	685	902
64	704	1023	413	685	957
64	768	0	374	743	232
64	768	64	374	742	238
64	768	128	375	742	255
64	768	192	376	743	285
64	768	256	378	744	322
64	768	320	381	745	366
64	768	384	384	746	414
64	768	448	387	746	466
64	768	512	390	746	517
64	768	576	395	747	574
64	768	640	400	746	628
64	768	704	405	746	683
64	768	768	411	747	739
64	768	832	417	747	793
64	768	896	424	747	850
64	768	960	431	747	906
64	768	1023	439	748	961
64	832	0	404	803	251
64	832	64	403	801	256
64	832	128	404	802	272
64	832	192	406	803	299
64	832	256	408	804	335
64	832	320	409	804	377
64	832	384	412	805	424
64	832	448	416	806	475
64	832	512	419	806	524
64	832	576	423	806	579
64	832	640	427	806	634
64	832	704	433	806	689
64	832	768	438	807	744
64	832	832	443	806	797
64	832	896	450	806	854
64	832	960	456	807	909
64	832	1023	464	807	964
64	896	0	435	865	270
64	896	64	434	863	274
64	896	128	435	864	289
64	896	192	436	865	315
64	896	256	439	867	349
64	896	320	440	866	389
64	896	384	443	867	434
64	896	448	446	868	484
64	896	512	449	868	533
64	896	576	453	868	587
64	896	640	457	868	641
64	896	704	462	869	695
64	896	768	467	870	750
64	896	832	471	868	802
64	896	896	478	869	859
64	896	960	484	869	914
64	896	1023	491	870	969
64	960	0	464	924	289
64	960	64	464	923	293
64	960	128	464	923	307
64	960	192	466	924	331
64	960	256	468	926	363
64	960	320	469	926	401
64	960	384	472	927	445
64	960	448	475	927	494
64	960	512	477	927	541
64	960	576	481	928	595
64	960	640	485	927	648
64	960	704	489	928	701
64	960	768	494	929	756
64	960	832	498	927	807
64	960	896	504	927	864
64	960	960	510	928	919
64	960	1023	516	928	973
64	1023	0	495	985	308
64	1023	64	494	984	311
64	1023	128	494	984	324
64	1023	192	496	985	347
64	1023	256	498	987	377
64	1023	320	499	987	415
64	1023	384	501	987	457
64	1023	448	504	988	504
64	1023	512	507	989	551
64	1023	576	511	990	604
64	1023	640	514	988	655
64	1023	704	518	988	708
64	1023	768	522	989	762
64	1023	832	526	988	814
64	1023	896	531	987	869
64	1023	960	537	988	924
64	1023	1023	542	988	978
128	0	0	118	32	20
128	0	64	118	32	64
128	0	128	120	34	120
128	0	192	124	36	178
128	0	256	130	40	236
128	0	320	137	44	295
128	0	384	146	49	354
128	0	448	157	54	415
128	0	512	167	59	472
128	0	576	179	65	533
128	0	640	191	71	592
128	0	704	204	76	650
128	0	768	216	82	709
128	0	832	230	88	764
128	0	896	243	94	823
128	0	960	257	101	880
128	0	1023	271	107	937
128	64	0	121	73	28
128	64	64	121	73	66
128	64	128	123	73	121
128	64	192	127	74	179
128	64	256	133	76	237
128	64	320	140	78	296
128	64	384	149	81	355
128	64	448	159	84	416
128	64	512	169	87	473
128	64	576	181	90	533
128	64	640	193	95	593
128	64	704	205	98	651
128	64	768	218	103	710
128	64	832	231	108	764
128	64	896	245	113	823
128	64	960	259	118	882
128	64	1023	272	123	938
128	128	0	131	131	44
128	128	64	130	130	73
128	128	128	132	131	125
128	128	192	136	131	182
128	128	256	141	132	238
128	128	320	148	133	297
128	128	384	156	135	356
128	128	448	166	136	416
128	128	512	176	138	473
128	128	576	187	141	534
128	128	640	199	143	594
128	128	704	211	145	651
128	128	768	223	148	709
128	128	832	236	151	765
128	128	896	249	154	825
128	128	960	262	158	881
128	128	1023	276	162	938
128	192	0	146	191	61
128	192	64	146	190	84
128	192	128	147	190	131
128	192	192	151	191	186
128	192	256	156	192	241
128	192	320	162	192	299
128	192	384	169	194	358
128	192	448	178	195	418
128	192	512	187	196	475
128	192	576	198	198	536
128	192	640	208	199	595
128	192	704	220	200	653
128	192	768	232	203	711
128	192	832	244	204	767
128	192	896	257	206	825
128	192	960	269	208	882
128	192	1023	282	212	938
128	256	0	166	251	80
128	256	64	165	250	98
128	256	128	167	250	139
128	256	192	170	251	191
128	256	256	174	251	245
128	256	320	180	252	303
128	256	384	186	253	361
128	256	448	194	254	420
128	256	512	202	255	477
128	256	576	212	256	537
128	256	640	222	257	596
128	256	704	232	257	653
128	256	768	244	259	712
128	256	832	255	260	767
128	256	896	267	262	826
128	256	960	279	264	884
128	256	1023	292	266	940
128	320	0	189	313	99
128	320	64	189	312	113
128	320	128	190	312	150
128	320	192	193	313	199
128	320	256	197	314	251
128	320	320	201	314	307
128	320	384	207	315	364
128	320	448	214	316	424
128	320	512	221	316	479
128	320	576	230	318	540
128	320	640	239	317	598
128	320	704	249	318	656
128	320	768	259	320	713
128	320	832	270	320	769
128	320	896	281	321	828
128	320	960	293	323	885
128	320	1023	304	324	941
128	384	0	214	374	118
128	384	64	214	373	130
128	384	128	215	373	162
128	384	192	217	373	207
128	384	256	221	375	258
128	384	320	225	375	313
128	384	384	230	375	368
128	384	448	236	376	427
128	384	512	242	376	482
128	384	576	250	378	542
128	384	640	258	377	600
128	384	704	267	378	658
128	384	768	277	379	716
128	384	832	286	380	771
128	384	896	297	380	829
128	384	960	308	382	887
128	384	1023	319	383	943
128	448	0	241	436	137
128	448	64	240	435	147
128	448	128	242	435	176
128	448	192	243	435	218
128	448	256	247	437	266
128	448	320	250	437	319
128	448	384	255	438	374
128	448	448	260	438	432
128	448	512	266	438	486
128	448	576	273	440	546
128	448	640	280	439	603
128	448	704	288	440	661
128	448	768	298	441	718
128	448	832	306	441	774
128	448	896	316	442	832
128	448	960	326	442	889
128	448	1023	337	444	945
128	512	0	268	495	155
128	512	64	267	494	164
128	512	128	268	494	190
128	512	192	270	494	229
128	512	256	273	496	275
128	512	320	276	497	327
128	512	384	280	497	380
128	512	448	285	497	437
128	512	512	290	497	491
128	512	576	297	498	550
128	512	640	303	498	607
128	512	704	310	498	664
128	512	768	319	499	721
128	512	832	327	499	776
128	512	896	336	500	835
128	512	960	345	500	891
128	512	1023	355	501	947
128	576	0	297	559	175
128	576	64	297	559	183
128	576	128	297	558	206
128	576	192	299	559	242
128	576	256	302	561	286
128	576	320	305	561	336
128	576	384	308	561	387
128	576	448	313	562	443
128	576	512	317	562	496
128	576	576	324	563	555
128	576	640	329	562	611
128	576	704	336	563	668
128	576	768	344	564	725
128	576	832	351	564	780
128	576	896	359	564	838
128	576	960	368	565	894
128	576	1023	377	565	950
128	640	0	327	622	195
128	640	64	326	620	201
128	640	128	327	621	222
128	640	192	329	622	256
128	640	256	331	623	297
128	640	320	333	623	345
128	640	384	337	624	396
128	640	448	340	623	450
128	640	512	345	624	503
128	640	576	350	625	560
128	640	640	356	625	617
128	640	704	362	625	673
128	640	768	368	625	729
128	640	832	375	625	783
128	640	896	383	625	841
128	640	960	391	626	898
128	640	1023	399	627	953
128	704	0	355	682	214
128	704	64	354	679	219
128	704	128	355	680	238
128	704	192	356	681	270
128	704	256	358	681	309
128	704	320	361	682	355
128	704	384	364	683	405
128	704	448	367	683	458
128	704	512	372	684	510
128	704	576	377	684	567
128	704	640	382	684	622
128	704	704	387	684	678
128	704	768	393	685	734
128	704	832	400	684	788
128	704	896	407	684	845
128	704	960	415	685	902
128	704	1023	422	686	958
128	768	0	385	744	233
128	768	64	384	741	238
128	768	128	384	742	256
128	768	192	386	743	285
128	768	256	388	745	322
128	768	320	390	744	366
128	768	384	393	745	414
128	768	448	396	745	466
128	768	512	400	746	517
128	768	576	404	746	573
128	768	640	409	746	628
128	768	704	414	747	684
128	768	768	420	748	739
128	768	832	426	746	792
128	768	896	433	747	850
128	768	960	440	748	906
128	768	1023	447	748	961
128	832	0	414	804	251
128	832	64	412	801	256
128	832	128	413	802	272
128	832	192	415	803	300
128	832	256	416	803	334
128	832	320	419	804	377
128	832	384	421	806	424
128	832	448	424	805	474
128	832	512	428	806	524
128	832	576	432	806	580
128	832	640	436	806	634
128	832	704	440	806	688
128	832	768	446	807	744
128	832	832	451	806	797
128	832	896	458	806	854
128	832	960	464	807	910
128	832	1023	471	807	964
128	896	0	444	866	271
128	896	64	442	863	275
128	896	128	443	864	290
128	896	192	445	865	315
128	896	256	446	865	348
128	896	320	448	866	389
128	896	384	451	867	434
128	896	448	453	866	483
128	896	512	457	868	533
128	896	576	461	868	587
128	896	640	464	868	640
128	896	704	468	868	694
128	896	768	474	868	749
128	896	832	479	868	802
128	896	896	485	868	859
128	896	960	491	869	914
128	896	1023	497	869	968
128	960	0	472	924	289
128	960	64	471	922	293
128	960	128	472	923	307
128	960	192	473	924	331
128	960	256	475	926	363
128	960	320	477	925	401
128	960	384	479	926	445
128	960	448	481	926	493
128	960	512	485	927	541
128	960	576	488	927	594
128	960	640	492	927	647
128	960	704	496	927	701
128	960	768	501	928	755
128	960	832	505	927	807
128	960	896	511	927	864
128	960	960	516	927	918
128	960	1023	523	928	973
128	1023	0	502	986	308
128	1023	64	501	983	311
128	1023	128	501	984	325
128	1023	192	503	985	347
128	1023	256	505	987	378
128	1023	320	506	987	415
128	1023	384	509	988	457
128	1023	448	511	988	504
128	1023	512	514	988	551
128	1023	576	517	988	603
128	1023	640	521	988	655
128	1023	704	524	989	708
128	1023	768	529	989	762
128	1023	832	533	988	814
128	1023	896	538	988	870
128	1023	960	544	988	924
128	1023	1023	549	988	978
192	0	0	174	48	29
192	0	64	173	48	67
192	0	128	174	48	121
192	0	192	178	50	179
192	0	256	181	52	236
192	0	320	186	55	295
192	0	384	193	59	355
192	0	448	200	63	415
192	0	512	208	68	472
192	0	576	217	73	533
192	0	640	227	78	592
192	0	704	237	83	650
192	0	768	248	88	709
192	0	832	259	94	764
192	0	896	271	99	823
192	0	960	283	105	881
192	0	1023	295	111	937
192	64	0	176	80	35
192	64	64	175	80	69
192	64	128	177	80	123
192	64	192	180	81	180
192	64	256	183	83	237
192	64	320	189	84	296
192	64	384	195	87	355
192	64	448	202	90	416
192	64	512	210	93	473
192	64	576	219	96	534
192	64	640	229	100	593
192	64	704	239	103	651
192	64	768	249	109	709
192	64	832	261	112	764
192	64	896	273	117	824
192	64	960	285	122	881
192	64	1023	297	127	938
192	128	0	182	134	48
192	128	64	182	134	76
192	128	128	183	134	126
192	128	192	186	135	182
192	128	256	190	136	239
192	128	320	195	137	298
192	128	384	200	138	356
192	128	448	207	140	417
192	128	512	215	142	473
192	128	576	224	144	535
192	128	640	233	146	593
192	128	704	243	149	651
192	128	768	254	152	710
192	128	832	265	154	766
192	128	896	276	157	824
192	128	960	288	161	881
192	128	1023	300	165	938
192	192	0	193	193	64
192	192	64	192	192	86
192	192	128	193	192	132
192	192	192	196	193	186
192	192	256	199	194	241
192	192	320	204	195	300
192	192	384	210	196	358
192	192	448	217	196	418
192	192	512	224	198	475
192	192	576	233	199	535
192	192	640	242	201	594
192	192	704	251	202	652
192	192	768	261	204	710
192	192	832	272	206	766
192	192	896	283	208	825
192	192	960	295	211	883
192	192	1023	306	214	939
192	256	0	207	252	82
192	256	64	207	252	100
192	256	128	208	252	140
192	256	192	210	252	192
192	256	256	214	253	246
192	256	320	218	254	303
192	256	384	223	254	360
192	256	448	230	255	421
192	256	512	236	256	476
192	256	576	245	258	537
192	256	640	253	258	596
192	256	704	262	259	654
192	256	768	271	261	712
192	256	832	282	262	767
192	256	896	292	263	826
192	256	960	303	265	883
192	256	1023	314	268	940
192	320	0	226	314	101
192	320	64	225	313	115
192	320	128	226	313	151
192	320	192	229	314	199
192	320	256	231	314	251
192	320	320	235	315	307
192	320	384	241	316	365
192	320	448	246	316	423
192	320	512	252	317	479
192	320	576	260	318	539
192	320	640	268	319	598
192	320	704	276	319	655
192	320	768	285	320	713
192	320	832	294	321	768
192	320	896	305	322	828
192	320	960	316	324	885
192	320	1023	326	326	942
192	384	0	246	375	119
192	384	64	245	373	131
192	384	128	247	374	163
192	384	192	249	374	208
192	384	256	252	375	258
192	384	320	255	376	313
192	384	384	260	377	369
192	384	448	265	376	427
192	384	512	271	377	483
192	384	576	278	378	542
192	384	640	285	379	600
192	384	704	292	379	658
192	384	768	301	380	715
192	384	832	310	380	770
192	384	896	320	381	829
192	384	960	329	382	886
192	384	1023	340	384	943
192	448	0	270	437	138
192	448	64	269	436	148
192	448	128	270	436	177
192	448	192	272	437	219
192	448	256	275	438	267
192	448	320	278	438	319
192	448	384	282	439	374
192	448	448	287	439	432
192	448	512	292	440	487
192	448	576	299	441	547
192	448	640	305	441	604
192	448	704	312	441	661
192	448	768	320	442	719
192	448	832	328	441	773
192	448	896	337	442	832
192	448	960	347	443	889
192	448	1023	356	444	945
192	512	0	294	496	156
192	512	64	293	494	165
192	512	128	294	495	191
192	512	192	295	496	230
192	512	256	298	497	276
192	512	320	300	496	326
192	512	384	304	497	380
192	512	448	309	498	437
192	512	512	314	499	491
192	512	576	319	499	550
192	512	640	325	499	607
192	512	704	332	499	664
192	512	768	340	500	722
192	512	832	347	500	776
192	512	896	355	500	834
192	512	960	364	501	891
192	512	1023	373	502	947
192	576	0	320	560	176
192	576	64	319	559	184
192	576	128	320	559	207
192	576	192	322	560	243
192	576	256	325	561	286
192	576	320	327	561	336
192	576	384	330	562	388
192	576	448	334	562	443
192	576	512	339	563	497
192	576	576	344	563	555
192	576	640	350	564	612
192	576	704	356	563	668
192	576	768	363	564	725
192	576	832	369	564	779
192	576	896	377	564	838
192	576	960	386	565	894
192	576	1023	394	566	950
192	640	0	347	622	196
192	640	64	346	621	202
192	640	128	347	622	223
192	640	192	349	623	257
192	640	256	351	623	298
192	640	320	354	624	345
192	640	384	357	625	396
192	640	448	360	624	451
192	640	512	364	624	503
192	640	576	369	625	561
192	640	640	374	626	617
192	640	704	380	625	673
192	640	768	386	626	729
192	640	832	393	626	784
192	640	896	400	626	842
192	640	960	407	626	897
192	640	1023	416	628	954
192	704	0	374	682	214
192	704	64	373	681	220
192	704	128	373	680	239
192	704	192	375	681	270
192	704	256	377	682	309
192	704	320	379	683	355
192	704	384	382	683	405
192	704	448	386	683	458
192	704	512	389	683	509
192	704	576	394	685	567
192	704	640	398	684	622
192	704	704	404	684	678
192	704	768	410	685	734
192	704	832	416	685	788
192	704	896	422	684	845
192	704	960	430	685	902
192	704	1023	438	687	958
192	768	0	402	745	234
192	768	64	401	742	239
192	768	128	402	743	256
192	768	192	403	744	285
192	768	256	405	744	322
192	768	320	407	745	366
192	768	384	410	746	415
192	768	448	413	746	467
192	768	512	416	746	517
192	768	576	421	747	573
192	768	640	426	747	629
192	768	704	430	746	683
192	768	768	436	747	739
192	768	832	441	747	793
192	768	896	447	747	850
192	768	960	454	747	905
192	768	1023	461	749	961
192	832	0	429	803	252
192	832	64	428	802	257
192	832	128	429	803	273
192	832	192	430	802	300
192	832	256	432	804	335
192	832	320	434	805	377
192	832	384	436	805	423
192	832	448	439	805	475
192	832	512	442	805	524
192	832	576	447	807	580
192	832	640	450	806	633
192	832	704	455	806	688
192	832	768	460	807	744
192	832	832	466	806	797
192	832	896	471	806	853
192	832	960	478	807	909
192	832	1023	485	808	965
192	896	0	458	865	271
192	896	64	457	864	275
192	896	128	458	865	290
192	896	192	459	864	315
192	896	256	461	866	349
192	896	320	463	867	390
192	896	384	465	867	434
192	896	448	468	867	484
192	896	512	471	868	533
192	896	576	475	869	587
192	896	640	478	868	640
192	896	704	482	868	694
192	896	768	487	869	749
192	896	832	492	869	802
192	896	896	497	868	858
192	896	960	503	869	913
192	896	1023	510	870	969
192	960	0	486	924	289
192	960	64	485	923	293
192	960	128	485	923	307
192	960	192	486	923	331
192	960	256	488	925	363
192	960	320	490	926	402
192	960	384	493	927	445
192	960	448	495	926	493
192	960	512	498	927	541
192	960	576	501	928	595
192	960	640	504	927	647
192	960	704	508	927	701
192	960	768	513	928	755
192	960	832	518	927	807
192	960	896	523	927	863
192	960	960	528	928	918
192	960	1023	535	929	973
192	1023	0	515	987	309
192	1023	64	514	984	312
192	1023	128	514	985	325
192	1023	192	516	986	348
192	1023	256	517	986	377
192	1023	320	519	987	415
192	1023	384	521	988	457
192	1023	448	523	987	504
192	1023	512	526	988	551
192	1023	576	530	989	603
192	1023	640	533	989	656
192	1023	704	536	988	708
192	1023	768	541	989	762
192	1023	832	545	988	814
192	1023	896	550	988	870
192	1023	960	555	988	924
192	1023	1023	560	988	978
256	0	0	228	63	38
256	0	64	228	63	71
256	0	128	228	63	123
256	0	192	230	64	180
256	0	256	233	66	237
256	0	320	238	68	296
256	0	384	242	71	355
256	0	448	248	75	415
256	0	512	254	78	472
256	0	576	262	82	534
256	0	640	269	87	592
256	0	704	278	91	650
256	0	768	287	96	709
256	0	832	296	101	764
256	0	896	306	106	823
256	0	960	316	112	880
256	0	1023	327	117	937
256	64	0	230	89	43
256	64	64	229	89	73
256	64	128	230	89	124
256	64	192	232	90	181
256	64	256	236	91	238
256	64	320	239	93	297
256	64	384	244	95	356
256	64	448	250	98	416
256	64	512	256	100	473
256	64	576	263	104	534
256	64	640	270	107	593
256	64	704	279	110	651
256	64	768	288	115	709
256	64	832	298	118	765
256	64	896	307	123	823
256	64	960	318	127	882
256	64	1023	328	133	937
256	128	0	235	140	54
256	128	64	234	139	79
256	128	128	235	139	128
256	128	192	237	140	183
256	128	256	240	141	239
256	128	320	243	142	298
256	128	384	248	143	357
256	128	448	254	144	417
256	128	512	260	146	474
256	128	576	267	149	534
256	128	640	275	151	594
256	128	704	283	153	651
256	128	768	292	156	709
256	128	832	301	158	765
256	128	896	310	161	824
256	128	960	321	165	882
256	128	1023	331	169	938
256	192	0	242	196	68
256	192	64	242	196	89
256	192	128	242	196	134
256	192	192	244	196	187
256	192	256	247	197	242
256	192	320	251	198	301
256	192	384	256	199	358
256	192	448	261	200	419
256	192	512	267	201	475
256	192	576	274	203	536
256	192	640	281	204	594
256	192	704	289	205	652
256	192	768	298	208	711
256	192	832	306	209	766
256	192	896	316	211	825
256	192	960	326	214	882
256	192	1023	337	216	939
256	256	0	254	255	85
256	256	64	253	254	102
256	256	128	254	254	142
256	256	192	256	255	193
256	256	256	259	256	247
256	256	320	262	256	303
256	256	384	266	257	361
256	256	448	271	257	420
256	256	512	277	259	477
256	256	576	284	260	537
256	256	640	291	261	596
256	256	704	298	261	654
256	256	768	307	263	712
256	256	832	315	264	767
256	256	896	325	266	826
256	256	960	334	268	884
256	256	1023	345	270	940
256	320	0	269	316	103
256	320	64	268	315	117
256	320	128	268	315	152
256	320	192	270	316	200
256	320	256	273	317	252
256	320	320	277	318	308
256	320	384	281	318	365
256	320	448	285	319	424
256	320	512	290	319	479
256	320	576	297	320	540
256	320	640	303	320	598
256	320	704	311	321	656
256	320	768	319	323	714
256	320	832	327	323	769
256	320	896	335	324	827
256	320	960	345	326	885
256	320	1023	355	327	941
256	384	0	285	376	121
256	384	64	285	375	133
256	384	128	286	375	164
256	384	192	287	375	209
256	384	256	290	377	259
256	384	320	293	377	314
256	384	384	297	378	369
256	384	448	301	378	427
256	384	512	306	378	482
256	384	576	312	380	543
256	384	640	318	379	600
256	384	704	325	380	658
256	384	768	333	381	716
256	384	832	340	382	771
256	384	896	349	383	830
256	384	960	358	384	886
256	384	1023	367	385	943
256	448	0	306	439	140
256	448	64	304	437	150
256	448	128	305	437	178
256	448	192	307	438	220
256	448	256	309	438	267
256	448	320	312	439	320
256	448	384	316	440	375
256	448	448	320	440	432
256	448	512	324	440	487
256	448	576	330	441	546
256	448	640	336	442	604
256	448	704	342	442	661
256	448	768	349	443	718
256	448	832	357	443	773
256	448	896	365	443	832
256	448	960	373	444	888
256	448	1023	382	446	945
256	512	0	327	498	158
256	512	64	325	496	166
256	512	128	326	496	192
256	512	192	328	497	231
256	512	256	330	497	276
256	512	320	333	498	327
256	512	384	336	499	381
256	512	448	339	499	437
256	512	512	344	499	491
256	512	576	349	500	550
256	512	640	355	500	608
256	512	704	361	500	664
256	512	768	367	501	721
256	512	832	374	501	776
256	512	896	382	502	835
256	512	960	390	502	891
256	512	1023	398	504	948
256	576	0	350	562	178
256	576	64	349	560	185
256	576	128	350	560	208
256	576	192	351	561	243
256	576	256	354	562	287
256	576	320	356	562	336
256	576	384	359	563	388
256	576	448	363	563	444
256	576	512	367	563	497
256	576	576	372	564	555
256	576	640	376	564	612
256	576	704	382	564	668
256	576	768	389	565	725
256	576	832	395	565	780
256	576	896	402	565	838
256	576	960	409	566	894
256	576	1023	418	567	950
256	640	0	375	624	197
256	640	64	373	622	203
256	640	128	374	622	224
256	640	192	376	623	257
256	640	256	378	624	298
256	640	320	380	624	345
256	640	384	383	625	396
256	640	448	387	625	451
256	640	512	390	625	503
256	640	576	395	627	561
256	640	640	399	626	617
256	640	704	404	626	673
256	640	768	411	627	730
256	640	832	416	626	783
256	640	896	423	627	841
256	640	960	430	628	898
256	640	1023	437	628	953
256	704	0	399	683	215
256	704	64	398	681	221
256	704	128	399	681	240
256	704	192	400	682	271
256	704	256	402	684	310
256	704	320	404	683	355
256	704	384	407	684	405
256	704	448	409	683	458
256	704	512	413	684	510
256	704	576	417	685	567
256	704	640	422	685	622
256	704	704	427	685	678
256	704	768	432	686	734
256	704	832	438	685	788
256	704	896	444	685	845
256	704	960	451	686	902
256	704	1023	458	687	957
256	768	0	426	745	234
256	768	64	425	744	240
256	768	128	425	743	257
256	768	192	426	744	286
256	768	256	428	745	323
256	768	320	430	745	367
256	768	384	432	746	415
256	768	448	436	747	467
256	768	512	439	747	517
256	768	576	443	748	574
256	768	640	447	747	628
256	768	704	451	747	684
256	768	768	457	748	739
256	768	832	462	748	793
256	768	896	467	747	850
256	768	960	474	748	906
256	768	1023	481	749	961
256	832	0	451	805	253
256	832	64	449	802	257
256	832	128	450	803	273
256	832	192	452	804	300
256	832	256	454	805	336
256	832	320	455	805	377
256	832	384	458	806	424
256	832	448	460	805	474
256	832	512	463	806	525
256	832	576	467	807	579
256	832	640	471	806	634
256	832	704	475	807	689
256	832	768	480	807	743
256	832	832	485	807	797
256	832	896	491	807	854
256	832	960	497	808	910
256	832	1023	503	808	964
256	896	0	478	867	272
256	896	64	477	864	276
256	896	128	477	864	291
256	896	192	479	866	316
256	896	256	481	867	349
256	896	320	482	867	389
256	896	384	485	868	435
256	896	448	487	867	484
256	896	512	490	868	533
256	896	576	494	869	587
256	896	640	497	869	641
256	896	704	501	868	694
256	896	768	506	869	749
256	896	832	510	869	802
256	896	896	516	869	859
256	896	960	522	870	914
256	896	1023	528	871	969
256	960	0	505	926	291
256	960	64	503	923	294
256	960	128	504	924	308
256	960	192	505	925	332
256	960	256	507	926	363
256	960	320	508	926	402
256	960	384	511	927	445
256	960	448	513	926	493
256	960	512	516	928	542
256	960	576	519	928	595
256	960	640	522	928	648
256	960	704	527	928	701
256	960	768	531	929	755
256	960	832	535	928	807
256	960	896	540	928	864
256	960	960	545	928	918
256	960	1023	551	929	973
256	1023	0	532	987	309
256	1023	64	532	986	313
256	1023	128	532	985	326
256	1023	192	533	986	348
256	1023	256	535	987	378
256	1023	320	536	987	415
256	1023	384	538	988	457
256	1023	448	541	989	505
256	1023	512	543	989	551
256	1023	576	547	990	604
256	1023	640	549	988	655
256	1023	704	553	989	708
256	1023	768	557	990	762
256	1023	832	561	989	814
256	1023	896	565	988	869
256	1023	960	570	988	924
256	1023	1023	576	988	978
320	0	0	286	78	48
320	0	64	284	78	76
320	0	128	285	79	126
320	0	192	287	80	182
320	0	256	289	81	238
320	0	320	292	83	297
320	0	384	296	85	356
320	0	448	300	88	416
320	0	512	306	91	473
320	0	576	312	95	533
320	0	640	318	98	593
320	0	704	324	102	650
320	0	768	332	106	709
320	0	832	340	110	765
320	0	896	348	116	823
320	0	960	358	120	881
320	0	1023	367	125	938
320	64	0	287	100	51
320	64	64	286	100	78
320	64	128	287	100	127
320	64	192	288	101	183
320	64	256	291	102	239
320	64	320	294	104	298
320	64	384	298	106	356
320	64	448	302	107	417
320	64	512	307	110	473
320	64	576	313	113	534
320	64	640	319	116	593
320	64	704	326	119	651
320	64	768	333	122	709
320	64	832	341	126	765
320	64	896	350	130	824
320	64	960	358	135	881
320	64	1023	368	140	938
320	128	0	290	146	60
320	128	64	289	146	83
320	128	128	290	146	130
320	128	192	292	146	185
320	128	256	294	147	241
320	128	320	297	148	299
320	128	384	301	150	357
320	128	448	306	151	418
320	128	512	310	153	474
320	128	576	316	155	535
320	128	640	322	157	594
320	128	704	329	159	652
320	128	768	337	162	710
320	128	832	344	164	765
320	128	896	352	167	825
320	128	960	361	170	882
320	128	1023	370	174	938
320	192	0	297	201	74
320	192	64	296	200	93
320	192	128	296	200	136
320	192	192	298	201	189
320	192	256	300	202	243
320	192	320	304	203	302
320	192	384	307	204	359
320	192	448	311	204	419
320	192	512	316	206	476
320	192	576	322	207	536
320	192	640	328	208	595
320	192	704	334	210	653
320	192	768	342	212	711
320	192	832	349	213	767
320	192	896	358	215	825
320	192	960	366	218	883
320	192	1023	375	221	940
320	256	0	306	258	89
320	256	64	305	258	105
320	256	128	305	257	144
320	256	192	307	258	194
320	256	256	310	259	248
320	256	320	312	259	304
320	256	384	316	260	362
320	256	448	320	261	422
320	256	512	324	262	477
320	256	576	330	263	538
320	256	640	336	264	596
320	256	704	342	265	654
320	256	768	349	267	712
320	256	832	357	267	768
320	256	896	364	269	826
320	256	960	373	270	884
320	256	1023	382	272	940
320	320	0	318	319	107
320	320	64	317	318	120
320	320	128	318	318	155
320	320	192	319	319	202
320	320	256	321	319	253
320	320	320	324	320	309
320	320	384	327	321	366
320	320	448	331	321	424
320	320	512	335	321	480
320	320	576	341	323	540
320	320	640	347	323	599
320	320	704	353	324	656
320	320	768	360	325	714
320	320	832	366	326	769
320	320	896	374	327	828
320	320	960	383	328	885
320	320	1023	392	330	942
320	384	0	332	379	124
320	384	64	331	377	135
320	384	128	331	378	166
320	384	192	333	378	211
320	384	256	335	379	260
320	384	320	338	379	314
320	384	384	341	380	370
320	384	448	345	380	428
320	384	512	349	381	484
320	384	576	354	382	543
320	384	640	360	382	602
320	384	704	365	383	658
320	384	768	372	384	716
320	384	832	379	384	771
320	384	896	386	385	830
320	384	960	395	386	887
320	384	1023	402	387	943
320	448	0	349	441	142
320	448	64	348	439	152
320	448	128	348	439	180
320	448	192	350	440	221
320	448	256	352	441	269
320	448	320	354	441	321
320	448	384	358	442	376
320	448	448	361	441	433
320	448	512	365	442	488
320	448	576	370	443	547
320	448	640	375	443	604
320	448	704	381	444	662
320	448	768	387	444	719
320	448	832	393	444	774
320	448	896	400	445	832
320	448	960	408	446	889
320	448	1023	416	447	945
320	512	0	367	499	160
320	512	64	365	498	168
320	512	128	366	498	194
320	512	192	367	498	232
320	512	256	370	499	277
320	512	320	371	499	328
320	512	384	375	500	381
320	512	448	378	500	438
320	512	512	382	501	492
320	512	576	386	501	550
320	512	640	391	501	608
320	512	704	397	502	665
320	512	768	403	503	722
320	512	832	408	502	776
320	512	896	415	503	835
320	512	960	423	504	892
320	512	1023	430	505	948
320	576	0	388	564	180
320	576	64	387	562	187
320	576	128	387	562	209
320	576	192	389	563	245
320	576	256	390	563	288
320	576	320	392	563	337
320	576	384	395	564	389
320	576	448	398	564	444
320	576	512	402	565	497
320	576	576	406	565	555
320	576	640	411	565	612
320	576	704	416	565	668
320	576	768	422	566	725
320	576	832	427	566	780
320	576	896	434	566	838
320	576	960	441	567	894
320	576	1023	448	568	950
320	640	0	409	625	198
320	640	64	408	623	205
320	640	128	409	624	225
320	640	192	410	623	258
320	640	256	412	625	299
320	640	320	414	625	346
320	640	384	417	626	397
320	640	448	419	626	451
320	640	512	423	626	503
320	640	576	427	627	561
320	640	640	431	627	617
320	640	704	436	627	673
320	640	768	442	628	730
320	640	832	447	628	784
320	640	896	453	628	842
320	640	960	460	629	898
320	640	1023	467	630	954
320	704	0	432	684	217
320	704	64	431	683	222
320	704	128	431	682	241
320	704	192	432	683	272
320	704	256	434	684	311
320	704	320	436	685	357
320	704	384	439	685	406
320	704	448	442	685	459
320	704	512	444	685	510
320	704	576	449	687	568
320	704	640	452	686	623
320	704	704	457	686	678
320	704	768	462	687	735
320	704	832	467	687	789
320	704	896	473	687	846
320	704	960	479	687	902
320	704	1023	486	687	957
320	768	0	456	746	236
320	768	64	455	745	241
320	768	128	455	745	258
320	768	192	456	745	287
320	768	256	458	746	324
320	768	320	460	747	367
320	768	384	463	748	416
320	768	448	465	747	467
320	768	512	467	747	517
320	768	576	472	748	574
320	768	640	475	747	628
320	768	704	479	748	683
320	768	768	484	749	739
320	768	832	489	748	793
320	768	896	495	748	850
320	768	960	500	748	905
320	768	1023	507	750	961
320	832	0	479	805	254
320	832	64	478	804	259
320	832	128	478	803	274
320	832	192	479	804	301
320	832	256	481	805	336
320	832	320	483	806	378
320	832	384	485	806	424
320	832	448	488	807	475
320	832	512	491	807	525
320	832	576	495	808	580
320	832	640	498	807	634
320	832	704	502	808	689
320	832	768	507	809	744
320	832	832	511	808	797
320	832	896	516	807	854
320	832	960	522	808	909
320	832	1023	528	809	964
320	896	0	505	867	273
320	896	64	504	866	277
320	896	128	504	865	292
320	896	192	505	866	317
320	896	256	507	867	350
320	896	320	509	868	391
320	896	384	510	868	435
320	896	448	513	869	485
320	896	512	516	869	533
320	896	576	520	870	588
320	896	640	522	869	641
320	896	704	526	870	695
320	896	768	531	870	750
320	896	832	535	870	802
320	896	896	540	869	859
320	896	960	545	870	914
320	896	1023	551	870	968
320	960	0	530	926	291
320	960	64	528	924	295
320	960	128	529	924	309
320	960	192	530	925	332
320	960	256	532	926	364
320	960	320	533	927	403
320	960	384	535	927	446
320	960	448	537	928	494
320	960	512	540	928	542
320	960	576	544	929	595
320	960	640	546	928	648
320	960	704	550	929	701
320	960	768	554	929	755
320	960	832	558	929	808
320	960	896	562	928	864
320	960	960	568	929	918
320	960	1023	574	930	974
320	1023	0	556	988	310
320	1023	64	555	986	314
320	1023	128	555	986	327
320	1023	192	556	986	349
320	1023	256	558	987	379
320	1023	320	560	988	416
320	1023	384	562	989	458
320	1023	448	563	989	505
320	1023	512	566	989	551
320	1023	576	569	990	604
320	1023	640	571	989	655
320	1023	704	575	989	708
320	1023	768	579	990	762
320	1023	832	583	990	814
320	1023	896	588	990	870
320	1023	960	592	989	924
320	1023	1023	597	989	979
384	0	0	341	94	57
384	0	64	340	93	81
384	0	128	340	94	129
384	0	192	342	94	184
384	0	256	344	96	240
384	0	320	346	97	298
384	0	384	350	99	356
384	0	448	353	101	417
384	0	512	357	104	473
384	0	576	362	107	534
384	0	640	367	110	593
384	0	704	373	113	652
384	0	768	380	117	710
384	0	832	386	121	765
384	0	896	393	125	824
384	0	960	401	129	881
384	0	1023	409	134	938
384	64	0	342	112	60
384	64	64	341	111	83
384	64	128	342	112	130
384	64	192	343	113	185
384	64	256	345	114	241
384	64	320	348	115	299
384	64	384	351	117	357
384	64	448	354	118	417
384	64	512	359	121	474
384	64	576	364	123	535
384	64	640	369	126	594
384	64	704	375	129	652
384	64	768	380	132	709
384	64	832	387	136	765
384	64	896	394	139	825
384	64	960	402	144	882
384	64	1023	410	148	938
384	128	0	345	154	68
384	128	64	344	153	89
384	128	128	345	154	134
384	128	192	346	154	187
384	128	256	348	155	242
384	128	320	351	156	300
384	128	384	354	157	358
384	128	448	357	158	418
384	128	512	361	160	474
384	128	576	366	162	536
384	128	640	371	164	594
384	128	704	377	166	652
384	128	768	383	168	711
384	128	832	390	171	766
384	128	896	397	173	825
384	128	960	404	177	882
384	128	1023	412	180	939
384	192	0	350	206	80
384	192	64	349	205	97
384	192	128	349	206	139
384	192	192	351	206	191
384	192	256	353	207	245
384	192	320	355	207	302
384	192	384	359	209	360
384	192	448	362	210	420
384	192	512	366	211	476
384	192	576	371	212	536
384	192	640	376	213	595
384	192	704	382	215	653
384	192	768	388	217	711
384	192	832	393	218	766
384	192	896	401	220	825
384	192	960	409	222	883
384	192	1023	416	225	939
384	256	0	358	262	94
384	256	64	356	261	109
384	256	128	357	262	147
384	256	192	359	262	196
384	256	256	360	262	249
384	256	320	363	263	305
384	256	384	366	264	363
384	256	448	369	265	422
384	256	512	374	266	478
384	256	576	378	267	538
384	256	640	383	268	597
384	256	704	388	268	654
384	256	768	395	270	712
384	256	832	401	271	768
384	256	896	408	273	827
384	256	960	415	274	884
384	256	1023	423	277	940
384	320	0	368	322	110
384	320	64	366	321	123
384	320	128	367	321	157
384	320	192	368	321	204
384	320	256	371	322	255
384	320	320	372	322	310
384	320	384	376	323	366
384	320	448	379	324	425
384	320	512	383	325	481
384	320	576	387	325	540
384	320	640	392	326	599
384	320	704	397	327	657
384	320	768	404	328	715
384	320	832	409	328	769
384	320	896	416	329	828
384	320	960	423	331	885
384	320	1023	431	333	941
384	384	0	380	381	127
384	384	64	379	380	138
384	384	128	379	380	169
384	384	192	380	381	212
384	384	256	382	381	261
384	384	320	384	381	315
384	384	384	387	382	370
384	384	448	391	383	429
384	384	512	394	383	484
384	384	576	399	385	544
384	384	640	403	384	601
384	384	704	408	385	659
384	384	768	414	386	716
384	384	832	420	386	771
384	384	896	426	386	829
384	384	960	433	388	887
384	384	1023	441	389	943
384	448	0	394	442	145
384	448	64	393	441	154
384	448	128	394	442	182
384	448	192	394	441	222
384	448	256	396	442	269
384	448	320	399	443	322
384	448	384	401	443	376
384	448	448	405	444	433
384	448	512	408	444	487
384	448	576	413	445	547
384	448	640	416	445	604
384	448	704	421	445	661
384	448	768	427	446	719
384	448	832	433	446	774
384	448	896	439	447	833
384	448	960	446	448	889
384	448	1023	453	449	945
384	512	0	410	500	162
384	512	64	409	500	171
384	512	128	409	500	195
384	512	192	410	499	233
384	512	256	412	501	278
384	512	320	414	501	329
384	512	384	416	501	382
384	512	448	420	502	439
384	512	512	423	502	492
384	512	576	428	504	551
384	512	640	431	503	608
384	512	704	436	503	665
384	512	768	442	504	722
384	512	832	447	504	777
384	512	896	453	504	835
384	512	960	459	505	891
384	512	1023	466	506	948
384	576	0	428	565	182
384	576	64	427	563	189
384	576	128	427	563	211
384	576	192	428	563	246
384	576	256	431	565	289
384	576	320	432	564	337
384	576	384	435	565	390
384	576	448	438	566	445
384	576	512	441	566	498
384	576	576	445	567	556
384	576	640	449	566	612
384	576	704	453	567	669
384	576	768	459	568	726
384	576	832	464	568	781
384	576	896	469	568	838
384	576	960	476	569	895
384	576	1023	482	569	950
384	640	0	448	626	200
384	640	64	446	624	206
384	640	128	447	625	227
384	640	192	448	625	260
384	640	256	450	626	300
384	640	320	451	626	347
384	640	384	454	627	398
384	640	448	456	627	451
384	640	512	460	628	504
384	640	576	464	628	561
384	640	640	468	628	618
384	640	704	471	628	673
384	640	768	477	629	730
384	640	832	481	629	784
384	640	896	487	629	842
384	640	960	493	630	898
384	640	1023	499	630	954
384	704	0	468	685	218
384	704	64	466	683	224
384	704	128	467	683	243
384	704	192	468	684	273
384	704	256	469	684	311
384	704	320	472	685	357
384	704	384	474	686	406
384	704	448	476	685	459
384	704	512	480	687	511
384	704	576	483	687	568
384	704	640	487	687	623
384	704	704	490	687	678
384	704	768	495	687	734
384	704	832	500	687	788
384	704	896	505	687	846
384	704	960	511	688	902
384	704	1023	517	689	957
384	768	0	490	747	237
384	768	64	488	745	242
384	768	128	489	745	259
384	768	192	490	746	288
384	768	256	492	747	325
384	768	320	493	747	368
384	768	384	496	748	416
384	768	448	498	747	467
384	768	512	501	749	518
384	768	576	504	749	574
384	768	640	508	749	629
384	768	704	511	748	683
384	768	768	516	749	739
384	768	832	520	749	793
384	768	896	526	749	850
384	768	960	531	750	906
384	768	1023	537	750	961
384	832	0	512	807	256
384	832	64	510	804	260
384	832	128	511	805	276
384	832	192	512	805	302
384	832	256	513	806	337
384	832	320	515	806	379
384	832	384	517	807	425
384	832	448	519	807	476
384	832	512	522	808	525
384	832	576	525	808	580
384	832	640	528	808	634
384	832	704	532	807	688
384	832	768	537	809	744
384	832	832	541	808	797
384	832	896	546	808	854
384	832	960	551	809	910
384	832	1023	557	810	964
384	896	0	536	869	275
384	896	64	534	867	278
384	896	128	535	867	293
384	896	192	536	868	318
384	896	256	537	868	351
384	896	320	539	869	391
384	896	384	541	869	436
384	896	448	543	869	485
384	896	512	546	870	534
384	896	576	549	870	588
384	896	640	552	870	641
384	896	704	555	870	695
384	896	768	559	871	750
384	896	832	563	871	803
384	896	896	568	871	859
384	896	960	573	872	915
384	896	1023	578	872	969
384	960	0	559	928	293
384	960	64	557	925	296
384	960	128	558	925	310
384	960	192	559	926	334
384	960	256	560	926	364
384	960	320	562	927	403
384	960	384	564	928	447
384	960	448	566	928	494
384	960	512	568	929	542
384	960	576	571	929	596
384	960	640	574	929	648
384	960	704	577	929	701
384	960	768	582	930	756
384	960	832	585	929	808
384	960	896	589	929	864
384	960	960	594	930	919
384	960	1023	599	931	973
384	1023	0	584	989	312
384	1023	64	582	986	315
384	1023	128	582	986	328
384	1023	192	583	987	350
384	1023	256	585	989	380
384	1023	320	586	988	416
384	1023	384	588	989	458
384	1023	448	590	989	505
384	1023	512	593	990	552
384	1023	576	596	990	604
384	1023	640	598	990	656
384	1023	704	601	990	709
384	1023	768	605	990	762
384	1023	832	609	990	814
384	1023	896	613	990	870
384	1023	960	618	990	925
384	1023	1023	622	990	978
448	0	0	398	109	67
448	0	64	397	109	88
448	0	128	397	109	133
448	0	192	399	110	186
448	0	256	401	111	241
448	0	320	402	112	299
448	0	384	405	114	357
448	0	448	408	115	417
448	0	512	412	118	474
448	0	576	416	120	534
448	0	640	420	123	593
448	0	704	425	126	652
448	0	768	430	129	709
448	0	832	436	132	764
448	0	896	442	136	824
448	0	960	449	140	882
448	0	1023	456	145	938
448	64	0	400	125	69
448	64	64	398	124	89
448	64	128	398	125	134
448	64	192	400	125	187
448	64	256	402	126	242
448	64	320	403	127	300
448	64	384	406	129	358
448	64	448	409	130	418
448	64	512	413	132	475
448	64	576	417	135	535
448	64	640	421	138	594
448	64	704	426	140	652
448	64	768	432	143	710
448	64	832	437	146	766
448	64	896	443	149	825
448	64	960	450	153	882
448	64	1023	457	157	939
448	128	0	402	163	76
448	128	64	401	163	94
448	128	128	401	163	137
448	128	192	402	163	189
448	128	256	404	164	244
448	128	320	406	165	301
448	128	384	409	166	359
448	128	448	412	167	419
448	128	512	415	169	475
448	128	576	420	171	536
448	128	640	423	172	594
448	128	704	428	174	653
448	128	768	434	176	711
448	128	832	439	179	766
448	128	896	446	181	826
448	128	960	452	185	882
448	128	1023	459	188	939
448	192	0	406	213	86
448	192	64	404	212	103
448	192	128	405	212	142
448	192	192	407	213	193
448	192	256	408	214	247
448	192	320	410	214	303
448	192	384	413	215	361
448	192	448	415	216	420
448	192	512	419	217	477
448	192	576	423	218	537
448	192	640	427	219	595
448	192	704	432	221	654
448	192	768	438	223	711
448	192	832	443	224	766
448	192	896	449	226	825
448	192	960	456	228	883
448	192	1023	462	231	940
448	256	0	412	267	99
448	256	64	411	266	114
448	256	128	412	267	150
448	256	192	413	267	199
448	256	256	414	267	251
448	256	320	416	268	307
448	256	384	419	269	364
448	256	448	422	269	423
448	256	512	425	270	478
448	256	576	430	271	539
448	256	640	433	272	597
448	256	704	438	273	655
448	256	768	443	275	712
448	256	832	449	275	768
448	256	896	455	277	827
448	256	960	461	279	884
448	256	1023	468	281	941
448	320	0	421	326	115
448	320	64	419	324	127
448	320	128	420	324	160
448	320	192	421	325	206
448	320	256	423	326	256
448	320	320	424	326	311
448	320	384	427	327	367
448	320	448	430	327	425
448	320	512	433	328	481
448	320	576	437	329	541
448	320	640	441	329	599
448	320	704	446	330	657
448	320	768	451	331	714
448	320	832	456	332	769
448	320	896	462	333	828
448	320	960	469	334	885
448	320	1023	475	336	942
448	384	0	431	384	131
448	384	64	429	382	141
448	384	128	430	383	171
448	384	192	431	383	214
448	384	256	433	384	263
448	384	320	434	384	316
448	384	384	437	385	371
448	384	448	440	386	429
448	384	512	443	386	484
448	384	576	448	387	544
448	384	640	451	387	602
448	384	704	455	387	659
448	384	768	461	389	717
448	384	832	465	389	771
448	384	896	471	389	830
448	384	960	478	391	887
448	384	1023	484	392	943
448	448	0	443	445	148
448	448	64	442	444	158
448	448	128	442	443	184
448	448	192	443	444	224
448	448	256	445	444	271
448	448	320	448	445	323
448	448	384	449	445	377
448	448	448	453	446	434
448	448	512	455	446	488
448	448	576	460	447	548
448	448	640	463	447	605
448	448	704	467	448	662
448	448	768	472	449	719
448	448	832	477	449	774
448	448	896	482	449	832
448	448	960	488	450	889
448	448	1023	495	451	946
448	512	0	457	503	165
448	512	64	456	502	173
448	512	128	456	501	197
448	512	192	457	502	235
448	512	256	459	503	279
448	512	320	461	503	330
448	512	384	463	503	383
448	512	448	466	504	439
448	512	512	468	504	493
448	512	576	473	505	552
448	512	640	476	505	608
448	512	704	480	505	665
448	512	768	485	506	722
448	512	832	490	506	777
448	512	896	495	506	835
448	512	960	501	508	892
448	512	1023	507	508	947
448	576	0	473	566	184
448	576	64	472	564	191
448	576	128	472	565	213
448	576	192	473	565	248
448	576	256	476	567	290
448	576	320	476	566	338
448	576	384	479	567	390
448	576	448	482	567	446
448	576	512	485	568	498
448	576	576	488	568	556
448	576	640	492	568	613
448	576	704	496	569	669
448	576	768	500	569	726
448	576	832	504	569	780
448	576	896	510	569	838
448	576	960	516	570	895
448	576	1023	521	571	950
448	640	0	491	628	203
448	640	64	489	626	209
448	640	128	490	626	229
448	640	192	491	627	261
448	640	256	492	627	301
448	640	320	494	628	348
448	640	384	497	629	398
448	640	448	498	628	452
448	640	512	502	629	505
448	640	576	505	629	562
448	640	640	508	629	618
448	640	704	512	629	673
448	640	768	516	630	730
448	640	832	521	630	784
448	640	896	526	630	842
448	640	960	531	631	898
448	640	1023	537	632	954
448	704	0	509	686	220
448	704	64	507	685	226
448	704	128	508	685	244
448	704	192	509	686	275
448	704	256	510	686	313
448	704	320	512	686	358
448	704	384	515	687	407
448	704	448	517	687	460
448	704	512	519	687	511
448	704	576	523	688	568
448	704	640	525	687	623
448	704	704	529	688	678
448	704	768	534	689	735
448	704	832	538	689	789
448	704	896	543	688	846
448	704	960	548	689	902
448	704	1023	554	690	958
448	768	0	529	749	239
448	768	64	528	747	244
448	768	128	528	747	261
448	768	192	529	747	289
448	768	256	530	747	325
448	768	320	532	748	369
448	768	384	535	749	417
448	768	448	537	749	468
448	768	512	539	750	519
448	768	576	542	750	574
448	768	640	545	750	629
448	768	704	548	749	684
448	768	768	553	751	740
448	768	832	557	750	793
448	768	896	562	750	850
448	768	960	567	751	907
448	768	1023	572	752	961
448	832	0	549	808	257
448	832	64	547	805	261
448	832	128	548	806	277
448	832	192	549	807	304
448	832	256	550	807	338
448	832	320	552	807	380
448	832	384	554	808	426
448	832	448	556	808	476
448	832	512	558	808	526
448	832	576	562	810	581
448	832	640	565	809	635
448	832	704	568	809	689
448	832	768	572	809	744
448	832	832	575	809	797
448	832	896	580	809	854
448	832	960	585	809	909
448	832	1023	590	810	965
448	896	0	570	868	276
448	896	64	569	867	280
448	896	128	570	867	294
448	896	192	571	868	319
448	896	256	572	869	352
448	896	320	573	869	392
448	896	384	576	870	436
448	896	448	577	870	485
448	896	512	579	870	534
448	896	576	583	872	588
448	896	640	585	870	641
448	896	704	589	871	695
448	896	768	593	872	750
448	896	832	597	872	803
448	896	896	601	871	859
448	896	960	605	871	914
448	896	1023	610	872	969
448	960	0	593	929	294
448	960	64	591	926	298
448	960	128	591	926	311
448	960	192	592	927	335
448	960	256	593	927	365
448	960	320	595	928	404
448	960	384	597	929	447
448	960	448	599	929	495
448	960	512	601	930	543
448	960	576	604	930	596
448	960	640	607	930	649
448	960	704	609	929	701
448	960	768	614	930	756
448	960	832	617	930	808
448	960	896	621	930	865
448	960	960	626	931	919
448	960	1023	631	932	974
448	1023	0	616	990	313
448	1023	64	614	987	316
448	1023	128	614	987	329
448	1023	192	616	988	351
448	1023	256	617	988	380
448	1023	320	618	989	417
448	1023	384	620	990	459
448	1023	448	621	989	505
448	1023	512	624	991	552
448	1023	576	627	991	604
448	1023	640	629	991	657
448	1023	704	632	990	709
448	1023	768	636	991	762
448	1023	832	639	990	814
448	1023	896	643	990	870
448	1023	960	647	990	925
448	1023	1023	652	990	979
512	0	0	453	124	76
512	0	64	451	123	94
512	0	128	451	124	137
512	0	192	452	124	189
512	0	256	454	125	243
512	0	320	456	126	301
512	0	384	458	128	358
512	0	448	460	129	418
512	0	512	464	131	474
512	0	576	468	133	535
512	0	640	471	136	594
512	0	704	475	139	651
512	0	768	480	142	710
512	0	832	484	144	765
512	0	896	490	148	824
512	0	960	496	152	881
512	0	1023	503	156	938
512	64	0	454	138	78
512	64	64	452	137	96
512	64	128	453	137	138
512	64	192	454	138	190
512	64	256	455	139	244
512	64	320	457	140	301
512	64	384	460	141	359
512	64	448	462	142	419
512	64	512	465	144	475
512	64	576	469	147	536
512	64	640	472	149	595
512	64	704	476	151	652
512	64	768	481	154	711
512	64	832	486	157	766
512	64	896	492	160	825
512	64	960	498	163	882
512	64	1023	504	167	939
512	128	0	455	172	84
512	128	64	454	172	101
512	128	128	454	172	141
512	128	192	456	173	192
512	128	256	457	173	246
512	128	320	459	174	303
512	128	384	461	175	360
512	128	448	464	176	420
512	128	512	467	178	476
512	128	576	471	180	537
512	128	640	474	181	595
512	128	704	478	183	653
512	128	768	484	185	711
512	128	832	488	187	766
512	128	896	493	190	825
512	128	960	499	193	882
512	128	1023	505	195	939
512	192	0	459	220	93
512	192	64	458	219	108
512	192	128	458	219	146
512	192	192	460	220	196
512	192	256	461	220	249
512	192	320	462	221	305
512	192	384	465	222	362
512	192	448	467	222	421
512	192	512	471	224	477
512	192	576	474	225	537
512	192	640	478	226	596
512	192	704	481	227	654
512	192	768	486	229	711
512	192	832	491	230	767
512	192	896	496	232	826
512	192	960	502	235	883
512	192	1023	508	237	940
512	256	0	464	272	105
512	256	64	463	271	119
512	256	128	464	272	154
512	256	192	464	272	201
512	256	256	466	273	252
512	256	320	468	273	308
512	256	384	470	274	364
512	256	448	473	274	424
512	256	512	475	275	479
512	256	576	480	277	540
512	256	640	483	277	597
512	256	704	487	278	655
512	256	768	492	280	713
512	256	832	496	281	768
512	256	896	501	282	827
512	256	960	507	284	884
512	256	1023	514	286	941
512	320	0	472	330	120
512	320	64	470	328	131
512	320	128	471	329	163
512	320	192	472	329	208
512	320	256	473	329	258
512	320	320	475	330	312
512	320	384	478	331	368
512	320	448	479	331	426
512	320	512	483	332	482
512	320	576	487	333	541
512	320	640	490	333	599
512	320	704	494	334	657
512	320	768	498	335	715
512	320	832	503	336	770
512	320	896	508	337	829
512	320	960	514	338	886
512	320	1023	520	340	942
512	384	0	481	387	135
512	384	64	479	386	145
512	384	128	480	386	174
512	384	192	481	387	217
512	384	256	483	388	265
512	384	320	484	387	317
512	384	384	487	389	373
512	384	448	488	388	430
512	384	512	492	389	485
512	384	576	495	390	544
512	384	640	498	390	602
512	384	704	502	391	660
512	384	768	507	392	716
512	384	832	511	392	772
512	384	896	516	393	830
512	384	960	522	394	887
512	384	1023	528	395	943
512	448	0	492	447	152
512	448	64	490	446	161
512	448	128	490	446	187
512	448	192	492	446	226
512	448	256	493	447	272
512	448	320	495	447	324
512	448	384	497	448	378
512	448	448	500	449	435
512	448	512	502	449	489
512	448	576	507	450	549
512	448	640	509	450	605
512	448	704	513	451	662
512	448	768	518	452	720
512	448	832	522	452	775
512	448	896	527	452	833
512	448	960	532	453	890
512	448	1023	537	454	945
512	512	0	504	505	168
512	512	64	502	503	176
512	512	128	502	503	200
512	512	192	504	504	237
512	512	256	506	505	281
512	512	320	507	505	331
512	512	384	509	505	384
512	512	448	512	506	440
512	512	512	514	507	493
512	512	576	518	508	552
512	512	640	521	507	609
512	512	704	525	508	666
512	512	768	529	509	723
512	512	832	533	508	777
512	512	896	538	509	836
512	512	960	543	510	892
512	512	1023	548	510	948
512	576	0	519	569	187
512	576	64	517	567	194
512	576	128	518	567	215
512	576	192	519	568	250
512	576	256	521	569	292
512	576	320	522	568	340
512	576	384	524	569	392
512	576	448	526	569	446
512	576	512	529	570	499
512	576	576	532	570	557
512	576	640	535	570	613
512	576	704	538	570	669
512	576	768	543	571	726
512	576	832	546	571	780
512	576	896	551	571	838
512	576	960	557	572	895
512	576	1023	562	573	951
512	640	0	535	630	205
512	640	64	533	628	211
512	640	128	534	628	231
512	640	192	535	629	263
512	640	256	536	629	302
512	640	320	537	629	349
512	640	384	540	630	400
512	640	448	541	630	453
512	640	512	544	630	505
512	640	576	547	631	562
512	640	640	551	632	618
512	640	704	553	631	674
512	640	768	558	632	731
512	640	832	562	632	785
512	640	896	567	632	843
512	640	960	571	633	898
512	640	1023	577	634	955
512	704	0	551	688	223
512	704	64	550	687	228
512	704	128	551	687	246
512	704	192	551	687	276
512	704	256	553	688	314
512	704	320	554	688	359
512	704	384	556	689	408
512	704	448	558	689	461
512	704	512	560	689	512
512	704	576	564	690	569
512	704	640	566	689	624
512	704	704	570	690	679
512	704	768	574	691	735
512	704	832	578	690	789
512	704	896	581	690	846
512	704	960	586	691	902
512	704	1023	592	692	958
512	768	0	570	750	241
512	768	64	568	748	246
512	768	128	568	748	263
512	768	192	569	749	291
512	768	256	570	749	327
512	768	320	572	749	370
512	768	384	574	751	418
512	768	448	576	750	469
512	768	512	578	750	519
512	768	576	581	751	575
512	768	640	584	751	630
512	768	704	587	751	685
512	768	768	591	752	740
512	768	832	595	752	794
512	768	896	599	752	851
512	768	960	604	753	907
512	768	1023	609	753	962
512	832	0	587	808	259
512	832	64	586	808	263
512	832	128	587	808	279
512	832	192	587	807	305
512	832	256	589	809	339
512	832	320	591	809	381
512	832	384	592	809	426
512	832	448	594	809	477
512	832	512	596	810	526
512	832	576	599	811	581
512	832	640	601	810	635
512	832	704	605	810	690
512	832	768	609	811	745
512	832	832	612	811	798
512	832	896	616	811	855
512	832	960	620	811	910
512	832	1023	626	812	965
512	896	0	608	870	278
512	896	64	607	869	282
512	896	128	607	869	296
512	896	192	607	869	320
512	896	256	609	870	353
512	896	320	610	870	393
512	896	384	612	871	437
512	896	448	614	871	486
512	896	512	616	871	534
512	896	576	619	873	589
512	896	640	621	872	642
512	896	704	624	872	696
512	896	768	628	872	750
512	896	832	631	872	803
512	896	896	635	872	859
512	896	960	640	873	914
512	896	1023	645	874	969
512	960	0	628	929	296
512	960	64	627	928	299
512	960	128	627	928	313
512	960	192	627	928	336
512	960	256	629	929	367
512	960	320	630	929	405
512	960	384	632	930	448
512	960	448	634	930	496
512	960	512	636	930	543
512	960	576	639	932	597
512	960	640	641	930	649
512	960	704	644	931	702
512	960	768	648	932	756
512	960	832	651	931	809
512	960	896	655	932	865
512	960	960	659	932	919
512	960	1023	664	933	974
512	1023	0	651	991	315
512	1023	64	648	989	318
512	1023	128	649	989	330
512	1023	192	650	990	352
512	1023	256	651	990	381
512	1023	320	652	990	418
512	1023	384	654	991	460
512	1023	448	655	991	506
512	1023	512	658	992	553
512	1023	576	660	992	605
512	1023	640	663	992	657
512	1023	704	665	992	710
512	1023	768	669	992	763
512	1023	832	672	991	815
512	1023	896	675	991	871
512	1023	960	680	992	925
512	1023	1023	684	991	979
576	0	0	512	140	85
576	0	64	510	139	102
576	0	128	510	139	142
576	0	192	511	140	193
576	0	256	513	141	246
576	0	320	514	142	303
576	0	384	516	143	360
576	0	448	518	144	419
576	0	512	521	146	476
576	0	576	524	148	536
576	0	640	527	150	595
576	0	704	530	152	652
576	0	768	535	155	711
576	0	832	539	157	766
576	0	896	544	161	825
576	0	960	550	164	883
576	0	1023	555	168	939
576	64	0	513	152	87
576	64	64	511	151	104
576	64	128	511	152	143
576	64	192	513	152	194
576	64	256	513	153	247
576	64	320	515	154	303
576	64	384	517	155	361
576	64	448	519	156	420
576	64	512	522	158	477
576	64	576	525	160	537
576	64	640	529	162	596
576	64	704	532	164	653
576	64	768	536	166	711
576	64	832	540	169	766
576	64	896	545	172	826
576	64	960	551	175	883
576	64	1023	556	178	940
576	128	0	514	184	92
576	128	64	513	183	108
576	128	128	513	183	146
576	128	192	514	183	195
576	128	256	516	184	248
576	128	320	517	185	305
576	128	384	519	186	362
576	128	448	521	187	421
576	128	512	524	188	477
576	128	576	528	190	538
576	128	640	530	191	596
576	128	704	534	193	654
576	128	768	538	196	712
576	128	832	542	197	767
576	128	896	547	200	826
576	128	960	552	202	883
576	128	1023	558	205	940
576	192	0	517	228	101
576	192	64	515	227	115
576	192	128	516	227	151
576	192	192	517	228	199
576	192	256	519	229	251
576	192	320	520	229	307
576	192	384	522	230	363
576	192	448	524	230	422
576	192	512	527	232	478
576	192	576	530	233	538
576	192	640	533	234	597
576	192	704	536	235	654
576	192	768	541	237	712
576	192	832	545	238	768
576	192	896	550	240	827
576	192	960	555	242	884
576	192	1023	560	245	940
576	256	0	522	279	112
576	256	64	521	278	125
576	256	128	521	279	158
576	256	192	522	278	204
576	256	256	523	279	255
576	256	320	525	280	310
576	256	384	527	280	366
576	256	448	529	281	425
576	256	512	531	282	480
576	256	576	535	283	541
576	256	640	538	284	598
576	256	704	541	284	656
576	256	768	546	286	714
576	256	832	549	287	769
576	256	896	554	288	828
576	256	960	559	290	885
576	256	1023	565	292	942
576	320	0	529	335	126
576	320	64	526	334	136
576	320	128	528	334	168
576	320	192	529	335	211
576	320	256	529	335	260
576	320	320	531	335	314
576	320	384	533	336	370
576	320	448	535	336	428
576	320	512	538	337	483
576	320	576	541	338	542
576	320	640	544	339	600
576	320	704	547	339	658
576	320	768	552	340	715
576	320	832	555	341	770
576	320	896	560	342	829
576	320	960	565	343	886
576	320	1023	570	345	943
576	384	0	536	392	140
576	384	64	534	390	150
576	384	128	535	390	178
576	384	192	536	391	219
576	384	256	538	392	267
576	384	320	539	392	319
576	384	384	541	392	374
576	384	448	542	392	431
576	384	512	545	393	486
576	384	576	548	394	545
576	384	640	551	395	603
576	384	704	555	395	660
576	384	768	559	396	717
576	384	832	562	396	772
576	384	896	567	397	830
576	384	960	572	398	888
576	384	1023	577	400	944
576	448	0	546	451	157
576	448	64	545	450	165
576	448	128	545	450	191
576	448	192	546	450	229
576	448	256	547	451	275
576	448	320	548	451	326
576	448	384	551	452	379
576	448	448	553	453	436
576	448	512	555	453	490
576	448	576	559	454	549
576	448	640	561	454	606
576	448	704	564	454	663
576	448	768	569	455	720
576	448	832	573	455	776
576	448	896	576	455	834
576	448	960	582	457	891
576	448	1023	586	457	946
576	512	0	557	508	172
576	512	64	555	507	180
576	512	128	555	507	203
576	512	192	556	507	240
576	512	256	558	508	284
576	512	320	559	508	333
576	512	384	561	509	385
576	512	448	563	509	441
576	512	512	565	509	494
576	512	576	569	511	553
576	512	640	571	510	610
576	512	704	574	511	666
576	512	768	579	511	723
576	512	832	583	512	778
576	512	896	587	512	836
576	512	960	591	513	893
576	512	1023	596	514	948
576	576	0	570	571	191
576	576	64	568	570	197
576	576	128	569	570	218
576	576	192	570	570	252
576	576	256	571	571	294
576	576	320	572	571	342
576	576	384	574	572	393
576	576	448	576	571	447
576	576	512	579	573	500
576	576	576	582	573	558
576	576	640	584	573	614
576	576	704	588	574	671
576	576	768	591	574	727
576	576	832	594	574	781
576	576	896	599	574	839
576	576	960	604	575	896
576	576	1023	609	576	952
576	640	0	585	633	208
576	640	64	583	631	214
576	640	128	584	631	234
576	640	192	585	632	266
576	640	256	585	632	305
576	640	320	587	632	351
576	640	384	589	633	401
576	640	448	590	633	454
576	640	512	593	634	507
576	640	576	596	634	563
576	640	640	598	634	619
576	640	704	601	634	675
576	640	768	605	634	731
576	640	832	608	634	785
576	640	896	612	634	843
576	640	960	617	635	899
576	640	1023	622	636	955
576	704	0	599	690	225
576	704	64	598	689	231
576	704	128	598	689	249
576	704	192	599	689	278
576	704	256	600	690	316
576	704	320	602	690	361
576	704	384	603	690	409
576	704	448	605	691	462
576	704	512	607	691	513
576	704	576	611	692	570
576	704	640	612	691	624
576	704	704	616	692	680
576	704	768	620	693	736
576	704	832	623	693	790
576	704	896	627	693	847
576	704	960	631	693	903
576	704	1023	636	694	959
576	768	0	617	753	244
576	768	64	614	750	249
576	768	128	615	751	265
576	768	192	616	752	293
576	768	256	617	751	329
576	768	320	618	752	372
576	768	384	620	753	419
576	768	448	622	752	470
576	768	512	624	753	521
576	768	576	627	754	576
576	768	640	629	753	631
576	768	704	632	753	685
576	768	768	636	754	741
576	768	832	639	754	794
576	768	896	643	754	851
576	768	960	647	755	908
576	768	1023	652	755	963
576	832	0	633	811	261
576	832	64	631	810	266
576	832	128	632	810	281
576	832	192	632	809	307
576	832	256	633	811	341
576	832	320	635	811	383
576	832	384	637	812	428
576	832	448	638	811	478
576	832	512	640	811	527
576	832	576	643	812	582
576	832	640	645	812	636
576	832	704	648	812	690
576	832	768	652	813	745
576	832	832	655	812	798
576	832	896	658	813	855
576	832	960	662	813	911
576	832	1023	667	814	966
576	896	0	651	872	280
576	896	64	649	870	284
576	896	128	650	871	298
576	896	192	650	871	322
576	896	256	652	871	355
576	896	320	653	872	394
576	896	384	655	873	439
576	896	448	656	873	487
576	896	512	658	873	535
576	896	576	661	874	590
576	896	640	663	873	642
576	896	704	666	874	696
576	896	768	670	875	751
576	896	832	673	874	804
576	896	896	677	875	861
576	896	960	680	875	915
576	896	1023	685	875	970
576	960	0	669	931	298
576	960	64	668	929	301
576	960	128	668	929	315
576	960	192	669	930	338
576	960	256	670	930	368
576	960	320	672	931	407
576	960	384	674	932	450
576	960	448	675	931	497
576	960	512	677	932	544
576	960	576	680	933	597
576	960	640	682	932	650
576	960	704	684	932	703
576	960	768	688	933	757
576	960	832	691	933	809
576	960	896	694	933	865
576	960	960	698	933	920
576	960	1023	703	934	975
576	1023	0	690	993	316
576	1023	64	688	990	320
576	1023	128	689	990	332
576	1023	192	690	991	354
576	1023	256	691	991	383
576	1023	320	693	992	420
576	1023	384	694	993	461
576	1023	448	695	992	508
576	1023	512	698	993	554
576	1023	576	700	993	606
576	1023	640	702	993	658
576	1023	704	704	993	710
576	1023	768	708	994	764
576	1023	832	710	993	816
576	1023	896	714	993	871
576	1023	960	717	993	926
576	1023	1023	721	993	980
640	0	0	567	155	95
640	0	64	566	155	110
640	0	128	566	155	147
640	0	192	566	155	196
640	0	256	568	156	248
640	0	320	570	157	305
640	0	384	571	158	361
640	0	448	574	159	421
640	0	512	575	160	476
640	0	576	579	163	537
640	0	640	581	164	595
640	0	704	584	166	653
640	0	768	589	169	711
640	0	832	592	171	766
640	0	896	596	174	825
640	0	960	600	177	882
640	0	1023	606	181	939
640	64	0	568	166	96
640	64	64	567	165	111
640	64	128	567	165	148
640	64	192	567	166	197
640	64	256	569	167	249
640	64	320	571	168	305
640	64	384	572	168	362
640	64	448	575	170	422
640	64	512	577	171	477
640	64	576	580	173	538
640	64	640	582	175	596
640	64	704	586	176	654
640	64	768	589	179	712
640	64	832	593	181	767
640	64	896	597	184	826
640	64	960	602	187	883
640	64	1023	607	190	940
640	128	0	570	195	101
640	128	64	568	194	115
640	128	128	569	194	151
640	128	192	570	195	199
640	128	256	572	196	251
640	128	320	572	196	307
640	128	384	574	197	363
640	128	448	576	198	422
640	128	512	579	199	478
640	128	576	581	201	538
640	128	640	584	202	597
640	128	704	587	203	654
640	128	768	591	206	712
640	128	832	594	207	767
640	128	896	598	210	826
640	128	960	604	212	884
640	128	1023	609	215	940
640	192	0	572	237	109
640	192	64	571	236	122
640	192	128	572	236	156
640	192	192	572	236	202
640	192	256	574	237	253
640	192	320	575	238	309
640	192	384	576	238	365
640	192	448	579	239	424
640	192	512	581	240	479
640	192	576	584	242	540
640	192	640	586	242	597
640	192	704	590	244	655
640	192	768	594	246	713
640	192	832	597	247	768
640	192	896	601	248	827
640	192	960	606	251	884
640	192	1023	612	253	941
640	256	0	577	286	119
640	256	64	575	285	131
640	256	128	576	285	163
640	256	192	577	285	208
640	256	256	578	286	258
640	256	320	579	286	312
640	256	384	581	287	368
640	256	448	582	287	426
640	256	512	586	289	482
640	256	576	588	290	541
640	256	640	591	290	599
640	256	704	594	292	657
640	256	768	598	293	714
640	256	832	601	293	770
640	256	896	605	294	828
640	256	960	610	296	885
640	256	1023	615	299	942
640	320	0	583	340	132
640	320	64	581	340	142
640	320	128	581	339	172
640	320	192	582	340	214
640	320	256	584	341	263
640	320	320	585	341	316
640	320	384	587	341	371
640	320	448	589	342	429
640	320	512	591	343	484
640	320	576	594	344	544
640	320	640	596	344	601
640	320	704	600	345	659
640	320	768	604	346	716
640	320	832	607	347	771
640	320	896	610	347	830
640	320	960	615	349	887
640	320	1023	621	351	943
640	384	0	589	396	146
640	384	64	588	395	155
640	384	128	589	396	182
640	384	192	590	396	223
640	384	256	591	396	269
640	384	320	592	397	321
640	384	384	595	398	376
640	384	448	596	398	433
640	384	512	598	398	487
640	384	576	601	399	547
640	384	640	603	399	604
640	384	704	606	400	661
640	384	768	610	401	718
640	384	832	614	401	773
640	384	896	618	402	832
640	384	960	622	403	889
640	384	1023	627	405	945
640	448	0	599	455	161
640	448	64	597	454	170
640	448	128	598	454	194
640	448	192	599	455	232
640	448	256	599	455	277
640	448	320	601	455	328
640	448	384	603	456	381
640	448	448	604	456	437
640	448	512	607	457	492
640	448	576	610	458	550
640	448	640	612	458	607
640	448	704	615	458	664
640	448	768	619	459	721
640	448	832	622	459	776
640	448	896	626	459	834
640	448	960	631	461	891
640	448	1023	635	462	947
640	512	0	609	512	177
640	512	64	607	511	184
640	512	128	607	511	207
640	512	192	608	511	243
640	512	256	609	512	286
640	512	320	611	512	335
640	512	384	613	513	387
640	512	448	614	512	443
640	512	512	617	513	496
640	512	576	619	514	554
640	512	640	622	514	611
640	512	704	624	514	667
640	512	768	628	515	724
640	512	832	631	515	779
640	512	896	635	515	837
640	512	960	640	517	894
640	512	1023	645	517	949
640	576	0	620	574	194
640	576	64	619	573	201
640	576	128	619	573	222
640	576	192	620	573	255
640	576	256	621	574	296
640	576	320	623	574	344
640	576	384	625	575	395
640	576	448	626	575	449
640	576	512	628	575	501
640	576	576	631	576	559
640	576	640	633	576	615
640	576	704	636	576	671
640	576	768	640	577	728
640	576	832	643	577	782
640	576	896	646	577	840
640	576	960	651	578	896
640	576	1023	655	579	952
640	640	0	633	634	211
640	640	64	632	634	218
640	640	128	632	633	236
640	640	192	633	634	268
640	640	256	634	635	307
640	640	320	635	634	353
640	640	384	637	635	403
640	640	448	639	636	456
640	640	512	641	636	507
640	640	576	644	637	565
640	640	640	646	636	620
640	640	704	649	637	676
640	640	768	653	638	732
640	640	832	655	637	786
640	640	896	658	637	843
640	640	960	663	638	900
640	640	1023	668	639	955
640	704	0	648	693	229
640	704	64	645	691	234
640	704	128	645	691	251
640	704	192	646	691	281
640	704	256	648	693	318
640	704	320	648	692	362
640	704	384	651	693	411
640	704	448	652	693	463
640	704	512	654	694	514
640	704	576	657	694	570
640	704	640	659	694	626
640	704	704	662	694	681
640	704	768	666	695	737
640	704	832	668	695	790
640	704	896	672	695	848
640	704	960	676	696	904
640	704	1023	680	696	959
640	768	0	663	754	247
640	768	64	661	753	252
640	768	128	661	752	268
640	768	192	662	753	295
640	768	256	663	754	331
640	768	320	664	754	373
640	768	384	666	754	420
640	768	448	668	755	472
640	768	512	669	755	521
640	768	576	672	756	577
640	768	640	674	755	631
640	768	704	677	755	686
640	768	768	681	757	742
640	768	832	684	756	795
640	768	896	687	756	852
640	768	960	691	756	908
640	768	1023	695	757	963
640	832	0	678	813	264
640	832	64	676	811	268
640	832	128	676	811	283
640	832	192	677	812	309
640	832	256	679	813	343
640	832	320	679	813	384
640	832	384	681	813	429
640	832	448	682	813	479
640	832	512	685	814	529
640	832	576	687	814	583
640	832	640	689	814	637
640	832	704	692	815	692
640	832	768	696	816	747
640	832	832	697	814	799
640	832	896	701	814	856
640	832	960	705	815	911
640	832	1023	709	816	966
640	896	0	695	875	282
640	896	64	693	872	286
640	896	128	693	873	300
640	896	192	694	873	325
640	896	256	695	874	357
640	896	320	696	874	396
640	896	384	698	875	440
640	896	448	699	874	488
640	896	512	701	875	537
640	896	576	704	876	591
640	896	640	706	875	644
640	896	704	709	876	698
640	896	768	712	876	752
640	896	832	714	876	804
640	896	896	717	875	860
640	896	960	721	876	916
640	896	1023	725	877	970
640	960	0	712	932	300
640	960	64	710	930	303
640	960	128	710	931	317
640	960	192	711	931	340
640	960	256	713	932	370
640	960	320	713	932	408
640	960	384	715	933	450
640	960	448	717	933	498
640	960	512	718	934	545
640	960	576	721	934	598
640	960	640	723	934	651
640	960	704	725	934	704
640	960	768	729	935	758
640	960	832	731	934	809
640	960	896	734	934	865
640	960	960	738	934	920
640	960	1023	742	935	975
640	1023	0	731	993	318
640	1023	64	729	992	322
640	1023	128	729	991	334
640	1023	192	730	992	356
640	1023	256	731	993	385
640	1023	320	732	992	421
640	1023	384	734	993	462
640	1023	448	736	994	509
640	1023	512	737	994	555
640	1023	576	740	995	607
640	1023	640	741	994	658
640	1023	704	744	994	711
640	1023	768	747	995	764
640	1023	832	750	995	816
640	1023	896	752	994	871
640	1023	960	756	994	926
640	1023	1023	759	993	980
704	0	0	623	170	104
704	0	64	621	170	117
704	0	128	621	170	153
704	0	192	622	170	200
704	0	256	623	171	251
704	0	320	625	171	307
704	0	384	627	173	364
704	0	448	628	174	422
704	0	512	630	175	477
704	0	576	633	177	538
704	0	640	635	179	596
704	0	704	638	180	654
704	0	768	641	183	712
704	0	832	645	184	767
704	0	896	648	187	826
704	0	960	652	189	883
704	0	1023	658	193	940
704	64	0	623	180	105
704	64	64	622	179	119
704	64	128	622	179	153
704	64	192	623	180	200
704	64	256	624	180	252
704	64	320	625	181	307
704	64	384	627	182	364
704	64	448	629	183	423
704	64	512	631	184	478
704	64	576	634	186	539
704	64	640	636	188	597
704	64	704	638	190	654
704	64	768	643	192	712
704	64	832	646	193	768
704	64	896	649	197	826
704	64	960	653	199	884
704	64	1023	659	202	940
704	128	0	625	207	110
704	128	64	623	206	122
704	128	128	623	206	156
704	128	192	624	206	202
704	128	256	626	207	254
704	128	320	627	207	309
704	128	384	629	209	365
704	128	448	630	209	423
704	128	512	632	211	479
704	128	576	635	212	539
704	128	640	637	213	597
704	128	704	640	215	655
704	128	768	644	217	713
704	128	832	647	218	768
704	128	896	650	220	827
704	128	960	655	223	884
704	128	1023	660	225	941
704	192	0	627	246	117
704	192	64	626	245	128
704	192	128	627	246	161
704	192	192	627	246	206
704	192	256	629	246	256
704	192	320	630	247	311
704	192	384	632	248	367
704	192	448	633	249	425
704	192	512	635	249	480
704	192	576	638	251	541
704	192	640	640	251	598
704	192	704	643	253	656
704	192	768	647	255	714
704	192	832	650	256	769
704	192	896	653	257	828
704	192	960	657	259	885
704	192	1023	662	262	941
704	256	0	632	293	126
704	256	64	630	292	137
704	256	128	630	292	168
704	256	192	631	293	211
704	256	256	633	294	260
704	256	320	633	293	314
704	256	384	635	294	369
704	256	448	637	295	428
704	256	512	639	296	482
704	256	576	641	297	542
704	256	640	643	297	600
704	256	704	647	298	657
704	256	768	650	300	715
704	256	832	652	300	770
704	256	896	657	302	829
704	256	960	661	304	886
704	256	1023	665	305	942
704	320	0	636	346	138
704	320	64	635	345	148
704	320	128	635	346	176
704	320	192	636	345	218
704	320	256	637	346	265
704	320	320	638	347	318
704	320	384	639	347	372
704	320	448	641	347	430
704	320	512	643	348	484
704	320	576	646	349	544
704	320	640	648	349	602
704	320	704	651	350	659
704	320	768	655	351	717
704	320	832	658	352	772
704	320	896	662	353	830
704	320	960	665	354	887
704	320	1023	670	356	944
704	384	0	642	400	151
704	384	64	641	400	160
704	384	128	641	400	186
704	384	192	643	401	226
704	384	256	643	401	271
704	384	320	645	401	323
704	384	384	647	402	377
704	384	448	648	402	434
704	384	512	649	402	488
704	384	576	653	404	547
704	384	640	654	403	604
704	384	704	657	404	661
704	384	768	661	405	718
704	384	832	664	405	773
704	384	896	667	406	832
704	384	960	671	407	889
704	384	1023	676	409	945
704	448	0	651	459	166
704	448	64	649	458	174
704	448	128	649	458	198
704	448	192	650	459	235
704	448	256	651	459	279
704	448	320	653	459	330
704	448	384	655	460	383
704	448	448	655	459	438
704	448	512	658	461	492
704	448	576	660	461	551
704	448	640	663	461	608
704	448	704	665	461	664
704	448	768	669	462	721
704	448	832	672	463	776
704	448	896	675	463	834
704	448	960	679	464	891
704	448	1023	684	465	947
704	512	0	660	516	181
704	512	64	658	514	188
704	512	128	658	514	210
704	512	192	659	514	246
704	512	256	660	514	288
704	512	320	661	515	337
704	512	384	663	516	388
704	512	448	664	515	443
704	512	512	667	516	497
704	512	576	669	517	555
704	512	640	671	517	611
704	512	704	674	517	667
704	512	768	677	518	724
704	512	832	680	518	779
704	512	896	684	519	837
704	512	960	688	520	894
704	512	1023	692	520	950
704	576	0	670	576	198
704	576	64	669	575	204
704	576	128	669	576	225
704	576	192	670	576	258
704	576	256	671	576	298
704	576	320	673	577	345
704	576	384	674	578	396
704	576	448	675	578	450
704	576	512	677	578	502
704	576	576	680	579	560
704	576	640	681	578	615
704	576	704	684	579	671
704	576	768	688	580	728
704	576	832	691	580	782
704	576	896	694	580	840
704	576	960	698	580	896
704	576	1023	703	582	953
704	640	0	683	637	215
704	640	64	681	636	221
704	640	128	680	635	239
704	640	192	682	636	270
704	640	256	683	637	309
704	640	320	685	638	355
704	640	384	686	638	404
704	640	448	687	638	457
704	640	512	689	638	508
704	640	576	692	639	565
704	640	640	693	638	621
704	640	704	696	639	676
704	640	768	700	640	733
704	640	832	702	640	787
704	640	896	705	639	844
704	640	960	710	640	900
704	640	1023	714	641	956
704	704	0	696	695	232
704	704	64	693	693	237
704	704	128	693	693	254
704	704	192	695	694	284
704	704	256	696	695	320
704	704	320	696	694	364
704	704	384	698	695	412
704	704	448	700	695	464
704	704	512	702	696	515
704	704	576	704	696	571
704	704	640	706	696	626
704	704	704	709	696	682
704	704	768	712	697	737
704	704	832	714	696	790
704	704	896	718	696	848
704	704	960	721	697	904
704	704	1023	726	698	959
704	768	0	710	756	250
704	768	64	708	755	254
704	768	128	707	754	270
704	768	192	709	755	297
704	768	256	710	756	333
704	768	320	711	756	375
704	768	384	712	756	421
704	768	448	714	756	473
704	768	512	716	757	522
704	768	576	719	758	578
704	768	640	720	757	632
704	768	704	723	758	687
704	768	768	726	758	742
704	768	832	728	758	795
704	768	896	731	757	852
704	768	960	735	758	908
704	768	1023	739	759	963
704	832	0	724	815	267
704	832	64	721	813	271
704	832	128	722	813	286
704	832	192	722	813	311
704	832	256	724	815	345
704	832	320	724	814	386
704	832	384	727	815	431
704	832	448	728	815	481
704	832	512	730	815	530
704	832	576	732	816	584
704	832	640	734	815	638
704	832	704	736	816	692
704	832	768	740	817	747
704	832	832	741	816	799
704	832	896	745	816	856
704	832	960	749	817	912
704	832	1023	753	817	967
704	896	0	739	876	285
704	896	64	737	874	288
704	896	128	738	874	303
704	896	192	739	875	327
704	896	256	740	876	358
704	896	320	741	876	398
704	896	384	742	876	441
704	896	448	744	877	490
704	896	512	746	877	538
704	896	576	747	877	591
704	896	640	749	877	644
704	896	704	752	877	698
704	896	768	755	878	753
704	896	832	757	877	804
704	896	896	760	877	861
704	896	960	764	878	916
704	896	1023	768	878	970
704	960	0	755	934	302
704	960	64	754	933	306
704	960	128	753	932	319
704	960	192	754	933	342
704	960	256	756	934	372
704	960	320	756	933	409
704	960	384	758	934	452
704	960	448	760	934	499
704	960	512	761	935	546
704	960	576	764	936	599
704	960	640	765	935	651
704	960	704	768	935	704
704	960	768	771	936	758
704	960	832	774	936	811
704	960	896	776	935	866
704	960	960	780	936	921
704	960	1023	783	937	975
704	1023	0	773	995	321
704	1023	64	771	993	324
704	1023	128	771	992	336
704	1023	192	772	993	357
704	1023	256	774	995	386
704	1023	320	775	995	423
704	1023	384	776	995	464
704	1023	448	777	995	510
704	1023	512	779	995	555
704	1023	576	782	997	608
704	1023	640	783	995	659
704	1023	704	785	996	712
704	1023	768	788	996	765
704	1023	832	790	996	816
704	1023	896	793	995	872
704	1023	960	796	995	926
704	1023	1023	800	995	980
768	0	0	678	185	113
768	0	64	676	184	125
768	0	128	676	184	159
768	0	192	677	185	204
768	0	256	678	185	254
768	0	320	679	186	309
768	0	384	681	187	366
768	0	448	682	188	424
768	0	512	685	189	480
768	0	576	686	191	539
768	0	640	689	193	597
768	0	704	691	194	654
768	0	768	694	196	713
768	0	832	697	198	768
768	0	896	701	200	827
768	0	960	705	203	884
768	0	1023	710	205	941
768	64	0	679	194	115
768	64	64	677	193	127
768	64	128	677	193	160
768	64	192	679	194	205
768	64	256	679	194	255
768	64	320	681	195	310
768	64	384	682	196	367
768	64	448	684	197	425
768	64	512	685	198	480
768	64	576	688	200	540
768	64	640	690	201	598
768	64	704	693	203	656
768	64	768	696	205	714
768	64	832	699	206	769
768	64	896	702	209	828
768	64	960	706	211	885
768	64	1023	710	215	941
768	128	0	680	219	118
768	128	64	679	218	130
768	128	128	678	218	162
768	128	192	680	218	207
768	128	256	681	219	257
768	128	320	681	219	311
768	128	384	683	220	367
768	128	448	685	221	426
768	128	512	686	222	481
768	128	576	690	224	541
768	128	640	691	225	599
768	128	704	694	226	656
768	128	768	697	228	714
768	128	832	700	229	769
768	128	896	703	231	828
768	128	960	707	234	885
768	128	1023	711	236	941
768	192	0	683	256	125
768	192	64	680	255	136
768	192	128	681	255	167
768	192	192	682	256	211
768	192	256	683	256	260
768	192	320	684	257	314
768	192	384	686	258	369
768	192	448	687	258	427
768	192	512	689	259	482
768	192	576	691	260	541
768	192	640	694	261	600
768	192	704	696	262	657
768	192	768	699	264	714
768	192	832	702	264	770
768	192	896	705	266	828
768	192	960	709	268	885
768	192	1023	714	270	942
768	256	0	686	301	134
768	256	64	685	301	144
768	256	128	684	300	173
768	256	192	685	301	215
768	256	256	686	301	263
768	256	320	688	302	317
768	256	384	689	302	372
768	256	448	690	303	429
768	256	512	692	303	484
768	256	576	695	305	544
768	256	640	697	305	601
768	256	704	699	306	659
768	256	768	703	308	716
768	256	832	706	308	771
768	256	896	708	309	829
768	256	960	712	311	887
768	256	1023	716	313	942
768	320	0	691	353	145
768	320	64	689	352	154
768	320	128	689	352	182
768	320	192	691	353	222
768	320	256	691	353	268
768	320	320	692	353	321
768	320	384	694	354	375
768	320	448	695	354	432
768	320	512	697	355	486
768	320	576	700	356	546
768	320	640	702	356	603
768	320	704	704	357	660
768	320	768	707	358	718
768	320	832	710	358	773
768	320	896	713	360	831
768	320	960	717	361	888
768	320	1023	721	362	945
768	384	0	697	407	158
768	384	64	695	406	166
768	384	128	695	406	191
768	384	192	696	407	230
768	384	256	697	407	275
768	384	320	698	407	326
768	384	384	700	408	379
768	384	448	700	407	436
768	384	512	703	408	490
768	384	576	705	409	549
768	384	640	707	409	606
768	384	704	709	409	662
768	384	768	712	410	719
768	384	832	715	411	774
768	384	896	718	411	833
768	384	960	723	413	890
768	384	1023	727	414	946
768	448	0	704	464	172
768	448	64	702	462	179
768	448	128	702	463	203
768	448	192	703	463	239
768	448	256	705	464	283
768	448	320	705	464	332
768	448	384	707	465	385
768	448	448	708	465	440
768	448	512	710	465	494
768	448	576	712	466	552
768	448	640	714	466	609
768	448	704	717	467	666
768	448	768	720	467	722
768	448	832	722	467	777
768	448	896	725	468	835
768	448	960	730	469	892
768	448	1023	733	470	947
768	512	0	712	519	186
768	512	64	710	517	193
768	512	128	710	518	214
768	512	192	711	519	249
768	512	256	713	520	291
768	512	320	713	519	339
768	512	384	715	520	391
768	512	448	716	520	445
768	512	512	718	520	498
768	512	576	720	521	556
768	512	640	722	521	613
768	512	704	725	522	669
768	512	768	728	522	725
768	512	832	730	522	779
768	512	896	733	522	838
768	512	960	737	523	894
768	512	1023	741	524	950
768	576	0	722	581	203
768	576	64	720	579	209
768	576	128	720	579	229
768	576	192	721	580	261
768	576	256	722	580	301
768	576	320	723	580	348
768	576	384	725	581	398
768	576	448	725	581	451
768	576	512	728	582	504
768	576	576	730	582	561
768	576	640	732	582	617
768	576	704	734	582	672
768	576	768	737	583	729
768	576	832	740	583	783
768	576	896	743	583	841
768	576	960	747	584	898
768	576	1023	751	585	953
768	640	0	732	640	219
768	640	64	731	639	225
768	640	128	732	639	243
768	640	192	731	639	273
768	640	256	733	640	311
768	640	320	734	640	357
768	640	384	736	641	406
768	640	448	737	641	458
768	640	512	738	641	509
768	640	576	741	642	566
768	640	640	742	641	622
768	640	704	745	642	677
768	640	768	748	643	733
768	640	832	750	642	787
768	640	896	754	643	845
768	640	960	757	643	900
768	640	1023	762	644	956
768	704	0	744	697	236
768	704	64	743	696	241
768	704	128	742	695	257
768	704	192	743	696	286
768	704	256	745	697	323
768	704	320	746	698	367
768	704	384	747	698	414
768	704	448	749	698	466
768	704	512	750	698	516
768	704	576	753	699	573
768	704	640	754	698	627
768	704	704	757	699	682
768	704	768	760	700	738
768	704	832	762	700	792
768	704	896	765	699	849
768	704	960	768	700	905
768	704	1023	772	701	960
768	768	0	758	759	253
768	768	64	756	757	258
768	768	128	756	757	274
768	768	192	757	757	300
768	768	256	758	758	335
768	768	320	759	759	377
768	768	384	761	760	424
768	768	448	761	758	474
768	768	512	763	759	523
768	768	576	766	760	579
768	768	640	767	759	633
768	768	704	769	760	688
768	768	768	772	760	743
768	768	832	775	760	796
768	768	896	778	761	854
768	768	960	781	761	909
768	768	1023	785	761	964
768	832	0	770	817	270
768	832	64	769	816	274
768	832	128	768	815	289
768	832	192	769	816	314
768	832	256	771	817	347
768	832	320	772	817	388
768	832	384	773	817	432
768	832	448	774	817	482
768	832	512	776	817	530
768	832	576	778	818	585
768	832	640	779	817	638
768	832	704	782	818	693
768	832	768	785	819	747
768	832	832	787	818	800
768	832	896	790	818	857
768	832	960	793	819	912
768	832	1023	797	819	967
768	896	0	785	878	288
768	896	64	784	877	292
768	896	128	783	876	305
768	896	192	784	877	329
768	896	256	785	877	361
768	896	320	787	878	400
768	896	384	788	878	443
768	896	448	789	879	491
768	896	512	791	879	539
768	896	576	793	880	593
768	896	640	794	879	645
768	896	704	797	879	699
768	896	768	800	880	753
768	896	832	802	880	806
768	896	896	805	879	862
768	896	960	808	880	917
768	896	1023	811	880	971
768	960	0	800	936	305
768	960	64	799	935	309
768	960	128	798	934	321
768	960	192	799	935	344
768	960	256	801	936	374
768	960	320	802	937	412
768	960	384	802	936	453
768	960	448	804	937	501
768	960	512	805	936	547
768	960	576	808	938	600
768	960	640	809	937	652
768	960	704	812	937	705
768	960	768	815	938	759
768	960	832	817	938	811
768	960	896	819	937	867
768	960	960	823	938	922
768	960	1023	827	939	976
768	1023	0	817	996	323
768	1023	64	815	995	326
768	1023	128	815	995	338
768	1023	192	815	995	360
768	1023	256	817	996	388
768	1023	320	818	997	424
768	1023	384	820	997	465
768	1023	448	820	996	511
768	1023	512	822	997	557
768	1023	576	824	998	609
768	1023	640	826	997	660
768	1023	704	828	997	713
768	1023	768	831	998	766
768	1023	832	833	998	817
768	1023	896	836	997	873
768	1023	960	838	997	927
768	1023	1023	842	997	981
832	0	0	732	199	122
832	0	64	730	199	133
832	0	128	730	199	165
832	0	192	731	199	209
832	0	256	732	200	258
832	0	320	733	200	312
832	0	384	734	201	368
832	0	448	735	202	426
832	0	512	738	203	481
832	0	576	740	205	541
832	0	640	742	206	599
832	0	704	743	208	656
832	0	768	747	210	714
832	0	832	750	211	769
832	0	896	752	213	828
832	0	960	757	216	885
832	0	1023	760	218	942
832	64	0	733	208	123
832	64	64	731	207	134
832	64	128	731	207	166
832	64	192	733	208	210
832	64	256	733	208	259
832	64	320	734	209	313
832	64	384	736	210	369
832	64	448	737	210	427
832	64	512	739	212	482
832	64	576	741	213	542
832	64	640	743	214	600
832	64	704	745	215	657
832	64	768	748	217	715
832	64	832	750	219	770
832	64	896	754	221	829
832	64	960	757	224	886
832	64	1023	761	226	942
832	128	0	734	230	127
832	128	64	733	230	138
832	128	128	732	230	168
832	128	192	733	230	211
832	128	256	734	231	260
832	128	320	736	231	314
832	128	384	736	232	369
832	128	448	738	233	427
832	128	512	739	234	482
832	128	576	743	235	543
832	128	640	744	236	600
832	128	704	746	238	657
832	128	768	749	239	715
832	128	832	751	241	770
832	128	896	754	242	829
832	128	960	758	245	885
832	128	1023	762	247	942
832	192	0	736	266	133
832	192	64	734	265	143
832	192	128	734	265	172
832	192	192	735	266	215
832	192	256	737	266	263
832	192	320	737	267	316
832	192	384	739	267	371
832	192	448	740	268	429
832	192	512	742	269	484
832	192	576	744	270	543
832	192	640	746	271	601
832	192	704	748	272	658
832	192	768	751	273	715
832	192	832	753	274	771
832	192	896	757	276	830
832	192	960	761	278	887
832	192	1023	765	280	943
832	256	0	739	309	141
832	256	64	738	309	151
832	256	128	738	309	179
832	256	192	738	309	220
832	256	256	740	310	267
832	256	320	741	310	320
832	256	384	742	310	374
832	256	448	744	311	431
832	256	512	745	312	485
832	256	576	747	313	545
832	256	640	749	313	602
832	256	704	751	314	660
832	256	768	754	315	717
832	256	832	757	316	773
832	256	896	760	317	831
832	256	960	763	319	888
832	256	1023	768	321	944
832	320	0	744	360	152
832	320	64	742	359	160
832	320	128	742	359	187
832	320	192	743	360	226
832	320	256	743	359	272
832	320	320	745	360	324
832	320	384	747	361	378
832	320	448	747	361	434
832	320	512	750	362	488
832	320	576	751	363	547
832	320	640	753	363	605
832	320	704	755	363	661
832	320	768	758	365	718
832	320	832	761	365	773
832	320	896	764	366	832
832	320	960	768	368	889
832	320	1023	772	369	945
832	384	0	749	413	164
832	384	64	747	411	172
832	384	128	747	411	196
832	384	192	748	412	234
832	384	256	750	413	278
832	384	320	750	413	329
832	384	384	752	413	382
832	384	448	752	413	438
832	384	512	755	414	491
832	384	576	757	415	550
832	384	640	759	415	607
832	384	704	761	416	664
832	384	768	764	417	721
832	384	832	766	417	776
832	384	896	769	418	834
832	384	960	773	419	891
832	384	1023	777	420	947
832	448	0	756	469	177
832	448	64	754	468	185
832	448	128	754	468	207
832	448	192	755	468	243
832	448	256	756	469	286
832	448	320	757	469	335
832	448	384	758	469	387
832	448	448	760	470	443
832	448	512	761	470	495
832	448	576	764	471	554
832	448	640	765	471	610
832	448	704	768	472	667
832	448	768	771	473	724
832	448	832	773	473	779
832	448	896	776	473	837
832	448	960	780	474	893
832	448	1023	783	475	949
832	512	0	763	524	191
832	512	64	762	523	198
832	512	128	762	523	219
832	512	192	762	523	253
832	512	256	764	524	294
832	512	320	764	524	342
832	512	384	766	525	393
832	512	448	768	525	448
832	512	512	769	525	500
832	512	576	772	526	558
832	512	640	773	526	614
832	512	704	775	526	670
832	512	768	779	527	727
832	512	832	781	527	782
832	512	896	783	527	839
832	512	960	787	528	896
832	512	1023	790	529	951
832	576	0	773	585	207
832	576	64	770	583	213
832	576	128	771	583	233
832	576	192	772	584	265
832	576	256	773	585	304
832	576	320	774	585	350
832	576	384	775	585	400
832	576	448	776	585	454
832	576	512	778	586	506
832	576	576	780	586	563
832	576	640	782	586	619
832	576	704	783	586	674
832	576	768	787	587	731
832	576	832	789	587	784
832	576	896	792	587	842
832	576	960	796	588	899
832	576	1023	799	589	954
832	640	0	783	644	224
832	640	64	781	643	229
832	640	128	781	643	247
832	640	192	782	644	277
832	640	256	783	644	314
832	640	320	784	644	359
832	640	384	786	645	408
832	640	448	787	645	461
832	640	512	789	645	512
832	640	576	790	646	568
832	640	640	792	646	624
832	640	704	793	645	678
832	640	768	797	646	734
832	640	832	799	646	788
832	640	896	802	646	846
832	640	960	806	647	902
832	640	1023	809	648	957
832	704	0	793	701	239
832	704	64	792	699	244
832	704	128	792	700	261
832	704	192	792	699	289
832	704	256	794	701	325
832	704	320	795	701	369
832	704	384	796	701	416
832	704	448	797	701	468
832	704	512	799	701	518
832	704	576	801	703	574
832	704	640	802	702	628
832	704	704	805	702	683
832	704	768	808	703	739
832	704	832	810	703	793
832	704	896	812	703	850
832	704	960	816	703	906
832	704	1023	820	704	961
832	768	0	806	762	257
832	768	64	804	761	261
832	768	128	805	761	277
832	768	192	805	761	304
832	768	256	806	761	338
832	768	320	807	761	379
832	768	384	809	762	426
832	768	448	810	762	476
832	768	512	812	763	526
832	768	576	813	763	580
832	768	640	815	763	635
832	768	704	816	762	689
832	768	768	820	764	744
832	768	832	822	763	797
832	768	896	824	763	854
832	768	960	828	764	910
832	768	1023	831	764	965
832	832	0	817	819	273
832	832	64	815	818	277
832	832	128	816	818	292
832	832	192	816	818	317
832	832	256	818	819	349
832	832	320	819	820	390
832	832	384	820	820	434
832	832	448	821	820	484
832	832	512	822	820	532
832	832	576	825	821	586
832	832	640	826	820	640
832	832	704	828	820	694
832	832	768	831	821	749
832	832	832	833	821	801
832	832	896	836	821	858
832	832	960	839	821	913
832	832	1023	843	823	969
832	896	0	831	880	291
832	896	64	829	878	295
832	896	128	830	879	308
832	896	192	830	879	331
832	896	256	831	880	363
832	896	320	833	880	402
832	896	384	833	880	444
832	896	448	835	881	493
832	896	512	836	881	540
832	896	576	839	882	594
832	896	640	840	881	647
832	896	704	842	882	700
832	896	768	845	882	754
832	896	832	847	882	806
832	896	896	850	882	863
832	896	960	852	882	917
832	896	1023	856	883	972
832	960	0	846	938	308
832	960	64	844	937	312
832	960	128	844	937	324
832	960	192	845	938	347
832	960	256	846	938	376
832	960	320	847	939	413
832	960	384	849	940	456
832	960	448	849	939	502
832	960	512	850	939	549
832	960	576	853	940	602
832	960	640	854	939	653
832	960	704	856	940	706
832	960	768	859	941	760
832	960	832	861	940	812
832	960	896	864	940	868
832	960	960	866	940	922
832	960	1023	870	941	977
832	1023	0	862	1000	326
832	1023	64	859	997	329
832	1023	128	860	997	341
832	1023	192	860	998	362
832	1023	256	861	998	390
832	1023	320	862	999	426
832	1023	384	864	1000	467
832	1023	448	864	999	512
832	1023	512	866	1000	559
832	1023	576	868	1000	610
832	1023	640	870	1000	661
832	1023	704	871	999	713
832	1023	768	874	1000	766
832	1023	832	876	999	818
832	1023	896	878	999	874
832	1023	960	881	999	928
832	1023	1023	884	999	982
896	0	0	790	215	132
896	0	64	788	214	142
896	0	128	789	214	172
896	0	192	789	215	214
896	0	256	790	215	262
896	0	320	792	216	316
896	0	384	792	217	370
896	0	448	794	218	428
896	0	512	795	219	483
896	0	576	798	220	543
896	0	640	799	221	600
896	0	704	801	223	657
896	0	768	804	224	715
896	0	832	806	226	770
896	0	896	809	228	829
896	0	960	812	230	885
896	0	1023	817	233	943
896	64	0	791	222	133
896	64	64	790	222	144
896	64	128	789	222	173
896	64	192	790	222	215
896	64	256	792	223	263
896	64	320	793	224	317
896	64	384	793	224	371
896	64	448	795	225	429
896	64	512	796	226	483
896	64	576	799	228	543
896	64	640	800	229	600
896	64	704	802	230	658
896	64	768	805	232	716
896	64	832	807	233	771
896	64	896	810	235	829
896	64	960	814	238	886
896	64	1023	817	240	943
896	128	0	793	244	136
896	128	64	790	243	146
896	128	128	791	243	175
896	128	192	792	244	217
896	128	256	792	244	264
896	128	320	793	245	317
896	128	384	795	246	372
896	128	448	796	246	429
896	128	512	798	247	484
896	128	576	800	248	544
896	128	640	801	250	601
896	128	704	803	250	658
896	128	768	806	252	716
896	128	832	809	253	771
896	128	896	812	255	830
896	128	960	815	258	887
896	128	1023	818	259	943
896	192	0	794	277	142
896	192	64	793	276	151
896	192	128	793	277	179
896	192	192	793	276	220
896	192	256	795	277	267
896	192	320	796	278	320
896	192	384	796	278	374
896	192	448	798	279	431
896	192	512	800	280	485
896	192	576	802	281	545
896	192	640	803	281	602
896	192	704	805	283	659
896	192	768	808	285	717
896	192	832	811	285	772
896	192	896	813	287	830
896	192	960	816	289	887
896	192	1023	821	291	944
896	256	0	798	319	150
896	256	64	795	318	158
896	256	128	796	318	185
896	256	192	797	319	225
896	256	256	798	319	271
896	256	320	798	319	323
896	256	384	800	320	376
896	256	448	801	320	433
896	256	512	803	321	487
896	256	576	805	322	546
896	256	640	806	323	604
896	256	704	809	324	661
896	256	768	811	325	718
896	256	832	813	325	773
896	256	896	816	326	831
896	256	960	819	328	888
896	256	1023	823	330	945
896	320	0	801	367	159
896	320	64	800	367	168
896	320	128	799	367	193
896	320	192	800	367	231
896	320	256	802	368	276
896	320	320	803	368	327
896	320	384	804	369	380
896	320	448	805	369	436
896	320	512	807	370	490
896	320	576	809	371	549
896	320	640	810	371	606
896	320	704	812	371	663
896	320	768	815	372	720
896	320	832	817	373	775
896	320	896	820	374	833
896	320	960	823	375	890
896	320	1023	827	377	946
896	384	0	806	419	171
896	384	64	804	418	178
896	384	128	805	418	202
896	384	192	805	418	238
896	384	256	806	419	282
896	384	320	807	419	332
896	384	384	809	420	384
896	384	448	810	420	440
896	384	512	811	420	493
896	384	576	814	422	552
896	384	640	815	421	608
896	384	704	817	422	665
896	384	768	820	423	722
896	384	832	822	423	777
896	384	896	824	424	835
896	384	960	827	425	891
896	384	1023	832	426	948
896	448	0	813	475	184
896	448	64	810	473	191
896	448	128	811	473	213
896	448	192	811	474	247
896	448	256	812	474	289
896	448	320	813	475	338
896	448	384	815	475	389
896	448	448	816	475	444
896	448	512	818	476	497
896	448	576	819	476	555
896	448	640	821	477	612
896	448	704	823	477	668
896	448	768	826	478	725
896	448	832	828	478	779
896	448	896	831	478	838
896	448	960	834	480	894
896	448	1023	837	481	950
896	512	0	820	529	197
896	512	64	817	527	203
896	512	128	818	527	224
896	512	192	819	528	257
896	512	256	819	528	297
896	512	320	821	529	345
896	512	384	822	529	395
896	512	448	823	529	449
896	512	512	825	530	502
896	512	576	827	530	559
896	512	640	828	531	615
896	512	704	830	530	671
896	512	768	832	531	727
896	512	832	835	531	782
896	512	896	838	532	840
896	512	960	841	533	896
896	512	1023	844	533	952
896	576	0	827	588	212
896	576	64	826	587	218
896	576	128	826	587	237
896	576	192	826	587	268
896	576	256	827	588	307
896	576	320	829	589	353
896	576	384	829	589	402
896	576	448	831	589	455
896	576	512	832	589	507
896	576	576	835	590	564
896	576	640	836	590	619
896	576	704	838	590	675
896	576	768	841	591	731
896	576	832	843	591	785
896	576	896	846	591	843
896	576	960	848	592	899
896	576	1023	852	593	955
896	640	0	837	647	228
896	640	64	835	646	234
896	640	128	835	646	251
896	640	192	836	646	280
896	640	256	837	648	318
896	640	320	838	647	362
896	640	384	840	648	410
896	640	448	841	648	462
896	640	512	842	649	513
896	640	576	845	650	570
896	640	640	846	649	625
896	640	704	848	649	680
896	640	768	851	650	736
896	640	832	853	650	789
896	640	896	855	650	847
896	640	960	858	651	903
896	640	1023	861	651	958
896	704	0	848	704	244
896	704	64	845	703	249
896	704	128	845	703	265
896	704	192	847	704	293
896	704	256	848	704	329
896	704	320	848	704	371
896	704	384	850	705	418
896	704	448	850	704	469
896	704	512	852	705	520
896	704	576	854	705	575
896	704	640	856	706	630
896	704	704	858	706	685
896	704	768	860	706	740
896	704	832	862	705	793
896	704	896	865	706	851
896	704	960	868	707	906
896	704	1023	871	708	962
896	768	0	859	765	261
896	768	64	857	763	265
896	768	128	857	763	281
896	768	192	858	764	307
896	768	256	859	764	341
896	768	320	859	764	381
896	768	384	861	765	428
896	768	448	862	765	478
896	768	512	864	765	527
896	768	576	866	766	582
896	768	640	867	765	636
896	768	704	869	766	690
896	768	768	872	767	745
896	768	832	874	766	798
896	768	896	875	765	855
896	768	960	879	766	910
896	768	1023	882	767	965
896	832	0	870	822	277
896	832	64	867	820	281
896	832	128	868	821	295
896	832	192	869	822	320
896	832	256	870	822	353
896	832	320	871	822	392
896	832	384	872	823	437
896	832	448	873	823	485
896	832	512	875	823	534
896	832	576	876	823	588
896	832	640	878	823	641
896	832	704	880	824	695
896	832	768	882	824	749
896	832	832	883	823	802
896	832	896	886	823	859
896	832	960	890	824	914
896	832	1023	893	825	969
896	896	0	883	884	295
896	896	64	880	881	298
896	896	128	881	882	312
896	896	192	882	882	335
896	896	256	883	883	366
896	896	320	884	883	404
896	896	384	885	884	447
896	896	448	885	883	494
896	896	512	887	884	542
896	896	576	890	885	595
896	896	640	890	884	648
896	896	704	893	884	701
896	896	768	895	885	755
896	896	832	897	884	807
896	896	896	900	885	864
896	896	960	903	885	919
896	896	1023	906	886	973
896	960	0	896	941	311
896	960	64	894	939	315
896	960	128	894	939	327
896	960	192	895	940	349
896	960	256	897	941	379
896	960	320	897	941	416
896	960	384	898	942	458
896	960	448	900	942	505
896	960	512	901	942	551
896	960	576	902	942	603
896	960	640	904	942	655
896	960	704	906	942	708
896	960	768	909	943	761
896	960	832	910	942	813
896	960	896	912	942	869
896	960	960	915	943	924
896	960	1023	919	944	978
896	1023	0	911	1002	329
896	1023	64	909	1000	332
896	1023	128	909	999	344
896	1023	192	910	1000	365
896	1023	256	911	1001	393
896	1023	320	912	1001	429
896	1023	384	913	1002	469
896	1023	448	914	1002	515
896	1023	512	915	1002	560
896	1023	576	917	1003	612
896	1023	640	918	1001	662
896	1023	704	921	1002	715
896	1023	768	923	1003	768
896	1023	832	924	1002	819
896	1023	896	926	1001	874
896	1023	960	929	1002	929
896	1023	1023	932	1001	982
960	0	0	845	230	141
960	0	64	843	229	150
960	0	128	843	229	178
960	0	192	844	230	219
960	0	256	846	230	266
960	0	320	846	231	318
960	0	384	848	231	373
960	0	448	849	232	430
960	0	512	850	233	485
960	0	576	852	234	544
960	0	640	853	236	601
960	0	704	856	237	658
960	0	768	859	239	716
960	0	832	860	240	771
960	0	896	862	242	829
960	0	960	866	244	886
960	0	1023	869	246	943
960	64	0	846	237	142
960	64	64	844	236	151
960	64	128	844	236	179
960	64	192	845	237	220
960	64	256	847	237	267
960	64	320	847	238	319
960	64	384	848	239	374
960	64	448	849	239	430
960	64	512	851	240	485
960	64	576	853	241	544
960	64	640	854	242	602
960	64	704	856	244	658
960	64	768	859	245	716
960	64	832	861	247	771
960	64	896	863	249	830
960	64	960	867	251	887
960	64	1023	870	253	943
960	128	0	846	256	145
960	128	64	845	256	154
960	128	128	845	256	181
960	128	192	845	256	221
960	128	256	847	257	268
960	128	320	848	257	320
960	128	384	850	258	375
960	128	448	850	259	431
960	128	512	852	259	486
960	128	576	854	261	545
960	128	640	855	261	602
960	128	704	857	263	659
960	128	768	860	264	717
960	128	832	862	265	772
960	128	896	864	267	830
960	128	960	868	269	887
960	128	1023	871	271	943
960	192	0	849	288	150
960	192	64	846	287	159
960	192	128	847	287	185
960	192	192	848	288	225
960	192	256	849	288	271
960	192	320	850	288	322
960	192	384	851	289	376
960	192	448	853	290	433
960	192	512	853	290	487
960	192	576	855	291	546
960	192	640	857	292	604
960	192	704	859	293	660
960	192	768	862	295	718
960	192	832	863	295	772
960	192	896	866	297	831
960	192	960	870	299	888
960	192	1023	873	300	944
960	256	0	852	328	157
960	256	64	849	327	165
960	256	128	850	327	191
960	256	192	851	328	229
960	256	256	851	328	274
960	256	320	853	328	325
960	256	384	854	329	379
960	256	448	855	329	435
960	256	512	856	330	489
960	256	576	859	331	548
960	256	640	860	332	605
960	256	704	861	332	661
960	256	768	864	334	719
960	256	832	866	334	774
960	256	896	869	335	833
960	256	960	872	337	889
960	256	1023	875	339	945
960	320	0	855	375	166
960	320	64	853	374	174
960	320	128	853	374	198
960	320	192	854	375	235
960	320	256	856	375	279
960	320	320	856	375	329
960	320	384	858	376	382
960	320	448	858	376	438
960	320	512	860	377	492
960	320	576	862	378	550
960	320	640	863	378	607
960	320	704	866	379	664
960	320	768	869	380	721
960	320	832	870	381	775
960	320	896	872	381	834
960	320	960	876	383	890
960	320	1023	879	384	946
960	384	0	859	425	177
960	384	64	858	424	185
960	384	128	858	424	207
960	384	192	859	425	242
960	384	256	860	426	285
960	384	320	860	425	334
960	384	384	862	426	386
960	384	448	863	426	442
960	384	512	864	427	495
960	384	576	867	428	553
960	384	640	868	428	610
960	384	704	870	429	666
960	384	768	873	429	723
960	384	832	875	430	777
960	384	896	876	430	835
960	384	960	880	431	892
960	384	1023	883	432	948
960	448	0	866	480	190
960	448	64	864	479	196
960	448	128	863	478	217
960	448	192	864	479	251
960	448	256	866	480	293
960	448	320	867	480	341
960	448	384	867	480	391
960	448	448	869	481	446
960	448	512	870	481	499
960	448	576	873	482	557
960	448	640	873	482	613
960	448	704	876	482	669
960	448	768	878	483	726
960	448	832	880	483	780
960	448	896	882	483	837
960	448	960	886	484	894
960	448	1023	889	486	950
960	512	0	872	533	203
960	512	64	870	532	209
960	512	128	870	532	228
960	512	192	871	532	261
960	512	256	872	533	301
960	512	320	873	534	347
960	512	384	874	534	397
960	512	448	875	534	451
960	512	512	877	534	503
960	512	576	879	535	561
960	512	640	880	535	616
960	512	704	882	535	672
960	512	768	885	537	729
960	512	832	887	536	783
960	512	896	888	536	840
960	512	960	892	537	897
960	512	1023	896	538	953
960	576	0	880	592	218
960	576	64	877	591	223
960	576	128	878	591	242
960	576	192	879	592	272
960	576	256	880	593	310
960	576	320	880	592	355
960	576	384	882	593	404
960	576	448	883	593	457
960	576	512	884	594	508
960	576	576	887	595	565
960	576	640	888	594	620
960	576	704	890	594	676
960	576	768	893	596	732
960	576	832	894	595	786
960	576	896	896	595	843
960	576	960	899	596	899
960	576	1023	903	597	955
960	640	0	889	651	233
960	640	64	886	649	238
960	640	128	887	650	255
960	640	192	888	651	284
960	640	256	889	652	321
960	640	320	890	651	365
960	640	384	891	652	412
960	640	448	891	651	464
960	640	512	893	652	515
960	640	576	895	652	570
960	640	640	896	652	625
960	640	704	898	652	680
960	640	768	901	653	736
960	640	832	902	653	790
960	640	896	905	653	847
960	640	960	908	654	903
960	640	1023	912	655	959
960	704	0	899	708	248
960	704	64	897	706	253
960	704	128	897	706	269
960	704	192	898	707	296
960	704	256	899	707	331
960	704	320	899	708	374
960	704	384	901	708	420
960	704	448	901	708	471
960	704	512	902	707	521
960	704	576	905	709	576
960	704	640	906	709	631
960	704	704	908	708	685
960	704	768	911	709	741
960	704	832	912	709	794
960	704	896	915	709	852
960	704	960	917	709	907
960	704	1023	921	711	963
960	768	0	909	767	265
960	768	64	907	766	269
960	768	128	907	766	284
960	768	192	908	767	310
960	768	256	910	768	344
960	768	320	910	767	384
960	768	384	912	768	430
960	768	448	912	767	479
960	768	512	914	768	529
960	768	576	915	769	583
960	768	640	916	768	637
960	768	704	918	768	691
960	768	768	921	769	746
960	768	832	922	768	799
960	768	896	925	769	856
960	768	960	928	770	911
960	768	1023	931	770	966
960	832	0	920	825	281
960	832	64	917	823	285
960	832	128	917	823	299
960	832	192	918	824	323
960	832	256	919	824	355
960	832	320	920	825	395
960	832	384	922	826	439
960	832	448	922	825	487
960	832	512	924	826	536
960	832	576	926	826	589
960	832	640	927	826	642
960	832	704	928	825	696
960	832	768	931	826	750
960	832	832	933	826	803
960	832	896	935	826	859
960	832	960	938	827	915
960	832	1023	941	827	969
960	896	0	932	886	298
960	896	64	929	884	301
960	896	128	929	884	315
960	896	192	930	884	338
960	896	256	931	885	368
960	896	320	932	885	406
960	896	384	934	886	449
960	896	448	934	885	496
960	896	512	936	886	543
960	896	576	938	887	597
960	896	640	939	887	649
960	896	704	940	886	702
960	896	768	943	887	756
960	896	832	945	886	808
960	896	896	947	886	864
960	896	960	949	887	919
960	896	1023	953	888	974
960	960	0	945	944	315
960	960	64	942	942	318
960	960	128	942	942	331
960	960	192	944	943	352
960	960	256	944	943	381
960	960	320	945	943	418
960	960	384	946	944	460
960	960	448	947	944	506
960	960	512	949	945	553
960	960	576	951	946	605
960	960	640	951	944	656
960	960	704	953	944	708
960	960	768	955	945	762
960	960	832	958	945	814
960	960	896	960	945	870
960	960	960	963	946	924
960	960	1023	965	946	978
960	1023	0	958	1004	332
960	1023	64	956	1001	335
960	1023	128	956	1001	347
960	1023	192	957	1002	368
960	1023	256	958	1004	396
960	1023	320	959	1003	431
960	1023	384	960	1004	471
960	1023	448	961	1004	516
960	1023	512	962	1004	561
960	1023	576	964	1004	613
960	1023	640	965	1004	664
960	1023	704	967	1004	716
960	1023	768	969	1005	769
960	1023	832	971	1004	820
960	1023	896	973	1003	875
960	1023	960	976	1004	930
960	1023	1023	978	1003	983
1023	0	0	898	244	150
1023	0	64	895	243	158
1023	0	128	895	243	185
1023	0	192	896	244	224
1023	0	256	898	244	270
1023	0	320	898	245	322
1023	0	384	899	245	376
1023	0	448	900	246	432
1023	0	512	902	247	487
1023	0	576	903	248	545
1023	0	640	905	249	603
1023	0	704	906	250	660
1023	0	768	909	252	717
1023	0	832	911	253	772
1023	0	896	913	255	830
1023	0	960	916	257	887
1023	0	1023	920	259	943
1023	64	0	899	250	151
1023	64	64	896	250	160
1023	64	128	897	250	186
1023	64	192	898	250	225
1023	64	256	898	251	271
1023	64	320	899	251	322
1023	64	384	900	252	376
1023	64	448	901	252	433
1023	64	512	903	253	487
1023	64	576	905	254	546
1023	64	640	906	256	603
1023	64	704	907	257	660
1023	64	768	910	258	718
1023	64	832	912	260	772
1023	64	896	914	261	831
1023	64	960	918	263	888
1023	64	1023	921	266	944
1023	128	0	899	269	154
1023	128	64	897	268	162
1023	128	128	897	268	188
1023	128	192	898	268	227
1023	128	256	899	269	272
1023	128	320	901	270	324
1023	128	384	901	270	377
1023	128	448	902	271	434
1023	128	512	903	272	488
1023	128	576	906	273	547
1023	128	640	906	274	604
1023	128	704	908	275	661
1023	128	768	911	276	718
1023	128	832	913	278	773
1023	128	896	915	279	831
1023	128	960	918	281	888
1023	128	1023	922	283	945
1023	192	0	901	299	158
1023	192	64	899	298	166
1023	192	128	899	298	192
1023	192	192	900	298	230
1023	192	256	901	299	275
1023	192	320	901	299	325
1023	192	384	903	300	379
1023	192	448	903	300	435
1023	192	512	905	301	489
1023	192	576	907	302	547
1023	192	640	908	303	605
1023	192	704	910	304	661
1023	192	768	912	305	718
1023	192	832	914	306	773
1023	192	896	917	307	832
1023	192	960	920	309	889
1023	192	1023	923	311	945
1023	256	0	903	337	165
1023	256	64	901	336	173
1023	256	128	902	337	197
1023	256	192	902	337	234
1023	256	256	903	337	278
1023	256	320	904	338	329
1023	256	384	906	338	382
1023	256	448	906	338	437
1023	256	512	908	339	491
1023	256	576	910	341	550
1023	256	640	910	340	606
1023	256	704	912	341	663
1023	256	768	915	343	720
1023	256	832	917	343	775
1023	256	896	920	344	834
1023	256	960	922	346	890
1023	256	1023	925	347	946
1023	320	0	907	383	174
1023	320	64	905	382	181
1023	320	128	905	382	204
1023	320	192	906	382	240
1023	320	256	907	383	283
1023	320	320	907	383	332
1023	320	384	909	384	385
1023	320	448	909	384	440
1023	320	512	911	385	493
1023	320	576	913	386	551
1023	320	640	914	386	608
1023	320	704	916	386	665
1023	320	768	918	388	722
1023	320	832	920	388	776
1023	320	896	922	389	834
1023	320	960	925	390	891
1023	320	1023	928	391	947
1023	384	0	910	432	184
1023	384	64	908	430	191
1023	384	128	909	431	212
1023	384	192	910	432	247
1023	384	256	911	432	289
1023	384	320	911	432	337
1023	384	384	913	433	389
1023	384	448	914	433	444
1023	384	512	915	434	496
1023	384	576	917	434	554
1023	384	640	918	434	611
1023	384	704	920	435	667
1023	384	768	923	436	724
1023	384	832	924	436	778
1023	384	896	927	437	837
1023	384	960	930	438	893
1023	384	1023	933	439	949
1023	448	0	916	485	196
1023	448	64	914	485	202
1023	448	128	914	484	223
1023	448	192	915	485	255
1023	448	256	916	485	296
1023	448	320	916	485	343
1023	448	384	918	486	394
1023	448	448	919	486	448
1023	448	512	920	487	500
1023	448	576	923	488	558
1023	448	640	923	487	614
1023	448	704	925	488	670
1023	448	768	928	489	727
1023	448	832	930	489	781
1023	448	896	931	489	838
1023	448	960	935	490	895
1023	448	1023	938	491	951
1023	512	0	922	538	208
1023	512	64	921	537	214
1023	512	128	920	537	233
1023	512	192	921	537	265
1023	512	256	923	539	304
1023	512	320	923	538	350
1023	512	384	924	539	400
1023	512	448	925	539	453
1023	512	512	926	539	505
1023	512	576	929	541	562
1023	512	640	929	540	617
1023	512	704	931	540	673
1023	512	768	934	541	730
1023	512	832	936	541	783
1023	512	896	937	541	841
1023	512	960	941	542	898
1023	512	1023	944	543	953
1023	576	0	930	597	223
1023	576	64	927	595	228
1023	576	128	927	596	246
1023	576	192	928	596	276
1023	576	256	930	597	314
1023	576	320	930	597	358
1023	576	384	932	598	407
1023	576	448	932	597	459
1023	576	512	934	598	510
1023	576	576	935	599	566
1023	576	640	937	599	622
1023	576	704	939	599	677
1023	576	768	941	599	733
1023	576	832	942	599	786
1023	576	896	945	599	844
1023	576	960	948	600	900
1023	576	1023	951	601	956
1023	640	0	938	655	238
1023	640	64	936	653	243
1023	640	128	936	654	260
1023	640	192	937	654	288
1023	640	256	937	654	323
1023	640	320	939	655	367
1023	640	384	940	656	415
1023	640	448	941	656	466
1023	640	512	943	657	517
1023	640	576	944	657	572
1023	640	640	945	657	627
1023	640	704	947	656	682
1023	640	768	949	657	737
1023	640	832	951	657	791
1023	640	896	953	657	848
1023	640	960	956	658	904
1023	640	1023	959	659	959
1023	704	0	947	710	253
1023	704	64	945	709	257
1023	704	128	945	710	273
1023	704	192	945	709	299
1023	704	256	947	710	334
1023	704	320	947	711	376
1023	704	384	949	712	423
1023	704	448	950	711	473
1023	704	512	951	711	523
1023	704	576	953	712	578
1023	704	640	953	711	632
1023	704	704	956	712	687
1023	704	768	958	713	742
1023	704	832	960	713	795
1023	704	896	962	713	852
1023	704	960	965	713	908
1023	704	1023	968	714	963
1023	768	0	958	771	269
1023	768	64	955	769	273
1023	768	128	956	770	288
1023	768	192	956	770	313
1023	768	256	957	771	346
1023	768	320	958	771	387
1023	768	384	960	772	432
1023	768	448	960	771	481
1023	768	512	961	772	530
1023	768	576	963	772	584
1023	768	640	964	772	638
1023	768	704	965	771	692
1023	768	768	968	772	747
1023	768	832	969	772	799
1023	768	896	972	772	857
1023	768	960	975	773	912
1023	768	1023	978	773	967
1023	832	0	967	828	285
1023	832	64	965	826	288
1023	832	128	965	827	303
1023	832	192	966	828	327
1023	832	256	967	828	358
1023	832	320	968	828	397
1023	832	384	969	829	441
1023	832	448	970	829	489
1023	832	512	971	829	537
1023	832	576	973	830	591
1023	832	640	973	829	644
1023	832	704	976	829	697
1023	832	768	978	830	752
1023	832	832	979	829	804
1023	832	896	981	829	860
1023	832	960	984	829	915
1023	832	1023	987	831	970
1023	896	0	977	887	301
1023	896	64	976	887	305
1023	896	128	977	887	318
1023	896	192	976	887	341
1023	896	256	978	888	371
1023	896	320	979	888	409
1023	896	384	981	890	452
1023	896	448	981	889	498
1023	896	512	982	889	545
1023	896	576	984	890	598
1023	896	640	985	889	650
1023	896	704	987	889	703
1023	896	768	989	890	757
1023	896	832	990	889	809
1023	896	896	993	890	865
1023	896	960	995	890	920
1023	896	1023	999	891	975
1023	960	0	990	946	318
1023	960	64	988	945	322
1023	960	128	988	945	334
1023	960	192	989	946	356
1023	960	256	989	945	384
1023	960	320	991	946	420
1023	960	384	992	947	462
1023	960	448	993	946	508
1023	960	512	994	946	554
1023	960	576	996	948	606
1023	960	640	996	946	657
1023	960	704	998	947	709
1023	960	768	1001	947	763
1023	960	832	1002	947	815
1023	960	896	1004	947	871
1023	960	960	1007	948	925
1023	960	1023	1010	948	979
1023	1023	0	1004	1007	336
1023	1023	64	1001	1004	338
1023	1023	128	1001	1005	350
1023	1023	192	1002	1005	371
1023	1023	256	1003	1006	398
1023	1023	320	1004	1006	433
1023	1023	384	1005	1007	473
1023	1023	448	1006	1007	519
1023	1023	512	1008	1007	564
1023	1023	576	1009	1008	615
1023	1023	640	1010	1007	666
1023	1023	704	1011	1007	717
1023	1023	768	1014	1008	770
1023	1023	832	1015	1007	822
1023	1023	896	1017	1008	877
1023	1023	960	1020	1008	931
1023	1023	1023	1023	1009	985
