0	0	0	0	0	0
0	0	64	18	7	67
0	0	128	34	14	128
0	0	192	51	21	192
0	0	256	68	28	253
0	0	320	85	35	318
0	0	384	102	42	382
0	0	448	120	49	447
0	0	512	136	56	508
0	0	576	154	63	574
0	0	640	171	70	638
0	0	704	187	77	700
0	0	768	204	83	763
0	0	832	220	90	823
0	0	896	237	97	887
0	0	960	253	104	948
0	0	1023	269	110	1010
0	64	0	16	69	9
0	64	64	23	69	67
0	64	128	37	70	129
0	64	192	53	71	192
0	64	256	69	73	254
0	64	320	86	76	318
0	64	384	103	79	382
0	64	448	120	82	447
0	64	512	136	86	508
0	64	576	154	91	574
0	64	640	170	95	637
0	64	704	187	100	700
0	64	768	204	105	763
0	64	832	220	110	823
0	64	896	237	116	887
0	64	960	254	122	948
0	64	1023	270	128	1010
0	128	0	31	131	17
0	128	64	35	131	68
0	128	128	45	132	129
0	128	192	58	133	192
0	128	256	73	134	254
0	128	320	89	135	318
0	128	384	105	137	382
0	128	448	122	138	447
0	128	512	138	140	509
0	128	576	155	143	574
0	128	640	172	146	638
0	128	704	189	149	701
0	128	768	205	152	764
0	128	832	221	155	822
0	128	896	238	158	887
0	128	960	254	163	948
0	128	1023	271	167	1010
0	192	0	46	194	25
0	192	64	49	194	70
0	192	128	56	195	130
0	192	192	67	195	193
0	192	256	80	196	255
0	192	320	94	197	319
0	192	384	110	198	383
0	192	448	126	199	448
0	192	512	141	200	508
0	192	576	158	202	575
0	192	640	175	204	638
0	192	704	191	205	701
0	192	768	207	208	764
0	192	832	223	210	824
0	192	896	240	212	887
0	192	960	256	215	948
0	192	1023	272	218	1010
0	256	0	61	256	34
0	256	64	63	256	73
0	256	128	68	257	132
0	256	192	77	257	194
0	256	256	88	258	255
0	256	320	101	258	319
0	256	384	116	260	383
0	256	448	131	261	448
0	256	512	146	261	509
0	256	576	162	263	575
0	256	640	178	264	639
0	256	704	194	265	702
0	256	768	210	267	764
0	256	832	226	268	824
0	256	896	242	269	887
0	256	960	258	271	949
0	256	1023	274	274	1010
0	320	0	76	320	42
0	320	64	77	320	77
0	320	128	82	321	134
0	320	192	89	322	195
0	320	256	99	322	256
0	320	320	111	323	320
0	320	384	124	324	384
0	320	448	138	324	449
0	320	512	152	325	509
0	320	576	168	326	576
0	320	640	183	326	639
0	320	704	198	327	701
0	320	768	214	329	764
0	320	832	229	330	824
0	320	896	245	331	888
0	320	960	261	332	949
0	320	1023	277	334	1010
0	384	0	91	383	50
0	384	64	92	383	81
0	384	128	96	383	136
0	384	192	102	384	197
0	384	256	110	385	257
0	384	320	121	385	321
0	384	384	133	386	384
0	384	448	146	386	449
0	384	512	159	388	510
0	384	576	174	388	576
0	384	640	189	389	640
0	384	704	204	389	702
0	384	768	219	390	765
0	384	832	234	391	824
0	384	896	250	391	888
0	384	960	265	393	950
0	384	1023	281	394	1011
0	448	0	106	447	59
0	448	64	107	447	86
0	448	128	110	448	139
0	448	192	116	449	198
0	448	256	123	450	259
0	448	320	132	450	322
0	448	384	143	451	385
0	448	448	155	451	450
0	448	512	168	452	511
0	448	576	182	452	577
0	448	640	196	452	640
0	448	704	210	452	702
0	448	768	225	454	765
0	448	832	239	454	825
0	448	896	254	455	889
0	448	960	270	456	951
0	448	1023	285	457	1012
0	512	0	121	508	66
0	512	64	121	508	91
0	512	128	124	509	142
0	512	192	129	510	200
0	512	256	135	511	261
0	512	320	144	511	323
0	512	384	154	512	386
0	512	448	165	511	451
0	512	512	176	512	512
0	512	576	190	513	577
0	512	640	203	513	641
0	512	704	217	513	703
0	512	768	231	514	766
0	512	832	245	514	826
0	512	896	260	514	889
0	512	960	275	516	951
0	512	1023	290	517	1013
0	576	0	136	575	75
0	576	64	137	575	97
0	576	128	139	576	146
0	576	192	144	577	203
0	576	256	149	577	262
0	576	320	157	577	325
0	576	384	166	578	388
0	576	448	176	578	452
0	576	512	187	579	513
0	576	576	199	579	579
0	576	640	212	580	642
0	576	704	225	579	704
0	576	768	239	580	767
0	576	832	252	580	827
0	576	896	267	580	890
0	576	960	281	581	952
0	576	1023	296	582	1013
0	640	0	151	638	83
0	640	64	152	639	103
0	640	128	154	640	150
0	640	192	158	640	206
0	640	256	163	641	264
0	640	320	170	642	327
0	640	384	178	642	389
0	640	448	188	642	454
0	640	512	198	643	514
0	640	576	210	644	580
0	640	640	221	643	643
0	640	704	234	643	705
0	640	768	247	644	768
0	640	832	260	644	828
0	640	896	274	644	891
0	640	960	288	645	953
0	640	1023	302	646	1014
0	704	0	166	699	91
0	704	64	167	701	110
0	704	128	168	700	154
0	704	192	172	701	209
0	704	256	177	703	267
0	704	320	183	703	329
0	704	384	191	704	391
0	704	448	200	704	456
0	704	512	209	704	516
0	704	576	220	705	581
0	704	640	231	704	644
0	704	704	243	704	707
0	704	768	256	705	770
0	704	832	268	705	830
0	704	896	282	705	893
0	704	960	295	706	955
0	704	1023	309	706	1015
0	768	0	181	763	99
0	768	64	182	764	117
0	768	128	184	765	159
0	768	192	186	765	212
0	768	256	191	767	270
0	768	320	197	767	331
0	768	384	204	768	393
0	768	448	212	768	457
0	768	512	221	768	517
0	768	576	231	770	583
0	768	640	242	768	646
0	768	704	253	769	708
0	768	768	265	770	771
0	768	832	277	769	831
0	768	896	290	769	894
0	768	960	304	769	955
0	768	1023	317	771	1017
0	832	0	196	824	107
0	832	64	196	826	123
0	832	128	198	826	163
0	832	192	201	827	215
0	832	256	205	828	272
0	832	320	210	828	332
0	832	384	217	829	394
0	832	448	224	830	458
0	832	512	232	829	518
0	832	576	242	831	583
0	832	640	252	829	646
0	832	704	263	830	708
0	832	768	275	831	771
0	832	832	286	830	831
0	832	896	299	830	894
0	832	960	311	830	956
0	832	1023	324	831	1016
0	896	0	211	888	115
0	896	64	211	889	130
0	896	128	213	889	168
0	896	192	216	891	219
0	896	256	219	892	274
0	896	320	224	892	334
0	896	384	230	893	395
0	896	448	238	893	459
0	896	512	245	893	519
0	896	576	254	895	584
0	896	640	264	894	647
0	896	704	274	894	709
0	896	768	285	895	772
0	896	832	296	894	831
0	896	896	308	894	895
0	896	960	320	894	956
0	896	1023	333	895	1017
0	960	0	225	949	123
0	960	64	226	951	138
0	960	128	227	950	173
0	960	192	230	952	223
0	960	256	233	953	278
0	960	320	238	954	337
0	960	384	243	954	398
0	960	448	250	954	461
0	960	512	257	955	521
0	960	576	266	956	586
0	960	640	275	954	648
0	960	704	285	955	710
0	960	768	295	955	773
0	960	832	306	955	832
0	960	896	318	954	896
0	960	960	330	955	957
0	960	1023	342	956	1018
0	1023	0	240	1012	131
0	1023	64	241	1013	144
0	1023	128	242	1014	179
0	1023	192	244	1015	227
0	1023	256	248	1016	281
0	1023	320	252	1016	340
0	1023	384	257	1017	400
0	1023	448	263	1017	463
0	1023	512	270	1017	523
0	1023	576	279	1019	588
0	1023	640	287	1017	650
0	1023	704	296	1017	712
0	1023	768	307	1018	774
0	1023	832	317	1017	834
0	1023	896	328	1018	898
0	1023	960	339	1018	959
0	1023	1023	351	1018	1020
64	0	0	66	9	0
64	0	64	67	12	67
64	0	128	73	16	128
64	0	192	81	22	191
64	0	256	92	29	253
64	0	320	105	36	317
64	0	384	118	42	381
64	0	448	133	49	446
64	0	512	148	56	507
64	0	576	164	63	573
64	0	640	179	70	637
64	0	704	195	77	699
64	0	768	211	84	762
64	0	832	227	90	822
64	0	896	243	97	886
64	0	960	259	104	947
64	0	1023	275	111	1008
64	64	0	67	70	9
64	64	64	68	69	67
64	64	128	73	70	128
64	64	192	82	71	191
64	64	256	92	73	254
64	64	320	105	76	318
64	64	384	119	79	381
64	64	448	134	83	447
64	64	512	148	86	508
64	64	576	164	91	574
64	64	640	180	96	637
64	64	704	195	100	700
64	64	768	211	106	763
64	64	832	227	110	823
64	64	896	244	116	886
64	64	960	259	123	948
64	64	1023	275	129	1009
64	128	0	71	132	17
64	128	64	72	131	68
64	128	128	76	132	129
64	128	192	85	133	192
64	128	256	95	134	254
64	128	320	107	135	318
64	128	384	121	137	382
64	128	448	135	138	447
64	128	512	149	141	508
64	128	576	165	143	574
64	128	640	181	146	637
64	128	704	197	149	700
64	128	768	212	152	763
64	128	832	228	155	823
64	128	896	244	159	887
64	128	960	260	163	948
64	128	1023	275	168	1009
64	192	0	77	194	25
64	192	64	78	194	70
64	192	128	82	195	130
64	192	192	90	195	192
64	192	256	99	196	254
64	192	320	111	197	318
64	192	384	124	198	382
64	192	448	138	199	447
64	192	512	152	201	508
64	192	576	168	202	574
64	192	640	183	204	637
64	192	704	198	205	700
64	192	768	214	208	763
64	192	832	230	210	823
64	192	896	246	212	886
64	192	960	261	215	948
64	192	1023	277	218	1010
64	256	0	85	257	34
64	256	64	86	256	73
64	256	128	90	256	131
64	256	192	97	257	193
64	256	256	106	258	255
64	256	320	117	259	319
64	256	384	129	260	382
64	256	448	143	260	447
64	256	512	156	262	509
64	256	576	171	263	574
64	256	640	186	264	638
64	256	704	201	265	701
64	256	768	217	267	764
64	256	832	232	268	823
64	256	896	248	270	887
64	256	960	264	272	949
64	256	1023	279	274	1009
64	320	0	96	321	42
64	320	64	97	320	77
64	320	128	100	321	133
64	320	192	106	321	194
64	320	256	114	322	256
64	320	320	124	323	320
64	320	384	136	323	383
64	320	448	149	324	448
64	320	512	162	325	509
64	320	576	176	326	575
64	320	640	191	326	638
64	320	704	205	328	701
64	320	768	221	329	764
64	320	832	235	330	823
64	320	896	251	330	886
64	320	960	267	332	949
64	320	1023	281	335	1010
64	384	0	107	383	50
64	384	64	108	383	81
64	384	128	111	383	136
64	384	192	117	384	196
64	384	256	124	385	257
64	384	320	133	385	320
64	384	384	144	386	384
64	384	448	156	386	449
64	384	512	168	387	509
64	384	576	182	388	575
64	384	640	196	388	638
64	384	704	210	389	701
64	384	768	225	390	764
64	384	832	240	391	824
64	384	896	255	392	888
64	384	960	270	393	949
64	384	1023	286	394	1011
64	448	0	120	448	59
64	448	64	121	447	86
64	448	128	123	448	138
64	448	192	128	448	198
64	448	256	135	449	258
64	448	320	143	449	322
64	448	384	153	451	385
64	448	448	164	450	449
64	448	512	176	452	511
64	448	576	189	452	576
64	448	640	203	452	640
64	448	704	216	452	702
64	448	768	230	454	765
64	448	832	245	454	825
64	448	896	260	455	888
64	448	960	274	456	950
64	448	1023	289	457	1011
64	512	0	133	509	66
64	512	64	133	507	91
64	512	128	136	508	141
64	512	192	140	509	200
64	512	256	146	510	260
64	512	320	154	510	323
64	512	384	163	511	386
64	512	448	173	511	450
64	512	512	184	512	512
64	512	576	197	513	577
64	512	640	210	513	641
64	512	704	223	513	703
64	512	768	237	514	765
64	512	832	250	514	825
64	512	896	265	514	889
64	512	960	279	516	951
64	512	1023	294	517	1012
64	576	0	147	575	75
64	576	64	147	574	97
64	576	128	150	575	145
64	576	192	153	575	202
64	576	256	159	576	262
64	576	320	166	577	324
64	576	384	175	578	387
64	576	448	184	578	452
64	576	512	194	578	512
64	576	576	206	579	578
64	576	640	218	579	641
64	576	704	231	579	704
64	576	768	244	580	766
64	576	832	258	580	826
64	576	896	271	581	890
64	576	960	286	581	951
64	576	1023	300	582	1013
64	640	0	161	639	83
64	640	64	161	638	104
64	640	128	163	638	149
64	640	192	167	639	205
64	640	256	172	641	264
64	640	320	179	642	326
64	640	384	186	641	388
64	640	448	195	642	453
64	640	512	205	642	514
64	640	576	216	643	579
64	640	640	227	643	642
64	640	704	240	643	705
64	640	768	253	644	767
64	640	832	266	644	827
64	640	896	279	644	890
64	640	960	293	645	952
64	640	1023	306	645	1013
64	704	0	175	701	91
64	704	64	175	699	110
64	704	128	177	699	154
64	704	192	180	700	209
64	704	256	185	702	267
64	704	320	191	702	328
64	704	384	198	703	391
64	704	448	207	704	455
64	704	512	215	704	515
64	704	576	226	704	580
64	704	640	237	704	644
64	704	704	249	704	706
64	704	768	261	705	769
64	704	832	273	704	828
64	704	896	287	704	892
64	704	960	300	705	954
64	704	1023	313	706	1014
64	768	0	189	764	100
64	768	64	189	763	116
64	768	128	191	763	158
64	768	192	194	765	212
64	768	256	199	766	269
64	768	320	204	767	331
64	768	384	211	767	392
64	768	448	218	767	456
64	768	512	227	767	516
64	768	576	237	769	582
64	768	640	247	768	645
64	768	704	259	768	707
64	768	768	270	769	770
64	768	832	282	769	830
64	768	896	295	769	893
64	768	960	308	769	955
64	768	1023	321	770	1016
64	832	0	203	826	107
64	832	64	203	824	123
64	832	128	205	825	162
64	832	192	208	826	215
64	832	256	212	828	271
64	832	320	217	827	332
64	832	384	223	828	393
64	832	448	230	829	458
64	832	512	238	829	517
64	832	576	248	830	582
64	832	640	258	829	645
64	832	704	269	830	708
64	832	768	280	831	770
64	832	832	291	829	830
64	832	896	304	830	893
64	832	960	316	830	955
64	832	1023	329	831	1016
64	896	0	219	890	115
64	896	64	218	888	130
64	896	128	220	888	168
64	896	192	222	890	218
64	896	256	226	892	274
64	896	320	231	891	334
64	896	384	236	892	395
64	896	448	244	893	459
64	896	512	251	893	519
64	896	576	260	893	583
64	896	640	269	894	647
64	896	704	279	894	709
64	896	768	290	895	771
64	896	832	301	894	831
64	896	896	313	894	894
64	896	960	325	895	956
64	896	1023	338	895	1017
64	960	0	232	951	124
64	960	64	233	950	137
64	960	128	233	950	173
64	960	192	236	951	222
64	960	256	240	953	277
64	960	320	244	952	336
64	960	384	249	953	397
64	960	448	256	954	461
64	960	512	263	954	520
64	960	576	272	955	585
64	960	640	280	954	648
64	960	704	290	955	710
64	960	768	300	956	773
64	960	832	311	954	831
64	960	896	322	954	895
64	960	960	334	955	957
64	960	1023	346	956	1018
64	1023	0	247	1014	132
64	1023	64	247	1012	144
64	1023	128	247	1012	179
64	1023	192	250	1014	227
64	1023	256	253	1015	280
64	1023	320	258	1016	339
64	1023	384	262	1016	399
64	1023	448	269	1017	462
64	1023	512	276	1017	522
64	1023	576	284	1018	587
64	1023	640	292	1017	649
64	1023	704	301	1017	712
64	1023	768	311	1018	774
64	1023	832	321	1017	833
64	1023	896	332	1016	896
64	1023	960	343	1017	958
64	1023	1023	355	1017	1019
128	0	0	126	19	0
128	0	64	126	19	66
128	0	128	128	22	128
128	0	192	133	27	191
128	0	256	139	32	253
128	0	320	147	38	317
128	0	384	157	44	380
128	0	448	168	51	446
128	0	512	179	58	507
128	0	576	192	65	573
128	0	640	205	71	636
128	0	704	219	78	699
128	0	768	232	85	762
128	0	832	246	91	822
128	0	896	261	98	885
128	0	960	276	106	946
128	0	1023	291	112	1007
128	64	0	126	71	8
128	64	64	126	71	67
128	64	128	129	71	128
128	64	192	133	73	191
128	64	256	140	75	254
128	64	320	148	77	317
128	64	384	157	80	381
128	64	448	168	83	447
128	64	512	180	87	508
128	64	576	192	92	573
128	64	640	205	97	637
128	64	704	219	101	700
128	64	768	233	106	763
128	64	832	247	111	821
128	64	896	261	117	885
128	64	960	277	122	948
128	64	1023	291	128	1009
128	128	0	128	133	17
128	128	64	128	132	68
128	128	128	131	132	129
128	128	192	135	133	192
128	128	256	141	134	254
128	128	320	149	136	318
128	128	384	159	137	381
128	128	448	170	139	447
128	128	512	181	141	508
128	128	576	193	144	574
128	128	640	207	147	638
128	128	704	220	149	699
128	128	768	234	152	762
128	128	832	248	156	822
128	128	896	263	159	887
128	128	960	277	164	947
128	128	1023	292	168	1009
128	192	0	131	195	25
128	192	64	131	195	70
128	192	128	134	194	130
128	192	192	138	195	192
128	192	256	144	196	254
128	192	320	152	197	318
128	192	384	161	198	382
128	192	448	172	200	447
128	192	512	183	201	508
128	192	576	196	203	574
128	192	640	208	204	638
128	192	704	222	206	700
128	192	768	236	209	763
128	192	832	250	210	823
128	192	896	264	212	886
128	192	960	278	215	948
128	192	1023	293	219	1008
128	256	0	136	257	34
128	256	64	136	256	73
128	256	128	138	257	131
128	256	192	143	257	193
128	256	256	148	258	255
128	256	320	156	259	319
128	256	384	165	260	382
128	256	448	175	260	447
128	256	512	186	262	509
128	256	576	199	263	574
128	256	640	211	264	638
128	256	704	224	265	700
128	256	768	238	267	763
128	256	832	251	268	822
128	256	896	266	270	887
128	256	960	280	272	949
128	256	1023	295	275	1009
128	320	0	142	321	42
128	320	64	142	321	77
128	320	128	144	320	133
128	320	192	148	321	194
128	320	256	154	322	256
128	320	320	161	322	319
128	320	384	170	324	383
128	320	448	180	324	448
128	320	512	191	325	509
128	320	576	203	326	575
128	320	640	215	326	638
128	320	704	228	328	701
128	320	768	241	329	763
128	320	832	255	330	823
128	320	896	269	331	887
128	320	960	283	333	948
128	320	1023	297	334	1009
128	384	0	150	384	50
128	384	64	150	383	81
128	384	128	152	383	135
128	384	192	155	384	196
128	384	256	161	385	257
128	384	320	168	386	320
128	384	384	176	386	383
128	384	448	186	386	449
128	384	512	196	387	509
128	384	576	208	388	575
128	384	640	220	388	638
128	384	704	232	389	701
128	384	768	245	390	764
128	384	832	258	391	824
128	384	896	273	391	887
128	384	960	286	393	949
128	384	1023	300	395	1010
128	448	0	158	448	59
128	448	64	158	447	86
128	448	128	161	448	138
128	448	192	164	448	198
128	448	256	169	449	258
128	448	320	176	450	321
128	448	384	184	451	385
128	448	448	193	450	449
128	448	512	202	451	510
128	448	576	214	452	576
128	448	640	225	452	639
128	448	704	237	452	702
128	448	768	250	454	765
128	448	832	263	454	825
128	448	896	277	455	888
128	448	960	291	455	949
128	448	1023	305	457	1011
128	512	0	168	509	66
128	512	64	168	508	91
128	512	128	170	508	141
128	512	192	173	508	200
128	512	256	178	510	260
128	512	320	184	511	323
128	512	384	192	511	386
128	512	448	200	511	450
128	512	512	209	511	511
128	512	576	220	513	577
128	512	640	232	512	639
128	512	704	244	513	702
128	512	768	256	514	765
128	512	832	269	514	825
128	512	896	282	515	889
128	512	960	296	515	950
128	512	1023	309	516	1011
128	576	0	179	575	75
128	576	64	179	574	97
128	576	128	180	574	145
128	576	192	183	575	202
128	576	256	188	577	262
128	576	320	194	577	324
128	576	384	201	577	386
128	576	448	210	578	451
128	576	512	218	578	512
128	576	576	229	579	578
128	576	640	239	578	641
128	576	704	251	579	703
128	576	768	263	580	766
128	576	832	275	580	826
128	576	896	288	580	889
128	576	960	301	581	951
128	576	1023	314	582	1012
128	640	0	190	640	83
128	640	64	190	638	103
128	640	128	192	639	149
128	640	192	195	640	205
128	640	256	199	641	264
128	640	320	204	641	326
128	640	384	211	641	388
128	640	448	219	641	452
128	640	512	227	642	513
128	640	576	237	643	578
128	640	640	248	643	642
128	640	704	259	643	705
128	640	768	270	643	767
128	640	832	282	643	826
128	640	896	295	643	890
128	640	960	307	644	952
128	640	1023	321	645	1013
128	704	0	202	701	92
128	704	64	202	699	110
128	704	128	203	700	153
128	704	192	206	700	208
128	704	256	210	701	266
128	704	320	215	701	328
128	704	384	222	703	390
128	704	448	229	702	454
128	704	512	237	704	515
128	704	576	247	704	580
128	704	640	257	704	643
128	704	704	267	703	706
128	704	768	278	704	768
128	704	832	290	704	828
128	704	896	302	704	892
128	704	960	315	705	954
128	704	1023	327	706	1015
128	768	0	215	765	100
128	768	64	214	763	116
128	768	128	215	763	158
128	768	192	218	764	212
128	768	256	222	766	269
128	768	320	226	765	330
128	768	384	233	767	392
128	768	448	240	766	455
128	768	512	247	767	516
128	768	576	256	768	581
128	768	640	266	768	644
128	768	704	276	768	707
128	768	768	287	769	770
128	768	832	298	768	829
128	768	896	310	769	893
128	768	960	322	769	955
128	768	1023	334	770	1015
128	832	0	226	827	107
128	832	64	226	824	123
128	832	128	227	825	163
128	832	192	230	826	215
128	832	256	233	827	271
128	832	320	238	827	331
128	832	384	244	829	393
128	832	448	250	828	457
128	832	512	258	829	517
128	832	576	266	830	582
128	832	640	276	829	645
128	832	704	285	829	707
128	832	768	295	830	770
128	832	832	306	829	829
128	832	896	318	829	893
128	832	960	330	830	955
128	832	1023	341	831	1015
128	896	0	240	890	116
128	896	64	239	888	130
128	896	128	241	889	168
128	896	192	243	890	218
128	896	256	246	890	273
128	896	320	250	891	334
128	896	384	256	892	395
128	896	448	262	891	458
128	896	512	269	893	518
128	896	576	277	893	583
128	896	640	286	893	646
128	896	704	295	893	708
128	896	768	305	893	770
128	896	832	316	893	830
128	896	896	327	894	894
128	896	960	339	895	956
128	896	1023	350	895	1016
128	960	0	252	951	124
128	960	64	251	948	137
128	960	128	253	950	173
128	960	192	255	951	222
128	960	256	259	952	277
128	960	320	263	952	336
128	960	384	267	953	397
128	960	448	273	952	460
128	960	512	280	954	520
128	960	576	288	954	584
128	960	640	296	954	647
128	960	704	305	954	709
128	960	768	315	955	772
128	960	832	325	954	831
128	960	896	335	954	895
128	960	960	347	954	956
128	960	1023	358	955	1017
128	1023	0	265	1014	132
128	1023	64	264	1011	144
128	1023	128	266	1012	178
128	1023	192	268	1013	226
128	1023	256	271	1015	280
128	1023	320	275	1015	339
128	1023	384	280	1016	399
128	1023	448	286	1016	462
128	1023	512	292	1017	522
128	1023	576	299	1017	586
128	1023	640	307	1017	649
128	1023	704	316	1017	711
128	1023	768	325	1018	774
128	1023	832	335	1017	833
128	1023	896	345	1017	896
128	1023	960	356	1017	958
128	1023	1023	368	1017	1019
192	0	0	186	28	0
192	0	64	185	28	66
192	0	128	187	30	128
192	0	192	190	33	191
192	0	256	194	37	253
192	0	320	199	42	317
192	0	384	207	48	381
192	0	448	214	54	446
192	0	512	223	60	507
192	0	576	233	67	573
192	0	640	243	73	636
192	0	704	254	80	699
192	0	768	266	86	762
192	0	832	278	93	821
192	0	896	291	99	885
192	0	960	304	106	947
192	0	1023	317	113	1008
192	64	0	186	73	7
192	64	64	186	73	67
192	64	128	187	74	128
192	64	192	190	75	191
192	64	256	194	77	253
192	64	320	200	79	317
192	64	384	207	82	381
192	64	448	215	85	446
192	64	512	224	89	508
192	64	576	234	94	573
192	64	640	244	98	637
192	64	704	255	102	699
192	64	768	266	108	762
192	64	832	279	112	822
192	64	896	291	118	886
192	64	960	305	124	947
192	64	1023	317	130	1008
192	128	0	187	134	16
192	128	64	187	133	68
192	128	128	188	133	129
192	128	192	191	134	192
192	128	256	196	135	254
192	128	320	201	137	318
192	128	384	208	138	381
192	128	448	216	140	447
192	128	512	224	142	507
192	128	576	235	145	574
192	128	640	245	147	637
192	128	704	256	150	699
192	128	768	268	154	762
192	128	832	279	156	823
192	128	896	292	160	885
192	128	960	304	165	947
192	128	1023	318	169	1008
192	192	0	189	196	25
192	192	64	189	195	70
192	192	128	190	195	130
192	192	192	194	196	192
192	192	256	197	196	254
192	192	320	203	197	318
192	192	384	210	199	382
192	192	448	217	200	447
192	192	512	226	201	508
192	192	576	236	203	574
192	192	640	246	205	637
192	192	704	257	206	699
192	192	768	269	209	762
192	192	832	280	210	822
192	192	896	293	213	886
192	192	960	306	216	948
192	192	1023	319	219	1009
192	256	0	192	258	33
192	256	64	192	257	73
192	256	128	193	257	131
192	256	192	196	257	193
192	256	256	201	259	255
192	256	320	206	259	319
192	256	384	212	260	382
192	256	448	220	261	447
192	256	512	228	262	508
192	256	576	238	263	574
192	256	640	248	264	637
192	256	704	259	265	700
192	256	768	271	267	763
192	256	832	283	268	823
192	256	896	295	270	886
192	256	960	308	272	948
192	256	1023	321	275	1009
192	320	0	196	322	42
192	320	64	196	320	76
192	320	128	198	321	133
192	320	192	201	322	194
192	320	256	204	322	255
192	320	320	210	323	319
192	320	384	216	324	383
192	320	448	223	324	447
192	320	512	232	325	509
192	320	576	242	326	574
192	320	640	252	327	638
192	320	704	262	327	700
192	320	768	274	329	763
192	320	832	285	330	822
192	320	896	298	331	887
192	320	960	311	333	949
192	320	1023	323	335	1010
192	384	0	202	384	50
192	384	64	201	383	81
192	384	128	203	383	135
192	384	192	206	384	196
192	384	256	210	385	257
192	384	320	214	385	320
192	384	384	221	386	383
192	384	448	228	386	448
192	384	512	236	387	509
192	384	576	246	388	575
192	384	640	255	389	638
192	384	704	266	389	701
192	384	768	277	390	763
192	384	832	288	390	823
192	384	896	301	392	887
192	384	960	313	393	948
192	384	1023	326	394	1010
192	448	0	208	449	59
192	448	64	207	447	86
192	448	128	209	447	138
192	448	192	212	448	198
192	448	256	216	449	258
192	448	320	220	449	321
192	448	384	227	450	384
192	448	448	234	451	450
192	448	512	242	452	510
192	448	576	251	453	576
192	448	640	261	453	639
192	448	704	271	453	702
192	448	768	282	454	765
192	448	832	293	454	824
192	448	896	305	454	888
192	448	960	318	456	949
192	448	1023	330	457	1010
192	512	0	215	510	66
192	512	64	214	508	91
192	512	128	216	508	141
192	512	192	219	509	200
192	512	256	223	510	260
192	512	320	227	510	322
192	512	384	233	511	385
192	512	448	240	512	450
192	512	512	248	512	511
192	512	576	256	512	576
192	512	640	266	513	640
192	512	704	276	513	703
192	512	768	287	514	765
192	512	832	297	514	824
192	512	896	310	514	888
192	512	960	321	515	950
192	512	1023	334	516	1011
192	576	0	223	576	75
192	576	64	223	574	97
192	576	128	224	574	145
192	576	192	227	575	202
192	576	256	231	577	262
192	576	320	235	577	324
192	576	384	241	577	387
192	576	448	247	577	451
192	576	512	255	579	512
192	576	576	264	579	577
192	576	640	273	579	641
192	576	704	282	579	703
192	576	768	293	580	766
192	576	832	303	580	825
192	576	896	315	580	889
192	576	960	327	581	951
192	576	1023	339	582	1012
192	640	0	232	640	83
192	640	64	232	638	103
192	640	128	233	639	149
192	640	192	236	640	205
192	640	256	239	640	264
192	640	320	244	641	326
192	640	384	249	642	389
192	640	448	255	642	453
192	640	512	262	642	513
192	640	576	271	643	579
192	640	640	280	643	642
192	640	704	289	643	704
192	640	768	299	644	767
192	640	832	310	644	827
192	640	896	321	644	890
192	640	960	333	644	952
192	640	1023	344	646	1013
192	704	0	242	701	91
192	704	64	241	700	110
192	704	128	242	699	153
192	704	192	245	700	208
192	704	256	248	701	266
192	704	320	252	702	328
192	704	384	258	702	390
192	704	448	264	703	454
192	704	512	270	703	514
192	704	576	279	704	580
192	704	640	287	703	643
192	704	704	296	704	706
192	704	768	307	704	768
192	704	832	317	704	828
192	704	896	327	704	891
192	704	960	339	705	953
192	704	1023	351	707	1015
192	768	0	252	766	100
192	768	64	251	763	116
192	768	128	252	764	158
192	768	192	255	765	212
192	768	256	258	765	269
192	768	320	262	766	330
192	768	384	267	767	392
192	768	448	273	767	456
192	768	512	280	767	516
192	768	576	288	768	581
192	768	640	296	768	645
192	768	704	305	768	707
192	768	768	315	769	769
192	768	832	324	768	829
192	768	896	335	768	892
192	768	960	346	769	954
192	768	1023	358	770	1015
192	832	0	261	826	107
192	832	64	261	825	123
192	832	128	262	825	163
192	832	192	264	825	214
192	832	256	267	827	271
192	832	320	272	827	332
192	832	384	276	827	393
192	832	448	282	828	457
192	832	512	288	828	517
192	832	576	296	830	582
192	832	640	304	829	645
192	832	704	313	829	707
192	832	768	322	830	770
192	832	832	332	830	829
192	832	896	342	829	892
192	832	960	353	830	954
192	832	1023	364	832	1016
192	896	0	273	890	115
192	896	64	272	889	130
192	896	128	274	889	167
192	896	192	275	889	218
192	896	256	279	891	274
192	896	320	282	892	334
192	896	384	287	892	394
192	896	448	292	892	458
192	896	512	298	893	518
192	896	576	306	893	583
192	896	640	313	892	645
192	896	704	322	893	708
192	896	768	330	894	770
192	896	832	340	893	830
192	896	896	350	893	893
192	896	960	360	894	955
192	896	1023	372	895	1016
192	960	0	284	951	123
192	960	64	283	949	137
192	960	128	284	950	173
192	960	192	286	950	222
192	960	256	289	951	277
192	960	320	293	952	336
192	960	384	297	953	397
192	960	448	303	953	460
192	960	512	308	953	520
192	960	576	315	954	585
192	960	640	322	953	647
192	960	704	330	954	709
192	960	768	339	955	772
192	960	832	349	954	831
192	960	896	358	954	894
192	960	960	369	954	956
192	960	1023	379	956	1017
192	1023	0	296	1015	132
192	1023	64	295	1012	144
192	1023	128	296	1013	178
192	1023	192	298	1014	227
192	1023	256	300	1014	280
192	1023	320	304	1015	339
192	1023	384	308	1016	399
192	1023	448	313	1016	462
192	1023	512	319	1016	521
192	1023	576	326	1017	586
192	1023	640	333	1017	649
192	1023	704	341	1016	711
192	1023	768	349	1018	773
192	1023	832	358	1017	833
192	1023	896	368	1017	896
192	1023	960	377	1016	958
192	1023	1023	388	1017	1019
256	0	0	244	36	0
256	0	64	243	37	66
256	0	128	244	38	128
256	0	192	246	40	191
256	0	256	250	44	253
256	0	320	254	48	317
256	0	384	259	53	380
256	0	448	265	58	446
256	0	512	272	64	507
256	0	576	280	70	573
256	0	640	288	76	636
256	0	704	297	82	699
256	0	768	307	89	761
256	0	832	317	95	821
256	0	896	328	101	884
256	0	960	339	108	946
256	0	1023	351	115	1007
256	64	0	244	77	3
256	64	64	244	76	67
256	64	128	245	77	128
256	64	192	247	78	191
256	64	256	251	80	253
256	64	320	254	82	317
256	64	384	260	85	381
256	64	448	266	88	446
256	64	512	272	92	507
256	64	576	281	96	573
256	64	640	289	100	636
256	64	704	298	105	699
256	64	768	308	110	762
256	64	832	318	114	822
256	64	896	328	120	885
256	64	960	340	125	948
256	64	1023	351	132	1007
256	128	0	245	135	15
256	128	64	244	135	68
256	128	128	246	135	129
256	128	192	248	136	192
256	128	256	251	137	253
256	128	320	255	138	317
256	128	384	261	140	381
256	128	448	266	141	446
256	128	512	273	144	507
256	128	576	281	146	573
256	128	640	290	149	637
256	128	704	298	151	699
256	128	768	308	155	762
256	128	832	318	158	822
256	128	896	329	161	886
256	128	960	341	165	947
256	128	1023	352	170	1008
256	192	0	247	197	24
256	192	64	246	196	70
256	192	128	247	196	129
256	192	192	249	196	192
256	192	256	252	198	254
256	192	320	257	199	318
256	192	384	262	200	381
256	192	448	268	201	447
256	192	512	274	202	507
256	192	576	283	204	574
256	192	640	290	205	636
256	192	704	300	207	699
256	192	768	309	210	762
256	192	832	319	212	822
256	192	896	330	213	885
256	192	960	341	217	947
256	192	1023	353	220	1009
256	256	0	249	258	33
256	256	64	248	257	73
256	256	128	249	258	131
256	256	192	252	258	193
256	256	256	255	259	255
256	256	320	259	260	318
256	256	384	264	261	382
256	256	448	270	261	447
256	256	512	277	263	508
256	256	576	285	264	574
256	256	640	293	265	637
256	256	704	301	266	700
256	256	768	311	268	763
256	256	832	321	269	822
256	256	896	332	271	886
256	256	960	343	273	948
256	256	1023	355	275	1009
256	320	0	252	322	42
256	320	64	252	321	76
256	320	128	252	321	133
256	320	192	255	322	194
256	320	256	258	323	256
256	320	320	262	324	319
256	320	384	267	324	382
256	320	448	273	325	448
256	320	512	279	325	508
256	320	576	288	327	575
256	320	640	295	327	638
256	320	704	304	328	701
256	320	768	314	330	763
256	320	832	324	331	823
256	320	896	334	331	886
256	320	960	345	333	948
256	320	1023	356	335	1009
256	384	0	256	384	50
256	384	64	255	384	81
256	384	128	256	384	135
256	384	192	258	384	195
256	384	256	262	385	256
256	384	320	266	386	320
256	384	384	270	386	383
256	384	448	276	387	448
256	384	512	283	387	509
256	384	576	291	389	575
256	384	640	298	388	638
256	384	704	307	389	700
256	384	768	317	391	763
256	384	832	326	391	823
256	384	896	337	392	887
256	384	960	348	394	948
256	384	1023	359	395	1010
256	448	0	261	449	58
256	448	64	260	448	86
256	448	128	261	448	138
256	448	192	263	449	198
256	448	256	266	449	258
256	448	320	270	450	321
256	448	384	276	451	384
256	448	448	281	451	449
256	448	512	287	451	510
256	448	576	295	452	576
256	448	640	303	453	639
256	448	704	311	453	701
256	448	768	320	454	764
256	448	832	330	454	824
256	448	896	340	455	887
256	448	960	351	456	949
256	448	1023	362	458	1011
256	512	0	267	511	66
256	512	64	266	509	91
256	512	128	267	509	141
256	512	192	269	510	200
256	512	256	272	510	259
256	512	320	276	511	322
256	512	384	281	512	385
256	512	448	286	511	450
256	512	512	292	512	511
256	512	576	300	513	576
256	512	640	308	513	640
256	512	704	316	513	702
256	512	768	325	514	765
256	512	832	334	515	825
256	512	896	345	515	889
256	512	960	355	516	950
256	512	1023	366	517	1011
256	576	0	273	576	75
256	576	64	272	575	97
256	576	128	273	574	145
256	576	192	275	575	202
256	576	256	278	577	262
256	576	320	282	577	324
256	576	384	286	578	386
256	576	448	292	578	451
256	576	512	298	578	512
256	576	576	305	579	578
256	576	640	313	579	640
256	576	704	321	579	703
256	576	768	330	581	766
256	576	832	340	580	825
256	576	896	349	580	889
256	576	960	360	581	951
256	576	1023	371	583	1012
256	640	0	280	641	83
256	640	64	279	638	103
256	640	128	280	639	149
256	640	192	282	640	205
256	640	256	285	641	264
256	640	320	289	641	325
256	640	384	293	642	388
256	640	448	299	642	453
256	640	512	304	642	513
256	640	576	312	644	579
256	640	640	319	643	642
256	640	704	327	643	704
256	640	768	337	644	767
256	640	832	345	643	826
256	640	896	355	644	890
256	640	960	365	645	952
256	640	1023	376	645	1012
256	704	0	288	702	91
256	704	64	287	699	110
256	704	128	288	700	153
256	704	192	290	701	208
256	704	256	293	702	267
256	704	320	296	701	327
256	704	384	300	702	390
256	704	448	305	702	454
256	704	512	312	703	515
256	704	576	318	704	580
256	704	640	326	703	643
256	704	704	333	703	705
256	704	768	342	705	768
256	704	832	351	704	827
256	704	896	361	704	891
256	704	960	371	705	953
256	704	1023	381	706	1014
256	768	0	296	766	99
256	768	64	296	764	116
256	768	128	296	764	158
256	768	192	298	764	211
256	768	256	301	766	269
256	768	320	304	766	330
256	768	384	308	767	391
256	768	448	314	767	456
256	768	512	319	767	516
256	768	576	326	769	581
256	768	640	333	768	644
256	768	704	341	768	707
256	768	768	349	769	769
256	768	832	358	769	829
256	768	896	367	768	892
256	768	960	377	769	954
256	768	1023	387	770	1015
256	832	0	304	827	107
256	832	64	303	824	123
256	832	128	304	825	162
256	832	192	306	826	215
256	832	256	309	827	271
256	832	320	312	827	331
256	832	384	316	828	393
256	832	448	321	828	456
256	832	512	327	829	517
256	832	576	333	829	582
256	832	640	340	829	645
256	832	704	348	830	707
256	832	768	356	830	769
256	832	832	364	830	829
256	832	896	374	830	893
256	832	960	383	830	955
256	832	1023	393	831	1015
256	896	0	314	891	115
256	896	64	313	889	130
256	896	128	314	889	167
256	896	192	316	890	218
256	896	256	318	891	274
256	896	320	321	891	333
256	896	384	325	892	395
256	896	448	330	892	458
256	896	512	335	892	518
256	896	576	342	893	583
256	896	640	348	894	646
256	896	704	355	892	707
256	896	768	364	894	770
256	896	832	372	893	830
256	896	896	381	894	894
256	896	960	391	894	955
256	896	1023	401	895	1016
256	960	0	323	952	124
256	960	64	322	949	137
256	960	128	323	949	173
256	960	192	325	951	222
256	960	256	327	952	277
256	960	320	330	952	336
256	960	384	334	953	396
256	960	448	339	953	459
256	960	512	344	954	520
256	960	576	350	954	584
256	960	640	357	954	647
256	960	704	364	955	710
256	960	768	372	955	771
256	960	832	380	954	831
256	960	896	388	954	895
256	960	960	397	955	956
256	960	1023	408	955	1017
256	1023	0	333	1015	132
256	1023	64	333	1013	144
256	1023	128	333	1013	179
256	1023	192	335	1013	226
256	1023	256	337	1015	280
256	1023	320	340	1015	339
256	1023	384	344	1016	399
256	1023	448	349	1016	462
256	1023	512	354	1017	522
256	1023	576	360	1018	587
256	1023	640	365	1016	649
256	1023	704	373	1017	711
256	1023	768	380	1018	773
256	1023	832	388	1017	833
256	1023	896	397	1016	896
256	1023	960	406	1016	957
256	1023	1023	415	1017	1018
320	0	0	305	45	0
320	0	64	304	45	66
320	0	128	305	46	128
320	0	192	307	49	191
320	0	256	309	51	253
320	0	320	313	55	317
320	0	384	317	59	380
320	0	448	321	64	445
320	0	512	327	69	507
320	0	576	333	75	572
320	0	640	341	80	636
320	0	704	347	86	698
320	0	768	356	92	761
320	0	832	364	98	821
320	0	896	373	105	885
320	0	960	383	110	947
320	0	1023	393	117	1008
320	64	0	305	81	0
320	64	64	305	80	66
320	64	128	306	81	128
320	64	192	307	82	191
320	64	256	310	83	253
320	64	320	313	86	317
320	64	384	317	89	381
320	64	448	322	91	446
320	64	512	327	95	507
320	64	576	334	99	573
320	64	640	340	103	636
320	64	704	348	108	699
320	64	768	356	112	762
320	64	832	364	117	822
320	64	896	374	122	886
320	64	960	383	128	947
320	64	1023	393	134	1008
320	128	0	306	137	14
320	128	64	305	137	67
320	128	128	306	137	128
320	128	192	308	138	191
320	128	256	311	139	253
320	128	320	314	140	317
320	128	384	318	142	381
320	128	448	323	144	447
320	128	512	328	145	508
320	128	576	334	148	573
320	128	640	341	151	637
320	128	704	349	153	700
320	128	768	357	157	762
320	128	832	365	159	822
320	128	896	374	163	885
320	128	960	384	167	947
320	128	1023	394	172	1008
320	192	0	308	198	23
320	192	64	306	197	70
320	192	128	307	198	130
320	192	192	309	198	192
320	192	256	312	199	254
320	192	320	315	200	318
320	192	384	319	201	382
320	192	448	324	202	446
320	192	512	329	204	508
320	192	576	336	205	573
320	192	640	342	207	637
320	192	704	349	208	699
320	192	768	358	211	762
320	192	832	366	213	822
320	192	896	375	215	886
320	192	960	385	218	948
320	192	1023	395	221	1009
320	256	0	309	259	33
320	256	64	308	259	73
320	256	128	309	259	131
320	256	192	311	259	193
320	256	256	314	260	255
320	256	320	316	260	318
320	256	384	321	262	382
320	256	448	326	263	447
320	256	512	331	264	508
320	256	576	338	265	574
320	256	640	344	266	637
320	256	704	351	267	700
320	256	768	359	269	763
320	256	832	368	270	823
320	256	896	376	272	886
320	256	960	386	274	948
320	256	1023	396	276	1009
320	320	0	312	324	41
320	320	64	311	322	76
320	320	128	312	323	133
320	320	192	314	323	194
320	320	256	316	323	255
320	320	320	319	324	319
320	320	384	323	325	382
320	320	448	328	325	447
320	320	512	333	326	508
320	320	576	340	327	574
320	320	640	346	328	638
320	320	704	353	329	700
320	320	768	361	330	763
320	320	832	369	331	823
320	320	896	379	332	887
320	320	960	388	334	948
320	320	1023	398	336	1009
320	384	0	315	386	50
320	384	64	314	384	81
320	384	128	315	385	135
320	384	192	316	385	196
320	384	256	319	386	256
320	384	320	322	386	320
320	384	384	326	388	383
320	384	448	331	387	448
320	384	512	336	389	509
320	384	576	342	389	575
320	384	640	349	390	639
320	384	704	356	390	701
320	384	768	364	392	763
320	384	832	372	392	823
320	384	896	381	393	887
320	384	960	391	395	949
320	384	1023	400	396	1010
320	448	0	319	450	58
320	448	64	318	448	86
320	448	128	318	449	138
320	448	192	320	449	198
320	448	256	323	450	258
320	448	320	326	450	321
320	448	384	330	451	384
320	448	448	334	451	449
320	448	512	340	452	510
320	448	576	346	453	575
320	448	640	352	453	639
320	448	704	360	454	702
320	448	768	367	454	764
320	448	832	375	454	824
320	448	896	384	455	887
320	448	960	394	457	950
320	448	1023	403	458	1010
320	512	0	323	511	66
320	512	64	322	509	91
320	512	128	323	509	141
320	512	192	325	510	200
320	512	256	327	511	260
320	512	320	330	511	322
320	512	384	334	512	385
320	512	448	338	512	450
320	512	512	344	513	511
320	512	576	350	513	576
320	512	640	356	513	640
320	512	704	363	514	702
320	512	768	371	515	765
320	512	832	379	514	824
320	512	896	387	515	888
320	512	960	397	516	950
320	512	1023	407	517	1011
320	576	0	328	577	75
320	576	64	327	575	97
320	576	128	328	576	145
320	576	192	330	576	202
320	576	256	332	577	261
320	576	320	335	577	324
320	576	384	339	578	386
320	576	448	343	578	451
320	576	512	348	579	512
320	576	576	354	579	577
320	576	640	361	579	640
320	576	704	367	579	703
320	576	768	376	580	765
320	576	832	383	580	825
320	576	896	392	581	889
320	576	960	401	582	951
320	576	1023	411	583	1012
320	640	0	334	641	83
320	640	64	333	639	103
320	640	128	334	640	149
320	640	192	335	639	205
320	640	256	338	641	263
320	640	320	341	641	326
320	640	384	345	642	388
320	640	448	349	642	452
320	640	512	354	642	513
320	640	576	360	643	578
320	640	640	366	643	641
320	640	704	373	643	704
320	640	768	380	644	767
320	640	832	388	644	826
320	640	896	397	644	890
320	640	960	406	645	952
320	640	1023	415	647	1013
320	704	0	340	702	91
320	704	64	340	700	110
320	704	128	340	700	153
320	704	192	342	701	208
320	704	256	344	702	266
320	704	320	347	703	328
320	704	384	351	703	390
320	704	448	356	703	454
320	704	512	360	703	514
320	704	576	366	705	580
320	704	640	372	704	643
320	704	704	379	704	706
320	704	768	386	706	768
320	704	832	394	705	828
320	704	896	402	705	891
320	704	960	411	706	953
320	704	1023	420	706	1013
320	768	0	347	766	99
320	768	64	347	765	116
320	768	128	347	765	158
320	768	192	348	764	211
320	768	256	351	766	269
320	768	320	354	766	330
320	768	384	358	768	392
320	768	448	362	767	456
320	768	512	366	767	515
320	768	576	372	768	581
320	768	640	378	767	644
320	768	704	384	768	706
320	768	768	392	769	769
320	768	832	400	769	829
320	768	896	408	769	892
320	768	960	416	769	954
320	768	1023	426	770	1015
320	832	0	354	827	107
320	832	64	353	825	123
320	832	128	353	825	162
320	832	192	355	826	214
320	832	256	358	827	271
320	832	320	361	828	331
320	832	384	364	828	393
320	832	448	368	829	457
320	832	512	373	829	517
320	832	576	379	830	582
320	832	640	384	829	645
320	832	704	391	830	707
320	832	768	398	831	770
320	832	832	405	830	829
320	832	896	414	830	892
320	832	960	422	830	954
320	832	1023	431	831	1015
320	896	0	362	891	116
320	896	64	361	889	130
320	896	128	361	889	167
320	896	192	363	890	218
320	896	256	366	891	274
320	896	320	368	892	334
320	896	384	371	892	394
320	896	448	376	893	458
320	896	512	380	893	518
320	896	576	386	894	583
320	896	640	391	893	645
320	896	704	398	894	708
320	896	768	405	894	770
320	896	832	412	894	830
320	896	896	420	893	893
320	896	960	428	894	955
320	896	1023	437	895	1015
320	960	0	370	951	124
320	960	64	369	950	137
320	960	128	369	949	173
320	960	192	371	950	222
320	960	256	373	952	277
320	960	320	376	952	336
320	960	384	379	953	396
320	960	448	383	953	460
320	960	512	388	954	520
320	960	576	393	955	584
320	960	640	398	954	647
320	960	704	405	954	709
320	960	768	412	955	772
320	960	832	419	955	831
320	960	896	426	954	894
320	960	960	435	955	956
320	960	1023	444	956	1017
320	1023	0	378	1015	132
320	1023	64	378	1013	144
320	1023	128	378	1014	179
320	1023	192	379	1013	226
320	1023	256	382	1015	280
320	1023	320	385	1016	339
320	1023	384	388	1017	399
320	1023	448	391	1016	462
320	1023	512	396	1016	521
320	1023	576	401	1017	586
320	1023	640	406	1016	648
320	1023	704	413	1016	710
320	1023	768	420	1017	773
320	1023	832	426	1017	833
320	1023	896	434	1017	896
320	1023	960	443	1017	958
320	1023	1023	451	1017	1018
384	0	0	365	54	0
384	0	64	363	54	66
384	0	128	364	55	128
384	0	192	365	56	191
384	0	256	368	59	252
384	0	320	370	62	316
384	0	384	374	66	380
384	0	448	378	70	446
384	0	512	382	74	507
384	0	576	388	79	572
384	0	640	393	85	636
384	0	704	400	90	699
384	0	768	407	96	762
384	0	832	413	101	821
384	0	896	421	108	885
384	0	960	429	114	946
384	0	1023	438	120	1008
384	64	0	365	85	0
384	64	64	364	85	66
384	64	128	364	85	128
384	64	192	366	86	191
384	64	256	369	88	253
384	64	320	371	90	317
384	64	384	375	93	381
384	64	448	378	95	446
384	64	512	383	99	507
384	64	576	388	103	573
384	64	640	394	107	637
384	64	704	400	111	700
384	64	768	406	116	761
384	64	832	414	120	821
384	64	896	422	125	885
384	64	960	430	131	947
384	64	1023	439	136	1008
384	128	0	365	140	13
384	128	64	364	139	67
384	128	128	365	140	129
384	128	192	367	141	191
384	128	256	369	141	253
384	128	320	371	143	317
384	128	384	375	144	381
384	128	448	379	146	446
384	128	512	383	148	507
384	128	576	389	150	573
384	128	640	394	153	636
384	128	704	400	156	699
384	128	768	407	158	762
384	128	832	414	162	822
384	128	896	422	165	886
384	128	960	430	169	947
384	128	1023	439	173	1008
384	192	0	366	200	23
384	192	64	365	199	69
384	192	128	366	199	129
384	192	192	367	200	192
384	192	256	370	201	254
384	192	320	372	201	317
384	192	384	376	203	381
384	192	448	380	204	447
384	192	512	384	205	507
384	192	576	389	207	573
384	192	640	395	208	637
384	192	704	401	210	700
384	192	768	408	212	762
384	192	832	414	214	821
384	192	896	422	216	885
384	192	960	431	219	947
384	192	1023	440	222	1008
384	256	0	368	261	32
384	256	64	367	260	72
384	256	128	368	260	131
384	256	192	369	260	193
384	256	256	371	261	254
384	256	320	374	262	318
384	256	384	377	263	382
384	256	448	381	263	447
384	256	512	386	265	508
384	256	576	391	266	574
384	256	640	396	267	637
384	256	704	402	268	699
384	256	768	410	270	762
384	256	832	416	271	822
384	256	896	424	273	886
384	256	960	433	275	948
384	256	1023	441	277	1009
384	320	0	370	324	41
384	320	64	369	323	76
384	320	128	369	323	133
384	320	192	371	323	194
384	320	256	373	324	255
384	320	320	376	324	319
384	320	384	379	326	382
384	320	448	383	326	448
384	320	512	388	327	508
384	320	576	393	328	574
384	320	640	398	329	637
384	320	704	404	330	700
384	320	768	412	331	763
384	320	832	418	332	823
384	320	896	426	333	886
384	320	960	434	335	948
384	320	1023	443	337	1008
384	384	0	373	386	49
384	384	64	372	385	80
384	384	128	372	385	135
384	384	192	373	386	196
384	384	256	376	386	256
384	384	320	378	387	319
384	384	384	381	387	383
384	384	448	386	388	448
384	384	512	390	389	509
384	384	576	395	390	575
384	384	640	400	390	638
384	384	704	407	391	701
384	384	768	413	392	763
384	384	832	420	393	823
384	384	896	427	392	886
384	384	960	436	394	948
384	384	1023	444	396	1009
384	448	0	376	450	58
384	448	64	375	449	86
384	448	128	376	449	138
384	448	192	376	449	197
384	448	256	379	450	258
384	448	320	382	451	321
384	448	384	384	451	383
384	448	448	389	452	449
384	448	512	393	452	509
384	448	576	398	453	575
384	448	640	403	453	638
384	448	704	409	454	701
384	448	768	416	455	764
384	448	832	423	455	824
384	448	896	431	456	888
384	448	960	439	457	949
384	448	1023	447	458	1010
384	512	0	379	511	65
384	512	64	378	510	91
384	512	128	379	510	141
384	512	192	380	509	199
384	512	256	383	511	259
384	512	320	385	511	322
384	512	384	388	512	385
384	512	448	392	512	450
384	512	512	396	513	510
384	512	576	402	514	576
384	512	640	407	513	639
384	512	704	413	514	702
384	512	768	420	515	765
384	512	832	427	515	824
384	512	896	434	515	888
384	512	960	442	516	949
384	512	1023	451	518	1011
384	576	0	384	577	74
384	576	64	383	576	97
384	576	128	383	575	145
384	576	192	384	576	202
384	576	256	387	577	261
384	576	320	389	577	323
384	576	384	393	578	386
384	576	448	397	579	451
384	576	512	401	579	511
384	576	576	406	580	577
384	576	640	411	579	640
384	576	704	417	580	703
384	576	768	424	581	766
384	576	832	431	581	826
384	576	896	438	581	889
384	576	960	446	582	950
384	576	1023	454	583	1011
384	640	0	389	641	83
384	640	64	387	639	103
384	640	128	388	639	149
384	640	192	390	640	205
384	640	256	392	641	263
384	640	320	394	641	325
384	640	384	398	642	388
384	640	448	401	642	452
384	640	512	405	643	513
384	640	576	410	643	578
384	640	640	416	643	642
384	640	704	421	643	704
384	640	768	428	644	766
384	640	832	434	644	826
384	640	896	442	644	890
384	640	960	450	645	951
384	640	1023	458	646	1012
384	704	0	394	702	91
384	704	64	393	700	109
384	704	128	394	700	153
384	704	192	395	701	208
384	704	256	397	701	266
384	704	320	399	702	327
384	704	384	403	703	390
384	704	448	406	702	453
384	704	512	411	704	514
384	704	576	416	704	580
384	704	640	421	704	643
384	704	704	426	704	705
384	704	768	433	705	768
384	704	832	439	705	827
384	704	896	447	705	891
384	704	960	455	706	953
384	704	1023	463	706	1014
384	768	0	400	766	99
384	768	64	398	764	116
384	768	128	399	764	158
384	768	192	401	765	211
384	768	256	403	766	269
384	768	320	405	766	329
384	768	384	409	767	391
384	768	448	412	766	455
384	768	512	416	768	516
384	768	576	421	768	581
384	768	640	426	768	644
384	768	704	431	768	706
384	768	768	438	769	768
384	768	832	444	768	828
384	768	896	452	769	892
384	768	960	460	770	954
384	768	1023	467	770	1014
384	832	0	406	828	107
384	832	64	404	825	122
384	832	128	405	826	162
384	832	192	406	826	214
384	832	256	408	827	270
384	832	320	411	827	331
384	832	384	414	828	393
384	832	448	417	828	456
384	832	512	421	829	516
384	832	576	426	829	581
384	832	640	431	829	644
384	832	704	436	829	706
384	832	768	443	830	769
384	832	832	450	829	829
384	832	896	457	830	892
384	832	960	465	831	955
384	832	1023	473	831	1015
384	896	0	413	892	115
384	896	64	411	889	130
384	896	128	412	890	168
384	896	192	413	891	218
384	896	256	415	891	273
384	896	320	418	892	333
384	896	384	421	893	394
384	896	448	424	892	458
384	896	512	428	894	518
384	896	576	433	894	583
384	896	640	438	893	646
384	896	704	443	893	707
384	896	768	449	894	770
384	896	832	456	894	830
384	896	896	463	894	894
384	896	960	471	895	955
384	896	1023	478	895	1016
384	960	0	419	953	123
384	960	64	418	950	137
384	960	128	418	950	173
384	960	192	420	951	222
384	960	256	422	951	276
384	960	320	424	952	336
384	960	384	427	953	396
384	960	448	430	953	459
384	960	512	434	954	520
384	960	576	439	954	584
384	960	640	444	954	647
384	960	704	449	954	709
384	960	768	456	955	772
384	960	832	462	954	831
384	960	896	469	954	894
384	960	960	476	955	956
384	960	1023	484	956	1017
384	1023	0	427	1016	131
384	1023	64	425	1013	144
384	1023	128	426	1013	178
384	1023	192	427	1014	226
384	1023	256	430	1015	280
384	1023	320	432	1015	338
384	1023	384	435	1016	399
384	1023	448	438	1016	461
384	1023	512	442	1017	521
384	1023	576	446	1017	586
384	1023	640	451	1017	649
384	1023	704	456	1017	711
384	1023	768	463	1017	773
384	1023	832	468	1017	832
384	1023	896	475	1017	896
384	1023	960	483	1017	958
384	1023	1023	490	1017	1018
448	0	0	426	63	0
448	0	64	424	63	65
448	0	128	425	63	127
448	0	192	426	65	190
448	0	256	428	67	252
448	0	320	430	69	316
448	0	384	433	73	380
448	0	448	436	76	445
448	0	512	440	81	506
448	0	576	444	86	572
448	0	640	449	91	635
448	0	704	455	95	699
448	0	768	460	100	760
448	0	832	466	106	820
448	0	896	473	112	884
448	0	960	481	117	947
448	0	1023	488	124	1007
448	64	0	427	91	0
448	64	64	425	90	65
448	64	128	425	91	128
448	64	192	427	92	191
448	64	256	429	93	253
448	64	320	431	95	316
448	64	384	434	97	380
448	64	448	437	100	446
448	64	512	441	103	507
448	64	576	445	107	573
448	64	640	450	111	636
448	64	704	455	115	698
448	64	768	461	119	762
448	64	832	467	123	821
448	64	896	474	128	885
448	64	960	482	133	947
448	64	1023	489	140	1008
448	128	0	427	143	9
448	128	64	425	142	67
448	128	128	426	143	128
448	128	192	427	143	191
448	128	256	429	144	253
448	128	320	431	146	317
448	128	384	434	147	380
448	128	448	437	149	446
448	128	512	441	150	507
448	128	576	446	153	573
448	128	640	450	155	636
448	128	704	456	158	699
448	128	768	462	161	762
448	128	832	468	164	822
448	128	896	475	167	886
448	128	960	481	172	946
448	128	1023	489	176	1008
448	192	0	427	201	21
448	192	64	426	201	68
448	192	128	426	201	129
448	192	192	428	202	192
448	192	256	430	203	253
448	192	320	432	203	317
448	192	384	435	205	381
448	192	448	438	205	446
448	192	512	442	207	507
448	192	576	446	208	573
448	192	640	451	210	636
448	192	704	457	212	699
448	192	768	462	214	762
448	192	832	468	216	821
448	192	896	475	218	885
448	192	960	482	221	947
448	192	1023	490	224	1008
448	256	0	428	262	31
448	256	64	428	261	72
448	256	128	428	262	131
448	256	192	430	262	193
448	256	256	431	262	254
448	256	320	433	263	318
448	256	384	437	264	382
448	256	448	439	265	446
448	256	512	443	265	507
448	256	576	448	267	574
448	256	640	452	268	636
448	256	704	457	269	699
448	256	768	463	271	762
448	256	832	469	272	822
448	256	896	476	274	886
448	256	960	483	276	947
448	256	1023	491	278	1009
448	320	0	431	325	40
448	320	64	429	324	75
448	320	128	429	324	132
448	320	192	431	324	194
448	320	256	433	325	255
448	320	320	435	325	318
448	320	384	438	327	382
448	320	448	441	327	447
448	320	512	445	328	508
448	320	576	449	329	573
448	320	640	454	329	637
448	320	704	459	331	700
448	320	768	465	331	762
448	320	832	470	332	822
448	320	896	477	333	886
448	320	960	485	335	948
448	320	1023	492	337	1009
448	384	0	432	387	49
448	384	64	430	385	80
448	384	128	431	385	135
448	384	192	433	386	195
448	384	256	435	387	256
448	384	320	437	387	319
448	384	384	440	388	382
448	384	448	443	389	448
448	384	512	447	389	508
448	384	576	452	391	574
448	384	640	456	390	638
448	384	704	461	391	700
448	384	768	467	393	763
448	384	832	472	393	822
448	384	896	479	393	886
448	384	960	487	395	948
448	384	1023	494	397	1009
448	448	0	435	450	57
448	448	64	434	450	85
448	448	128	434	449	137
448	448	192	435	450	197
448	448	256	437	451	257
448	448	320	440	451	321
448	448	384	442	452	383
448	448	448	446	452	449
448	448	512	449	452	509
448	448	576	454	454	575
448	448	640	458	454	638
448	448	704	464	454	701
448	448	768	470	455	764
448	448	832	475	456	823
448	448	896	481	456	887
448	448	960	489	457	949
448	448	1023	497	459	1010
448	512	0	438	511	65
448	512	64	437	510	90
448	512	128	437	510	140
448	512	192	439	510	199
448	512	256	441	511	259
448	512	320	443	512	322
448	512	384	445	512	384
448	512	448	449	513	449
448	512	512	452	513	510
448	512	576	457	514	576
448	512	640	461	514	639
448	512	704	467	515	702
448	512	768	473	516	765
448	512	832	479	516	825
448	512	896	485	516	888
448	512	960	492	517	950
448	512	1023	499	518	1010
448	576	0	442	577	74
448	576	64	440	576	96
448	576	128	441	576	144
448	576	192	442	577	202
448	576	256	445	578	261
448	576	320	446	577	323
448	576	384	449	578	386
448	576	448	453	579	451
448	576	512	456	579	511
448	576	576	460	580	576
448	576	640	465	580	640
448	576	704	470	580	703
448	576	768	476	581	765
448	576	832	481	581	824
448	576	896	488	581	888
448	576	960	496	582	951
448	576	1023	502	583	1011
448	640	0	447	642	83
448	640	64	445	640	103
448	640	128	445	640	148
448	640	192	447	641	205
448	640	256	448	640	263
448	640	320	451	641	325
448	640	384	453	642	387
448	640	448	456	642	451
448	640	512	460	643	512
448	640	576	465	643	578
448	640	640	469	643	641
448	640	704	473	643	703
448	640	768	479	644	766
448	640	832	485	644	826
448	640	896	492	644	890
448	640	960	499	645	951
448	640	1023	506	646	1012
448	704	0	451	702	91
448	704	64	449	700	109
448	704	128	450	701	153
448	704	192	452	701	208
448	704	256	453	701	265
448	704	320	455	702	327
448	704	384	458	703	389
448	704	448	461	703	453
448	704	512	464	703	514
448	704	576	469	704	579
448	704	640	473	703	642
448	704	704	478	704	705
448	704	768	484	705	767
448	704	832	490	705	827
448	704	896	496	705	891
448	704	960	503	705	952
448	704	1023	511	706	1014
448	768	0	456	767	99
448	768	64	455	764	116
448	768	128	455	765	157
448	768	192	457	765	211
448	768	256	458	765	268
448	768	320	460	766	329
448	768	384	463	767	391
448	768	448	466	767	455
448	768	512	470	768	516
448	768	576	474	768	580
448	768	640	478	768	644
448	768	704	483	767	705
448	768	768	489	769	768
448	768	832	494	769	828
448	768	896	501	769	892
448	768	960	508	770	954
448	768	1023	515	770	1014
448	832	0	461	828	107
448	832	64	459	825	122
448	832	128	460	826	162
448	832	192	461	827	214
448	832	256	463	827	270
448	832	320	465	827	331
448	832	384	468	829	392
448	832	448	471	828	456
448	832	512	474	829	516
448	832	576	479	830	582
448	832	640	483	830	645
448	832	704	488	829	706
448	832	768	493	830	769
448	832	832	498	829	828
448	832	896	505	829	892
448	832	960	512	830	953
448	832	1023	519	831	1015
448	896	0	466	891	115
448	896	64	465	889	129
448	896	128	466	889	167
448	896	192	467	891	218
448	896	256	468	891	273
448	896	320	470	891	333
448	896	384	474	892	394
448	896	448	476	892	457
448	896	512	479	892	517
448	896	576	484	894	583
448	896	640	488	893	645
448	896	704	493	893	707
448	896	768	499	894	770
448	896	832	504	894	830
448	896	896	510	894	893
448	896	960	517	894	954
448	896	1023	524	895	1015
448	960	0	473	953	123
448	960	64	471	950	136
448	960	128	471	950	172
448	960	192	473	951	222
448	960	256	474	951	276
448	960	320	477	952	335
448	960	384	479	953	396
448	960	448	482	953	459
448	960	512	486	954	519
448	960	576	490	954	584
448	960	640	494	954	647
448	960	704	498	953	708
448	960	768	504	955	771
448	960	832	510	955	831
448	960	896	516	955	894
448	960	960	523	955	956
448	960	1023	529	956	1017
448	1023	0	479	1016	131
448	1023	64	478	1013	144
448	1023	128	478	1013	178
448	1023	192	479	1014	226
448	1023	256	481	1014	280
448	1023	320	483	1015	338
448	1023	384	486	1016	398
448	1023	448	488	1015	461
448	1023	512	492	1017	521
448	1023	576	496	1017	585
448	1023	640	500	1017	648
448	1023	704	505	1016	710
448	1023	768	510	1017	772
448	1023	832	516	1016	832
448	1023	896	522	1017	896
448	1023	960	528	1017	957
448	1023	1023	535	1016	1018
512	0	0	484	71	0
512	0	64	482	71	64
512	0	128	482	72	127
512	0	192	484	73	190
512	0	256	486	75	252
512	0	320	487	77	316
512	0	384	490	80	379
512	0	448	492	82	444
512	0	512	496	87	506
512	0	576	500	91	572
512	0	640	504	96	635
512	0	704	508	101	697
512	0	768	513	106	760
512	0	832	518	110	820
512	0	896	525	116	884
512	0	960	531	123	946
512	0	1023	538	128	1007
512	64	0	485	96	0
512	64	64	483	96	65
512	64	128	483	96	127
512	64	192	485	97	191
512	64	256	486	98	252
512	64	320	488	100	316
512	64	384	491	103	380
512	64	448	493	105	445
512	64	512	497	108	507
512	64	576	501	112	572
512	64	640	505	115	636
512	64	704	509	119	699
512	64	768	514	124	761
512	64	832	519	127	821
512	64	896	526	132	885
512	64	960	532	137	947
512	64	1023	539	143	1008
512	128	0	484	146	0
512	128	64	483	146	66
512	128	128	483	146	128
512	128	192	485	146	191
512	128	256	487	147	253
512	128	320	489	149	317
512	128	384	491	150	380
512	128	448	494	152	446
512	128	512	497	154	507
512	128	576	501	156	573
512	128	640	505	158	636
512	128	704	510	161	699
512	128	768	515	164	762
512	128	832	520	167	821
512	128	896	526	170	885
512	128	960	532	174	946
512	128	1023	539	178	1008
512	192	0	485	204	20
512	192	64	484	203	68
512	192	128	484	203	129
512	192	192	486	204	191
512	192	256	488	205	253
512	192	320	489	205	317
512	192	384	492	206	381
512	192	448	494	207	446
512	192	512	498	209	507
512	192	576	502	210	573
512	192	640	506	212	636
512	192	704	510	214	699
512	192	768	515	216	761
512	192	832	521	217	822
512	192	896	526	220	885
512	192	960	532	223	946
512	192	1023	539	226	1008
512	256	0	486	263	30
512	256	64	485	262	71
512	256	128	486	263	130
512	256	192	486	263	192
512	256	256	488	264	254
512	256	320	490	265	318
512	256	384	492	265	381
512	256	448	495	266	446
512	256	512	498	267	507
512	256	576	503	268	573
512	256	640	506	269	636
512	256	704	511	271	699
512	256	768	516	273	762
512	256	832	521	274	822
512	256	896	527	275	885
512	256	960	534	278	947
512	256	1023	541	280	1008
512	320	0	488	326	39
512	320	64	486	325	75
512	320	128	487	325	132
512	320	192	488	326	194
512	320	256	489	326	254
512	320	320	491	326	318
512	320	384	494	327	381
512	320	448	496	327	446
512	320	512	500	329	508
512	320	576	504	330	573
512	320	640	508	330	637
512	320	704	512	331	699
512	320	768	518	333	762
512	320	832	523	334	822
512	320	896	529	335	886
512	320	960	535	337	947
512	320	1023	542	338	1009
512	384	0	490	388	48
512	384	64	488	386	79
512	384	128	488	387	134
512	384	192	490	387	195
512	384	256	492	388	256
512	384	320	493	388	319
512	384	384	496	389	382
512	384	448	498	389	447
512	384	512	502	390	508
512	384	576	506	391	574
512	384	640	510	391	637
512	384	704	514	392	700
512	384	768	519	393	762
512	384	832	524	393	822
512	384	896	530	394	886
512	384	960	537	396	948
512	384	1023	543	397	1009
512	448	0	492	451	57
512	448	64	490	450	85
512	448	128	490	450	137
512	448	192	492	450	197
512	448	256	494	451	257
512	448	320	495	451	320
512	448	384	498	452	383
512	448	448	501	453	448
512	448	512	504	453	509
512	448	576	509	455	575
512	448	640	512	454	638
512	448	704	516	455	701
512	448	768	522	456	764
512	448	832	527	456	824
512	448	896	533	457	887
512	448	960	539	458	949
512	448	1023	545	459	1009
512	512	0	495	512	65
512	512	64	493	510	89
512	512	128	493	510	140
512	512	192	495	511	199
512	512	256	497	512	259
512	512	320	498	512	321
512	512	384	501	512	384
512	512	448	504	513	449
512	512	512	507	514	510
512	512	576	511	515	576
512	512	640	515	514	639
512	512	704	519	515	702
512	512	768	524	516	764
512	512	832	529	516	824
512	512	896	535	516	888
512	512	960	541	518	950
512	512	1023	548	518	1010
512	576	0	499	578	74
512	576	64	497	577	96
512	576	128	497	577	144
512	576	192	498	577	202
512	576	256	501	579	261
512	576	320	502	578	323
512	576	384	505	579	386
512	576	448	507	579	450
512	576	512	510	580	511
512	576	576	514	580	576
512	576	640	518	580	640
512	576	704	522	580	702
512	576	768	527	581	765
512	576	832	532	581	824
512	576	896	538	582	888
512	576	960	545	582	950
512	576	1023	551	583	1011
512	640	0	502	642	82
512	640	64	500	640	102
512	640	128	501	640	148
512	640	192	502	641	204
512	640	256	503	641	263
512	640	320	506	642	325
512	640	384	508	643	387
512	640	448	510	642	451
512	640	512	513	643	512
512	640	576	518	644	578
512	640	640	522	644	641
512	640	704	526	644	703
512	640	768	531	645	766
512	640	832	536	645	826
512	640	896	542	645	890
512	640	960	548	645	951
512	640	1023	555	647	1012
512	704	0	506	703	90
512	704	64	505	701	109
512	704	128	506	702	153
512	704	192	506	701	207
512	704	256	508	703	266
512	704	320	510	703	327
512	704	384	512	703	389
512	704	448	515	703	453
512	704	512	518	704	514
512	704	576	522	705	579
512	704	640	526	704	642
512	704	704	530	705	705
512	704	768	535	705	767
512	704	832	540	705	827
512	704	896	545	705	891
512	704	960	552	706	952
512	704	1023	559	707	1014
512	768	0	511	767	99
512	768	64	509	765	115
512	768	128	510	765	157
512	768	192	511	766	211
512	768	256	512	766	268
512	768	320	514	766	329
512	768	384	517	767	391
512	768	448	519	767	454
512	768	512	522	767	515
512	768	576	526	768	580
512	768	640	530	768	644
512	768	704	534	768	706
512	768	768	540	769	768
512	768	832	544	769	828
512	768	896	550	769	892
512	768	960	556	770	954
512	768	1023	563	771	1015
512	832	0	514	827	107
512	832	64	513	826	122
512	832	128	514	827	162
512	832	192	514	826	214
512	832	256	516	828	270
512	832	320	519	828	331
512	832	384	520	828	392
512	832	448	523	829	456
512	832	512	526	829	516
512	832	576	530	830	581
512	832	640	533	829	644
512	832	704	538	830	707
512	832	768	543	831	769
512	832	832	548	830	829
512	832	896	554	830	892
512	832	960	559	830	954
512	832	1023	567	832	1015
512	896	0	520	891	115
512	896	64	518	890	129
512	896	128	519	890	167
512	896	192	519	890	217
512	896	256	521	891	273
512	896	320	523	892	333
512	896	384	525	892	393
512	896	448	528	892	457
512	896	512	531	893	517
512	896	576	535	894	582
512	896	640	539	893	645
512	896	704	543	893	707
512	896	768	548	894	769
512	896	832	553	894	829
512	896	896	558	894	893
512	896	960	564	894	954
512	896	1023	571	895	1016
512	960	0	525	952	123
512	960	64	524	951	136
512	960	128	524	951	172
512	960	192	525	951	222
512	960	256	527	952	276
512	960	320	529	953	335
512	960	384	531	954	396
512	960	448	533	953	459
512	960	512	536	953	519
512	960	576	540	955	584
512	960	640	544	953	646
512	960	704	548	954	709
512	960	768	553	955	771
512	960	832	558	955	831
512	960	896	564	955	895
512	960	960	569	955	956
512	960	1023	576	956	1017
512	1023	0	531	1016	131
512	1023	64	530	1014	144
512	1023	128	530	1014	178
512	1023	192	531	1015	226
512	1023	256	533	1015	279
512	1023	320	534	1015	338
512	1023	384	537	1016	398
512	1023	448	539	1016	461
512	1023	512	543	1017	521
512	1023	576	546	1018	586
512	1023	640	550	1017	648
512	1023	704	554	1017	710
512	1023	768	559	1018	773
512	1023	832	563	1017	832
512	1023	896	569	1017	896
512	1023	960	575	1017	957
512	1023	1023	581	1017	1018
576	0	0	547	80	0
576	0	64	545	80	64
576	0	128	545	80	127
576	0	192	546	81	190
576	0	256	548	83	252
576	0	320	550	85	316
576	0	384	552	88	380
576	0	448	554	90	445
576	0	512	557	94	506
576	0	576	560	98	572
576	0	640	564	102	635
576	0	704	567	106	698
576	0	768	572	111	761
576	0	832	577	115	821
576	0	896	582	121	884
576	0	960	588	126	946
576	0	1023	594	133	1007
576	64	0	547	103	0
576	64	64	546	102	65
576	64	128	546	103	127
576	64	192	547	103	191
576	64	256	548	105	252
576	64	320	550	106	316
576	64	384	553	109	380
576	64	448	555	111	445
576	64	512	558	114	507
576	64	576	561	117	572
576	64	640	565	120	636
576	64	704	568	124	698
576	64	768	573	128	761
576	64	832	577	132	821
576	64	896	583	137	885
576	64	960	589	141	947
576	64	1023	595	146	1008
576	128	0	547	150	0
576	128	64	546	150	66
576	128	128	546	150	128
576	128	192	547	150	191
576	128	256	549	151	253
576	128	320	551	152	317
576	128	384	553	154	380
576	128	448	556	156	446
576	128	512	558	157	507
576	128	576	562	160	573
576	128	640	565	162	636
576	128	704	569	164	699
576	128	768	574	167	762
576	128	832	578	170	822
576	128	896	583	174	885
576	128	960	588	177	947
576	128	1023	595	181	1008
576	192	0	548	206	17
576	192	64	546	205	68
576	192	128	547	206	129
576	192	192	548	206	191
576	192	256	550	207	253
576	192	320	551	208	317
576	192	384	553	209	380
576	192	448	555	209	445
576	192	512	559	211	507
576	192	576	562	213	573
576	192	640	566	215	636
576	192	704	569	216	699
576	192	768	574	218	761
576	192	832	578	220	821
576	192	896	584	222	885
576	192	960	589	225	947
576	192	1023	595	228	1008
576	256	0	549	265	29
576	256	64	548	265	71
576	256	128	548	265	130
576	256	192	549	265	192
576	256	256	551	266	254
576	256	320	552	267	318
576	256	384	554	267	381
576	256	448	557	268	446
576	256	512	559	269	507
576	256	576	564	271	573
576	256	640	566	271	636
576	256	704	570	272	699
576	256	768	575	274	762
576	256	832	579	275	822
576	256	896	585	277	886
576	256	960	590	279	947
576	256	1023	597	282	1009
576	320	0	551	328	39
576	320	64	548	326	74
576	320	128	549	327	132
576	320	192	551	327	194
576	320	256	552	327	255
576	320	320	553	328	318
576	320	384	555	329	381
576	320	448	557	329	446
576	320	512	561	330	508
576	320	576	564	331	573
576	320	640	568	332	637
576	320	704	571	332	699
576	320	768	576	334	762
576	320	832	580	335	822
576	320	896	585	336	886
576	320	960	591	338	948
576	320	1023	597	340	1008
576	384	0	552	389	47
576	384	64	550	387	79
576	384	128	551	388	134
576	384	192	552	388	195
576	384	256	554	389	256
576	384	320	555	389	319
576	384	384	557	390	382
576	384	448	559	390	447
576	384	512	562	391	508
576	384	576	566	392	574
576	384	640	569	393	637
576	384	704	573	393	700
576	384	768	577	394	762
576	384	832	582	394	822
576	384	896	587	395	886
576	384	960	593	397	948
576	384	1023	598	398	1008
576	448	0	554	452	57
576	448	64	553	452	85
576	448	128	553	451	137
576	448	192	554	452	197
576	448	256	556	452	257
576	448	320	557	452	320
576	448	384	559	453	383
576	448	448	562	454	448
576	448	512	565	454	509
576	448	576	569	456	575
576	448	640	571	455	638
576	448	704	575	456	701
576	448	768	580	457	764
576	448	832	585	457	824
576	448	896	589	458	887
576	448	960	595	459	949
576	448	1023	600	460	1009
576	512	0	556	513	64
576	512	64	555	512	89
576	512	128	555	511	140
576	512	192	556	512	199
576	512	256	558	513	259
576	512	320	559	512	321
576	512	384	562	514	384
576	512	448	564	514	449
576	512	512	567	514	510
576	512	576	571	516	576
576	512	640	573	515	639
576	512	704	577	516	701
576	512	768	582	517	764
576	512	832	587	517	824
576	512	896	592	517	888
576	512	960	597	518	949
576	512	1023	603	519	1010
576	576	0	560	579	74
576	576	64	558	577	96
576	576	128	558	577	144
576	576	192	559	578	202
576	576	256	561	579	261
576	576	320	562	579	323
576	576	384	565	579	386
576	576	448	566	579	450
576	576	512	570	581	511
576	576	576	573	581	576
576	576	640	577	581	640
576	576	704	581	582	703
576	576	768	585	582	765
576	576	832	589	582	824
576	576	896	594	582	888
576	576	960	600	584	950
576	576	1023	606	584	1011
576	640	0	564	643	82
576	640	64	562	641	102
576	640	128	562	642	148
576	640	192	563	642	204
576	640	256	564	642	263
576	640	320	566	643	325
576	640	384	568	644	387
576	640	448	570	643	451
576	640	512	574	644	513
576	640	576	577	645	578
576	640	640	580	644	641
576	640	704	584	644	703
576	640	768	588	645	766
576	640	832	592	645	825
576	640	896	597	645	889
576	640	960	603	647	951
576	640	1023	609	647	1012
576	704	0	567	703	90
576	704	64	565	702	108
576	704	128	566	702	153
576	704	192	566	702	207
576	704	256	568	703	265
576	704	320	570	703	327
576	704	384	571	703	389
576	704	448	574	704	453
576	704	512	577	704	513
576	704	576	581	705	579
576	704	640	583	705	642
576	704	704	587	705	705
576	704	768	592	706	767
576	704	832	597	706	827
576	704	896	601	706	891
576	704	960	607	706	952
576	704	1023	613	708	1014
576	768	0	571	768	99
576	768	64	569	766	115
576	768	128	570	766	157
576	768	192	571	767	211
576	768	256	572	767	268
576	768	320	574	767	329
576	768	384	576	768	391
576	768	448	578	768	455
576	768	512	581	769	515
576	768	576	584	769	580
576	768	640	588	769	644
576	768	704	591	769	706
576	768	768	596	770	768
576	768	832	600	770	828
576	768	896	605	770	892
576	768	960	611	771	954
576	768	1023	617	771	1015
576	832	0	574	828	106
576	832	64	573	827	122
576	832	128	574	828	162
576	832	192	574	827	214
576	832	256	576	828	270
576	832	320	577	829	331
576	832	384	580	830	392
576	832	448	581	829	456
576	832	512	584	829	516
576	832	576	588	830	581
576	832	640	590	830	644
576	832	704	595	830	706
576	832	768	599	831	769
576	832	832	603	830	828
576	832	896	608	831	892
576	832	960	614	831	954
576	832	1023	620	832	1015
576	896	0	578	892	115
576	896	64	577	890	129
576	896	128	578	891	167
576	896	192	578	891	217
576	896	256	580	891	273
576	896	320	581	892	333
576	896	384	584	893	394
576	896	448	586	893	457
576	896	512	588	893	517
576	896	576	592	894	582
576	896	640	595	893	645
576	896	704	599	894	707
576	896	768	604	895	770
576	896	832	608	895	829
576	896	896	613	895	893
576	896	960	618	895	955
576	896	1023	624	896	1015
576	960	0	583	953	123
576	960	64	581	951	136
576	960	128	582	951	172
576	960	192	583	952	222
576	960	256	584	952	276
576	960	320	586	953	335
576	960	384	589	954	396
576	960	448	591	954	459
576	960	512	593	954	519
576	960	576	597	955	584
576	960	640	600	954	646
576	960	704	603	954	708
576	960	768	608	956	771
576	960	832	612	955	830
576	960	896	617	955	894
576	960	960	622	955	955
576	960	1023	628	957	1017
576	1023	0	589	1017	131
576	1023	64	587	1014	144
576	1023	128	587	1014	178
576	1023	192	589	1015	226
576	1023	256	590	1015	279
576	1023	320	592	1017	338
576	1023	384	594	1017	398
576	1023	448	596	1016	461
576	1023	512	599	1018	521
576	1023	576	602	1018	585
576	1023	640	605	1018	648
576	1023	704	609	1018	710
576	1023	768	613	1018	773
576	1023	832	617	1018	832
576	1023	896	622	1017	896
576	1023	960	627	1018	957
576	1023	1023	633	1017	1018
640	0	0	607	88	0
640	0	64	605	88	64
640	0	128	605	89	127
640	0	192	606	89	189
640	0	256	607	91	252
640	0	320	609	93	316
640	0	384	611	95	379
640	0	448	613	98	445
640	0	512	615	101	505
640	0	576	619	105	572
640	0	640	621	109	635
640	0	704	625	112	697
640	0	768	629	117	760
640	0	832	633	122	820
640	0	896	637	126	884
640	0	960	642	132	945
640	0	1023	648	138	1007
640	64	0	607	109	0
640	64	64	606	109	64
640	64	128	605	109	127
640	64	192	606	110	190
640	64	256	608	111	252
640	64	320	610	113	316
640	64	384	612	114	380
640	64	448	614	117	445
640	64	512	616	119	506
640	64	576	620	123	572
640	64	640	622	126	635
640	64	704	626	129	698
640	64	768	630	134	761
640	64	832	634	136	821
640	64	896	638	141	884
640	64	960	644	146	947
640	64	1023	649	150	1007
640	128	0	607	154	0
640	128	64	606	154	65
640	128	128	606	154	127
640	128	192	608	155	191
640	128	256	609	156	253
640	128	320	610	156	316
640	128	384	612	158	380
640	128	448	614	159	445
640	128	512	617	161	507
640	128	576	620	164	572
640	128	640	623	166	636
640	128	704	626	167	698
640	128	768	630	171	761
640	128	832	634	174	821
640	128	896	638	177	885
640	128	960	644	180	947
640	128	1023	650	184	1008
640	192	0	608	209	14
640	192	64	606	208	67
640	192	128	607	209	128
640	192	192	607	209	191
640	192	256	609	210	253
640	192	320	611	211	317
640	192	384	612	211	380
640	192	448	615	213	445
640	192	512	617	214	506
640	192	576	621	216	572
640	192	640	623	217	635
640	192	704	627	219	698
640	192	768	631	221	762
640	192	832	635	223	821
640	192	896	639	225	884
640	192	960	644	228	947
640	192	1023	651	231	1008
640	256	0	609	267	27
640	256	64	607	266	70
640	256	128	608	267	130
640	256	192	609	267	192
640	256	256	610	268	254
640	256	320	611	268	317
640	256	384	613	269	381
640	256	448	615	270	445
640	256	512	618	271	507
640	256	576	622	272	573
640	256	640	624	273	636
640	256	704	628	275	699
640	256	768	632	276	761
640	256	832	636	277	822
640	256	896	640	278	885
640	256	960	645	281	947
640	256	1023	650	284	1008
640	320	0	610	329	37
640	320	64	608	328	74
640	320	128	608	328	132
640	320	192	610	328	193
640	320	256	611	329	254
640	320	320	613	330	318
640	320	384	614	330	381
640	320	448	617	331	446
640	320	512	619	332	507
640	320	576	623	333	573
640	320	640	625	333	636
640	320	704	629	334	699
640	320	768	633	336	762
640	320	832	637	337	822
640	320	896	641	337	885
640	320	960	646	339	947
640	320	1023	652	342	1009
640	384	0	611	390	46
640	384	64	610	389	79
640	384	128	611	390	134
640	384	192	612	390	195
640	384	256	613	390	255
640	384	320	614	391	319
640	384	384	617	392	382
640	384	448	618	392	447
640	384	512	620	392	508
640	384	576	624	394	574
640	384	640	627	393	637
640	384	704	630	394	700
640	384	768	635	396	763
640	384	832	639	396	823
640	384	896	643	397	886
640	384	960	648	398	948
640	384	1023	654	400	1009
640	448	0	614	454	56
640	448	64	612	452	84
640	448	128	613	453	137
640	448	192	614	453	197
640	448	256	614	453	257
640	448	320	616	454	320
640	448	384	618	455	383
640	448	448	620	455	448
640	448	512	623	456	509
640	448	576	626	456	575
640	448	640	629	457	638
640	448	704	632	457	701
640	448	768	636	458	763
640	448	832	640	458	823
640	448	896	645	459	887
640	448	960	650	460	949
640	448	1023	655	462	1010
640	512	0	617	514	64
640	512	64	614	513	89
640	512	128	615	513	140
640	512	192	616	513	199
640	512	256	617	514	259
640	512	320	619	514	321
640	512	384	621	515	385
640	512	448	622	515	449
640	512	512	625	516	510
640	512	576	628	516	575
640	512	640	631	516	639
640	512	704	634	516	701
640	512	768	639	518	764
640	512	832	642	518	824
640	512	896	647	518	888
640	512	960	652	520	950
640	512	1023	658	520	1010
640	576	0	618	579	73
640	576	64	617	579	96
640	576	128	618	579	144
640	576	192	618	579	201
640	576	256	620	580	261
640	576	320	621	580	323
640	576	384	623	581	386
640	576	448	625	580	450
640	576	512	627	581	511
640	576	576	631	582	577
640	576	640	633	581	639
640	576	704	637	582	702
640	576	768	641	583	765
640	576	832	645	583	825
640	576	896	649	583	889
640	576	960	654	584	950
640	576	1023	660	585	1011
640	640	0	621	643	81
640	640	64	620	642	102
640	640	128	620	641	148
640	640	192	621	642	204
640	640	256	623	643	263
640	640	320	624	643	324
640	640	384	626	644	387
640	640	448	628	644	452
640	640	512	630	644	512
640	640	576	634	646	578
640	640	640	636	645	641
640	640	704	640	646	703
640	640	768	645	647	766
640	640	832	648	646	826
640	640	896	652	646	889
640	640	960	657	647	951
640	640	1023	663	648	1012
640	704	0	626	704	90
640	704	64	623	702	108
640	704	128	624	702	152
640	704	192	624	702	207
640	704	256	626	704	265
640	704	320	627	703	327
640	704	384	629	704	389
640	704	448	631	704	453
640	704	512	634	705	514
640	704	576	637	705	579
640	704	640	640	706	642
640	704	704	644	706	705
640	704	768	648	707	767
640	704	832	651	706	827
640	704	896	656	707	891
640	704	960	661	707	953
640	704	1023	666	708	1013
640	768	0	629	768	98
640	768	64	628	767	115
640	768	128	627	766	157
640	768	192	628	766	211
640	768	256	630	768	268
640	768	320	631	767	329
640	768	384	633	768	390
640	768	448	635	769	455
640	768	512	638	769	515
640	768	576	641	770	580
640	768	640	644	769	643
640	768	704	647	770	706
640	768	768	651	771	768
640	768	832	655	770	828
640	768	896	659	770	892
640	768	960	664	771	953
640	768	1023	669	772	1014
640	832	0	632	829	106
640	832	64	630	827	121
640	832	128	631	828	161
640	832	192	632	828	214
640	832	256	633	829	270
640	832	320	634	829	331
640	832	384	636	829	392
640	832	448	638	829	455
640	832	512	641	830	516
640	832	576	644	831	581
640	832	640	647	830	644
640	832	704	650	831	707
640	832	768	655	832	769
640	832	832	657	831	828
640	832	896	662	831	892
640	832	960	667	832	954
640	832	1023	672	832	1015
640	896	0	636	893	115
640	896	64	634	891	129
640	896	128	634	891	167
640	896	192	635	892	217
640	896	256	637	893	273
640	896	320	638	892	332
640	896	384	640	893	394
640	896	448	642	893	457
640	896	512	644	894	517
640	896	576	648	895	582
640	896	640	650	894	645
640	896	704	654	895	707
640	896	768	658	895	769
640	896	832	661	895	829
640	896	896	665	894	892
640	896	960	671	895	954
640	896	1023	676	896	1015
640	960	0	640	953	122
640	960	64	638	951	136
640	960	128	638	952	172
640	960	192	639	952	221
640	960	256	641	953	276
640	960	320	642	953	335
640	960	384	644	954	395
640	960	448	646	954	459
640	960	512	648	955	519
640	960	576	651	955	583
640	960	640	654	955	646
640	960	704	658	955	708
640	960	768	662	956	771
640	960	832	665	955	830
640	960	896	669	955	894
640	960	960	675	956	955
640	960	1023	680	956	1016
640	1023	0	644	1016	131
640	1023	64	643	1015	143
640	1023	128	643	1014	177
640	1023	192	644	1015	225
640	1023	256	645	1016	279
640	1023	320	646	1015	337
640	1023	384	649	1016	398
640	1023	448	651	1017	461
640	1023	512	653	1017	520
640	1023	576	657	1018	585
640	1023	640	659	1017	648
640	1023	704	662	1017	710
640	1023	768	666	1018	772
640	1023	832	670	1018	832
640	1023	896	674	1017	895
640	1023	960	679	1017	957
640	1023	1023	683	1016	1017
704	0	0	666	97	0
704	0	64	664	97	63
704	0	128	664	97	126
704	0	192	665	98	189
704	0	256	666	99	251
704	0	320	668	101	315
704	0	384	670	103	379
704	0	448	671	106	444
704	0	512	673	108	505
704	0	576	677	112	571
704	0	640	679	116	634
704	0	704	682	119	697
704	0	768	686	124	760
704	0	832	690	127	820
704	0	896	694	132	884
704	0	960	698	136	945
704	0	1023	703	142	1007
704	64	0	666	116	0
704	64	64	665	115	63
704	64	128	664	116	126
704	64	192	665	116	189
704	64	256	667	117	252
704	64	320	668	119	316
704	64	384	670	121	379
704	64	448	672	123	444
704	64	512	674	125	506
704	64	576	677	128	572
704	64	640	679	132	635
704	64	704	682	135	698
704	64	768	687	138	761
704	64	832	690	141	821
704	64	896	694	147	884
704	64	960	699	151	946
704	64	1023	704	156	1007
704	128	0	667	159	0
704	128	64	664	158	64
704	128	128	665	158	127
704	128	192	666	159	190
704	128	256	667	160	252
704	128	320	668	161	316
704	128	384	671	162	379
704	128	448	672	163	444
704	128	512	675	166	506
704	128	576	677	167	571
704	128	640	680	170	635
704	128	704	683	172	698
704	128	768	687	175	761
704	128	832	690	177	821
704	128	896	694	180	884
704	128	960	699	185	946
704	128	1023	704	188	1007
704	192	0	667	212	10
704	192	64	665	211	66
704	192	128	666	212	128
704	192	192	666	212	191
704	192	256	668	213	253
704	192	320	670	214	317
704	192	384	672	215	380
704	192	448	673	216	445
704	192	512	675	217	506
704	192	576	679	219	572
704	192	640	680	220	635
704	192	704	684	221	699
704	192	768	688	224	761
704	192	832	691	226	821
704	192	896	695	228	885
704	192	960	699	231	946
704	192	1023	705	234	1008
704	256	0	668	269	25
704	256	64	666	269	70
704	256	128	666	269	129
704	256	192	667	269	192
704	256	256	669	270	253
704	256	320	670	270	317
704	256	384	672	271	380
704	256	448	674	272	446
704	256	512	676	273	506
704	256	576	679	274	572
704	256	640	681	275	636
704	256	704	685	276	699
704	256	768	689	278	761
704	256	832	691	279	821
704	256	896	696	281	885
704	256	960	701	283	947
704	256	1023	705	285	1007
704	320	0	669	330	36
704	320	64	667	330	74
704	320	128	668	330	131
704	320	192	668	330	193
704	320	256	670	331	254
704	320	320	671	331	318
704	320	384	672	332	380
704	320	448	674	332	446
704	320	512	676	333	506
704	320	576	680	334	573
704	320	640	682	335	636
704	320	704	685	336	699
704	320	768	689	337	762
704	320	832	693	338	822
704	320	896	697	339	885
704	320	960	701	341	946
704	320	1023	706	342	1008
704	384	0	670	391	45
704	384	64	668	390	78
704	384	128	669	390	133
704	384	192	670	391	194
704	384	256	670	391	255
704	384	320	672	392	319
704	384	384	674	393	382
704	384	448	676	393	446
704	384	512	678	393	507
704	384	576	681	394	573
704	384	640	683	394	636
704	384	704	686	395	699
704	384	768	690	397	762
704	384	832	694	397	822
704	384	896	698	398	886
704	384	960	702	399	947
704	384	1023	708	401	1009
704	448	0	672	454	54
704	448	64	670	453	83
704	448	128	670	453	136
704	448	192	672	454	196
704	448	256	673	454	257
704	448	320	674	455	320
704	448	384	676	456	383
704	448	448	677	455	447
704	448	512	680	456	509
704	448	576	683	457	574
704	448	640	685	457	637
704	448	704	688	457	700
704	448	768	692	458	763
704	448	832	696	459	823
704	448	896	700	460	886
704	448	960	704	461	948
704	448	1023	709	462	1009
704	512	0	675	515	63
704	512	64	672	513	88
704	512	128	673	513	139
704	512	192	674	514	198
704	512	256	675	514	258
704	512	320	676	514	321
704	512	384	678	515	384
704	512	448	680	515	448
704	512	512	682	516	509
704	512	576	685	516	575
704	512	640	687	516	638
704	512	704	690	517	700
704	512	768	694	518	763
704	512	832	698	518	823
704	512	896	702	519	887
704	512	960	707	520	949
704	512	1023	711	521	1010
704	576	0	676	579	72
704	576	64	675	579	95
704	576	128	675	579	143
704	576	192	676	579	201
704	576	256	677	580	260
704	576	320	679	580	323
704	576	384	681	581	385
704	576	448	682	581	450
704	576	512	684	581	510
704	576	576	687	582	576
704	576	640	689	581	639
704	576	704	693	582	701
704	576	768	697	584	765
704	576	832	700	583	824
704	576	896	704	584	888
704	576	960	708	584	949
704	576	1023	714	586	1011
704	640	0	680	644	81
704	640	64	678	642	101
704	640	128	677	642	147
704	640	192	679	642	203
704	640	256	680	643	262
704	640	320	682	644	325
704	640	384	683	644	386
704	640	448	685	644	451
704	640	512	687	644	511
704	640	576	691	646	577
704	640	640	693	645	640
704	640	704	696	646	703
704	640	768	700	647	766
704	640	832	703	647	826
704	640	896	707	646	889
704	640	960	712	647	951
704	640	1023	716	648	1012
704	704	0	683	704	89
704	704	64	681	702	108
704	704	128	681	702	152
704	704	192	682	703	207
704	704	256	684	704	265
704	704	320	684	704	326
704	704	384	686	705	388
704	704	448	689	705	453
704	704	512	691	705	513
704	704	576	693	706	578
704	704	640	696	706	642
704	704	704	699	706	704
704	704	768	703	707	767
704	704	832	706	706	826
704	704	896	710	706	890
704	704	960	714	707	952
704	704	1023	719	708	1013
704	768	0	686	768	97
704	768	64	685	767	115
704	768	128	684	766	156
704	768	192	685	767	210
704	768	256	687	768	267
704	768	320	688	768	329
704	768	384	690	768	390
704	768	448	692	769	454
704	768	512	694	769	515
704	768	576	697	770	580
704	768	640	699	769	643
704	768	704	703	770	706
704	768	768	706	771	768
704	768	832	709	770	828
704	768	896	713	770	891
704	768	960	718	771	953
704	768	1023	722	771	1014
704	832	0	689	829	105
704	832	64	687	827	121
704	832	128	687	827	161
704	832	192	688	828	213
704	832	256	690	829	270
704	832	320	691	829	330
704	832	384	693	830	391
704	832	448	695	830	455
704	832	512	697	830	516
704	832	576	699	831	580
704	832	640	702	830	643
704	832	704	705	831	706
704	832	768	709	832	769
704	832	832	712	831	828
704	832	896	716	831	892
704	832	960	721	832	954
704	832	1023	726	833	1014
704	896	0	693	893	114
704	896	64	690	891	128
704	896	128	691	891	166
704	896	192	692	892	217
704	896	256	693	893	272
704	896	320	694	893	332
704	896	384	696	894	393
704	896	448	698	894	457
704	896	512	700	894	517
704	896	576	703	894	581
704	896	640	705	894	644
704	896	704	709	894	707
704	896	768	713	896	770
704	896	832	715	894	829
704	896	896	719	895	892
704	896	960	724	895	954
704	896	1023	729	896	1015
704	960	0	696	954	122
704	960	64	695	952	135
704	960	128	694	951	171
704	960	192	695	952	221
704	960	256	697	953	276
704	960	320	698	953	335
704	960	384	700	954	395
704	960	448	702	954	459
704	960	512	704	954	518
704	960	576	707	956	583
704	960	640	709	955	646
704	960	704	712	955	708
704	960	768	716	956	771
704	960	832	720	956	831
704	960	896	723	955	894
704	960	960	727	956	955
704	960	1023	732	957	1016
704	1023	0	701	1017	131
704	1023	64	699	1015	143
704	1023	128	699	1014	177
704	1023	192	700	1015	225
704	1023	256	701	1016	279
704	1023	320	703	1017	338
704	1023	384	704	1017	398
704	1023	448	706	1017	461
704	1023	512	708	1017	520
704	1023	576	712	1019	585
704	1023	640	713	1017	647
704	1023	704	717	1018	710
704	1023	768	720	1019	772
704	1023	832	723	1018	831
704	1023	896	727	1017	895
704	1023	960	732	1017	957
704	1023	1023	736	1017	1017
768	0	0	725	105	0
768	0	64	722	104	62
768	0	128	723	105	126
768	0	192	724	106	189
768	0	256	725	107	251
768	0	320	726	108	315
768	0	384	728	111	379
768	0	448	729	113	444
768	0	512	732	115	505
768	0	576	734	118	571
768	0	640	736	122	635
768	0	704	739	125	697
768	0	768	743	130	760
768	0	832	746	133	820
768	0	896	749	138	884
768	0	960	754	143	945
768	0	1023	759	147	1007
768	64	0	725	122	0
768	64	64	723	122	63
768	64	128	724	122	126
768	64	192	725	123	190
768	64	256	726	124	252
768	64	320	727	125	316
768	64	384	729	127	380
768	64	448	731	129	445
768	64	512	732	131	506
768	64	576	736	134	572
768	64	640	737	137	635
768	64	704	740	140	698
768	64	768	744	144	761
768	64	832	747	147	821
768	64	896	751	151	885
768	64	960	755	155	947
768	64	1023	760	161	1008
768	128	0	726	163	0
768	128	64	724	163	64
768	128	128	724	163	127
768	128	192	725	163	190
768	128	256	727	164	252
768	128	320	727	165	316
768	128	384	729	166	379
768	128	448	731	168	445
768	128	512	733	170	506
768	128	576	736	172	572
768	128	640	737	174	635
768	128	704	740	176	698
768	128	768	744	179	761
768	128	832	747	181	821
768	128	896	751	184	885
768	128	960	755	188	946
768	128	1023	759	191	1007
768	192	0	726	215	7
768	192	64	724	214	67
768	192	128	725	215	128
768	192	192	726	216	191
768	192	256	726	216	252
768	192	320	728	217	317
768	192	384	730	218	380
768	192	448	731	219	445
768	192	512	734	220	507
768	192	576	736	222	572
768	192	640	738	223	636
768	192	704	740	225	698
768	192	768	744	227	761
768	192	832	747	228	821
768	192	896	751	231	884
768	192	960	755	234	946
768	192	1023	760	236	1008
768	256	0	727	272	24
768	256	64	726	271	70
768	256	128	725	271	129
768	256	192	726	271	192
768	256	256	727	272	253
768	256	320	729	273	317
768	256	384	730	274	380
768	256	448	732	274	446
768	256	512	734	275	506
768	256	576	737	277	572
768	256	640	739	278	636
768	256	704	742	278	699
768	256	768	746	281	762
768	256	832	748	282	822
768	256	896	751	283	885
768	256	960	756	285	947
768	256	1023	760	288	1007
768	320	0	728	333	35
768	320	64	726	331	73
768	320	128	726	332	131
768	320	192	728	333	193
768	320	256	728	333	254
768	320	320	730	333	318
768	320	384	732	334	381
768	320	448	733	334	446
768	320	512	735	335	507
768	320	576	738	336	573
768	320	640	740	337	636
768	320	704	742	338	699
768	320	768	746	339	762
768	320	832	749	340	822
768	320	896	753	341	886
768	320	960	756	343	947
768	320	1023	762	345	1008
768	384	0	729	393	46
768	384	64	727	392	78
768	384	128	728	392	134
768	384	192	729	393	195
768	384	256	730	393	255
768	384	320	731	393	318
768	384	384	733	394	382
768	384	448	734	394	446
768	384	512	736	395	508
768	384	576	739	396	573
768	384	640	741	397	637
768	384	704	743	397	699
768	384	768	747	398	762
768	384	832	750	399	822
768	384	896	754	399	886
768	384	960	759	401	948
768	384	1023	763	402	1009
768	448	0	731	456	55
768	448	64	729	454	83
768	448	128	729	455	136
768	448	192	730	455	196
768	448	256	732	456	257
768	448	320	732	456	320
768	448	384	734	457	383
768	448	448	735	457	447
768	448	512	738	457	508
768	448	576	740	458	574
768	448	640	742	458	637
768	448	704	746	459	700
768	448	768	749	460	763
768	448	832	752	460	823
768	448	896	755	461	886
768	448	960	760	462	948
768	448	1023	764	463	1009
768	512	0	733	516	63
768	512	64	730	514	88
768	512	128	731	514	139
768	512	192	732	515	198
768	512	256	734	516	259
768	512	320	734	516	321
768	512	384	736	517	384
768	512	448	738	516	448
768	512	512	740	517	509
768	512	576	742	518	575
768	512	640	745	518	638
768	512	704	748	518	701
768	512	768	751	519	763
768	512	832	754	519	823
768	512	896	757	520	887
768	512	960	762	521	949
768	512	1023	766	522	1010
768	576	0	735	581	72
768	576	64	733	579	95
768	576	128	733	580	143
768	576	192	734	580	201
768	576	256	735	581	260
768	576	320	736	581	322
768	576	384	738	582	385
768	576	448	739	581	449
768	576	512	742	582	510
768	576	576	744	583	576
768	576	640	747	583	639
768	576	704	749	583	701
768	576	768	753	584	764
768	576	832	756	584	824
768	576	896	760	585	888
768	576	960	764	586	950
768	576	1023	768	586	1011
768	640	0	737	644	81
768	640	64	736	643	101
768	640	128	736	643	147
768	640	192	736	643	203
768	640	256	738	644	262
768	640	320	739	645	324
768	640	384	741	645	387
768	640	448	742	645	451
768	640	512	744	645	511
768	640	576	747	646	577
768	640	640	749	646	640
768	640	704	752	646	703
768	640	768	755	647	765
768	640	832	758	647	825
768	640	896	762	647	889
768	640	960	766	648	950
768	640	1023	771	649	1012
768	704	0	740	704	89
768	704	64	739	703	108
768	704	128	738	703	151
768	704	192	739	703	207
768	704	256	741	705	265
768	704	320	743	705	326
768	704	384	744	705	388
768	704	448	746	706	453
768	704	512	747	706	513
768	704	576	751	707	579
768	704	640	752	706	641
768	704	704	755	707	704
768	704	768	759	708	767
768	704	832	762	707	827
768	704	896	765	707	890
768	704	960	769	708	952
768	704	1023	773	709	1013
768	768	0	744	769	97
768	768	64	742	767	115
768	768	128	742	768	156
768	768	192	743	768	210
768	768	256	744	768	267
768	768	320	746	769	328
768	768	384	747	770	390
768	768	448	748	769	454
768	768	512	750	769	514
768	768	576	753	770	580
768	768	640	755	769	642
768	768	704	758	770	705
768	768	768	761	771	768
768	768	832	764	771	828
768	768	896	769	771	892
768	768	960	772	771	953
768	768	1023	777	772	1014
768	832	0	746	830	106
768	832	64	744	828	121
768	832	128	744	828	161
768	832	192	745	829	213
768	832	256	747	830	270
768	832	320	748	830	330
768	832	384	749	830	391
768	832	448	751	830	455
768	832	512	753	830	515
768	832	576	756	831	580
768	832	640	757	830	643
768	832	704	760	831	706
768	832	768	764	832	768
768	832	832	767	832	828
768	832	896	770	831	891
768	832	960	774	832	953
768	832	1023	779	832	1014
768	896	0	749	893	114
768	896	64	748	892	129
768	896	128	747	891	166
768	896	192	748	892	217
768	896	256	750	893	272
768	896	320	751	894	332
768	896	384	753	894	393
768	896	448	754	894	457
768	896	512	756	894	517
768	896	576	759	896	582
768	896	640	761	894	644
768	896	704	764	895	707
768	896	768	767	896	769
768	896	832	771	896	829
768	896	896	774	895	892
768	896	960	778	896	954
768	896	1023	782	896	1015
768	960	0	753	954	122
768	960	64	751	953	136
768	960	128	751	952	171
768	960	192	752	953	221
768	960	256	754	954	275
768	960	320	755	955	335
768	960	384	756	954	395
768	960	448	758	955	458
768	960	512	759	954	518
768	960	576	763	956	583
768	960	640	764	955	646
768	960	704	767	955	708
768	960	768	771	957	770
768	960	832	774	956	830
768	960	896	777	955	893
768	960	960	781	956	955
768	960	1023	786	958	1017
768	1023	0	757	1017	130
768	1023	64	755	1015	143
768	1023	128	755	1015	177
768	1023	192	756	1015	225
768	1023	256	757	1017	278
768	1023	320	759	1017	337
768	1023	384	760	1018	398
768	1023	448	761	1017	460
768	1023	512	763	1017	520
768	1023	576	766	1018	585
768	1023	640	768	1018	647
768	1023	704	772	1018	710
768	1023	768	775	1019	772
768	1023	832	778	1018	832
768	1023	896	781	1018	895
768	1023	960	785	1018	956
768	1023	1023	789	1018	1018
832	0	0	783	113	0
832	0	64	780	113	61
832	0	128	781	113	125
832	0	192	781	114	189
832	0	256	783	115	251
832	0	320	783	116	315
832	0	384	785	118	379
832	0	448	786	120	444
832	0	512	789	123	505
832	0	576	791	125	571
832	0	640	793	129	635
832	0	704	795	132	697
832	0	768	799	136	760
832	0	832	802	139	820
832	0	896	805	143	884
832	0	960	809	148	946
832	0	1023	813	152	1007
832	64	0	784	129	0
832	64	64	781	129	62
832	64	128	782	129	126
832	64	192	783	130	190
832	64	256	784	131	252
832	64	320	785	132	316
832	64	384	787	134	380
832	64	448	788	135	445
832	64	512	790	137	506
832	64	576	792	141	572
832	64	640	794	143	636
832	64	704	796	145	698
832	64	768	800	149	761
832	64	832	802	153	821
832	64	896	806	156	885
832	64	960	810	162	947
832	64	1023	814	165	1008
832	128	0	783	168	0
832	128	64	782	168	63
832	128	128	781	167	126
832	128	192	782	168	190
832	128	256	784	169	252
832	128	320	785	170	316
832	128	384	786	171	379
832	128	448	788	173	445
832	128	512	789	174	506
832	128	576	793	176	572
832	128	640	794	178	635
832	128	704	797	181	698
832	128	768	800	183	761
832	128	832	802	186	821
832	128	896	806	188	885
832	128	960	809	192	946
832	128	1023	814	196	1007
832	192	0	784	219	0
832	192	64	782	218	66
832	192	128	782	218	127
832	192	192	783	219	190
832	192	256	785	220	252
832	192	320	785	220	316
832	192	384	787	221	380
832	192	448	788	222	445
832	192	512	790	223	506
832	192	576	792	225	572
832	192	640	795	226	636
832	192	704	796	228	698
832	192	768	800	230	761
832	192	832	803	231	821
832	192	896	806	234	885
832	192	960	811	236	947
832	192	1023	815	239	1008
832	256	0	784	274	20
832	256	64	783	274	69
832	256	128	783	274	129
832	256	192	783	274	191
832	256	256	785	275	253
832	256	320	786	276	317
832	256	384	787	276	380
832	256	448	789	277	446
832	256	512	790	278	506
832	256	576	793	279	572
832	256	640	795	280	636
832	256	704	798	281	699
832	256	768	801	283	761
832	256	832	804	284	822
832	256	896	807	286	885
832	256	960	811	288	947
832	256	1023	816	290	1009
832	320	0	786	335	33
832	320	64	783	334	73
832	320	128	784	334	131
832	320	192	785	334	193
832	320	256	785	334	254
832	320	320	787	335	318
832	320	384	789	336	381
832	320	448	789	336	446
832	320	512	792	337	507
832	320	576	794	338	573
832	320	640	796	339	636
832	320	704	798	339	699
832	320	768	801	341	761
832	320	832	804	341	822
832	320	896	808	343	886
832	320	960	812	345	948
832	320	1023	816	347	1008
832	384	0	787	395	44
832	384	64	784	393	77
832	384	128	785	394	133
832	384	192	786	394	194
832	384	256	787	395	255
832	384	320	788	395	318
832	384	384	790	396	382
832	384	448	791	396	446
832	384	512	793	397	508
832	384	576	795	398	573
832	384	640	797	398	637
832	384	704	800	399	700
832	384	768	803	400	762
832	384	832	806	400	823
832	384	896	809	401	886
832	384	960	814	403	948
832	384	1023	817	404	1009
832	448	0	788	457	54
832	448	64	787	457	83
832	448	128	786	456	136
832	448	192	788	457	196
832	448	256	789	458	257
832	448	320	789	457	320
832	448	384	791	458	383
832	448	448	793	459	448
832	448	512	795	459	508
832	448	576	798	460	575
832	448	640	799	460	638
832	448	704	802	461	700
832	448	768	805	462	763
832	448	832	808	462	823
832	448	896	811	462	887
832	448	960	815	463	949
832	448	1023	819	465	1009
832	512	0	790	517	62
832	512	64	789	516	88
832	512	128	788	516	139
832	512	192	789	516	198
832	512	256	791	517	258
832	512	320	791	517	321
832	512	384	793	518	384
832	512	448	795	518	449
832	512	512	797	519	510
832	512	576	800	520	576
832	512	640	801	519	638
832	512	704	803	520	701
832	512	768	807	521	764
832	512	832	810	521	824
832	512	896	812	521	887
832	512	960	817	522	949
832	512	1023	821	523	1010
832	576	0	792	582	71
832	576	64	790	581	94
832	576	128	791	581	143
832	576	192	792	582	201
832	576	256	793	583	260
832	576	320	793	582	322
832	576	384	795	583	385
832	576	448	797	583	450
832	576	512	798	584	510
832	576	576	801	584	576
832	576	640	803	585	640
832	576	704	805	584	701
832	576	768	809	586	765
832	576	832	811	585	824
832	576	896	815	586	889
832	576	960	819	587	951
832	576	1023	823	588	1011
832	640	0	795	646	80
832	640	64	793	644	101
832	640	128	793	644	147
832	640	192	794	645	203
832	640	256	795	646	262
832	640	320	796	646	324
832	640	384	798	647	387
832	640	448	799	646	451
832	640	512	801	647	512
832	640	576	803	647	577
832	640	640	806	648	641
832	640	704	807	647	703
832	640	768	811	648	765
832	640	832	814	648	826
832	640	896	817	649	890
832	640	960	821	650	952
832	640	1023	825	650	1012
832	704	0	797	706	88
832	704	64	795	704	107
832	704	128	796	705	151
832	704	192	796	704	206
832	704	256	798	706	265
832	704	320	799	706	327
832	704	384	800	706	388
832	704	448	802	706	453
832	704	512	803	706	513
832	704	576	807	708	579
832	704	640	808	707	642
832	704	704	810	708	704
832	704	768	814	708	767
832	704	832	816	708	827
832	704	896	820	708	890
832	704	960	824	709	952
832	704	1023	828	710	1014
832	768	0	801	771	97
832	768	64	799	769	114
832	768	128	799	769	156
832	768	192	800	769	210
832	768	256	801	769	267
832	768	320	802	770	328
832	768	384	804	771	390
832	768	448	805	770	454
832	768	512	807	771	515
832	768	576	809	771	580
832	768	640	811	771	643
832	768	704	813	771	705
832	768	768	817	772	768
832	768	832	819	772	828
832	768	896	823	772	892
832	768	960	827	772	953
832	768	1023	830	773	1014
832	832	0	802	830	105
832	832	64	800	829	120
832	832	128	801	829	161
832	832	192	801	829	213
832	832	256	802	830	269
832	832	320	804	831	330
832	832	384	805	831	391
832	832	448	806	831	455
832	832	512	808	831	515
832	832	576	811	832	580
832	832	640	813	831	643
832	832	704	815	832	706
832	832	768	819	833	768
832	832	832	821	832	828
832	832	896	825	833	892
832	832	960	828	833	953
832	832	1023	833	834	1015
832	896	0	805	893	113
832	896	64	803	892	128
832	896	128	804	893	166
832	896	192	804	892	216
832	896	256	805	893	272
832	896	320	807	894	332
832	896	384	808	894	393
832	896	448	810	895	457
832	896	512	812	895	517
832	896	576	814	896	582
832	896	640	816	896	644
832	896	704	818	896	707
832	896	768	822	896	769
832	896	832	824	896	829
832	896	896	828	896	893
832	896	960	831	896	954
832	896	1023	836	898	1015
832	960	0	809	955	121
832	960	64	807	954	135
832	960	128	807	954	171
832	960	192	808	955	221
832	960	256	809	955	275
832	960	320	810	955	335
832	960	384	812	956	396
832	960	448	813	955	459
832	960	512	815	955	518
832	960	576	818	957	583
832	960	640	819	956	646
832	960	704	822	956	708
832	960	768	825	957	770
832	960	832	828	957	830
832	960	896	831	957	894
832	960	960	834	957	955
832	960	1023	839	958	1016
832	1023	0	813	1019	130
832	1023	64	810	1016	142
832	1023	128	811	1016	177
832	1023	192	812	1017	225
832	1023	256	812	1017	279
832	1023	320	814	1018	337
832	1023	384	816	1019	398
832	1023	448	817	1018	460
832	1023	512	819	1019	520
832	1023	576	821	1019	585
832	1023	640	823	1019	647
832	1023	704	825	1018	709
832	1023	768	828	1019	772
832	1023	832	831	1018	831
832	1023	896	835	1018	895
832	1023	960	838	1019	957
832	1023	1023	842	1018	1018
896	0	0	845	121	0
896	0	64	843	121	61
896	0	128	843	121	125
896	0	192	843	122	188
896	0	256	845	123	251
896	0	320	846	124	315
896	0	384	847	126	378
896	0	448	849	128	444
896	0	512	850	130	505
896	0	576	853	133	571
896	0	640	854	136	634
896	0	704	857	139	697
896	0	768	860	142	760
896	0	832	862	146	820
896	0	896	865	150	884
896	0	960	869	154	945
896	0	1023	873	159	1007
896	64	0	846	136	0
896	64	64	844	136	62
896	64	128	843	136	126
896	64	192	845	137	189
896	64	256	846	138	252
896	64	320	847	139	316
896	64	384	848	141	379
896	64	448	850	142	445
896	64	512	851	144	505
896	64	576	854	147	572
896	64	640	855	149	635
896	64	704	858	153	698
896	64	768	861	156	760
896	64	832	863	159	821
896	64	896	866	162	884
896	64	960	870	166	946
896	64	1023	874	170	1007
896	128	0	846	173	0
896	128	64	844	173	63
896	128	128	844	173	126
896	128	192	845	174	190
896	128	256	846	174	251
896	128	320	847	175	316
896	128	384	849	177	379
896	128	448	850	178	444
896	128	512	852	179	506
896	128	576	854	181	572
896	128	640	856	184	635
896	128	704	857	185	697
896	128	768	861	188	760
896	128	832	864	190	821
896	128	896	867	193	885
896	128	960	870	197	947
896	128	1023	874	200	1007
896	192	0	846	222	0
896	192	64	845	222	65
896	192	128	845	222	127
896	192	192	845	222	190
896	192	256	847	223	252
896	192	320	848	224	316
896	192	384	849	225	379
896	192	448	850	226	445
896	192	512	852	227	506
896	192	576	855	229	572
896	192	640	856	230	635
896	192	704	858	231	698
896	192	768	862	234	761
896	192	832	864	235	821
896	192	896	866	237	884
896	192	960	870	240	946
896	192	1023	875	243	1008
896	256	0	847	277	21
896	256	64	845	276	68
896	256	128	846	277	129
896	256	192	846	277	191
896	256	256	848	278	253
896	256	320	848	278	317
896	256	384	850	279	380
896	256	448	851	280	445
896	256	512	853	281	506
896	256	576	855	282	572
896	256	640	857	283	636
896	256	704	859	284	699
896	256	768	862	286	761
896	256	832	864	287	821
896	256	896	867	288	885
896	256	960	871	290	947
896	256	1023	875	293	1008
896	320	0	848	337	34
896	320	64	846	336	72
896	320	128	846	336	131
896	320	192	847	336	192
896	320	256	849	337	254
896	320	320	850	338	318
896	320	384	851	338	381
896	320	448	852	339	446
896	320	512	854	339	507
896	320	576	856	341	573
896	320	640	857	341	636
896	320	704	860	342	699
896	320	768	863	343	762
896	320	832	866	344	822
896	320	896	868	345	885
896	320	960	872	347	947
896	320	1023	876	349	1009
896	384	0	849	396	44
896	384	64	847	395	77
896	384	128	847	396	133
896	384	192	847	395	194
896	384	256	849	396	255
896	384	320	850	397	318
896	384	384	852	398	382
896	384	448	853	398	446
896	384	512	854	398	507
896	384	576	857	400	573
896	384	640	858	399	636
896	384	704	861	400	699
896	384	768	864	402	762
896	384	832	867	402	822
896	384	896	869	403	886
896	384	960	873	404	947
896	384	1023	877	406	1009
896	448	0	851	459	53
896	448	64	848	457	82
896	448	128	849	457	136
896	448	192	850	458	196
896	448	256	850	458	256
896	448	320	851	459	319
896	448	384	853	459	382
896	448	448	854	460	447
896	448	512	856	460	508
896	448	576	858	461	574
896	448	640	860	461	637
896	448	704	862	462	700
896	448	768	865	463	763
896	448	832	868	463	823
896	448	896	871	464	887
896	448	960	875	465	949
896	448	1023	878	466	1009
896	512	0	853	518	61
896	512	64	850	516	88
896	512	128	850	517	139
896	512	192	852	518	198
896	512	256	852	518	258
896	512	320	854	518	321
896	512	384	855	519	384
896	512	448	856	519	448
896	512	512	859	520	509
896	512	576	860	520	575
896	512	640	862	520	638
896	512	704	864	520	701
896	512	768	867	521	763
896	512	832	870	522	824
896	512	896	873	522	888
896	512	960	876	523	949
896	512	1023	880	524	1010
896	576	0	854	583	71
896	576	64	852	582	94
896	576	128	852	582	143
896	576	192	852	582	200
896	576	256	854	583	260
896	576	320	855	583	322
896	576	384	856	583	384
896	576	448	858	584	449
896	576	512	859	584	510
896	576	576	862	585	576
896	576	640	863	585	639
896	576	704	866	585	701
896	576	768	869	586	764
896	576	832	871	586	824
896	576	896	874	586	888
896	576	960	878	587	949
896	576	1023	882	588	1011
896	640	0	856	646	80
896	640	64	854	645	100
896	640	128	854	644	147
896	640	192	855	645	203
896	640	256	857	646	262
896	640	320	857	646	324
896	640	384	859	647	386
896	640	448	860	647	451
896	640	512	862	648	511
896	640	576	865	649	577
896	640	640	866	648	640
896	640	704	868	648	703
896	640	768	872	649	766
896	640	832	874	649	825
896	640	896	877	649	889
896	640	960	880	650	951
896	640	1023	884	651	1012
896	704	0	859	707	88
896	704	64	857	705	107
896	704	128	857	705	151
896	704	192	858	706	207
896	704	256	860	707	264
896	704	320	860	707	326
896	704	384	862	707	388
896	704	448	863	707	452
896	704	512	865	707	513
896	704	576	867	708	578
896	704	640	869	708	642
896	704	704	871	709	704
896	704	768	874	709	767
896	704	832	876	708	826
896	704	896	879	709	890
896	704	960	883	710	952
896	704	1023	887	711	1013
896	768	0	862	770	97
896	768	64	860	769	114
896	768	128	860	769	156
896	768	192	861	769	210
896	768	256	862	770	267
896	768	320	862	770	328
896	768	384	864	771	390
896	768	448	866	771	454
896	768	512	868	771	514
896	768	576	870	772	580
896	768	640	871	771	642
896	768	704	874	772	705
896	768	768	877	773	768
896	768	832	879	772	828
896	768	896	881	772	891
896	768	960	885	773	953
896	768	1023	889	773	1014
896	832	0	864	831	105
896	832	64	861	829	121
896	832	128	862	830	160
896	832	192	863	830	213
896	832	256	864	831	269
896	832	320	865	831	330
896	832	384	866	832	391
896	832	448	867	831	455
896	832	512	870	832	515
896	832	576	871	832	580
896	832	640	873	832	643
896	832	704	876	833	706
896	832	768	878	833	768
896	832	832	880	832	828
896	832	896	884	833	891
896	832	960	888	833	953
896	832	1023	891	834	1014
896	896	0	867	895	113
896	896	64	864	893	127
896	896	128	865	893	166
896	896	192	866	894	217
896	896	256	867	895	272
896	896	320	868	895	332
896	896	384	869	896	393
896	896	448	870	895	456
896	896	512	872	896	516
896	896	576	875	897	582
896	896	640	876	896	644
896	896	704	879	896	707
896	896	768	881	897	769
896	896	832	884	896	829
896	896	896	887	897	893
896	896	960	891	898	955
896	896	1023	894	898	1015
896	960	0	870	956	121
896	960	64	867	953	135
896	960	128	868	954	171
896	960	192	869	954	221
896	960	256	871	956	275
896	960	320	871	955	335
896	960	384	873	956	395
896	960	448	874	957	459
896	960	512	876	957	518
896	960	576	878	957	583
896	960	640	879	957	646
896	960	704	882	957	708
896	960	768	885	958	770
896	960	832	887	957	830
896	960	896	890	957	894
896	960	960	894	958	956
896	960	1023	897	959	1016
896	1023	0	874	1019	130
896	1023	64	872	1018	142
896	1023	128	871	1016	176
896	1023	192	872	1017	225
896	1023	256	874	1019	279
896	1023	320	875	1018	337
896	1023	384	876	1019	397
896	1023	448	877	1019	460
896	1023	512	879	1019	520
896	1023	576	882	1020	585
896	1023	640	882	1019	647
896	1023	704	886	1020	710
896	1023	768	888	1020	772
896	1023	832	891	1019	832
896	1023	896	893	1019	895
896	1023	960	897	1019	956
896	1023	1023	900	1019	1017
960	0	0	904	129	0
960	0	64	901	129	59
960	0	128	901	129	124
960	0	192	902	130	188
960	0	256	904	131	250
960	0	320	904	132	314
960	0	384	906	134	378
960	0	448	908	136	444
960	0	512	909	138	505
960	0	576	911	140	570
960	0	640	912	143	634
960	0	704	915	146	697
960	0	768	918	149	760
960	0	832	920	153	819
960	0	896	922	156	883
960	0	960	926	161	945
960	0	1023	930	164	1006
960	64	0	905	144	0
960	64	64	902	143	59
960	64	128	903	143	125
960	64	192	903	144	188
960	64	256	905	145	251
960	64	320	905	146	315
960	64	384	907	148	379
960	64	448	907	149	444
960	64	512	910	151	505
960	64	576	911	154	571
960	64	640	913	156	635
960	64	704	915	158	697
960	64	768	918	161	760
960	64	832	920	165	820
960	64	896	923	168	884
960	64	960	927	171	946
960	64	1023	930	176	1007
960	128	0	904	178	0
960	128	64	902	178	61
960	128	128	902	178	125
960	128	192	903	178	188
960	128	256	904	179	251
960	128	320	905	180	315
960	128	384	907	182	379
960	128	448	908	183	444
960	128	512	909	184	505
960	128	576	912	187	571
960	128	640	913	188	634
960	128	704	915	190	697
960	128	768	918	193	760
960	128	832	921	195	820
960	128	896	923	198	884
960	128	960	927	201	946
960	128	1023	930	205	1007
960	192	0	905	226	0
960	192	64	902	225	63
960	192	128	903	226	126
960	192	192	904	226	189
960	192	256	905	227	252
960	192	320	906	227	315
960	192	384	907	229	379
960	192	448	909	230	445
960	192	512	910	230	505
960	192	576	912	232	571
960	192	640	914	233	635
960	192	704	916	235	698
960	192	768	919	237	760
960	192	832	920	238	820
960	192	896	923	241	884
960	192	960	927	243	946
960	192	1023	931	246	1007
960	256	0	906	280	11
960	256	64	903	279	66
960	256	128	904	280	127
960	256	192	905	280	191
960	256	256	905	280	252
960	256	320	907	281	316
960	256	384	908	282	380
960	256	448	909	282	444
960	256	512	910	283	505
960	256	576	913	285	572
960	256	640	915	286	635
960	256	704	916	286	698
960	256	768	919	288	760
960	256	832	922	290	821
960	256	896	925	291	885
960	256	960	928	293	946
960	256	1023	931	295	1007
960	320	0	906	339	28
960	320	64	904	337	70
960	320	128	904	338	130
960	320	192	905	338	191
960	320	256	907	339	253
960	320	320	907	339	317
960	320	384	909	340	380
960	320	448	910	340	445
960	320	512	912	342	506
960	320	576	914	342	572
960	320	640	915	343	636
960	320	704	918	344	699
960	320	768	921	346	761
960	320	832	922	346	821
960	320	896	925	347	885
960	320	960	929	349	947
960	320	1023	932	350	1008
960	384	0	907	397	41
960	384	64	906	397	75
960	384	128	905	397	132
960	384	192	906	397	193
960	384	256	908	398	254
960	384	320	908	398	317
960	384	384	910	399	381
960	384	448	911	399	446
960	384	512	912	400	507
960	384	576	915	401	573
960	384	640	916	401	636
960	384	704	918	402	699
960	384	768	922	403	762
960	384	832	924	404	822
960	384	896	926	404	885
960	384	960	930	406	947
960	384	1023	933	407	1008
960	448	0	909	460	51
960	448	64	907	459	81
960	448	128	907	458	135
960	448	192	908	459	195
960	448	256	909	460	256
960	448	320	910	460	319
960	448	384	911	460	381
960	448	448	912	461	447
960	448	512	914	461	508
960	448	576	917	463	574
960	448	640	917	462	637
960	448	704	920	463	700
960	448	768	923	464	762
960	448	832	925	464	823
960	448	896	927	464	886
960	448	960	931	466	948
960	448	1023	935	467	1009
960	512	0	910	519	60
960	512	64	908	518	86
960	512	128	908	517	138
960	512	192	909	518	197
960	512	256	911	519	257
960	512	320	912	519	320
960	512	384	913	520	383
960	512	448	914	520	448
960	512	512	915	520	508
960	512	576	918	521	575
960	512	640	919	521	637
960	512	704	922	522	700
960	512	768	925	523	763
960	512	832	927	523	823
960	512	896	929	522	886
960	512	960	933	524	948
960	512	1023	937	525	1010
960	576	0	912	583	69
960	576	64	910	582	93
960	576	128	910	582	142
960	576	192	911	583	200
960	576	256	913	584	259
960	576	320	913	584	321
960	576	384	914	584	384
960	576	448	916	584	449
960	576	512	917	585	509
960	576	576	920	586	575
960	576	640	921	585	638
960	576	704	923	586	701
960	576	768	927	587	764
960	576	832	928	586	823
960	576	896	931	587	887
960	576	960	934	588	949
960	576	1023	938	589	1010
960	640	0	915	647	78
960	640	64	912	645	99
960	640	128	912	645	146
960	640	192	914	646	202
960	640	256	915	647	261
960	640	320	916	647	324
960	640	384	917	648	386
960	640	448	918	647	450
960	640	512	919	648	511
960	640	576	922	648	576
960	640	640	923	648	640
960	640	704	925	648	702
960	640	768	928	649	764
960	640	832	930	649	825
960	640	896	933	650	889
960	640	960	937	651	950
960	640	1023	940	651	1011
960	704	0	917	707	87
960	704	64	915	706	106
960	704	128	916	706	151
960	704	192	917	707	206
960	704	256	917	707	264
960	704	320	918	707	326
960	704	384	920	708	388
960	704	448	921	708	452
960	704	512	922	707	512
960	704	576	924	708	577
960	704	640	926	709	641
960	704	704	928	708	703
960	704	768	931	709	766
960	704	832	933	709	826
960	704	896	936	709	890
960	704	960	939	709	951
960	704	1023	943	711	1013
960	768	0	920	771	96
960	768	64	917	769	113
960	768	128	918	769	155
960	768	192	919	770	209
960	768	256	920	771	267
960	768	320	921	771	328
960	768	384	923	772	390
960	768	448	923	771	453
960	768	512	925	772	514
960	768	576	927	772	579
960	768	640	928	772	642
960	768	704	931	772	705
960	768	768	933	772	767
960	768	832	935	772	827
960	768	896	938	772	891
960	768	960	942	773	953
960	768	1023	945	774	1014
960	832	0	922	832	104
960	832	64	919	830	120
960	832	128	920	830	160
960	832	192	921	831	212
960	832	256	921	831	269
960	832	320	923	832	329
960	832	384	924	833	391
960	832	448	925	832	454
960	832	512	927	833	515
960	832	576	929	833	580
960	832	640	930	833	643
960	832	704	932	832	705
960	832	768	935	833	768
960	832	832	937	833	827
960	832	896	940	833	891
960	832	960	944	834	953
960	832	1023	947	835	1014
960	896	0	924	895	112
960	896	64	922	893	127
960	896	128	922	893	165
960	896	192	923	894	216
960	896	256	924	894	271
960	896	320	925	895	331
960	896	384	927	896	393
960	896	448	927	895	456
960	896	512	929	896	516
960	896	576	932	897	581
960	896	640	933	897	644
960	896	704	935	896	706
960	896	768	938	897	769
960	896	832	940	896	828
960	896	896	943	897	892
960	896	960	946	897	953
960	896	1023	950	898	1015
960	960	0	928	956	121
960	960	64	925	954	135
960	960	128	925	955	171
960	960	192	927	956	220
960	960	256	927	956	275
960	960	320	928	956	334
960	960	384	930	957	395
960	960	448	931	956	458
960	960	512	933	958	518
960	960	576	935	958	583
960	960	640	936	957	645
960	960	704	938	957	707
960	960	768	941	958	770
960	960	832	943	958	830
960	960	896	946	958	894
960	960	960	950	959	955
960	960	1023	953	959	1016
960	1023	0	931	1019	129
960	1023	64	928	1017	142
960	1023	128	929	1017	176
960	1023	192	930	1018	224
960	1023	256	931	1019	278
960	1023	320	931	1018	337
960	1023	384	933	1019	397
960	1023	448	934	1019	460
960	1023	512	936	1019	520
960	1023	576	938	1020	584
960	1023	640	940	1020	647
960	1023	704	941	1020	709
960	1023	768	944	1020	771
960	1023	832	946	1019	831
960	1023	896	949	1019	895
960	1023	960	953	1019	957
960	1023	1023	956	1019	1017
1023	0	0	960	137	0
1023	0	64	957	137	59
1023	0	128	957	137	124
1023	0	192	958	138	188
1023	0	256	960	139	250
1023	0	320	960	140	314
1023	0	384	962	141	378
1023	0	448	962	143	443
1023	0	512	964	145	505
1023	0	576	966	148	570
1023	0	640	967	150	634
1023	0	704	969	153	696
1023	0	768	972	156	759
1023	0	832	974	159	819
1023	0	896	977	163	883
1023	0	960	980	167	945
1023	0	1023	984	171	1006
1023	64	0	961	150	0
1023	64	64	958	150	60
1023	64	128	958	150	125
1023	64	192	959	151	189
1023	64	256	960	151	250
1023	64	320	961	153	315
1023	64	384	963	154	378
1023	64	448	963	155	444
1023	64	512	965	157	505
1023	64	576	967	159	571
1023	64	640	968	162	634
1023	64	704	970	164	697
1023	64	768	973	167	760
1023	64	832	975	170	820
1023	64	896	978	174	884
1023	64	960	981	177	946
1023	64	1023	985	181	1007
1023	128	0	960	183	0
1023	128	64	958	183	61
1023	128	128	958	183	125
1023	128	192	959	184	189
1023	128	256	960	185	251
1023	128	320	962	185	315
1023	128	384	962	187	378
1023	128	448	964	187	444
1023	128	512	965	189	505
1023	128	576	967	191	571
1023	128	640	968	193	634
1023	128	704	970	195	697
1023	128	768	973	198	760
1023	128	832	975	200	820
1023	128	896	977	202	884
1023	128	960	981	205	946
1023	128	1023	985	209	1007
1023	192	0	961	230	0
1023	192	64	958	229	63
1023	192	128	959	230	126
1023	192	192	960	230	189
1023	192	256	961	231	252
1023	192	320	961	231	315
1023	192	384	963	232	379
1023	192	448	963	233	444
1023	192	512	965	235	505
1023	192	576	967	236	571
1023	192	640	969	237	635
1023	192	704	970	238	697
1023	192	768	973	241	760
1023	192	832	975	242	820
1023	192	896	978	244	884
1023	192	960	981	247	946
1023	192	1023	985	249	1007
1023	256	0	961	283	0
1023	256	64	959	282	67
1023	256	128	960	283	128
1023	256	192	960	283	190
1023	256	256	961	283	252
1023	256	320	962	284	316
1023	256	384	964	285	380
1023	256	448	964	285	445
1023	256	512	966	286	505
1023	256	576	968	288	572
1023	256	640	969	288	635
1023	256	704	971	289	697
1023	256	768	974	291	760
1023	256	832	976	292	821
1023	256	896	979	294	885
1023	256	960	982	296	946
1023	256	1023	985	298	1007
1023	320	0	962	341	29
1023	320	64	960	340	71
1023	320	128	960	340	130
1023	320	192	961	341	191
1023	320	256	962	342	253
1023	320	320	963	342	316
1023	320	384	964	342	380
1023	320	448	965	343	445
1023	320	512	967	344	506
1023	320	576	968	345	572
1023	320	640	970	345	635
1023	320	704	972	346	698
1023	320	768	975	347	761
1023	320	832	977	348	821
1023	320	896	979	349	885
1023	320	960	982	351	947
1023	320	1023	986	352	1007
1023	384	0	962	399	40
1023	384	64	960	398	75
1023	384	128	960	398	131
1023	384	192	961	399	193
1023	384	256	963	400	254
1023	384	320	963	400	317
1023	384	384	965	401	381
1023	384	448	966	401	446
1023	384	512	967	402	506
1023	384	576	969	402	572
1023	384	640	971	403	636
1023	384	704	973	404	699
1023	384	768	976	405	762
1023	384	832	977	405	821
1023	384	896	980	406	885
1023	384	960	983	407	947
1023	384	1023	987	409	1008
1023	448	0	964	461	51
1023	448	64	962	460	81
1023	448	128	962	460	135
1023	448	192	962	460	195
1023	448	256	964	461	255
1023	448	320	964	461	318
1023	448	384	966	462	381
1023	448	448	967	462	446
1023	448	512	968	463	507
1023	448	576	971	464	573
1023	448	640	972	464	636
1023	448	704	974	464	699
1023	448	768	977	465	762
1023	448	832	979	466	822
1023	448	896	981	466	886
1023	448	960	985	467	948
1023	448	1023	988	468	1008
1023	512	0	966	520	59
1023	512	64	964	519	86
1023	512	128	964	519	138
1023	512	192	965	519	197
1023	512	256	966	520	257
1023	512	320	966	520	320
1023	512	384	968	521	383
1023	512	448	969	521	448
1023	512	512	970	521	508
1023	512	576	973	523	574
1023	512	640	973	522	637
1023	512	704	976	523	700
1023	512	768	979	524	763
1023	512	832	981	524	823
1023	512	896	982	524	886
1023	512	960	987	525	949
1023	512	1023	989	526	1009
1023	576	0	967	585	69
1023	576	64	965	583	93
1023	576	128	965	583	141
1023	576	192	966	584	200
1023	576	256	968	585	259
1023	576	320	968	585	321
1023	576	384	970	586	384
1023	576	448	970	585	448
1023	576	512	972	586	509
1023	576	576	974	587	575
1023	576	640	976	587	638
1023	576	704	977	587	701
1023	576	768	980	588	763
1023	576	832	982	588	823
1023	576	896	984	588	887
1023	576	960	988	589	949
1023	576	1023	991	590	1010
1023	640	0	970	648	78
1023	640	64	967	646	99
1023	640	128	967	646	146
1023	640	192	968	647	202
1023	640	256	969	647	261
1023	640	320	970	648	323
1023	640	384	972	649	386
1023	640	448	973	648	450
1023	640	512	975	650	511
1023	640	576	976	650	576
1023	640	640	978	650	640
1023	640	704	979	649	702
1023	640	768	982	651	765
1023	640	832	984	650	824
1023	640	896	987	651	888
1023	640	960	990	651	950
1023	640	1023	994	652	1011
1023	704	0	972	707	87
1023	704	64	970	706	106
1023	704	128	970	706	151
1023	704	192	970	706	205
1023	704	256	972	707	263
1023	704	320	972	708	325
1023	704	384	974	709	388
1023	704	448	975	708	451
1023	704	512	976	708	512
1023	704	576	979	709	577
1023	704	640	979	709	640
1023	704	704	982	709	703
1023	704	768	985	710	766
1023	704	832	987	710	826
1023	704	896	989	710	890
1023	704	960	992	710	951
1023	704	1023	996	712	1013
1023	768	0	975	772	96
1023	768	64	972	770	113
1023	768	128	973	770	155
1023	768	192	974	771	209
1023	768	256	974	771	266
1023	768	320	976	772	328
1023	768	384	977	773	389
1023	768	448	978	772	453
1023	768	512	979	773	514
1023	768	576	981	773	579
1023	768	640	982	773	642
1023	768	704	984	772	704
1023	768	768	987	773	767
1023	768	832	989	773	827
1023	768	896	992	773	891
1023	768	960	995	774	953
1023	768	1023	998	775	1014
1023	832	0	976	832	104
1023	832	64	974	830	119
1023	832	128	974	831	160
1023	832	192	975	832	212
1023	832	256	976	832	268
1023	832	320	977	833	329
1023	832	384	979	833	391
1023	832	448	979	833	455
1023	832	512	981	833	514
1023	832	576	983	834	580
1023	832	640	984	833	643
1023	832	704	986	834	705
1023	832	768	989	834	768
1023	832	832	991	834	827
1023	832	896	993	834	891
1023	832	960	996	834	952
1023	832	1023	1000	835	1014
1023	896	0	978	895	112
1023	896	64	976	894	127
1023	896	128	977	895	165
1023	896	192	977	894	216
1023	896	256	978	896	271
1023	896	320	979	896	331
1023	896	384	982	897	393
1023	896	448	982	897	456
1023	896	512	983	897	516
1023	896	576	986	898	581
1023	896	640	986	897	643
1023	896	704	988	897	706
1023	896	768	991	898	768
1023	896	832	993	897	828
1023	896	896	996	898	892
1023	896	960	999	898	953
1023	896	1023	1003	899	1015
1023	960	0	981	956	120
1023	960	64	979	955	134
1023	960	128	980	956	170
1023	960	192	981	956	220
1023	960	256	981	956	274
1023	960	320	982	957	334
1023	960	384	984	958	395
1023	960	448	984	957	458
1023	960	512	986	957	517
1023	960	576	988	958	582
1023	960	640	989	957	645
1023	960	704	991	958	707
1023	960	768	994	958	770
1023	960	832	996	958	830
1023	960	896	999	958	893
1023	960	960	1001	959	955
1023	960	1023	1005	960	1016
1023	1023	0	985	1020	129
1023	1023	64	982	1018	142
1023	1023	128	983	1018	176
1023	1023	192	983	1019	225
1023	1023	256	984	1020	278
1023	1023	320	985	1020	337
1023	1023	384	987	1021	398
1023	1023	448	988	1020	461
1023	1023	512	990	1021	520
1023	1023	576	991	1021	585
1023	1023	640	993	1021	648
1023	1023	704	994	1021	710
1023	1023	768	997	1022	772
1023	1023	832	999	1021	832
1023	1023	896	1001	1021	895
1023	1023	960	1005	1022	957
1023	1023	1023	1008	1023	1018
