0	0	0	0	0	0
0	0	64	16	8	61
0	0	128	32	17	122
0	0	192	48	25	183
0	0	256	64	33	243
0	0	320	80	42	304
0	0	384	96	50	365
0	0	448	112	59	426
0	0	512	128	67	487
0	0	576	145	75	548
0	0	640	161	84	608
0	0	704	177	92	669
0	0	768	193	100	730
0	0	832	209	109	791
0	0	896	225	117	852
0	0	960	241	126	913
0	0	1023	257	134	973
0	64	0	20	63	7
0	64	64	25	63	61
0	64	128	37	65	122
0	64	192	51	67	183
0	64	256	66	70	243
0	64	320	82	74	304
0	64	384	98	78	365
0	64	448	114	83	426
0	64	512	129	89	487
0	64	576	145	95	548
0	64	640	161	102	608
0	64	704	177	108	669
0	64	768	193	115	730
0	64	832	209	123	791
0	64	896	225	130	852
0	64	960	241	137	913
0	64	1023	257	145	973
0	128	0	40	126	13
0	128	64	43	126	62
0	128	128	50	127	122
0	128	192	61	128	183
0	128	256	74	129	244
0	128	320	88	131	304
0	128	384	103	133	365
0	128	448	118	136	426
0	128	512	133	140	487
0	128	576	148	143	548
0	128	640	164	147	609
0	128	704	180	152	669
0	128	768	196	156	730
0	128	832	211	161	791
0	128	896	227	167	852
0	128	960	243	172	913
0	128	1023	259	178	973
0	192	0	61	189	20
0	192	64	62	189	63
0	192	128	67	190	123
0	192	192	75	190	183
0	192	256	86	191	244
0	192	320	98	192	305
0	192	384	111	194	365
0	192	448	125	196	426
0	192	512	139	198	487
0	192	576	154	200	548
0	192	640	169	203	609
0	192	704	184	206	669
0	192	768	199	209	730
0	192	832	215	213	791
0	192	896	230	217	852
0	192	960	246	221	913
0	192	1023	262	225	973
0	256	0	81	252	26
0	256	64	82	252	65
0	256	128	85	253	124
0	256	192	92	253	184
0	256	256	100	254	244
0	256	320	110	254	305
0	256	384	122	256	366
0	256	448	134	257	426
0	256	512	148	258	487
0	256	576	162	260	548
0	256	640	176	262	609
0	256	704	190	264	670
0	256	768	205	267	730
0	256	832	220	270	791
0	256	896	235	273	852
0	256	960	251	276	913
0	256	1023	266	279	973
0	320	0	101	315	33
0	320	64	102	315	68
0	320	128	105	316	125
0	320	192	110	316	184
0	320	256	117	316	245
0	320	320	125	317	305
0	320	384	135	318	366
0	320	448	146	319	427
0	320	512	159	320	487
0	320	576	171	321	548
0	320	640	185	323	609
0	320	704	199	325	670
0	320	768	213	327	731
0	320	832	227	329	791
0	320	896	242	331	852
0	320	960	256	334	913
0	320	1023	271	336	973
0	384	0	121	378	40
0	384	64	122	378	71
0	384	128	124	379	126
0	384	192	128	379	185
0	384	256	134	379	245
0	384	320	141	380	306
0	384	384	150	380	366
0	384	448	160	381	427
0	384	512	171	382	488
0	384	576	183	383	548
0	384	640	195	385	609
0	384	704	208	386	670
0	384	768	222	388	731
0	384	832	235	389	792
0	384	896	249	391	852
0	384	960	264	393	913
0	384	1023	278	395	973
0	448	0	141	441	46
0	448	64	142	442	74
0	448	128	144	442	128
0	448	192	147	442	187
0	448	256	152	442	246
0	448	320	159	443	306
0	448	384	166	443	367
0	448	448	175	444	427
0	448	512	185	445	488
0	448	576	196	446	549
0	448	640	207	447	609
0	448	704	220	448	670
0	448	768	232	449	731
0	448	832	245	451	792
0	448	896	259	452	852
0	448	960	272	454	913
0	448	1023	286	456	973
0	512	0	162	505	53
0	512	64	162	505	78
0	512	128	164	505	130
0	512	192	167	505	188
0	512	256	171	505	247
0	512	320	177	506	307
0	512	384	183	506	367
0	512	448	191	507	428
0	512	512	200	507	488
0	512	576	210	508	549
0	512	640	221	509	610
0	512	704	232	510	670
0	512	768	244	511	731
0	512	832	256	512	792
0	512	896	269	514	853
0	512	960	282	515	913
0	512	1023	295	517	973
0	576	0	182	568	59
0	576	64	182	568	82
0	576	128	184	568	132
0	576	192	186	568	189
0	576	256	190	568	248
0	576	320	195	568	308
0	576	384	201	569	368
0	576	448	208	569	428
0	576	512	216	570	489
0	576	576	225	571	549
0	576	640	235	571	610
0	576	704	246	572	671
0	576	768	257	573	731
0	576	832	268	574	792
0	576	896	280	576	853
0	576	960	293	577	914
0	576	1023	306	578	974
0	640	0	202	631	66
0	640	64	202	631	87
0	640	128	204	631	135
0	640	192	206	631	191
0	640	256	209	631	250
0	640	320	214	631	309
0	640	384	219	632	369
0	640	448	226	632	429
0	640	512	233	633	489
0	640	576	241	633	550
0	640	640	250	634	611
0	640	704	260	635	671
0	640	768	271	636	732
0	640	832	281	637	793
0	640	896	293	638	853
0	640	960	305	639	914
0	640	1023	317	640	974
0	704	0	222	694	72
0	704	64	222	694	92
0	704	128	224	694	138
0	704	192	226	694	193
0	704	256	229	694	251
0	704	320	233	694	310
0	704	384	238	695	370
0	704	448	243	695	430
0	704	512	250	696	490
0	704	576	258	696	551
0	704	640	266	697	611
0	704	704	275	697	672
0	704	768	285	698	732
0	704	832	295	699	793
0	704	896	306	700	854
0	704	960	318	701	914
0	704	1023	329	702	974
0	768	0	242	757	79
0	768	64	243	757	97
0	768	128	244	757	141
0	768	192	245	757	195
0	768	256	248	757	252
0	768	320	252	757	311
0	768	384	256	758	371
0	768	448	262	758	431
0	768	512	268	758	491
0	768	576	275	759	551
0	768	640	283	760	612
0	768	704	291	760	672
0	768	768	300	761	733
0	768	832	310	762	793
0	768	896	320	762	854
0	768	960	331	763	915
0	768	1023	342	764	974
0	832	0	263	820	86
0	832	64	263	820	102
0	832	128	264	820	145
0	832	192	265	820	197
0	832	256	268	820	254
0	832	320	271	820	313
0	832	384	275	821	372
0	832	448	280	821	432
0	832	512	286	821	492
0	832	576	293	822	552
0	832	640	300	822	612
0	832	704	308	823	673
0	832	768	316	824	733
0	832	832	325	824	794
0	832	896	335	825	854
0	832	960	345	826	915
0	832	1023	356	827	975
0	896	0	283	883	92
0	896	64	283	883	107
0	896	128	284	883	148
0	896	192	285	883	200
0	896	256	288	883	256
0	896	320	291	883	314
0	896	384	294	884	373
0	896	448	299	884	433
0	896	512	304	884	492
0	896	576	310	885	553
0	896	640	317	885	613
0	896	704	325	886	673
0	896	768	333	886	734
0	896	832	341	887	794
0	896	896	351	888	855
0	896	960	360	888	915
0	896	1023	370	889	975
0	960	0	303	946	99
0	960	64	303	946	113
0	960	128	304	946	152
0	960	192	305	946	203
0	960	256	307	946	258
0	960	320	310	946	316
0	960	384	314	947	374
0	960	448	318	947	434
0	960	512	323	947	493
0	960	576	329	948	553
0	960	640	335	948	614
0	960	704	342	949	674
0	960	768	350	949	734
0	960	832	358	950	795
0	960	896	366	950	855
0	960	960	376	951	916
0	960	1023	385	952	975
0	1023	0	323	1008	105
0	1023	64	323	1008	119
0	1023	128	324	1008	156
0	1023	192	325	1008	205
0	1023	256	327	1008	260
0	1023	320	330	1009	317
0	1023	384	333	1009	376
0	1023	448	337	1009	435
0	1023	512	342	1009	494
0	1023	576	347	1010	554
0	1023	640	353	1010	614
0	1023	704	359	1010	674
0	1023	768	366	1011	735
0	1023	832	374	1012	795
0	1023	896	382	1012	856
0	1023	960	391	1013	916
0	1023	1023	400	1013	976
64	0	0	59	11	0
64	0	64	61	13	61
64	0	128	66	19	122
64	0	192	74	27	183
64	0	256	85	35	243
64	0	320	97	43	304
64	0	384	110	51	365
64	0	448	124	59	426
64	0	512	139	68	487
64	0	576	153	76	548
64	0	640	168	84	608
64	0	704	184	92	669
64	0	768	199	101	730
64	0	832	215	109	791
64	0	896	230	117	852
64	0	960	246	126	913
64	0	1023	261	134	973
64	64	0	62	64	4
64	64	64	63	64	61
64	64	128	68	65	122
64	64	192	76	67	183
64	64	256	86	70	243
64	64	320	98	74	304
64	64	384	111	79	365
64	64	448	125	84	426
64	64	512	140	90	487
64	64	576	154	96	548
64	64	640	169	102	608
64	64	704	184	109	669
64	64	768	200	116	730
64	64	832	215	123	791
64	64	896	231	130	852
64	64	960	246	138	913
64	64	1023	262	145	973
64	128	0	70	126	12
64	128	64	71	127	62
64	128	128	75	127	122
64	128	192	82	128	183
64	128	256	92	129	244
64	128	320	103	131	304
64	128	384	115	134	365
64	128	448	129	136	426
64	128	512	143	140	487
64	128	576	157	143	548
64	128	640	172	147	609
64	128	704	187	152	669
64	128	768	202	157	730
64	128	832	217	162	791
64	128	896	232	167	852
64	128	960	248	173	913
64	128	1023	263	178	973
64	192	0	82	189	19
64	192	64	83	189	63
64	192	128	87	190	123
64	192	192	93	190	183
64	192	256	101	191	244
64	192	320	111	192	305
64	192	384	123	194	365
64	192	448	135	196	426
64	192	512	148	198	487
64	192	576	162	200	548
64	192	640	176	203	609
64	192	704	191	206	669
64	192	768	206	209	730
64	192	832	221	213	791
64	192	896	236	217	852
64	192	960	251	221	913
64	192	1023	266	225	973
64	256	0	97	252	26
64	256	64	98	252	65
64	256	128	101	253	124
64	256	192	106	253	184
64	256	256	113	254	244
64	256	320	122	255	305
64	256	384	133	256	366
64	256	448	144	257	426
64	256	512	156	258	487
64	256	576	169	260	548
64	256	640	183	262	609
64	256	704	197	265	670
64	256	768	211	267	730
64	256	832	226	270	791
64	256	896	240	273	852
64	256	960	255	276	913
64	256	1023	270	279	973
64	320	0	114	315	33
64	320	64	115	315	67
64	320	128	117	316	125
64	320	192	122	316	184
64	320	256	128	316	245
64	320	320	136	317	305
64	320	384	145	318	366
64	320	448	155	319	427
64	320	512	167	320	487
64	320	576	179	321	548
64	320	640	191	323	609
64	320	704	205	325	670
64	320	768	218	327	731
64	320	832	232	329	791
64	320	896	247	331	852
64	320	960	261	334	913
64	320	1023	276	336	973
64	384	0	132	378	39
64	384	64	133	379	70
64	384	128	135	379	126
64	384	192	138	379	185
64	384	256	144	379	245
64	384	320	151	380	306
64	384	384	159	380	366
64	384	448	168	381	427
64	384	512	178	382	488
64	384	576	190	383	548
64	384	640	202	385	609
64	384	704	214	386	670
64	384	768	227	388	731
64	384	832	240	389	791
64	384	896	254	391	852
64	384	960	268	393	913
64	384	1023	282	395	973
64	448	0	150	442	46
64	448	64	151	442	74
64	448	128	153	442	128
64	448	192	156	442	186
64	448	256	161	442	246
64	448	320	167	443	306
64	448	384	174	443	367
64	448	448	182	444	427
64	448	512	192	445	488
64	448	576	202	446	549
64	448	640	213	447	609
64	448	704	225	448	670
64	448	768	237	449	731
64	448	832	250	451	792
64	448	896	263	452	852
64	448	960	277	454	913
64	448	1023	290	456	973
64	512	0	169	505	53
64	512	64	170	505	78
64	512	128	171	505	130
64	512	192	174	505	188
64	512	256	178	505	247
64	512	320	184	506	307
64	512	384	190	506	367
64	512	448	198	507	428
64	512	512	206	507	488
64	512	576	216	508	549
64	512	640	226	509	610
64	512	704	237	510	670
64	512	768	249	511	731
64	512	832	261	512	792
64	512	896	273	514	853
64	512	960	286	515	913
64	512	1023	299	517	973
64	576	0	189	568	59
64	576	64	189	568	82
64	576	128	190	568	132
64	576	192	193	568	189
64	576	256	196	568	248
64	576	320	201	568	308
64	576	384	207	569	368
64	576	448	214	569	428
64	576	512	222	570	489
64	576	576	231	571	549
64	576	640	240	571	610
64	576	704	250	572	671
64	576	768	261	573	731
64	576	832	273	574	792
64	576	896	285	576	853
64	576	960	297	577	914
64	576	1023	309	578	974
64	640	0	208	631	66
64	640	64	208	631	87
64	640	128	210	631	135
64	640	192	212	631	191
64	640	256	215	631	250
64	640	320	219	631	309
64	640	384	225	632	369
64	640	448	231	632	429
64	640	512	238	633	489
64	640	576	246	633	550
64	640	640	255	634	611
64	640	704	265	635	671
64	640	768	275	636	732
64	640	832	286	637	793
64	640	896	297	638	853
64	640	960	309	639	914
64	640	1023	321	640	974
64	704	0	228	694	72
64	704	64	228	694	92
64	704	128	229	694	138
64	704	192	231	694	193
64	704	256	234	694	251
64	704	320	238	694	310
64	704	384	243	695	370
64	704	448	248	695	430
64	704	512	255	696	490
64	704	576	262	696	551
64	704	640	271	697	611
64	704	704	280	697	672
64	704	768	289	698	732
64	704	832	299	699	793
64	704	896	310	700	854
64	704	960	321	701	914
64	704	1023	333	702	974
64	768	0	247	757	79
64	768	64	248	757	97
64	768	128	249	757	141
64	768	192	250	757	195
64	768	256	253	757	252
64	768	320	257	757	311
64	768	384	261	758	371
64	768	448	266	758	431
64	768	512	272	759	491
64	768	576	279	759	551
64	768	640	287	760	612
64	768	704	295	760	672
64	768	768	304	761	733
64	768	832	314	762	793
64	768	896	324	763	854
64	768	960	335	763	915
64	768	1023	345	764	974
64	832	0	267	820	86
64	832	64	267	820	102
64	832	128	268	820	145
64	832	192	270	820	197
64	832	256	272	820	254
64	832	320	275	820	313
64	832	384	280	821	372
64	832	448	284	821	432
64	832	512	290	821	492
64	832	576	296	822	552
64	832	640	304	822	612
64	832	704	311	823	673
64	832	768	320	824	733
64	832	832	329	824	794
64	832	896	338	825	854
64	832	960	349	826	915
64	832	1023	359	827	975
64	896	0	287	883	92
64	896	64	287	883	107
64	896	128	288	883	148
64	896	192	289	883	200
64	896	256	292	883	256
64	896	320	295	883	314
64	896	384	298	884	373
64	896	448	303	884	433
64	896	512	308	884	492
64	896	576	314	885	553
64	896	640	321	885	613
64	896	704	328	886	673
64	896	768	336	886	734
64	896	832	345	887	794
64	896	896	354	888	855
64	896	960	363	888	915
64	896	1023	373	889	975
64	960	0	307	946	99
64	960	64	307	946	113
64	960	128	308	946	152
64	960	192	309	946	203
64	960	256	311	946	258
64	960	320	314	947	316
64	960	384	317	947	374
64	960	448	322	947	434
64	960	512	326	947	493
64	960	576	332	948	553
64	960	640	338	948	614
64	960	704	345	949	674
64	960	768	353	949	734
64	960	832	361	950	795
64	960	896	369	950	855
64	960	960	378	951	916
64	960	1023	388	952	975
64	1023	0	326	1008	105
64	1023	64	327	1008	118
64	1023	128	327	1008	156
64	1023	192	329	1008	205
64	1023	256	330	1008	260
64	1023	320	333	1009	317
64	1023	384	336	1009	376
64	1023	448	340	1009	435
64	1023	512	345	1009	494
64	1023	576	350	1010	554
64	1023	640	356	1010	614
64	1023	704	362	1010	674
64	1023	768	369	1011	735
64	1023	832	377	1012	795
64	1023	896	385	1012	856
64	1023	960	394	1013	916
64	1023	1023	403	1014	976
128	0	0	118	22	0
128	0	64	119	23	60
128	0	128	121	27	121
128	0	192	125	32	182
128	0	256	131	39	243
128	0	320	139	46	304
128	0	384	148	54	365
128	0	448	158	62	426
128	0	512	169	69	487
128	0	576	181	78	548
128	0	640	194	86	608
128	0	704	207	94	669
128	0	768	220	102	730
128	0	832	234	110	791
128	0	896	248	118	852
128	0	960	263	127	913
128	0	1023	277	135	973
128	64	0	119	66	0
128	64	64	120	66	60
128	64	128	122	67	122
128	64	192	126	69	182
128	64	256	132	72	243
128	64	320	140	76	304
128	64	384	149	80	365
128	64	448	159	85	426
128	64	512	170	91	487
128	64	576	182	97	548
128	64	640	194	103	608
128	64	704	207	110	669
128	64	768	221	117	730
128	64	832	235	124	791
128	64	896	249	131	852
128	64	960	263	138	913
128	64	1023	277	146	973
128	128	0	123	127	8
128	128	64	124	127	61
128	128	128	126	128	122
128	128	192	130	129	183
128	128	256	136	130	243
128	128	320	143	132	304
128	128	384	152	135	365
128	128	448	162	137	426
128	128	512	173	141	487
128	128	576	184	144	548
128	128	640	196	148	608
128	128	704	209	153	669
128	128	768	223	157	730
128	128	832	236	162	791
128	128	896	250	168	852
128	128	960	265	173	913
128	128	1023	279	179	973
128	192	0	130	190	17
128	192	64	131	190	63
128	192	128	133	190	122
128	192	192	136	191	183
128	192	256	142	192	244
128	192	320	149	193	304
128	192	384	157	195	365
128	192	448	167	196	426
128	192	512	177	198	487
128	192	576	188	201	548
128	192	640	200	204	609
128	192	704	213	207	669
128	192	768	226	210	730
128	192	832	239	214	791
128	192	896	253	217	852
128	192	960	267	221	913
128	192	1023	281	226	973
128	256	0	139	253	25
128	256	64	140	253	64
128	256	128	142	253	123
128	256	192	145	254	184
128	256	256	150	254	244
128	256	320	157	255	305
128	256	384	165	256	366
128	256	448	174	257	426
128	256	512	184	259	487
128	256	576	195	261	548
128	256	640	206	263	609
128	256	704	218	265	670
128	256	768	231	267	730
128	256	832	244	270	791
128	256	896	258	273	852
128	256	960	271	276	913
128	256	1023	285	279	973
128	320	0	151	316	32
128	320	64	151	316	67
128	320	128	153	316	125
128	320	192	156	316	184
128	320	256	161	317	245
128	320	320	167	317	305
128	320	384	174	318	366
128	320	448	183	319	427
128	320	512	192	320	487
128	320	576	202	322	548
128	320	640	213	323	609
128	320	704	225	325	670
128	320	768	237	327	730
128	320	832	250	329	791
128	320	896	263	331	852
128	320	960	277	334	913
128	320	1023	290	337	973
128	384	0	164	379	38
128	384	64	165	379	70
128	384	128	166	379	126
128	384	192	169	379	185
128	384	256	173	380	245
128	384	320	179	380	306
128	384	384	186	381	366
128	384	448	193	382	427
128	384	512	202	383	488
128	384	576	212	384	548
128	384	640	222	385	609
128	384	704	234	386	670
128	384	768	245	388	731
128	384	832	258	390	791
128	384	896	270	392	852
128	384	960	283	394	913
128	384	1023	297	396	973
128	448	0	179	442	45
128	448	64	179	442	74
128	448	128	181	442	128
128	448	192	183	442	186
128	448	256	187	442	246
128	448	320	192	443	306
128	448	384	198	443	367
128	448	448	206	444	427
128	448	512	214	445	488
128	448	576	223	446	549
128	448	640	233	447	609
128	448	704	244	448	670
128	448	768	255	449	731
128	448	832	266	451	792
128	448	896	279	452	852
128	448	960	291	454	913
128	448	1023	304	456	973
128	512	0	194	505	52
128	512	64	195	505	78
128	512	128	196	505	130
128	512	192	199	505	188
128	512	256	202	505	247
128	512	320	207	506	307
128	512	384	212	506	367
128	512	448	219	507	428
128	512	512	227	507	488
128	512	576	235	508	549
128	512	640	245	509	610
128	512	704	255	510	670
128	512	768	265	511	731
128	512	832	277	513	792
128	512	896	288	514	853
128	512	960	300	515	913
128	512	1023	313	517	973
128	576	0	211	568	59
128	576	64	211	568	82
128	576	128	213	568	132
128	576	192	215	568	189
128	576	256	218	568	248
128	576	320	222	569	308
128	576	384	227	569	368
128	576	448	234	570	428
128	576	512	241	570	489
128	576	576	249	571	549
128	576	640	257	572	610
128	576	704	267	573	671
128	576	768	277	573	731
128	576	832	288	575	792
128	576	896	299	576	853
128	576	960	310	577	914
128	576	1023	322	578	974
128	640	0	228	631	65
128	640	64	228	631	86
128	640	128	230	631	135
128	640	192	232	631	191
128	640	256	234	631	249
128	640	320	238	632	309
128	640	384	243	632	369
128	640	448	249	632	429
128	640	512	256	633	489
128	640	576	263	634	550
128	640	640	271	634	611
128	640	704	280	635	671
128	640	768	290	636	732
128	640	832	300	637	792
128	640	896	310	638	853
128	640	960	322	639	914
128	640	1023	333	640	974
128	704	0	246	694	72
128	704	64	246	694	91
128	704	128	247	694	138
128	704	192	249	694	193
128	704	256	252	694	251
128	704	320	255	695	310
128	704	384	260	695	370
128	704	448	265	695	430
128	704	512	271	696	490
128	704	576	278	696	550
128	704	640	286	697	611
128	704	704	294	698	672
128	704	768	303	698	732
128	704	832	313	699	793
128	704	896	323	700	854
128	704	960	334	701	914
128	704	1023	344	702	974
128	768	0	264	757	79
128	768	64	264	757	96
128	768	128	265	757	141
128	768	192	267	757	195
128	768	256	269	757	252
128	768	320	273	758	311
128	768	384	277	758	371
128	768	448	282	758	431
128	768	512	287	759	491
128	768	576	294	759	551
128	768	640	301	760	612
128	768	704	309	760	672
128	768	768	317	761	733
128	768	832	327	762	793
128	768	896	336	763	854
128	768	960	346	764	915
128	768	1023	357	765	974
128	832	0	282	820	85
128	832	64	283	820	102
128	832	128	283	820	144
128	832	192	285	820	197
128	832	256	287	820	254
128	832	320	290	821	313
128	832	384	294	821	372
128	832	448	299	821	431
128	832	512	304	822	492
128	832	576	310	822	552
128	832	640	317	822	612
128	832	704	324	823	673
128	832	768	332	824	733
128	832	832	341	824	794
128	832	896	350	825	854
128	832	960	360	826	915
128	832	1023	370	827	975
128	896	0	301	883	92
128	896	64	301	883	107
128	896	128	302	883	148
128	896	192	303	883	200
128	896	256	305	883	256
128	896	320	308	884	314
128	896	384	312	884	373
128	896	448	316	884	432
128	896	512	321	884	492
128	896	576	327	885	552
128	896	640	333	885	613
128	896	704	340	886	673
128	896	768	348	886	734
128	896	832	356	887	794
128	896	896	365	888	855
128	896	960	374	889	915
128	896	1023	384	889	975
128	960	0	320	946	98
128	960	64	320	946	113
128	960	128	321	946	152
128	960	192	322	946	203
128	960	256	324	946	258
128	960	320	327	947	316
128	960	384	330	947	374
128	960	448	334	947	434
128	960	512	339	947	493
128	960	576	344	948	553
128	960	640	350	948	613
128	960	704	357	949	674
128	960	768	364	949	734
128	960	832	372	950	795
128	960	896	380	950	855
128	960	960	389	951	916
128	960	1023	398	952	975
128	1023	0	338	1008	105
128	1023	64	339	1008	118
128	1023	128	339	1008	156
128	1023	192	341	1008	205
128	1023	256	342	1008	260
128	1023	320	345	1009	317
128	1023	384	348	1009	376
128	1023	448	352	1009	435
128	1023	512	356	1009	494
128	1023	576	361	1010	554
128	1023	640	367	1010	614
128	1023	704	373	1011	674
128	1023	768	380	1011	735
128	1023	832	387	1012	795
128	1023	896	395	1012	856
128	1023	960	404	1013	916
128	1023	1023	412	1014	976
192	0	0	177	33	0
192	0	64	178	33	59
192	0	128	179	36	121
192	0	192	182	40	182
192	0	256	186	45	243
192	0	320	191	52	304
192	0	384	197	58	365
192	0	448	204	65	426
192	0	512	213	73	487
192	0	576	222	81	548
192	0	640	232	88	608
192	0	704	243	96	669
192	0	768	254	104	730
192	0	832	266	112	791
192	0	896	278	120	852
192	0	960	291	128	913
192	0	1023	303	136	973
192	64	0	178	69	0
192	64	64	179	70	60
192	64	128	180	71	121
192	64	192	183	73	182
192	64	256	186	75	243
192	64	320	192	79	304
192	64	384	198	83	365
192	64	448	205	88	426
192	64	512	213	93	487
192	64	576	223	99	548
192	64	640	232	105	608
192	64	704	243	112	669
192	64	768	254	119	730
192	64	832	266	126	791
192	64	896	278	133	852
192	64	960	291	140	913
192	64	1023	304	147	973
192	128	0	180	129	0
192	128	64	181	129	60
192	128	128	182	130	121
192	128	192	185	131	182
192	128	256	189	132	243
192	128	320	194	134	304
192	128	384	200	136	365
192	128	448	207	139	426
192	128	512	215	142	487
192	128	576	224	146	548
192	128	640	234	150	608
192	128	704	245	154	669
192	128	768	256	159	730
192	128	832	268	164	791
192	128	896	280	169	852
192	128	960	292	174	913
192	128	1023	305	180	973
192	192	0	185	191	12
192	192	64	185	191	62
192	192	128	187	191	122
192	192	192	189	192	183
192	192	256	193	193	244
192	192	320	198	194	304
192	192	384	204	196	365
192	192	448	211	197	426
192	192	512	219	199	487
192	192	576	228	202	548
192	192	640	237	205	609
192	192	704	248	208	669
192	192	768	259	211	730
192	192	832	270	214	791
192	192	896	282	218	852
192	192	960	295	222	913
192	192	1023	307	227	973
192	256	0	191	254	22
192	256	64	191	254	64
192	256	128	193	254	123
192	256	192	195	254	183
192	256	256	199	255	244
192	256	320	203	256	305
192	256	384	209	257	365
192	256	448	216	258	426
192	256	512	224	260	487
192	256	576	233	261	548
192	256	640	242	263	609
192	256	704	252	266	669
192	256	768	263	268	730
192	256	832	274	271	791
192	256	896	286	274	852
192	256	960	298	277	913
192	256	1023	311	280	973
192	320	0	199	316	30
192	320	64	200	316	66
192	320	128	201	317	124
192	320	192	203	317	184
192	320	256	207	317	244
192	320	320	211	318	305
192	320	384	217	319	366
192	320	448	223	320	426
192	320	512	231	321	487
192	320	576	239	322	548
192	320	640	248	324	609
192	320	704	258	326	670
192	320	768	269	328	730
192	320	832	280	330	791
192	320	896	291	332	852
192	320	960	303	335	913
192	320	1023	315	337	973
192	384	0	209	379	37
192	384	64	209	379	69
192	384	128	210	379	126
192	384	192	213	380	185
192	384	256	216	380	245
192	384	320	220	381	306
192	384	384	225	381	366
192	384	448	232	382	427
192	384	512	239	383	488
192	384	576	247	384	548
192	384	640	256	385	609
192	384	704	265	387	670
192	384	768	275	388	731
192	384	832	286	390	791
192	384	896	297	392	852
192	384	960	309	394	913
192	384	1023	321	396	973
192	448	0	220	442	44
192	448	64	220	442	73
192	448	128	222	442	127
192	448	192	224	442	186
192	448	256	227	443	246
192	448	320	231	443	306
192	448	384	236	444	367
192	448	448	242	444	427
192	448	512	249	445	488
192	448	576	256	446	549
192	448	640	265	447	609
192	448	704	274	448	670
192	448	768	284	450	731
192	448	832	294	451	792
192	448	896	305	453	852
192	448	960	316	455	913
192	448	1023	328	456	973
192	512	0	233	505	51
192	512	64	233	505	77
192	512	128	234	505	130
192	512	192	236	505	187
192	512	256	239	506	247
192	512	320	243	506	307
192	512	384	247	507	367
192	512	448	253	507	428
192	512	512	259	508	488
192	512	576	267	509	549
192	512	640	275	509	610
192	512	704	284	510	670
192	512	768	293	512	731
192	512	832	303	513	792
192	512	896	313	514	853
192	512	960	324	516	913
192	512	1023	336	517	973
192	576	0	246	568	58
192	576	64	246	568	81
192	576	128	247	568	132
192	576	192	249	568	189
192	576	256	252	569	248
192	576	320	255	569	308
192	576	384	260	569	368
192	576	448	265	570	428
192	576	512	271	570	489
192	576	576	278	571	549
192	576	640	286	572	610
192	576	704	294	573	671
192	576	768	303	574	731
192	576	832	313	575	792
192	576	896	323	576	853
192	576	960	334	577	914
192	576	1023	345	579	973
192	640	0	261	631	64
192	640	64	261	631	86
192	640	128	262	631	135
192	640	192	263	631	191
192	640	256	266	632	249
192	640	320	269	632	309
192	640	384	273	632	369
192	640	448	278	633	429
192	640	512	284	633	489
192	640	576	291	634	550
192	640	640	298	634	610
192	640	704	306	635	671
192	640	768	315	636	732
192	640	832	324	637	792
192	640	896	334	638	853
192	640	960	344	639	914
192	640	1023	354	640	974
192	704	0	276	694	71
192	704	64	276	694	91
192	704	128	277	694	137
192	704	192	279	694	193
192	704	256	281	695	251
192	704	320	284	695	310
192	704	384	288	695	370
192	704	448	293	696	430
192	704	512	298	696	490
192	704	576	304	697	550
192	704	640	311	697	611
192	704	704	319	698	672
192	704	768	327	699	732
192	704	832	336	699	793
192	704	896	345	700	854
192	704	960	355	701	914
192	704	1023	365	703	974
192	768	0	292	757	78
192	768	64	292	757	96
192	768	128	293	757	141
192	768	192	294	757	195
192	768	256	296	758	252
192	768	320	299	758	311
192	768	384	303	758	371
192	768	448	307	758	431
192	768	512	313	759	491
192	768	576	319	759	551
192	768	640	325	760	611
192	768	704	332	760	672
192	768	768	340	761	733
192	768	832	349	762	793
192	768	896	357	763	854
192	768	960	367	764	915
192	768	1023	377	765	974
192	832	0	308	820	85
192	832	64	308	820	101
192	832	128	309	820	144
192	832	192	310	820	197
192	832	256	313	821	254
192	832	320	315	821	312
192	832	384	319	821	372
192	832	448	323	821	431
192	832	512	328	822	491
192	832	576	333	822	552
192	832	640	340	823	612
192	832	704	346	823	673
192	832	768	354	824	733
192	832	832	362	825	794
192	832	896	371	825	854
192	832	960	380	826	915
192	832	1023	389	827	975
192	896	0	325	883	91
192	896	64	325	883	107
192	896	128	326	883	148
192	896	192	327	883	200
192	896	256	329	884	256
192	896	320	332	884	314
192	896	384	335	884	373
192	896	448	339	884	432
192	896	512	344	885	492
192	896	576	349	885	552
192	896	640	355	885	613
192	896	704	361	886	673
192	896	768	368	887	734
192	896	832	376	887	794
192	896	896	384	888	855
192	896	960	393	889	915
192	896	1023	402	890	975
192	960	0	342	946	98
192	960	64	342	946	112
192	960	128	343	946	152
192	960	192	344	946	202
192	960	256	346	947	258
192	960	320	349	947	315
192	960	384	352	947	374
192	960	448	355	947	433
192	960	512	360	948	493
192	960	576	365	948	553
192	960	640	370	948	613
192	960	704	377	949	674
192	960	768	383	949	734
192	960	832	391	950	795
192	960	896	398	951	855
192	960	960	407	951	916
192	960	1023	415	952	975
192	1023	0	360	1008	104
192	1023	64	360	1008	118
192	1023	128	360	1008	156
192	1023	192	362	1008	205
192	1023	256	363	1009	260
192	1023	320	366	1009	317
192	1023	384	369	1009	375
192	1023	448	372	1009	435
192	1023	512	376	1010	494
192	1023	576	381	1010	554
192	1023	640	386	1010	614
192	1023	704	392	1011	674
192	1023	768	399	1011	735
192	1023	832	406	1012	795
192	1023	896	413	1012	856
192	1023	960	421	1013	916
192	1023	1023	429	1014	976
256	0	0	237	44	0
256	0	64	237	44	58
256	0	128	238	46	120
256	0	192	240	49	182
256	0	256	243	53	243
256	0	320	246	59	304
256	0	384	251	64	365
256	0	448	256	71	426
256	0	512	263	78	487
256	0	576	270	85	547
256	0	640	278	92	608
256	0	704	287	100	669
256	0	768	296	107	730
256	0	832	306	115	791
256	0	896	316	123	852
256	0	960	327	131	913
256	0	1023	338	139	973
256	64	0	237	75	0
256	64	64	237	75	58
256	64	128	238	76	121
256	64	192	240	78	182
256	64	256	243	80	243
256	64	320	247	83	304
256	64	384	251	87	365
256	64	448	257	92	426
256	64	512	263	97	487
256	64	576	270	103	547
256	64	640	278	109	608
256	64	704	287	115	669
256	64	768	296	121	730
256	64	832	306	128	791
256	64	896	317	135	852
256	64	960	328	142	913
256	64	1023	339	149	973
256	128	0	239	132	0
256	128	64	239	132	59
256	128	128	240	132	121
256	128	192	242	133	182
256	128	256	245	134	243
256	128	320	248	136	304
256	128	384	253	139	365
256	128	448	258	141	426
256	128	512	265	144	487
256	128	576	272	148	547
256	128	640	280	152	608
256	128	704	288	156	669
256	128	768	298	161	730
256	128	832	307	166	791
256	128	896	318	171	852
256	128	960	329	176	913
256	128	1023	340	182	973
256	192	0	242	193	0
256	192	64	242	193	60
256	192	128	243	193	121
256	192	192	245	194	182
256	192	256	248	194	243
256	192	320	251	196	304
256	192	384	256	197	365
256	192	448	261	199	426
256	192	512	268	201	487
256	192	576	275	203	548
256	192	640	282	206	608
256	192	704	291	209	669
256	192	768	300	212	730
256	192	832	310	216	791
256	192	896	320	220	852
256	192	960	331	224	913
256	192	1023	342	228	973
256	256	0	246	255	17
256	256	64	247	255	62
256	256	128	248	255	122
256	256	192	249	255	183
256	256	256	252	256	244
256	256	320	256	257	304
256	256	384	260	258	365
256	256	448	265	259	426
256	256	512	272	261	487
256	256	576	279	262	548
256	256	640	286	264	609
256	256	704	295	267	669
256	256	768	304	269	730
256	256	832	313	272	791
256	256	896	323	275	852
256	256	960	334	278	913
256	256	1023	345	281	973
256	320	0	252	317	26
256	320	64	253	317	65
256	320	128	254	317	124
256	320	192	255	318	184
256	320	256	258	318	244
256	320	320	261	319	305
256	320	384	266	320	366
256	320	448	271	321	426
256	320	512	277	322	487
256	320	576	284	323	548
256	320	640	291	325	609
256	320	704	299	326	670
256	320	768	308	328	730
256	320	832	318	331	791
256	320	896	328	333	852
256	320	960	338	335	913
256	320	1023	349	338	973
256	384	0	260	380	34
256	384	64	260	380	68
256	384	128	261	380	125
256	384	192	263	380	185
256	384	256	265	381	245
256	384	320	269	381	305
256	384	384	273	382	366
256	384	448	278	383	427
256	384	512	284	384	487
256	384	576	290	385	548
256	384	640	298	386	609
256	384	704	306	387	670
256	384	768	314	389	731
256	384	832	323	391	791
256	384	896	333	393	852
256	384	960	343	395	913
256	384	1023	354	397	973
256	448	0	269	443	42
256	448	64	269	443	72
256	448	128	270	443	127
256	448	192	271	443	186
256	448	256	274	443	246
256	448	320	277	444	306
256	448	384	281	444	367
256	448	448	286	445	427
256	448	512	292	446	488
256	448	576	298	447	548
256	448	640	305	448	609
256	448	704	313	449	670
256	448	768	321	450	731
256	448	832	330	452	792
256	448	896	340	453	852
256	448	960	350	455	913
256	448	1023	360	457	973
256	512	0	279	506	49
256	512	64	279	506	76
256	512	128	280	506	129
256	512	192	281	506	187
256	512	256	283	506	247
256	512	320	287	507	307
256	512	384	290	507	367
256	512	448	295	508	428
256	512	512	301	508	488
256	512	576	307	509	549
256	512	640	314	510	610
256	512	704	321	511	670
256	512	768	329	512	731
256	512	832	338	513	792
256	512	896	347	515	853
256	512	960	357	516	913
256	512	1023	367	518	973
256	576	0	290	569	56
256	576	64	290	569	80
256	576	128	291	569	131
256	576	192	292	569	189
256	576	256	294	569	248
256	576	320	297	569	308
256	576	384	301	570	368
256	576	448	305	570	428
256	576	512	311	571	489
256	576	576	317	572	549
256	576	640	323	572	610
256	576	704	330	573	671
256	576	768	338	574	731
256	576	832	347	575	792
256	576	896	356	576	853
256	576	960	365	578	914
256	576	1023	375	579	973
256	640	0	302	631	63
256	640	64	302	632	85
256	640	128	303	632	134
256	640	192	304	632	190
256	640	256	306	632	249
256	640	320	309	632	309
256	640	384	312	633	369
256	640	448	317	633	429
256	640	512	322	634	489
256	640	576	327	634	550
256	640	640	334	635	610
256	640	704	341	636	671
256	640	768	348	636	732
256	640	832	357	637	792
256	640	896	365	638	853
256	640	960	374	640	914
256	640	1023	384	641	974
256	704	0	314	694	70
256	704	64	315	694	90
256	704	128	315	695	137
256	704	192	317	695	192
256	704	256	319	695	250
256	704	320	321	695	310
256	704	384	325	695	369
256	704	448	329	696	430
256	704	512	334	696	490
256	704	576	339	697	550
256	704	640	345	697	611
256	704	704	352	698	671
256	704	768	359	699	732
256	704	832	367	700	793
256	704	896	376	701	853
256	704	960	385	702	914
256	704	1023	394	703	974
256	768	0	328	757	77
256	768	64	328	757	95
256	768	128	329	758	140
256	768	192	330	758	194
256	768	256	332	758	252
256	768	320	335	758	311
256	768	384	338	758	370
256	768	448	342	759	430
256	768	512	347	759	491
256	768	576	352	760	551
256	768	640	358	760	611
256	768	704	364	761	672
256	768	768	371	761	733
256	768	832	379	762	793
256	768	896	387	763	854
256	768	960	395	764	915
256	768	1023	404	765	974
256	832	0	343	820	84
256	832	64	343	820	101
256	832	128	343	821	144
256	832	192	345	821	197
256	832	256	346	821	254
256	832	320	349	821	312
256	832	384	352	821	372
256	832	448	356	822	431
256	832	512	360	822	491
256	832	576	365	822	552
256	832	640	371	823	612
256	832	704	377	824	672
256	832	768	384	824	733
256	832	832	391	825	794
256	832	896	399	826	854
256	832	960	407	826	915
256	832	1023	416	827	975
256	896	0	358	883	90
256	896	64	358	884	106
256	896	128	358	884	147
256	896	192	359	884	199
256	896	256	361	884	256
256	896	320	364	884	314
256	896	384	366	884	373
256	896	448	370	885	432
256	896	512	374	885	492
256	896	576	379	885	552
256	896	640	384	886	613
256	896	704	390	886	673
256	896	768	397	887	734
256	896	832	404	887	794
256	896	896	411	888	855
256	896	960	419	889	915
256	896	1023	428	890	975
256	960	0	373	947	97
256	960	64	373	947	112
256	960	128	374	947	151
256	960	192	375	947	202
256	960	256	377	947	258
256	960	320	379	947	315
256	960	384	382	947	374
256	960	448	385	947	433
256	960	512	389	948	493
256	960	576	393	948	553
256	960	640	399	949	613
256	960	704	404	949	674
256	960	768	410	950	734
256	960	832	417	950	795
256	960	896	424	951	855
256	960	960	432	952	916
256	960	1023	440	952	975
256	1023	0	389	1009	104
256	1023	64	389	1009	117
256	1023	128	389	1009	155
256	1023	192	390	1009	205
256	1023	256	392	1009	260
256	1023	320	394	1009	317
256	1023	384	397	1009	375
256	1023	448	400	1009	434
256	1023	512	404	1010	494
256	1023	576	408	1010	554
256	1023	640	413	1010	614
256	1023	704	419	1011	674
256	1023	768	424	1011	735
256	1023	832	431	1012	795
256	1023	896	438	1013	856
256	1023	960	445	1013	916
256	1023	1023	453	1014	976
320	0	0	296	54	0
320	0	64	296	55	56
320	0	128	297	56	120
320	0	192	298	59	181
320	0	256	300	62	243
320	0	320	303	67	304
320	0	384	307	72	365
320	0	448	311	78	425
320	0	512	316	84	486
320	0	576	322	90	547
320	0	640	329	97	608
320	0	704	336	104	669
320	0	768	343	112	730
320	0	832	352	119	791
320	0	896	361	127	852
320	0	960	370	134	913
320	0	1023	380	142	972
320	64	0	296	81	0
320	64	64	296	81	56
320	64	128	297	82	120
320	64	192	299	84	181
320	64	256	301	86	243
320	64	320	304	89	304
320	64	384	307	93	365
320	64	448	312	97	426
320	64	512	317	102	486
320	64	576	322	107	547
320	64	640	329	113	608
320	64	704	336	119	669
320	64	768	344	125	730
320	64	832	352	132	791
320	64	896	361	138	852
320	64	960	370	145	913
320	64	1023	380	152	972
320	128	0	297	135	0
320	128	64	298	135	57
320	128	128	298	135	120
320	128	192	300	136	182
320	128	256	302	138	243
320	128	320	305	139	304
320	128	384	308	142	365
320	128	448	313	144	426
320	128	512	318	147	486
320	128	576	324	151	547
320	128	640	330	155	608
320	128	704	337	159	669
320	128	768	345	163	730
320	128	832	353	168	791
320	128	896	362	173	852
320	128	960	371	179	913
320	128	1023	381	184	972
320	192	0	300	195	0
320	192	64	300	195	59
320	192	128	301	195	121
320	192	192	302	196	182
320	192	256	304	197	243
320	192	320	307	198	304
320	192	384	311	199	365
320	192	448	315	201	426
320	192	512	320	203	487
320	192	576	326	205	547
320	192	640	332	208	608
320	192	704	339	211	669
320	192	768	347	214	730
320	192	832	355	218	791
320	192	896	364	221	852
320	192	960	373	225	913
320	192	1023	383	230	973
320	256	0	303	256	0
320	256	64	304	256	61
320	256	128	304	256	122
320	256	192	306	257	182
320	256	256	308	257	243
320	256	320	311	258	304
320	256	384	314	259	365
320	256	448	318	261	426
320	256	512	323	262	487
320	256	576	329	264	548
320	256	640	335	266	608
320	256	704	342	268	669
320	256	768	350	271	730
320	256	832	358	273	791
320	256	896	367	276	852
320	256	960	376	279	913
320	256	1023	385	282	973
320	320	0	308	318	21
320	320	64	308	318	63
320	320	128	309	319	123
320	320	192	310	319	183
320	320	256	312	319	244
320	320	320	315	320	305
320	320	384	319	321	365
320	320	448	323	322	426
320	320	512	328	323	487
320	320	576	333	324	548
320	320	640	340	326	609
320	320	704	346	328	669
320	320	768	354	330	730
320	320	832	362	332	791
320	320	896	370	334	852
320	320	960	379	336	913
320	320	1023	389	339	973
320	384	0	314	381	31
320	384	64	314	381	67
320	384	128	315	381	124
320	384	192	316	381	184
320	384	256	318	382	245
320	384	320	321	382	305
320	384	384	324	383	366
320	384	448	328	384	427
320	384	512	333	385	487
320	384	576	339	386	548
320	384	640	345	387	609
320	384	704	351	388	670
320	384	768	359	390	730
320	384	832	367	392	791
320	384	896	375	394	852
320	384	960	384	396	913
320	384	1023	393	398	973
320	448	0	321	443	39
320	448	64	321	444	70
320	448	128	322	444	126
320	448	192	323	444	185
320	448	256	325	444	245
320	448	320	328	445	306
320	448	384	331	445	366
320	448	448	335	446	427
320	448	512	340	447	488
320	448	576	345	448	548
320	448	640	351	449	609
320	448	704	358	450	670
320	448	768	365	451	731
320	448	832	373	453	791
320	448	896	381	454	852
320	448	960	390	456	913
320	448	1023	399	458	973
320	512	0	329	506	47
320	512	64	329	506	75
320	512	128	330	506	128
320	512	192	331	507	187
320	512	256	333	507	246
320	512	320	336	507	306
320	512	384	339	508	367
320	512	448	343	508	427
320	512	512	347	509	488
320	512	576	352	510	549
320	512	640	358	511	609
320	512	704	365	512	670
320	512	768	372	513	731
320	512	832	379	514	792
320	512	896	387	515	853
320	512	960	396	517	913
320	512	1023	405	518	973
320	576	0	338	569	54
320	576	64	338	569	79
320	576	128	339	569	131
320	576	192	340	569	188
320	576	256	342	570	247
320	576	320	345	570	307
320	576	384	348	570	368
320	576	448	351	571	428
320	576	512	356	571	489
320	576	576	361	572	549
320	576	640	367	573	610
320	576	704	373	574	671
320	576	768	380	575	731
320	576	832	387	576	792
320	576	896	395	577	853
320	576	960	403	578	914
320	576	1023	412	580	973
320	640	0	348	632	62
320	640	64	348	632	84
320	640	128	349	632	133
320	640	192	350	632	190
320	640	256	352	632	249
320	640	320	354	633	308
320	640	384	357	633	368
320	640	448	361	634	429
320	640	512	365	634	489
320	640	576	370	635	550
320	640	640	376	635	610
320	640	704	382	636	671
320	640	768	388	637	732
320	640	832	396	638	792
320	640	896	403	639	853
320	640	960	412	640	914
320	640	1023	420	641	974
320	704	0	359	695	69
320	704	64	359	695	89
320	704	128	360	695	136
320	704	192	361	695	192
320	704	256	363	695	250
320	704	320	365	696	309
320	704	384	368	696	369
320	704	448	372	696	429
320	704	512	376	697	490
320	704	576	380	697	550
320	704	640	386	698	611
320	704	704	392	699	671
320	704	768	398	699	732
320	704	832	405	700	793
320	704	896	413	701	853
320	704	960	421	702	914
320	704	1023	429	703	974
320	768	0	371	758	76
320	768	64	371	758	94
320	768	128	372	758	140
320	768	192	373	758	194
320	768	256	374	758	252
320	768	320	377	758	311
320	768	384	379	759	370
320	768	448	383	759	430
320	768	512	387	760	490
320	768	576	391	760	551
320	768	640	397	761	611
320	768	704	402	761	672
320	768	768	408	762	732
320	768	832	415	763	793
320	768	896	423	764	854
320	768	960	430	764	914
320	768	1023	438	765	974
320	832	0	383	821	82
320	832	64	383	821	100
320	832	128	384	821	143
320	832	192	385	821	196
320	832	256	387	821	253
320	832	320	389	821	312
320	832	384	392	822	371
320	832	448	395	822	431
320	832	512	399	822	491
320	832	576	403	823	551
320	832	640	408	823	612
320	832	704	414	824	672
320	832	768	420	825	733
320	832	832	426	825	793
320	832	896	433	826	854
320	832	960	441	827	915
320	832	1023	449	828	975
320	896	0	396	884	89
320	896	64	397	884	105
320	896	128	397	884	147
320	896	192	398	884	199
320	896	256	400	884	255
320	896	320	402	884	313
320	896	384	404	885	372
320	896	448	408	885	432
320	896	512	411	885	492
320	896	576	415	886	552
320	896	640	420	886	613
320	896	704	426	887	673
320	896	768	431	887	733
320	896	832	438	888	794
320	896	896	445	889	855
320	896	960	452	889	915
320	896	1023	460	890	975
320	960	0	410	947	96
320	960	64	410	947	111
320	960	128	411	947	150
320	960	192	412	947	202
320	960	256	413	947	257
320	960	320	415	947	315
320	960	384	418	948	374
320	960	448	421	948	433
320	960	512	424	948	493
320	960	576	429	948	553
320	960	640	433	949	613
320	960	704	438	949	674
320	960	768	444	950	734
320	960	832	450	951	794
320	960	896	457	951	855
320	960	960	464	952	916
320	960	1023	471	953	975
320	1023	0	424	1009	103
320	1023	64	424	1009	116
320	1023	128	425	1009	154
320	1023	192	426	1009	204
320	1023	256	427	1009	259
320	1023	320	429	1009	317
320	1023	384	432	1009	375
320	1023	448	435	1010	434
320	1023	512	438	1010	494
320	1023	576	442	1010	554
320	1023	640	446	1011	614
320	1023	704	451	1011	674
320	1023	768	457	1012	735
320	1023	832	463	1012	795
320	1023	896	469	1013	856
320	1023	960	476	1014	916
320	1023	1023	483	1014	976
384	0	0	355	65	0
384	0	64	355	66	53
384	0	128	356	67	119
384	0	192	357	69	181
384	0	256	359	72	242
384	0	320	361	76	303
384	0	384	364	80	364
384	0	448	367	85	425
384	0	512	372	91	486
384	0	576	376	97	547
384	0	640	382	103	608
384	0	704	388	110	669
384	0	768	394	117	730
384	0	832	401	124	791
384	0	896	409	131	852
384	0	960	417	138	912
384	0	1023	425	146	972
384	64	0	355	88	0
384	64	64	355	88	54
384	64	128	356	89	119
384	64	192	357	91	181
384	64	256	359	93	242
384	64	320	361	95	303
384	64	384	364	99	364
384	64	448	368	103	425
384	64	512	372	107	486
384	64	576	377	112	547
384	64	640	382	118	608
384	64	704	388	123	669
384	64	768	395	129	730
384	64	832	402	136	791
384	64	896	409	142	852
384	64	960	417	149	912
384	64	1023	426	156	972
384	128	0	356	139	0
384	128	64	356	139	55
384	128	128	357	139	119
384	128	192	358	140	181
384	128	256	360	142	242
384	128	320	362	143	303
384	128	384	365	145	364
384	128	448	369	148	425
384	128	512	373	151	486
384	128	576	378	154	547
384	128	640	383	158	608
384	128	704	389	162	669
384	128	768	396	166	730
384	128	832	403	171	791
384	128	896	410	176	852
384	128	960	418	181	912
384	128	1023	427	187	972
384	192	0	358	197	0
384	192	64	358	197	56
384	192	128	359	198	120
384	192	192	360	198	181
384	192	256	362	199	243
384	192	320	364	200	304
384	192	384	367	202	365
384	192	448	371	203	425
384	192	512	375	205	486
384	192	576	379	208	547
384	192	640	385	210	608
384	192	704	391	213	669
384	192	768	397	216	730
384	192	832	404	220	791
384	192	896	412	224	852
384	192	960	420	228	913
384	192	1023	428	232	972
384	256	0	361	258	0
384	256	64	361	258	58
384	256	128	362	258	121
384	256	192	363	259	182
384	256	256	365	259	243
384	256	320	367	260	304
384	256	384	370	261	365
384	256	448	373	263	426
384	256	512	377	264	487
384	256	576	382	266	547
384	256	640	387	268	608
384	256	704	393	270	669
384	256	768	400	272	730
384	256	832	407	275	791
384	256	896	414	278	852
384	256	960	422	281	913
384	256	1023	430	284	973
384	320	0	365	320	8
384	320	64	365	320	61
384	320	128	366	320	122
384	320	192	367	320	183
384	320	256	368	321	243
384	320	320	371	321	304
384	320	384	374	322	365
384	320	448	377	323	426
384	320	512	381	324	487
384	320	576	386	326	548
384	320	640	391	327	608
384	320	704	397	329	669
384	320	768	403	331	730
384	320	832	410	333	791
384	320	896	417	335	852
384	320	960	425	338	913
384	320	1023	434	340	973
384	384	0	370	382	25
384	384	64	370	382	65
384	384	128	370	382	123
384	384	192	372	382	184
384	384	256	373	383	244
384	384	320	375	383	305
384	384	384	378	384	366
384	384	448	382	385	426
384	384	512	386	386	487
384	384	576	390	387	548
384	384	640	395	388	609
384	384	704	401	390	670
384	384	768	407	391	730
384	384	832	414	393	791
384	384	896	422	395	852
384	384	960	429	397	913
384	384	1023	437	399	973
384	448	0	375	444	35
384	448	64	376	445	68
384	448	128	376	445	125
384	448	192	377	445	185
384	448	256	379	445	245
384	448	320	381	446	305
384	448	384	384	446	366
384	448	448	387	447	427
384	448	512	391	448	487
384	448	576	396	449	548
384	448	640	401	450	609
384	448	704	406	451	670
384	448	768	413	452	731
384	448	832	419	453	791
384	448	896	426	455	852
384	448	960	434	457	913
384	448	1023	442	459	973
384	512	0	382	507	44
384	512	64	382	507	73
384	512	128	383	507	127
384	512	192	384	507	186
384	512	256	386	508	246
384	512	320	388	508	306
384	512	384	390	509	367
384	512	448	394	509	427
384	512	512	398	510	488
384	512	576	402	511	549
384	512	640	407	511	609
384	512	704	413	512	670
384	512	768	419	514	731
384	512	832	425	515	792
384	512	896	432	516	852
384	512	960	440	518	913
384	512	1023	448	519	973
384	576	0	390	570	52
384	576	64	390	570	77
384	576	128	391	570	130
384	576	192	392	570	188
384	576	256	393	570	247
384	576	320	395	571	307
384	576	384	398	571	367
384	576	448	401	572	428
384	576	512	405	572	488
384	576	576	409	573	549
384	576	640	414	574	610
384	576	704	419	575	670
384	576	768	425	575	731
384	576	832	432	577	792
384	576	896	439	578	853
384	576	960	446	579	913
384	576	1023	454	580	973
384	640	0	398	633	59
384	640	64	398	633	82
384	640	128	399	633	132
384	640	192	400	633	189
384	640	256	402	633	248
384	640	320	404	633	308
384	640	384	406	634	368
384	640	448	409	634	428
384	640	512	413	635	489
384	640	576	417	635	549
384	640	640	422	636	610
384	640	704	427	637	671
384	640	768	433	638	731
384	640	832	439	639	792
384	640	896	446	640	853
384	640	960	454	641	914
384	640	1023	461	642	974
384	704	0	408	695	67
384	704	64	408	696	87
384	704	128	408	696	135
384	704	192	409	696	191
384	704	256	411	696	250
384	704	320	413	696	309
384	704	384	415	696	369
384	704	448	418	697	429
384	704	512	422	697	490
384	704	576	426	698	550
384	704	640	431	698	611
384	704	704	436	699	671
384	704	768	442	700	732
384	704	832	448	701	793
384	704	896	454	702	853
384	704	960	462	703	914
384	704	1023	469	704	974
384	768	0	418	758	74
384	768	64	418	758	93
384	768	128	418	758	139
384	768	192	419	759	193
384	768	256	421	759	251
384	768	320	423	759	310
384	768	384	425	759	370
384	768	448	428	760	430
384	768	512	432	760	490
384	768	576	436	761	551
384	768	640	440	761	611
384	768	704	445	762	672
384	768	768	451	762	732
384	768	832	457	763	793
384	768	896	463	764	854
384	768	960	470	765	914
384	768	1023	478	766	974
384	832	0	429	821	81
384	832	64	429	821	98
384	832	128	429	821	142
384	832	192	430	821	196
384	832	256	432	822	253
384	832	320	434	822	312
384	832	384	436	822	371
384	832	448	439	822	431
384	832	512	442	823	491
384	832	576	446	823	551
384	832	640	450	824	612
384	832	704	455	824	672
384	832	768	461	825	733
384	832	832	467	826	793
384	832	896	473	826	854
384	832	960	480	827	915
384	832	1023	487	828	974
384	896	0	440	884	88
384	896	64	440	884	104
384	896	128	441	884	146
384	896	192	442	884	198
384	896	256	443	885	255
384	896	320	445	885	313
384	896	384	447	885	372
384	896	448	450	885	432
384	896	512	453	886	492
384	896	576	457	886	552
384	896	640	461	887	612
384	896	704	466	887	673
384	896	768	471	888	733
384	896	832	477	888	794
384	896	896	483	889	854
384	896	960	490	890	915
384	896	1023	497	891	975
384	960	0	452	947	95
384	960	64	453	947	110
384	960	128	453	947	150
384	960	192	454	947	201
384	960	256	455	948	257
384	960	320	457	948	315
384	960	384	459	948	374
384	960	448	462	948	433
384	960	512	465	948	493
384	960	576	469	949	553
384	960	640	473	949	613
384	960	704	478	950	673
384	960	768	483	950	734
384	960	832	488	951	794
384	960	896	494	952	855
384	960	960	501	952	916
384	960	1023	507	953	975
384	1023	0	465	1009	102
384	1023	64	465	1009	115
384	1023	128	466	1009	154
384	1023	192	466	1009	204
384	1023	256	468	1009	259
384	1023	320	469	1010	316
384	1023	384	472	1010	375
384	1023	448	474	1010	434
384	1023	512	477	1010	494
384	1023	576	481	1011	554
384	1023	640	485	1011	614
384	1023	704	489	1012	674
384	1023	768	494	1012	734
384	1023	832	500	1013	795
384	1023	896	506	1013	855
384	1023	960	512	1014	916
384	1023	1023	518	1015	976
448	0	0	414	76	0
448	0	64	414	77	50
448	0	128	415	78	117
448	0	192	416	79	180
448	0	256	417	82	242
448	0	320	419	85	303
448	0	384	422	89	364
448	0	448	425	93	425
448	0	512	428	98	486
448	0	576	432	104	547
448	0	640	437	110	608
448	0	704	442	116	669
448	0	768	447	122	730
448	0	832	453	129	791
448	0	896	460	136	851
448	0	960	467	143	912
448	0	1023	474	150	972
448	64	0	414	96	0
448	64	64	414	96	50
448	64	128	415	97	118
448	64	192	416	98	180
448	64	256	417	100	242
448	64	320	419	103	303
448	64	384	422	106	364
448	64	448	425	110	425
448	64	512	428	114	486
448	64	576	432	118	547
448	64	640	437	123	608
448	64	704	442	129	669
448	64	768	448	135	730
448	64	832	454	141	791
448	64	896	460	147	851
448	64	960	467	153	912
448	64	1023	475	160	972
448	128	0	415	144	0
448	128	64	415	144	51
448	128	128	416	144	118
448	128	192	417	145	180
448	128	256	418	146	242
448	128	320	420	148	303
448	128	384	423	150	364
448	128	448	426	152	425
448	128	512	429	155	486
448	128	576	433	158	547
448	128	640	438	162	608
448	128	704	443	166	669
448	128	768	448	170	730
448	128	832	454	175	791
448	128	896	461	180	851
448	128	960	468	185	912
448	128	1023	475	190	972
448	192	0	417	200	0
448	192	64	417	201	53
448	192	128	417	201	118
448	192	192	418	201	181
448	192	256	420	202	242
448	192	320	422	203	303
448	192	384	424	205	364
448	192	448	427	206	425
448	192	512	431	208	486
448	192	576	435	211	547
448	192	640	439	213	608
448	192	704	444	216	669
448	192	768	450	219	730
448	192	832	456	223	791
448	192	896	462	226	852
448	192	960	469	230	912
448	192	1023	477	234	972
448	256	0	419	260	0
448	256	64	419	260	55
448	256	128	420	261	119
448	256	192	421	261	181
448	256	256	422	262	242
448	256	320	424	262	303
448	256	384	427	264	364
448	256	448	429	265	425
448	256	512	433	266	486
448	256	576	437	268	547
448	256	640	441	270	608
448	256	704	447	272	669
448	256	768	452	274	730
448	256	832	458	277	791
448	256	896	465	280	852
448	256	960	472	283	913
448	256	1023	479	286	972
448	320	0	422	322	0
448	320	64	422	322	58
448	320	128	423	322	121
448	320	192	424	322	182
448	320	256	425	323	243
448	320	320	427	323	304
448	320	384	430	324	365
448	320	448	433	325	426
448	320	512	436	326	487
448	320	576	440	328	547
448	320	640	445	329	608
448	320	704	449	331	669
448	320	768	455	333	730
448	320	832	461	335	791
448	320	896	467	337	852
448	320	960	474	339	913
448	320	1023	482	342	973
448	384	0	426	383	14
448	384	64	427	383	62
448	384	128	427	384	122
448	384	192	428	384	183
448	384	256	429	384	244
448	384	320	431	385	304
448	384	384	434	385	365
448	384	448	437	386	426
448	384	512	440	387	487
448	384	576	444	388	548
448	384	640	448	390	609
448	384	704	453	391	669
448	384	768	459	392	730
448	384	832	465	394	791
448	384	896	471	396	852
448	384	960	478	398	913
448	384	1023	485	400	973
448	448	0	431	446	29
448	448	64	431	446	66
448	448	128	432	446	124
448	448	192	433	446	184
448	448	256	434	446	244
448	448	320	436	447	305
448	448	384	438	447	366
448	448	448	441	448	426
448	448	512	445	449	487
448	448	576	449	450	548
448	448	640	453	451	609
448	448	704	458	452	670
448	448	768	463	453	730
448	448	832	469	455	791
448	448	896	475	456	852
448	448	960	482	458	913
448	448	1023	489	460	973
448	512	0	437	508	39
448	512	64	437	508	70
448	512	128	438	508	126
448	512	192	439	508	185
448	512	256	440	509	245
448	512	320	442	509	306
448	512	384	444	510	366
448	512	448	447	510	427
448	512	512	450	511	488
448	512	576	454	512	548
448	512	640	458	512	609
448	512	704	463	513	670
448	512	768	468	515	731
448	512	832	474	516	791
448	512	896	480	517	852
448	512	960	487	519	913
448	512	1023	494	520	973
448	576	0	443	571	48
448	576	64	444	571	75
448	576	128	444	571	129
448	576	192	445	571	187
448	576	256	446	571	246
448	576	320	448	572	307
448	576	384	450	572	367
448	576	448	453	572	428
448	576	512	456	573	488
448	576	576	460	574	549
448	576	640	464	575	610
448	576	704	469	575	670
448	576	768	474	576	731
448	576	832	480	577	792
448	576	896	486	579	853
448	576	960	493	580	913
448	576	1023	500	581	973
448	640	0	451	633	56
448	640	64	451	633	80
448	640	128	451	634	131
448	640	192	452	634	189
448	640	256	454	634	248
448	640	320	455	634	308
448	640	384	458	635	368
448	640	448	460	635	428
448	640	512	464	635	489
448	640	576	467	636	549
448	640	640	471	637	610
448	640	704	476	638	671
448	640	768	481	638	731
448	640	832	487	639	792
448	640	896	493	640	853
448	640	960	499	642	914
448	640	1023	506	643	973
448	704	0	459	696	64
448	704	64	459	696	86
448	704	128	459	696	134
448	704	192	460	696	191
448	704	256	462	697	249
448	704	320	463	697	309
448	704	384	466	697	369
448	704	448	468	698	429
448	704	512	471	698	489
448	704	576	475	699	550
448	704	640	479	699	610
448	704	704	484	700	671
448	704	768	489	701	732
448	704	832	494	702	792
448	704	896	500	702	853
448	704	960	506	703	914
448	704	1023	513	705	974
448	768	0	468	759	72
448	768	64	468	759	91
448	768	128	468	759	138
448	768	192	469	759	193
448	768	256	470	759	251
448	768	320	472	760	310
448	768	384	474	760	370
448	768	448	477	760	430
448	768	512	480	761	490
448	768	576	483	761	550
448	768	640	487	762	611
448	768	704	492	762	672
448	768	768	497	763	732
448	768	832	502	764	793
448	768	896	508	765	854
448	768	960	514	766	914
448	768	1023	521	767	974
448	832	0	477	822	79
448	832	64	477	822	97
448	832	128	478	822	141
448	832	192	479	822	195
448	832	256	480	822	252
448	832	320	482	822	311
448	832	384	484	823	371
448	832	448	486	823	431
448	832	512	489	823	491
448	832	576	493	824	551
448	832	640	497	824	612
448	832	704	501	825	672
448	832	768	506	826	733
448	832	832	511	826	793
448	832	896	517	827	854
448	832	960	523	828	915
448	832	1023	529	829	974
448	896	0	487	885	86
448	896	64	488	885	102
448	896	128	488	885	145
448	896	192	489	885	198
448	896	256	490	885	254
448	896	320	492	885	313
448	896	384	494	886	372
448	896	448	496	886	432
448	896	512	499	886	492
448	896	576	502	887	552
448	896	640	506	887	612
448	896	704	511	888	673
448	896	768	515	888	733
448	896	832	520	889	794
448	896	896	526	889	854
448	896	960	532	890	915
448	896	1023	538	891	975
448	960	0	498	948	93
448	960	64	498	948	108
448	960	128	499	948	149
448	960	192	500	948	200
448	960	256	501	948	256
448	960	320	502	948	314
448	960	384	504	948	373
448	960	448	507	949	433
448	960	512	510	949	493
448	960	576	513	949	553
448	960	640	517	950	613
448	960	704	521	950	673
448	960	768	525	951	734
448	960	832	530	951	794
448	960	896	536	952	855
448	960	960	542	953	915
448	960	1023	548	953	975
448	1023	0	509	1010	100
448	1023	64	510	1010	114
448	1023	128	510	1010	153
448	1023	192	511	1010	203
448	1023	256	512	1010	258
448	1023	320	513	1010	316
448	1023	384	515	1010	375
448	1023	448	518	1011	434
448	1023	512	520	1011	494
448	1023	576	524	1011	554
448	1023	640	527	1012	614
448	1023	704	531	1012	674
448	1023	768	536	1013	734
448	1023	832	541	1013	795
448	1023	896	546	1014	855
448	1023	960	552	1014	916
448	1023	1023	558	1015	976
512	0	0	473	87	0
512	0	64	473	87	46
512	0	128	474	88	116
512	0	192	475	90	179
512	0	256	476	92	241
512	0	320	477	95	302
512	0	384	480	98	364
512	0	448	482	102	425
512	0	512	485	107	486
512	0	576	489	112	547
512	0	640	493	117	608
512	0	704	497	123	669
512	0	768	502	129	730
512	0	832	507	135	790
512	0	896	513	142	851
512	0	960	519	149	912
512	0	1023	526	155	972
512	64	0	473	105	0
512	64	64	473	105	46
512	64	128	474	105	116
512	64	192	475	107	179
512	64	256	476	108	241
512	64	320	478	111	302
512	64	384	480	114	364
512	64	448	482	117	425
512	64	512	485	121	486
512	64	576	489	125	547
512	64	640	493	130	608
512	64	704	497	135	669
512	64	768	502	140	730
512	64	832	507	146	790
512	64	896	513	152	851
512	64	960	519	158	912
512	64	1023	526	165	972
512	128	0	474	149	0
512	128	64	474	149	47
512	128	128	475	150	116
512	128	192	475	150	179
512	128	256	477	152	241
512	128	320	478	153	303
512	128	384	481	155	364
512	128	448	483	157	425
512	128	512	486	160	486
512	128	576	490	163	547
512	128	640	494	167	608
512	128	704	498	171	669
512	128	768	503	175	730
512	128	832	508	179	790
512	128	896	514	184	851
512	128	960	520	189	912
512	128	1023	526	194	972
512	192	0	475	204	0
512	192	64	476	204	49
512	192	128	476	205	117
512	192	192	477	205	180
512	192	256	478	206	241
512	192	320	480	207	303
512	192	384	482	208	364
512	192	448	484	210	425
512	192	512	487	212	486
512	192	576	491	214	547
512	192	640	495	217	608
512	192	704	499	220	669
512	192	768	504	223	730
512	192	832	509	226	791
512	192	896	515	230	851
512	192	960	521	233	912
512	192	1023	528	237	972
512	256	0	478	263	0
512	256	64	478	263	52
512	256	128	478	263	118
512	256	192	479	264	180
512	256	256	480	264	242
512	256	320	482	265	303
512	256	384	484	266	364
512	256	448	486	267	425
512	256	512	489	269	486
512	256	576	493	271	547
512	256	640	497	272	608
512	256	704	501	275	669
512	256	768	506	277	730
512	256	832	511	280	791
512	256	896	517	282	852
512	256	960	523	285	912
512	256	1023	530	289	972
512	320	0	480	324	0
512	320	64	480	324	55
512	320	128	481	324	119
512	320	192	482	324	181
512	320	256	483	325	242
512	320	320	485	325	303
512	320	384	487	326	364
512	320	448	489	327	425
512	320	512	492	328	486
512	320	576	496	330	547
512	320	640	499	331	608
512	320	704	504	333	669
512	320	768	509	335	730
512	320	832	514	337	791
512	320	896	519	339	852
512	320	960	526	341	912
512	320	1023	532	344	972
512	384	0	484	385	0
512	384	64	484	385	59
512	384	128	484	385	121
512	384	192	485	386	182
512	384	256	486	386	243
512	384	320	488	386	304
512	384	384	490	387	365
512	384	448	493	388	426
512	384	512	495	389	487
512	384	576	499	390	547
512	384	640	503	391	608
512	384	704	507	393	669
512	384	768	512	394	730
512	384	832	517	396	791
512	384	896	523	398	852
512	384	960	529	400	913
512	384	1023	535	402	973
512	448	0	488	447	19
512	448	64	488	447	63
512	448	128	488	447	123
512	448	192	489	447	183
512	448	256	490	448	244
512	448	320	492	448	305
512	448	384	494	449	365
512	448	448	497	449	426
512	448	512	500	450	487
512	448	576	503	451	548
512	448	640	507	452	609
512	448	704	511	453	669
512	448	768	516	455	730
512	448	832	521	456	791
512	448	896	526	458	852
512	448	960	532	459	913
512	448	1023	539	461	973
512	512	0	493	509	33
512	512	64	493	509	68
512	512	128	493	509	125
512	512	192	494	510	184
512	512	256	495	510	245
512	512	320	497	510	305
512	512	384	499	511	366
512	512	448	501	511	427
512	512	512	504	512	487
512	512	576	508	513	548
512	512	640	511	514	609
512	512	704	516	515	670
512	512	768	520	516	731
512	512	832	525	517	791
512	512	896	531	518	852
512	512	960	537	520	913
512	512	1023	543	521	973
512	576	0	499	572	44
512	576	64	499	572	73
512	576	128	499	572	127
512	576	192	500	572	186
512	576	256	501	572	246
512	576	320	503	573	306
512	576	384	505	573	367
512	576	448	507	574	427
512	576	512	510	574	488
512	576	576	513	575	549
512	576	640	517	576	609
512	576	704	521	576	670
512	576	768	526	577	731
512	576	832	531	578	792
512	576	896	536	580	852
512	576	960	542	581	913
512	576	1023	548	582	973
512	640	0	505	634	53
512	640	64	505	634	78
512	640	128	505	634	130
512	640	192	506	635	188
512	640	256	507	635	247
512	640	320	509	635	307
512	640	384	511	635	367
512	640	448	513	636	428
512	640	512	516	636	488
512	640	576	519	637	549
512	640	640	523	638	610
512	640	704	527	638	670
512	640	768	532	639	731
512	640	832	537	640	792
512	640	896	542	641	853
512	640	960	548	642	913
512	640	1023	554	644	973
512	704	0	512	697	61
512	704	64	512	697	83
512	704	128	512	697	133
512	704	192	513	697	190
512	704	256	514	697	249
512	704	320	516	698	308
512	704	384	518	698	368
512	704	448	520	698	429
512	704	512	523	699	489
512	704	576	526	699	550
512	704	640	530	700	610
512	704	704	534	701	671
512	704	768	538	701	732
512	704	832	543	702	792
512	704	896	548	703	853
512	704	960	554	704	914
512	704	1023	560	705	974
512	768	0	520	760	69
512	768	64	520	760	89
512	768	128	520	760	136
512	768	192	521	760	192
512	768	256	522	760	250
512	768	320	524	760	309
512	768	384	525	761	369
512	768	448	528	761	429
512	768	512	531	761	490
512	768	576	534	762	550
512	768	640	537	762	611
512	768	704	541	763	671
512	768	768	546	764	732
512	768	832	550	765	793
512	768	896	556	765	853
512	768	960	561	766	914
512	768	1023	567	767	974
512	832	0	528	823	76
512	832	64	528	823	95
512	832	128	529	823	140
512	832	192	529	823	194
512	832	256	530	823	252
512	832	320	532	823	311
512	832	384	534	823	370
512	832	448	536	824	430
512	832	512	539	824	491
512	832	576	542	825	551
512	832	640	545	825	611
512	832	704	549	826	672
512	832	768	554	826	732
512	832	832	558	827	793
512	832	896	563	828	854
512	832	960	569	829	914
512	832	1023	575	829	974
512	896	0	537	885	84
512	896	64	537	885	101
512	896	128	538	885	144
512	896	192	538	886	197
512	896	256	539	886	254
512	896	320	541	886	312
512	896	384	543	886	372
512	896	448	545	886	431
512	896	512	548	887	491
512	896	576	551	887	552
512	896	640	554	888	612
512	896	704	558	888	672
512	896	768	562	889	733
512	896	832	567	889	794
512	896	896	572	890	854
512	896	960	577	891	915
512	896	1023	583	892	975
512	960	0	547	948	91
512	960	64	547	948	107
512	960	128	547	948	148
512	960	192	548	948	200
512	960	256	549	949	256
512	960	320	550	949	314
512	960	384	552	949	373
512	960	448	554	949	432
512	960	512	557	950	492
512	960	576	560	950	552
512	960	640	563	950	613
512	960	704	567	951	673
512	960	768	571	951	734
512	960	832	576	952	794
512	960	896	581	953	855
512	960	960	586	953	915
512	960	1023	592	954	975
512	1023	0	557	1010	98
512	1023	64	557	1010	113
512	1023	128	557	1010	152
512	1023	192	558	1010	202
512	1023	256	559	1010	258
512	1023	320	560	1011	316
512	1023	384	562	1011	374
512	1023	448	564	1011	434
512	1023	512	567	1011	493
512	1023	576	570	1012	553
512	1023	640	573	1012	613
512	1023	704	577	1013	674
512	1023	768	581	1013	734
512	1023	832	585	1014	795
512	1023	896	590	1014	855
512	1023	960	595	1015	916
512	1023	1023	601	1016	975
576	0	0	532	98	0
576	0	64	532	98	40
576	0	128	533	99	114
576	0	192	533	100	178
576	0	256	535	102	240
576	0	320	536	105	302
576	0	384	538	108	363
576	0	448	540	111	424
576	0	512	543	115	485
576	0	576	546	120	546
576	0	640	549	125	607
576	0	704	553	130	668
576	0	768	557	136	729
576	0	832	562	142	790
576	0	896	567	148	851
576	0	960	573	155	912
576	0	1023	578	161	972
576	64	0	532	113	0
576	64	64	533	114	40
576	64	128	533	114	114
576	64	192	534	115	178
576	64	256	535	117	240
576	64	320	536	119	302
576	64	384	538	122	363
576	64	448	540	125	424
576	64	512	543	128	485
576	64	576	546	132	546
576	64	640	549	137	607
576	64	704	553	142	668
576	64	768	558	147	729
576	64	832	562	152	790
576	64	896	567	158	851
576	64	960	573	164	912
576	64	1023	579	170	972
576	128	0	533	155	0
576	128	64	533	155	42
576	128	128	534	156	115
576	128	192	534	156	178
576	128	256	535	157	240
576	128	320	537	159	302
576	128	384	539	161	363
576	128	448	541	163	424
576	128	512	544	166	485
576	128	576	547	169	546
576	128	640	550	172	607
576	128	704	554	176	668
576	128	768	558	180	729
576	128	832	563	184	790
576	128	896	568	189	851
576	128	960	573	194	912
576	128	1023	579	199	972
576	192	0	534	208	0
576	192	64	534	208	44
576	192	128	535	209	115
576	192	192	536	209	179
576	192	256	537	210	241
576	192	320	538	211	302
576	192	384	540	212	363
576	192	448	542	214	425
576	192	512	545	216	486
576	192	576	548	218	547
576	192	640	551	221	608
576	192	704	555	223	669
576	192	768	559	226	729
576	192	832	564	230	790
576	192	896	569	233	851
576	192	960	575	237	912
576	192	1023	580	241	972
576	256	0	536	266	0
576	256	64	536	266	47
576	256	128	537	266	116
576	256	192	537	267	179
576	256	256	538	267	241
576	256	320	540	268	302
576	256	384	542	269	364
576	256	448	544	270	425
576	256	512	546	272	486
576	256	576	550	274	547
576	256	640	553	275	608
576	256	704	557	278	669
576	256	768	561	280	730
576	256	832	566	282	790
576	256	896	571	285	851
576	256	960	576	288	912
576	256	1023	582	291	972
576	320	0	538	326	0
576	320	64	539	326	50
576	320	128	539	326	117
576	320	192	540	327	180
576	320	256	541	327	242
576	320	320	542	328	303
576	320	384	544	329	364
576	320	448	546	329	425
576	320	512	549	331	486
576	320	576	552	332	547
576	320	640	555	333	608
576	320	704	559	335	669
576	320	768	563	337	730
576	320	832	568	339	791
576	320	896	573	341	851
576	320	960	578	344	912
576	320	1023	584	346	972
576	384	0	541	387	0
576	384	64	542	387	54
576	384	128	542	387	119
576	384	192	543	388	181
576	384	256	544	388	242
576	384	320	545	388	303
576	384	384	547	389	364
576	384	448	549	390	425
576	384	512	552	391	486
576	384	576	555	392	547
576	384	640	558	393	608
576	384	704	562	394	669
576	384	768	566	396	730
576	384	832	571	398	791
576	384	896	576	400	852
576	384	960	581	402	912
576	384	1023	587	404	972
576	448	0	545	449	0
576	448	64	545	449	59
576	448	128	546	449	121
576	448	192	546	449	182
576	448	256	547	449	243
576	448	320	549	450	304
576	448	384	551	450	365
576	448	448	553	451	426
576	448	512	555	452	487
576	448	576	558	453	548
576	448	640	562	454	608
576	448	704	565	455	669
576	448	768	570	456	730
576	448	832	574	458	791
576	448	896	579	459	852
576	448	960	585	461	913
576	448	1023	590	463	973
576	512	0	549	511	24
576	512	64	550	511	64
576	512	128	550	511	123
576	512	192	551	511	183
576	512	256	552	511	244
576	512	320	553	512	305
576	512	384	555	512	365
576	512	448	557	513	426
576	512	512	560	513	487
576	512	576	563	514	548
576	512	640	566	515	609
576	512	704	570	516	670
576	512	768	574	517	730
576	512	832	578	518	791
576	512	896	583	520	852
576	512	960	589	521	913
576	512	1023	594	523	973
576	576	0	554	573	37
576	576	64	555	573	70
576	576	128	555	573	126
576	576	192	556	573	185
576	576	256	557	574	245
576	576	320	558	574	306
576	576	384	560	574	366
576	576	448	562	575	427
576	576	512	564	575	488
576	576	576	567	576	548
576	576	640	571	577	609
576	576	704	574	578	670
576	576	768	578	579	731
576	576	832	583	580	791
576	576	896	588	581	852
576	576	960	593	582	913
576	576	1023	599	584	973
576	640	0	560	635	48
576	640	64	560	635	75
576	640	128	561	636	129
576	640	192	561	636	187
576	640	256	562	636	246
576	640	320	564	636	307
576	640	384	565	637	367
576	640	448	567	637	427
576	640	512	570	637	488
576	640	576	573	638	549
576	640	640	576	639	609
576	640	704	580	640	670
576	640	768	584	640	731
576	640	832	588	641	792
576	640	896	593	642	853
576	640	960	598	644	913
576	640	1023	604	645	973
576	704	0	566	698	57
576	704	64	566	698	81
576	704	128	567	698	132
576	704	192	567	698	189
576	704	256	568	698	248
576	704	320	570	699	308
576	704	384	572	699	368
576	704	448	574	699	428
576	704	512	576	700	489
576	704	576	579	700	549
576	704	640	582	701	610
576	704	704	586	702	671
576	704	768	590	702	731
576	704	832	594	703	792
576	704	896	599	704	853
576	704	960	604	705	914
576	704	1023	610	706	973
576	768	0	573	761	65
576	768	64	573	761	87
576	768	128	574	761	135
576	768	192	574	761	191
576	768	256	575	761	249
576	768	320	577	761	309
576	768	384	578	762	369
576	768	448	580	762	429
576	768	512	583	762	489
576	768	576	586	763	550
576	768	640	589	763	611
576	768	704	592	764	671
576	768	768	596	765	732
576	768	832	601	765	793
576	768	896	605	766	853
576	768	960	610	767	914
576	768	1023	616	768	974
576	832	0	581	823	74
576	832	64	581	823	93
576	832	128	581	823	139
576	832	192	582	824	193
576	832	256	583	824	251
576	832	320	584	824	310
576	832	384	586	824	370
576	832	448	588	824	430
576	832	512	590	825	490
576	832	576	593	825	551
576	832	640	596	826	611
576	832	704	600	826	672
576	832	768	604	827	732
576	832	832	608	828	793
576	832	896	612	828	854
576	832	960	617	829	914
576	832	1023	623	830	974
576	896	0	589	886	81
576	896	64	589	886	99
576	896	128	589	886	142
576	896	192	590	886	196
576	896	256	591	886	253
576	896	320	592	887	312
576	896	384	594	887	371
576	896	448	596	887	431
576	896	512	598	888	491
576	896	576	601	888	551
576	896	640	604	888	612
576	896	704	607	889	672
576	896	768	611	889	733
576	896	832	615	890	793
576	896	896	620	891	854
576	896	960	625	892	915
576	896	1023	630	892	974
576	960	0	597	949	89
576	960	64	598	949	105
576	960	128	598	949	146
576	960	192	599	949	199
576	960	256	599	949	255
576	960	320	601	949	313
576	960	384	602	950	372
576	960	448	604	950	432
576	960	512	607	950	492
576	960	576	609	951	552
576	960	640	612	951	612
576	960	704	616	952	673
576	960	768	620	952	733
576	960	832	624	953	794
576	960	896	628	953	855
576	960	960	633	954	915
576	960	1023	638	955	975
576	1023	0	607	1011	96
576	1023	64	607	1011	111
576	1023	128	607	1011	150
576	1023	192	608	1011	202
576	1023	256	608	1011	257
576	1023	320	610	1011	315
576	1023	384	611	1011	374
576	1023	448	613	1012	433
576	1023	512	616	1012	493
576	1023	576	618	1012	553
576	1023	640	621	1013	613
576	1023	704	624	1013	674
576	1023	768	628	1014	734
576	1023	832	632	1014	794
576	1023	896	637	1015	855
576	1023	960	641	1015	916
576	1023	1023	647	1016	975
640	0	0	591	109	0
640	0	64	592	109	32
640	0	128	592	110	112
640	0	192	592	111	177
640	0	256	593	113	239
640	0	320	595	115	301
640	0	384	596	118	363
640	0	448	598	121	424
640	0	512	601	125	485
640	0	576	603	129	546
640	0	640	606	133	607
640	0	704	610	138	668
640	0	768	614	144	729
640	0	832	618	149	790
640	0	896	622	155	851
640	0	960	627	161	912
640	0	1023	633	167	972
640	64	0	592	123	0
640	64	64	592	123	32
640	64	128	592	123	112
640	64	192	593	124	177
640	64	256	594	126	239
640	64	320	595	128	301
640	64	384	597	130	363
640	64	448	598	133	424
640	64	512	601	137	485
640	64	576	604	140	546
640	64	640	607	144	607
640	64	704	610	149	668
640	64	768	614	154	729
640	64	832	618	159	790
640	64	896	623	164	851
640	64	960	628	170	912
640	64	1023	633	176	972
640	128	0	592	162	0
640	128	64	592	162	34
640	128	128	593	162	113
640	128	192	593	163	177
640	128	256	594	164	240
640	128	320	595	165	301
640	128	384	597	167	363
640	128	448	599	169	424
640	128	512	601	172	485
640	128	576	604	175	546
640	128	640	607	178	607
640	128	704	611	181	668
640	128	768	614	185	729
640	128	832	619	189	790
640	128	896	623	194	851
640	128	960	628	199	912
640	128	1023	633	203	972
640	192	0	593	213	0
640	192	64	593	213	37
640	192	128	594	213	113
640	192	192	594	214	177
640	192	256	595	215	240
640	192	320	596	216	302
640	192	384	598	217	363
640	192	448	600	219	424
640	192	512	602	220	485
640	192	576	605	223	546
640	192	640	608	225	607
640	192	704	612	228	668
640	192	768	615	231	729
640	192	832	620	234	790
640	192	896	624	237	851
640	192	960	629	241	912
640	192	1023	634	245	972
640	256	0	595	270	0
640	256	64	595	270	40
640	256	128	595	270	114
640	256	192	596	270	178
640	256	256	597	271	240
640	256	320	598	272	302
640	256	384	600	273	363
640	256	448	602	274	424
640	256	512	604	275	485
640	256	576	607	277	546
640	256	640	610	279	607
640	256	704	613	281	668
640	256	768	617	283	729
640	256	832	621	286	790
640	256	896	626	288	851
640	256	960	630	291	912
640	256	1023	636	294	972
640	320	0	597	329	0
640	320	64	597	329	44
640	320	128	597	329	115
640	320	192	598	329	179
640	320	256	599	330	241
640	320	320	600	330	302
640	320	384	602	331	363
640	320	448	604	332	425
640	320	512	606	333	486
640	320	576	609	335	547
640	320	640	612	336	608
640	320	704	615	338	669
640	320	768	619	340	729
640	320	832	623	342	790
640	320	896	628	344	851
640	320	960	632	346	912
640	320	1023	638	349	972
640	384	0	600	389	0
640	384	64	600	389	49
640	384	128	600	390	117
640	384	192	601	390	180
640	384	256	602	390	241
640	384	320	603	391	303
640	384	384	604	391	364
640	384	448	606	392	425
640	384	512	609	393	486
640	384	576	611	394	547
640	384	640	614	395	608
640	384	704	618	397	669
640	384	768	622	398	730
640	384	832	626	400	791
640	384	896	630	402	851
640	384	960	635	404	912
640	384	1023	640	406	972
640	448	0	603	451	0
640	448	64	603	451	54
640	448	128	603	451	119
640	448	192	604	451	181
640	448	256	605	451	242
640	448	320	606	452	303
640	448	384	608	452	364
640	448	448	610	453	425
640	448	512	612	454	486
640	448	576	615	455	547
640	448	640	618	456	608
640	448	704	621	457	669
640	448	768	625	458	730
640	448	832	629	459	791
640	448	896	633	461	852
640	448	960	638	463	912
640	448	1023	643	465	972
640	512	0	607	512	0
640	512	64	607	512	60
640	512	128	607	512	121
640	512	192	608	513	182
640	512	256	609	513	243
640	512	320	610	513	304
640	512	384	611	514	365
640	512	448	613	514	426
640	512	512	616	515	487
640	512	576	618	516	548
640	512	640	621	517	608
640	512	704	625	518	669
640	512	768	628	519	730
640	512	832	632	520	791
640	512	896	637	521	852
640	512	960	642	523	913
640	512	1023	647	524	973
640	576	0	611	574	28
640	576	64	611	574	66
640	576	128	611	575	124
640	576	192	612	575	184
640	576	256	613	575	244
640	576	320	614	575	305
640	576	384	616	576	366
640	576	448	618	576	426
640	576	512	620	577	487
640	576	576	623	577	548
640	576	640	626	578	609
640	576	704	629	579	670
640	576	768	633	580	730
640	576	832	637	581	791
640	576	896	641	582	852
640	576	960	646	584	913
640	576	1023	651	585	973
640	640	0	616	637	41
640	640	64	616	637	72
640	640	128	616	637	127
640	640	192	617	637	186
640	640	256	618	637	246
640	640	320	619	637	306
640	640	384	621	638	366
640	640	448	623	638	427
640	640	512	625	639	488
640	640	576	627	639	548
640	640	640	630	640	609
640	640	704	634	641	670
640	640	768	637	642	731
640	640	832	641	643	792
640	640	896	646	644	852
640	640	960	650	645	913
640	640	1023	655	646	973
640	704	0	622	699	52
640	704	64	622	699	78
640	704	128	622	699	130
640	704	192	623	699	188
640	704	256	624	700	247
640	704	320	625	700	307
640	704	384	626	700	367
640	704	448	628	700	428
640	704	512	630	701	488
640	704	576	633	701	549
640	704	640	636	702	610
640	704	704	639	703	670
640	704	768	643	704	731
640	704	832	647	704	792
640	704	896	651	705	853
640	704	960	656	706	913
640	704	1023	661	707	973
640	768	0	628	762	61
640	768	64	628	762	84
640	768	128	628	762	133
640	768	192	629	762	190
640	768	256	630	762	249
640	768	320	631	762	308
640	768	384	632	763	368
640	768	448	634	763	429
640	768	512	636	763	489
640	768	576	639	764	550
640	768	640	642	764	610
640	768	704	645	765	671
640	768	768	649	766	732
640	768	832	653	766	792
640	768	896	657	767	853
640	768	960	661	768	914
640	768	1023	666	769	974
640	832	0	635	824	70
640	832	64	635	824	90
640	832	128	635	824	137
640	832	192	636	824	192
640	832	256	636	825	250
640	832	320	638	825	310
640	832	384	639	825	369
640	832	448	641	825	430
640	832	512	643	826	490
640	832	576	646	826	550
640	832	640	648	827	611
640	832	704	652	827	671
640	832	768	655	828	732
640	832	832	659	829	793
640	832	896	663	829	853
640	832	960	668	830	914
640	832	1023	673	831	974
640	896	0	642	887	78
640	896	64	642	887	96
640	896	128	642	887	141
640	896	192	643	887	195
640	896	256	644	887	252
640	896	320	645	887	311
640	896	384	646	888	371
640	896	448	648	888	431
640	896	512	650	888	491
640	896	576	653	889	551
640	896	640	656	889	611
640	896	704	659	890	672
640	896	768	662	890	733
640	896	832	666	891	793
640	896	896	670	892	854
640	896	960	675	892	915
640	896	1023	679	893	974
640	960	0	650	950	86
640	960	64	650	950	102
640	960	128	650	950	145
640	960	192	651	950	198
640	960	256	651	950	254
640	960	320	653	950	313
640	960	384	654	950	372
640	960	448	656	951	432
640	960	512	658	951	492
640	960	576	660	951	552
640	960	640	663	952	612
640	960	704	666	952	673
640	960	768	670	953	733
640	960	832	673	953	794
640	960	896	678	954	854
640	960	960	682	955	915
640	960	1023	687	955	975
640	1023	0	658	1012	94
640	1023	64	658	1012	109
640	1023	128	658	1012	149
640	1023	192	659	1012	201
640	1023	256	660	1012	256
640	1023	320	661	1012	314
640	1023	384	662	1012	373
640	1023	448	664	1012	433
640	1023	512	666	1013	493
640	1023	576	668	1013	553
640	1023	640	671	1013	613
640	1023	704	674	1014	673
640	1023	768	678	1014	734
640	1023	832	681	1015	794
640	1023	896	685	1016	855
640	1023	960	690	1016	915
640	1023	1023	694	1017	975
704	0	0	651	120	0
704	0	64	651	120	17
704	0	128	651	121	110
704	0	192	652	122	175
704	0	256	652	123	238
704	0	320	654	125	300
704	0	384	655	128	362
704	0	448	657	131	423
704	0	512	659	134	485
704	0	576	661	138	546
704	0	640	664	142	607
704	0	704	667	147	668
704	0	768	671	152	729
704	0	832	674	157	790
704	0	896	678	162	851
704	0	960	683	168	912
704	0	1023	688	174	972
704	64	0	651	132	0
704	64	64	651	132	18
704	64	128	651	133	110
704	64	192	652	134	176
704	64	256	653	135	238
704	64	320	654	137	300
704	64	384	655	139	362
704	64	448	657	142	423
704	64	512	659	145	485
704	64	576	661	149	546
704	64	640	664	152	607
704	64	704	667	157	668
704	64	768	671	161	729
704	64	832	674	166	790
704	64	896	679	171	851
704	64	960	683	177	912
704	64	1023	688	182	972
704	128	0	651	169	0
704	128	64	651	169	21
704	128	128	652	169	110
704	128	192	652	170	176
704	128	256	653	171	239
704	128	320	654	172	301
704	128	384	656	174	362
704	128	448	657	176	424
704	128	512	659	178	485
704	128	576	662	181	546
704	128	640	665	184	607
704	128	704	668	188	668
704	128	768	671	191	729
704	128	832	675	195	790
704	128	896	679	200	851
704	128	960	683	204	912
704	128	1023	688	209	972
704	192	0	652	218	0
704	192	64	652	218	26
704	192	128	653	218	111
704	192	192	653	219	176
704	192	256	654	220	239
704	192	320	655	221	301
704	192	384	657	222	362
704	192	448	658	223	424
704	192	512	660	225	485
704	192	576	663	227	546
704	192	640	666	230	607
704	192	704	669	232	668
704	192	768	672	235	729
704	192	832	676	238	790
704	192	896	680	242	851
704	192	960	684	245	912
704	192	1023	689	249	972
704	256	0	654	274	0
704	256	64	654	274	31
704	256	128	654	274	112
704	256	192	655	274	177
704	256	256	655	275	239
704	256	320	656	276	301
704	256	384	658	276	363
704	256	448	660	278	424
704	256	512	662	279	485
704	256	576	664	281	546
704	256	640	667	283	607
704	256	704	670	285	668
704	256	768	673	287	729
704	256	832	677	289	790
704	256	896	681	292	851
704	256	960	686	295	912
704	256	1023	690	298	972
704	320	0	655	332	0
704	320	64	656	332	36
704	320	128	656	332	113
704	320	192	656	332	177
704	320	256	657	333	240
704	320	320	658	333	302
704	320	384	660	334	363
704	320	448	662	335	424
704	320	512	664	336	485
704	320	576	666	338	546
704	320	640	669	339	607
704	320	704	672	341	668
704	320	768	675	343	729
704	320	832	679	345	790
704	320	896	683	347	851
704	320	960	687	349	912
704	320	1023	692	352	972
704	384	0	658	392	0
704	384	64	658	392	42
704	384	128	658	392	115
704	384	192	659	392	178
704	384	256	660	393	240
704	384	320	661	393	302
704	384	384	662	394	363
704	384	448	664	395	424
704	384	512	666	395	486
704	384	576	668	397	547
704	384	640	671	398	608
704	384	704	674	399	668
704	384	768	678	401	729
704	384	832	681	402	790
704	384	896	685	404	851
704	384	960	690	406	912
704	384	1023	694	408	972
704	448	0	661	453	0
704	448	64	661	453	48
704	448	128	661	453	117
704	448	192	662	453	180
704	448	256	663	453	241
704	448	320	664	454	303
704	448	384	665	454	364
704	448	448	667	455	425
704	448	512	669	456	486
704	448	576	671	457	547
704	448	640	674	458	608
704	448	704	677	459	669
704	448	768	680	460	730
704	448	832	684	462	791
704	448	896	688	463	851
704	448	960	692	465	912
704	448	1023	697	467	972
704	512	0	664	514	0
704	512	64	664	514	55
704	512	128	665	514	119
704	512	192	665	514	181
704	512	256	666	515	242
704	512	320	667	515	303
704	512	384	668	516	364
704	512	448	670	516	425
704	512	512	672	517	486
704	512	576	675	518	547
704	512	640	677	518	608
704	512	704	680	519	669
704	512	768	684	521	730
704	512	832	687	522	791
704	512	896	691	523	852
704	512	960	696	525	912
704	512	1023	700	526	972
704	576	0	668	576	6
704	576	64	668	576	61
704	576	128	669	576	122
704	576	192	669	576	183
704	576	256	670	576	243
704	576	320	671	577	304
704	576	384	672	577	365
704	576	448	674	578	426
704	576	512	676	578	487
704	576	576	679	579	548
704	576	640	681	580	608
704	576	704	684	581	669
704	576	768	688	582	730
704	576	832	691	583	791
704	576	896	695	584	852
704	576	960	699	585	913
704	576	1023	704	586	973
704	640	0	673	638	33
704	640	64	673	638	67
704	640	128	673	638	125
704	640	192	674	638	184
704	640	256	674	639	245
704	640	320	675	639	305
704	640	384	677	639	366
704	640	448	679	640	427
704	640	512	681	640	487
704	640	576	683	641	548
704	640	640	686	641	609
704	640	704	689	642	670
704	640	768	692	643	731
704	640	832	696	644	791
704	640	896	699	645	852
704	640	960	704	646	913
704	640	1023	708	647	973
704	704	0	678	700	46
704	704	64	678	700	74
704	704	128	678	700	128
704	704	192	679	701	186
704	704	256	679	701	246
704	704	320	681	701	306
704	704	384	682	701	367
704	704	448	684	702	427
704	704	512	686	702	488
704	704	576	688	703	549
704	704	640	691	703	609
704	704	704	693	704	670
704	704	768	697	705	731
704	704	832	700	706	792
704	704	896	704	707	852
704	704	960	709	708	913
704	704	1023	713	709	973
704	768	0	683	763	56
704	768	64	683	763	80
704	768	128	684	763	131
704	768	192	684	763	189
704	768	256	685	763	248
704	768	320	686	763	308
704	768	384	687	764	368
704	768	448	689	764	428
704	768	512	691	764	489
704	768	576	693	765	549
704	768	640	696	765	610
704	768	704	699	766	671
704	768	768	702	767	731
704	768	832	706	768	792
704	768	896	710	768	853
704	768	960	714	769	914
704	768	1023	718	770	973
704	832	0	689	825	66
704	832	64	689	825	87
704	832	128	690	825	135
704	832	192	690	825	191
704	832	256	691	826	249
704	832	320	692	826	309
704	832	384	693	826	369
704	832	448	695	826	429
704	832	512	697	827	489
704	832	576	699	827	550
704	832	640	702	828	611
704	832	704	705	828	671
704	832	768	708	829	732
704	832	832	712	830	793
704	832	896	715	830	853
704	832	960	720	831	914
704	832	1023	724	832	974
704	896	0	696	888	74
704	896	64	696	888	93
704	896	128	696	888	139
704	896	192	697	888	194
704	896	256	698	888	251
704	896	320	699	888	310
704	896	384	700	889	370
704	896	448	702	889	430
704	896	512	704	889	490
704	896	576	706	890	551
704	896	640	708	890	611
704	896	704	711	891	672
704	896	768	714	891	732
704	896	832	718	892	793
704	896	896	722	893	854
704	896	960	726	893	914
704	896	1023	730	894	974
704	960	0	703	951	83
704	960	64	703	951	100
704	960	128	703	951	143
704	960	192	704	951	196
704	960	256	705	951	253
704	960	320	706	951	312
704	960	384	707	951	371
704	960	448	709	952	431
704	960	512	711	952	491
704	960	576	713	952	552
704	960	640	715	953	612
704	960	704	718	953	672
704	960	768	721	954	733
704	960	832	725	954	794
704	960	896	729	955	854
704	960	960	733	956	915
704	960	1023	737	956	975
704	1023	0	711	1012	91
704	1023	64	711	1012	106
704	1023	128	711	1012	147
704	1023	192	711	1012	199
704	1023	256	712	1013	256
704	1023	320	713	1013	314
704	1023	384	714	1013	373
704	1023	448	716	1013	432
704	1023	512	718	1014	492
704	1023	576	720	1014	552
704	1023	640	723	1014	613
704	1023	704	725	1015	673
704	1023	768	729	1015	734
704	1023	832	732	1016	794
704	1023	896	736	1016	855
704	1023	960	740	1017	915
704	1023	1023	744	1018	975
768	0	0	710	131	0
768	0	64	710	131	0
768	0	128	710	131	107
768	0	192	711	132	174
768	0	256	711	134	237
768	0	320	712	136	300
768	0	384	714	138	361
768	0	448	715	141	423
768	0	512	717	144	484
768	0	576	719	147	545
768	0	640	722	151	606
768	0	704	725	155	668
768	0	768	728	160	729
768	0	832	731	165	790
768	0	896	735	170	851
768	0	960	739	176	911
768	0	1023	743	181	971
768	64	0	710	142	0
768	64	64	710	142	0
768	64	128	710	143	107
768	64	192	711	144	174
768	64	256	711	145	237
768	64	320	712	146	300
768	64	384	714	149	361
768	64	448	715	151	423
768	64	512	717	154	484
768	64	576	719	157	545
768	64	640	722	161	607
768	64	704	725	165	668
768	64	768	728	169	729
768	64	832	731	174	790
768	64	896	735	179	851
768	64	960	739	184	911
768	64	1023	743	189	971
768	128	0	710	176	0
768	128	64	710	176	0
768	128	128	711	177	107
768	128	192	711	177	174
768	128	256	712	178	238
768	128	320	713	179	300
768	128	384	714	181	362
768	128	448	716	183	423
768	128	512	718	185	484
768	128	576	720	188	545
768	128	640	722	191	607
768	128	704	725	194	668
768	128	768	728	198	729
768	128	832	732	202	790
768	128	896	735	206	851
768	128	960	739	210	912
768	128	1023	744	215	972
768	192	0	711	224	0
768	192	64	711	224	0
768	192	128	711	224	108
768	192	192	712	224	175
768	192	256	713	225	238
768	192	320	714	226	300
768	192	384	715	227	362
768	192	448	717	229	423
768	192	512	719	231	484
768	192	576	721	233	546
768	192	640	723	235	607
768	192	704	726	237	668
768	192	768	729	240	729
768	192	832	733	243	790
768	192	896	736	247	851
768	192	960	740	250	912
768	192	1023	745	254	972
768	256	0	712	278	0
768	256	64	712	278	11
768	256	128	713	278	109
768	256	192	713	278	175
768	256	256	714	279	238
768	256	320	715	280	300
768	256	384	716	281	362
768	256	448	718	282	423
768	256	512	720	283	485
768	256	576	722	285	546
768	256	640	724	287	607
768	256	704	727	289	668
768	256	768	730	291	729
768	256	832	734	293	790
768	256	896	737	296	851
768	256	960	741	299	912
768	256	1023	746	302	972
768	320	0	714	335	0
768	320	64	714	335	24
768	320	128	714	335	111
768	320	192	715	336	176
768	320	256	716	336	239
768	320	320	717	337	301
768	320	384	718	338	362
768	320	448	720	339	424
768	320	512	722	340	485
768	320	576	724	341	546
768	320	640	726	342	607
768	320	704	729	344	668
768	320	768	732	346	729
768	320	832	735	348	790
768	320	896	739	350	851
768	320	960	743	352	912
768	320	1023	747	355	972
768	384	0	716	395	0
768	384	64	716	395	33
768	384	128	717	395	112
768	384	192	717	395	177
768	384	256	718	395	239
768	384	320	719	396	301
768	384	384	720	397	363
768	384	448	722	397	424
768	384	512	724	398	485
768	384	576	726	399	546
768	384	640	728	400	607
768	384	704	731	402	668
768	384	768	734	403	729
768	384	832	738	405	790
768	384	896	741	407	851
768	384	960	745	409	912
768	384	1023	749	411	972
768	448	0	719	455	0
768	448	64	719	455	41
768	448	128	719	455	114
768	448	192	720	455	178
768	448	256	720	456	240
768	448	320	722	456	302
768	448	384	723	457	363
768	448	448	724	457	424
768	448	512	726	458	485
768	448	576	728	459	546
768	448	640	731	460	607
768	448	704	734	461	668
768	448	768	737	462	729
768	448	832	740	464	790
768	448	896	744	465	851
768	448	960	748	467	912
768	448	1023	752	469	972
768	512	0	722	516	0
768	512	64	722	516	48
768	512	128	722	516	117
768	512	192	723	516	180
768	512	256	724	517	241
768	512	320	725	517	303
768	512	384	726	518	364
768	512	448	727	518	425
768	512	512	729	519	486
768	512	576	731	520	547
768	512	640	734	520	608
768	512	704	737	521	669
768	512	768	740	523	730
768	512	832	743	524	790
768	512	896	747	525	851
768	512	960	751	526	912
768	512	1023	755	528	972
768	576	0	726	578	0
768	576	64	726	578	55
768	576	128	726	578	119
768	576	192	726	578	181
768	576	256	727	578	242
768	576	320	728	579	303
768	576	384	729	579	364
768	576	448	731	579	425
768	576	512	733	580	486
768	576	576	735	581	547
768	576	640	737	581	608
768	576	704	740	582	669
768	576	768	743	583	730
768	576	832	747	584	791
768	576	896	750	586	852
768	576	960	754	587	913
768	576	1023	758	588	972
768	640	0	730	640	16
768	640	64	730	640	62
768	640	128	730	640	122
768	640	192	731	640	183
768	640	256	731	640	244
768	640	320	732	640	304
768	640	384	734	641	365
768	640	448	735	641	426
768	640	512	737	642	487
768	640	576	739	642	548
768	640	640	741	643	609
768	640	704	744	644	669
768	640	768	747	645	730
768	640	832	750	645	791
768	640	896	754	647	852
768	640	960	758	648	913
768	640	1023	762	649	973
768	704	0	734	702	37
768	704	64	734	702	69
768	704	128	735	702	126
768	704	192	735	702	185
768	704	256	736	702	245
768	704	320	737	702	306
768	704	384	738	703	366
768	704	448	740	703	427
768	704	512	741	704	488
768	704	576	744	704	548
768	704	640	746	705	609
768	704	704	749	705	670
768	704	768	752	706	731
768	704	832	755	707	791
768	704	896	758	708	852
768	704	960	762	709	913
768	704	1023	766	710	973
768	768	0	739	764	50
768	768	64	739	764	76
768	768	128	740	764	129
768	768	192	740	764	187
768	768	256	741	764	247
768	768	320	742	765	307
768	768	384	743	765	367
768	768	448	745	765	428
768	768	512	746	766	488
768	768	576	748	766	549
768	768	640	751	767	610
768	768	704	754	767	670
768	768	768	757	768	731
768	768	832	760	769	792
768	768	896	763	770	853
768	768	960	767	771	913
768	768	1023	771	771	973
768	832	0	745	826	60
768	832	64	745	826	83
768	832	128	745	827	133
768	832	192	746	827	190
768	832	256	746	827	248
768	832	320	747	827	308
768	832	384	749	827	368
768	832	448	750	828	429
768	832	512	752	828	489
768	832	576	754	828	550
768	832	640	756	829	610
768	832	704	759	829	671
768	832	768	762	830	732
768	832	832	765	831	792
768	832	896	769	832	853
768	832	960	772	832	914
768	832	1023	777	833	974
768	896	0	751	889	70
768	896	64	751	889	90
768	896	128	751	889	137
768	896	192	752	889	192
768	896	256	752	889	250
768	896	320	753	889	310
768	896	384	755	890	369
768	896	448	756	890	430
768	896	512	758	890	490
768	896	576	760	891	550
768	896	640	762	891	611
768	896	704	765	892	671
768	896	768	768	892	732
768	896	832	771	893	793
768	896	896	774	894	853
768	896	960	778	894	914
768	896	1023	782	895	974
768	960	0	757	952	79
768	960	64	757	952	97
768	960	128	758	952	141
768	960	192	758	952	195
768	960	256	759	952	252
768	960	320	760	952	311
768	960	384	761	952	371
768	960	448	763	952	431
768	960	512	764	953	491
768	960	576	766	953	551
768	960	640	769	954	612
768	960	704	771	954	672
768	960	768	774	955	733
768	960	832	777	955	793
768	960	896	781	956	854
768	960	960	784	957	915
768	960	1023	788	957	974
768	1023	0	764	1013	87
768	1023	64	764	1013	103
768	1023	128	765	1013	145
768	1023	192	765	1013	198
768	1023	256	766	1013	255
768	1023	320	767	1014	313
768	1023	384	768	1014	372
768	1023	448	769	1014	432
768	1023	512	771	1014	492
768	1023	576	773	1015	552
768	1023	640	775	1015	612
768	1023	704	778	1016	673
768	1023	768	781	1016	733
768	1023	832	784	1017	794
768	1023	896	787	1017	854
768	1023	960	791	1018	915
768	1023	1023	795	1019	975
832	0	0	769	142	0
832	0	64	769	142	0
832	0	128	769	142	104
832	0	192	770	143	172
832	0	256	770	144	236
832	0	320	771	146	299
832	0	384	772	148	361
832	0	448	774	151	422
832	0	512	776	153	484
832	0	576	778	157	545
832	0	640	780	160	606
832	0	704	782	164	667
832	0	768	785	169	728
832	0	832	788	173	789
832	0	896	792	178	850
832	0	960	795	183	911
832	0	1023	799	189	971
832	64	0	769	152	0
832	64	64	769	152	0
832	64	128	769	153	104
832	64	192	770	153	172
832	64	256	770	155	236
832	64	320	771	156	299
832	64	384	773	158	361
832	64	448	774	160	422
832	64	512	776	163	484
832	64	576	778	166	545
832	64	640	780	169	606
832	64	704	783	173	667
832	64	768	785	177	728
832	64	832	789	182	789
832	64	896	792	186	850
832	64	960	796	191	911
832	64	1023	800	196	971
832	128	0	769	184	0
832	128	64	769	184	0
832	128	128	770	184	104
832	128	192	770	185	172
832	128	256	771	186	236
832	128	320	772	187	299
832	128	384	773	189	361
832	128	448	774	190	422
832	128	512	776	193	484
832	128	576	778	195	545
832	128	640	780	198	606
832	128	704	783	201	667
832	128	768	786	205	728
832	128	832	789	208	789
832	128	896	792	212	850
832	128	960	796	216	911
832	128	1023	800	221	971
832	192	0	770	229	0
832	192	64	770	230	0
832	192	128	770	230	105
832	192	192	771	230	173
832	192	256	772	231	237
832	192	320	773	232	299
832	192	384	774	233	361
832	192	448	775	235	423
832	192	512	777	236	484
832	192	576	779	238	545
832	192	640	781	241	606
832	192	704	784	243	667
832	192	768	787	246	728
832	192	832	790	249	789
832	192	896	793	252	850
832	192	960	797	255	911
832	192	1023	801	259	971
832	256	0	771	282	0
832	256	64	771	282	0
832	256	128	772	283	106
832	256	192	772	283	173
832	256	256	773	284	237
832	256	320	774	284	299
832	256	384	775	285	361
832	256	448	776	286	423
832	256	512	778	288	484
832	256	576	780	289	545
832	256	640	782	291	606
832	256	704	785	293	667
832	256	768	788	295	728
832	256	832	791	298	789
832	256	896	794	300	850
832	256	960	798	303	911
832	256	1023	802	306	971
832	320	0	773	339	0
832	320	64	773	339	0
832	320	128	773	339	108
832	320	192	774	339	174
832	320	256	774	340	238
832	320	320	775	340	300
832	320	384	776	341	362
832	320	448	778	342	423
832	320	512	780	343	484
832	320	576	782	345	545
832	320	640	784	346	607
832	320	704	786	348	668
832	320	768	789	349	729
832	320	832	792	351	790
832	320	896	796	353	851
832	320	960	799	356	912
832	320	1023	803	358	972
832	384	0	775	398	0
832	384	64	775	398	13
832	384	128	775	398	109
832	384	192	776	398	175
832	384	256	776	398	238
832	384	320	777	399	300
832	384	384	778	400	362
832	384	448	780	400	423
832	384	512	782	401	485
832	384	576	784	402	546
832	384	640	786	403	607
832	384	704	788	405	668
832	384	768	791	406	729
832	384	832	794	408	790
832	384	896	798	410	851
832	384	960	801	412	912
832	384	1023	805	414	972
832	448	0	777	458	0
832	448	64	777	458	29
832	448	128	778	458	111
832	448	192	778	458	176
832	448	256	779	458	239
832	448	320	780	459	301
832	448	384	781	459	362
832	448	448	782	460	424
832	448	512	784	461	485
832	448	576	786	461	546
832	448	640	788	463	607
832	448	704	791	464	668
832	448	768	793	465	729
832	448	832	797	466	790
832	448	896	800	468	851
832	448	960	804	469	912
832	448	1023	807	471	972
832	512	0	780	518	0
832	512	64	780	518	39
832	512	128	780	518	114
832	512	192	781	519	178
832	512	256	781	519	240
832	512	320	782	519	302
832	512	384	784	520	363
832	512	448	785	520	424
832	512	512	787	521	485
832	512	576	789	522	546
832	512	640	791	523	607
832	512	704	793	524	668
832	512	768	796	525	729
832	512	832	799	526	790
832	512	896	803	527	851
832	512	960	806	529	912
832	512	1023	810	530	972
832	576	0	783	580	0
832	576	64	783	580	48
832	576	128	784	580	117
832	576	192	784	580	179
832	576	256	785	580	241
832	576	320	786	580	303
832	576	384	787	581	364
832	576	448	788	581	425
832	576	512	790	582	486
832	576	576	792	583	547
832	576	640	794	583	608
832	576	704	797	584	669
832	576	768	799	585	730
832	576	832	802	586	790
832	576	896	806	587	851
832	576	960	809	589	912
832	576	1023	813	590	972
832	640	0	787	641	0
832	640	64	787	641	56
832	640	128	787	641	120
832	640	192	788	642	181
832	640	256	788	642	243
832	640	320	789	642	304
832	640	384	791	642	365
832	640	448	792	643	425
832	640	512	794	643	486
832	640	576	796	644	547
832	640	640	798	645	608
832	640	704	800	645	669
832	640	768	803	646	730
832	640	832	806	647	791
832	640	896	809	648	852
832	640	960	813	649	913
832	640	1023	817	651	972
832	704	0	791	703	23
832	704	64	791	703	64
832	704	128	792	703	123
832	704	192	792	703	183
832	704	256	793	704	244
832	704	320	794	704	305
832	704	384	795	704	365
832	704	448	796	705	426
832	704	512	798	705	487
832	704	576	800	706	548
832	704	640	802	706	609
832	704	704	804	707	669
832	704	768	807	708	730
832	704	832	810	708	791
832	704	896	813	709	852
832	704	960	817	710	913
832	704	1023	821	711	973
832	768	0	796	765	41
832	768	64	796	765	71
832	768	128	796	765	127
832	768	192	797	766	186
832	768	256	797	766	246
832	768	320	798	766	306
832	768	384	799	766	366
832	768	448	801	767	427
832	768	512	802	767	488
832	768	576	804	768	548
832	768	640	806	768	609
832	768	704	809	769	670
832	768	768	812	769	731
832	768	832	815	770	792
832	768	896	818	771	852
832	768	960	821	772	913
832	768	1023	825	773	973
832	832	0	801	828	54
832	832	64	801	828	79
832	832	128	801	828	131
832	832	192	802	828	188
832	832	256	802	828	247
832	832	320	803	828	307
832	832	384	804	828	368
832	832	448	806	829	428
832	832	512	807	829	489
832	832	576	809	830	549
832	832	640	811	830	610
832	832	704	814	831	671
832	832	768	817	831	731
832	832	832	820	832	792
832	832	896	823	833	853
832	832	960	826	834	914
832	832	1023	830	834	973
832	896	0	806	890	65
832	896	64	806	890	86
832	896	128	807	890	135
832	896	192	807	890	191
832	896	256	808	890	249
832	896	320	809	891	309
832	896	384	810	891	369
832	896	448	811	891	429
832	896	512	813	891	489
832	896	576	815	892	550
832	896	640	817	892	610
832	896	704	819	893	671
832	896	768	822	893	732
832	896	832	825	894	792
832	896	896	828	895	853
832	896	960	832	896	914
832	896	1023	835	896	974
832	960	0	812	953	74
832	960	64	812	953	93
832	960	128	813	953	139
832	960	192	813	953	194
832	960	256	814	953	251
832	960	320	815	953	310
832	960	384	816	953	370
832	960	448	817	954	430
832	960	512	819	954	490
832	960	576	821	954	551
832	960	640	823	955	611
832	960	704	825	955	672
832	960	768	828	956	732
832	960	832	831	956	793
832	960	896	834	957	854
832	960	960	837	958	914
832	960	1023	841	958	974
832	1023	0	819	1014	83
832	1023	64	819	1014	100
832	1023	128	819	1014	143
832	1023	192	819	1014	197
832	1023	256	820	1014	254
832	1023	320	821	1015	312
832	1023	384	822	1015	371
832	1023	448	823	1015	431
832	1023	512	825	1015	491
832	1023	576	827	1016	552
832	1023	640	829	1016	612
832	1023	704	831	1017	672
832	1023	768	834	1017	733
832	1023	832	837	1018	794
832	1023	896	840	1018	854
832	1023	960	843	1019	915
832	1023	1023	847	1020	975
896	0	0	828	153	0
896	0	64	828	153	0
896	0	128	828	153	100
896	0	192	829	154	170
896	0	256	829	155	235
896	0	320	830	157	298
896	0	384	831	158	360
896	0	448	833	161	422
896	0	512	834	163	483
896	0	576	836	166	544
896	0	640	838	170	606
896	0	704	840	174	667
896	0	768	843	178	728
896	0	832	846	182	789
896	0	896	849	187	850
896	0	960	852	192	911
896	0	1023	856	197	971
896	64	0	828	162	0
896	64	64	828	162	0
896	64	128	828	163	100
896	64	192	829	163	170
896	64	256	829	164	235
896	64	320	830	166	298
896	64	384	831	168	360
896	64	448	833	170	422
896	64	512	834	172	483
896	64	576	836	175	544
896	64	640	838	178	606
896	64	704	841	182	667
896	64	768	843	186	728
896	64	832	846	190	789
896	64	896	849	194	850
896	64	960	853	199	911
896	64	1023	856	204	971
896	128	0	828	192	0
896	128	64	829	192	0
896	128	128	829	192	101
896	128	192	829	193	171
896	128	256	830	194	235
896	128	320	831	195	298
896	128	384	832	196	360
896	128	448	833	198	422
896	128	512	835	200	483
896	128	576	837	203	545
896	128	640	839	205	606
896	128	704	841	208	667
896	128	768	844	212	728
896	128	832	846	215	789
896	128	896	850	219	850
896	128	960	853	223	911
896	128	1023	857	227	971
896	192	0	829	236	0
896	192	64	829	236	0
896	192	128	829	236	102
896	192	192	830	237	171
896	192	256	831	237	235
896	192	320	831	238	298
896	192	384	832	239	360
896	192	448	834	241	422
896	192	512	835	242	483
896	192	576	837	244	545
896	192	640	839	246	606
896	192	704	842	249	667
896	192	768	844	252	728
896	192	832	847	254	789
896	192	896	850	258	850
896	192	960	854	261	911
896	192	1023	857	264	971
896	256	0	830	287	0
896	256	64	830	287	0
896	256	128	831	288	103
896	256	192	831	288	172
896	256	256	832	288	236
896	256	320	832	289	298
896	256	384	834	290	360
896	256	448	835	291	422
896	256	512	836	293	483
896	256	576	838	294	545
896	256	640	840	296	606
896	256	704	843	298	667
896	256	768	845	300	728
896	256	832	848	302	789
896	256	896	851	305	850
896	256	960	855	308	911
896	256	1023	858	310	971
896	320	0	832	343	0
896	320	64	832	343	0
896	320	128	832	343	104
896	320	192	832	343	172
896	320	256	833	344	236
896	320	320	834	344	299
896	320	384	835	345	361
896	320	448	836	346	422
896	320	512	838	347	484
896	320	576	840	348	545
896	320	640	842	350	606
896	320	704	844	351	667
896	320	768	847	353	728
896	320	832	849	355	789
896	320	896	853	357	850
896	320	960	856	360	911
896	320	1023	860	362	971
896	384	0	833	401	0
896	384	64	834	401	0
896	384	128	834	401	106
896	384	192	834	401	173
896	384	256	835	402	237
896	384	320	836	402	299
896	384	384	837	403	361
896	384	448	838	404	423
896	384	512	840	404	484
896	384	576	841	405	545
896	384	640	843	407	606
896	384	704	846	408	667
896	384	768	848	409	728
896	384	832	851	411	789
896	384	896	854	413	850
896	384	960	858	415	911
896	384	1023	861	417	971
896	448	0	836	460	0
896	448	64	836	460	0
896	448	128	836	461	108
896	448	192	836	461	175
896	448	256	837	461	238
896	448	320	838	461	300
896	448	384	839	462	362
896	448	448	840	463	423
896	448	512	842	463	484
896	448	576	844	464	546
896	448	640	846	465	607
896	448	704	848	466	668
896	448	768	851	468	729
896	448	832	853	469	790
896	448	896	856	471	851
896	448	960	860	472	912
896	448	1023	863	474	972
896	512	0	838	521	0
896	512	64	838	521	25
896	512	128	839	521	111
896	512	192	839	521	176
896	512	256	840	521	239
896	512	320	840	522	301
896	512	384	841	522	362
896	512	448	843	523	424
896	512	512	844	523	485
896	512	576	846	524	546
896	512	640	848	525	607
896	512	704	851	526	668
896	512	768	853	527	729
896	512	832	856	528	790
896	512	896	859	530	851
896	512	960	862	531	912
896	512	1023	866	532	972
896	576	0	841	582	0
896	576	64	841	582	38
896	576	128	842	582	114
896	576	192	842	582	178
896	576	256	843	582	240
896	576	320	843	583	302
896	576	384	844	583	363
896	576	448	846	583	424
896	576	512	847	584	485
896	576	576	849	585	546
896	576	640	851	585	607
896	576	704	853	586	668
896	576	768	856	587	729
896	576	832	859	588	790
896	576	896	862	589	851
896	576	960	865	591	912
896	576	1023	869	592	972
896	640	0	845	643	0
896	640	64	845	643	48
896	640	128	845	643	117
896	640	192	845	643	180
896	640	256	846	644	241
896	640	320	847	644	303
896	640	384	848	644	364
896	640	448	849	645	425
896	640	512	851	645	486
896	640	576	853	646	547
896	640	640	855	646	608
896	640	704	857	647	669
896	640	768	859	648	730
896	640	832	862	649	790
896	640	896	865	650	851
896	640	960	869	651	912
896	640	1023	872	652	972
896	704	0	848	705	0
896	704	64	849	705	57
896	704	128	849	705	120
896	704	192	849	705	182
896	704	256	850	705	243
896	704	320	851	706	304
896	704	384	852	706	365
896	704	448	853	706	426
896	704	512	855	707	486
896	704	576	856	707	547
896	704	640	858	708	608
896	704	704	861	709	669
896	704	768	863	709	730
896	704	832	866	710	791
896	704	896	869	711	852
896	704	960	872	712	913
896	704	1023	876	713	972
896	768	0	853	767	28
896	768	64	853	767	66
896	768	128	853	767	124
896	768	192	853	767	184
896	768	256	854	767	244
896	768	320	855	767	305
896	768	384	856	768	366
896	768	448	857	768	426
896	768	512	859	769	487
896	768	576	861	769	548
896	768	640	863	770	609
896	768	704	865	770	670
896	768	768	867	771	730
896	768	832	870	772	791
896	768	896	873	772	852
896	768	960	876	773	913
896	768	1023	880	774	973
896	832	0	857	829	45
896	832	64	857	829	74
896	832	128	858	829	128
896	832	192	858	829	186
896	832	256	859	829	246
896	832	320	860	830	306
896	832	384	861	830	367
896	832	448	862	830	427
896	832	512	863	831	488
896	832	576	865	831	549
896	832	640	867	831	609
896	832	704	869	832	670
896	832	768	872	833	731
896	832	832	875	833	792
896	832	896	878	834	852
896	832	960	881	835	913
896	832	1023	884	836	973
896	896	0	863	891	58
896	896	64	863	891	82
896	896	128	863	891	132
896	896	192	863	892	189
896	896	256	864	892	248
896	896	320	865	892	308
896	896	384	866	892	368
896	896	448	867	892	428
896	896	512	868	893	489
896	896	576	870	893	549
896	896	640	872	894	610
896	896	704	874	894	671
896	896	768	877	895	731
896	896	832	880	895	792
896	896	896	883	896	853
896	896	960	886	897	914
896	896	1023	889	898	973
896	960	0	868	954	69
896	960	64	868	954	89
896	960	128	868	954	136
896	960	192	869	954	192
896	960	256	869	954	250
896	960	320	870	954	309
896	960	384	871	954	369
896	960	448	872	955	429
896	960	512	874	955	490
896	960	576	876	955	550
896	960	640	878	956	611
896	960	704	880	956	671
896	960	768	882	957	732
896	960	832	885	957	793
896	960	896	888	958	853
896	960	960	891	959	914
896	960	1023	895	959	974
896	1023	0	874	1015	78
896	1023	64	874	1015	96
896	1023	128	874	1015	141
896	1023	192	875	1015	195
896	1023	256	875	1016	252
896	1023	320	876	1016	311
896	1023	384	877	1016	371
896	1023	448	878	1016	431
896	1023	512	880	1016	491
896	1023	576	881	1017	551
896	1023	640	883	1017	612
896	1023	704	886	1018	672
896	1023	768	888	1018	733
896	1023	832	891	1019	793
896	1023	896	894	1019	854
896	1023	960	897	1020	915
896	1023	1023	900	1021	974
960	0	0	887	163	0
960	0	64	887	164	0
960	0	128	887	164	96
960	0	192	888	165	168
960	0	256	888	166	233
960	0	320	889	167	297
960	0	384	890	169	359
960	0	448	891	171	421
960	0	512	893	174	483
960	0	576	895	176	544
960	0	640	896	180	605
960	0	704	899	183	666
960	0	768	901	187	728
960	0	832	904	191	789
960	0	896	907	195	850
960	0	960	910	200	911
960	0	1023	913	205	971
960	64	0	887	172	0
960	64	64	887	172	0
960	64	128	887	173	96
960	64	192	888	173	168
960	64	256	888	174	233
960	64	320	889	176	297
960	64	384	890	177	359
960	64	448	891	179	421
960	64	512	893	182	483
960	64	576	895	184	544
960	64	640	897	188	605
960	64	704	899	191	666
960	64	768	901	194	728
960	64	832	904	198	789
960	64	896	907	203	850
960	64	960	910	207	911
960	64	1023	913	212	971
960	128	0	888	200	0
960	128	64	888	200	0
960	128	128	888	201	97
960	128	192	888	201	168
960	128	256	889	202	234
960	128	320	890	203	297
960	128	384	891	205	359
960	128	448	892	206	421
960	128	512	893	208	483
960	128	576	895	211	544
960	128	640	897	213	605
960	128	704	899	216	666
960	128	768	901	219	728
960	128	832	904	223	789
960	128	896	907	226	850
960	128	960	910	230	911
960	128	1023	913	234	971
960	192	0	888	242	0
960	192	64	888	242	0
960	192	128	888	243	98
960	192	192	889	243	169
960	192	256	889	244	234
960	192	320	890	245	297
960	192	384	891	246	359
960	192	448	892	247	421
960	192	512	894	249	483
960	192	576	896	251	544
960	192	640	898	253	605
960	192	704	900	255	667
960	192	768	902	258	728
960	192	832	905	261	789
960	192	896	908	264	850
960	192	960	911	267	911
960	192	1023	914	270	971
960	256	0	889	293	0
960	256	64	889	293	0
960	256	128	889	293	99
960	256	192	890	293	169
960	256	256	890	294	234
960	256	320	891	294	297
960	256	384	892	295	360
960	256	448	893	296	421
960	256	512	895	298	483
960	256	576	897	299	544
960	256	640	898	301	606
960	256	704	901	303	667
960	256	768	903	305	728
960	256	832	906	307	789
960	256	896	909	310	850
960	256	960	912	312	911
960	256	1023	915	315	971
960	320	0	890	347	0
960	320	64	891	347	0
960	320	128	891	347	100
960	320	192	891	348	170
960	320	256	892	348	235
960	320	320	893	349	298
960	320	384	894	349	360
960	320	448	895	350	422
960	320	512	896	351	483
960	320	576	898	353	544
960	320	640	900	354	606
960	320	704	902	356	667
960	320	768	904	357	728
960	320	832	907	359	789
960	320	896	910	361	850
960	320	960	913	364	911
960	320	1023	916	366	971
960	384	0	892	404	0
960	384	64	892	405	0
960	384	128	892	405	102
960	384	192	893	405	171
960	384	256	893	405	236
960	384	320	894	406	298
960	384	384	895	406	360
960	384	448	896	407	422
960	384	512	898	408	483
960	384	576	900	409	545
960	384	640	901	410	606
960	384	704	904	411	667
960	384	768	906	413	728
960	384	832	909	415	789
960	384	896	911	416	850
960	384	960	915	418	911
960	384	1023	918	420	971
960	448	0	894	463	0
960	448	64	894	463	0
960	448	128	894	464	104
960	448	192	895	464	173
960	448	256	895	464	236
960	448	320	896	464	299
960	448	384	897	465	361
960	448	448	898	466	422
960	448	512	900	466	484
960	448	576	902	467	545
960	448	640	903	468	606
960	448	704	906	469	667
960	448	768	908	471	728
960	448	832	911	472	789
960	448	896	913	473	850
960	448	960	917	475	911
960	448	1023	920	477	971
960	512	0	897	523	0
960	512	64	897	523	0
960	512	128	897	523	107
960	512	192	897	524	174
960	512	256	898	524	237
960	512	320	899	524	300
960	512	384	900	525	361
960	512	448	901	525	423
960	512	512	902	526	484
960	512	576	904	527	545
960	512	640	906	528	607
960	512	704	908	529	668
960	512	768	910	530	729
960	512	832	913	531	790
960	512	896	916	532	851
960	512	960	919	534	911
960	512	1023	922	535	971
960	576	0	899	584	0
960	576	64	899	584	20
960	576	128	900	584	110
960	576	192	900	584	176
960	576	256	901	585	239
960	576	320	901	585	301
960	576	384	902	585	362
960	576	448	904	586	423
960	576	512	905	586	485
960	576	576	907	587	546
960	576	640	909	588	607
960	576	704	911	589	668
960	576	768	913	590	729
960	576	832	916	591	790
960	576	896	918	592	851
960	576	960	922	593	912
960	576	1023	925	594	972
960	640	0	902	645	0
960	640	64	903	645	37
960	640	128	903	645	113
960	640	192	903	645	178
960	640	256	904	646	240
960	640	320	904	646	302
960	640	384	905	646	363
960	640	448	907	647	424
960	640	512	908	647	485
960	640	576	910	648	546
960	640	640	912	648	607
960	640	704	914	649	668
960	640	768	916	650	729
960	640	832	919	651	790
960	640	896	922	652	851
960	640	960	925	653	912
960	640	1023	928	654	972
960	704	0	906	707	0
960	704	64	906	707	49
960	704	128	906	707	117
960	704	192	907	707	180
960	704	256	907	707	241
960	704	320	908	707	303
960	704	384	909	708	364
960	704	448	910	708	425
960	704	512	912	709	486
960	704	576	913	709	547
960	704	640	915	710	608
960	704	704	917	710	669
960	704	768	920	711	730
960	704	832	922	712	791
960	704	896	925	713	851
960	704	960	928	714	912
960	704	1023	931	715	972
960	768	0	910	769	0
960	768	64	910	769	59
960	768	128	910	769	121
960	768	192	911	769	182
960	768	256	911	769	243
960	768	320	912	769	304
960	768	384	913	769	365
960	768	448	914	770	426
960	768	512	916	770	487
960	768	576	917	771	547
960	768	640	919	771	608
960	768	704	921	772	669
960	768	768	923	772	730
960	768	832	926	773	791
960	768	896	929	774	852
960	768	960	932	775	913
960	768	1023	935	776	973
960	832	0	914	831	33
960	832	64	914	831	68
960	832	128	915	831	125
960	832	192	915	831	184
960	832	256	916	831	245
960	832	320	916	831	305
960	832	384	917	831	366
960	832	448	918	832	427
960	832	512	920	832	487
960	832	576	921	832	548
960	832	640	923	833	609
960	832	704	925	834	670
960	832	768	928	834	731
960	832	832	930	835	791
960	832	896	933	836	852
960	832	960	936	836	913
960	832	1023	939	837	973
960	896	0	919	893	50
960	896	64	919	893	76
960	896	128	919	893	129
960	896	192	920	893	187
960	896	256	920	893	247
960	896	320	921	893	307
960	896	384	922	893	367
960	896	448	923	894	428
960	896	512	925	894	488
960	896	576	926	894	549
960	896	640	928	895	610
960	896	704	930	895	670
960	896	768	932	896	731
960	896	832	935	897	792
960	896	896	938	897	853
960	896	960	941	898	913
960	896	1023	944	899	973
960	960	0	924	955	62
960	960	64	924	955	84
960	960	128	924	955	134
960	960	192	925	955	190
960	960	256	925	955	249
960	960	320	926	955	308
960	960	384	927	956	368
960	960	448	928	956	429
960	960	512	930	956	489
960	960	576	931	957	550
960	960	640	933	957	610
960	960	704	935	958	671
960	960	768	937	958	732
960	960	832	940	959	792
960	960	896	943	959	853
960	960	960	946	960	914
960	960	1023	949	961	974
960	1023	0	930	1016	73
960	1023	64	930	1016	92
960	1023	128	930	1017	138
960	1023	192	930	1017	193
960	1023	256	931	1017	251
960	1023	320	931	1017	310
960	1023	384	932	1017	370
960	1023	448	934	1017	430
960	1023	512	935	1018	490
960	1023	576	937	1018	551
960	1023	640	938	1018	611
960	1023	704	940	1019	672
960	1023	768	943	1019	732
960	1023	832	945	1020	793
960	1023	896	948	1020	854
960	1023	960	951	1021	914
960	1023	1023	954	1022	974
1023	0	0	945	174	0
1023	0	64	945	174	0
1023	0	128	946	175	92
1023	0	192	946	175	166
1023	0	256	946	176	232
1023	0	320	947	178	296
1023	0	384	948	179	358
1023	0	448	949	181	420
1023	0	512	951	184	482
1023	0	576	952	186	543
1023	0	640	954	189	605
1023	0	704	956	193	666
1023	0	768	958	196	727
1023	0	832	961	200	788
1023	0	896	963	204	849
1023	0	960	966	209	910
1023	0	1023	969	213	970
1023	64	0	945	182	0
1023	64	64	945	183	0
1023	64	128	946	183	92
1023	64	192	946	183	166
1023	64	256	947	184	232
1023	64	320	947	186	296
1023	64	384	948	187	358
1023	64	448	949	189	420
1023	64	512	951	191	482
1023	64	576	952	194	543
1023	64	640	954	197	605
1023	64	704	956	200	666
1023	64	768	958	203	727
1023	64	832	961	207	788
1023	64	896	963	211	849
1023	64	960	966	215	910
1023	64	1023	969	220	970
1023	128	0	946	209	0
1023	128	64	946	209	0
1023	128	128	946	209	92
1023	128	192	946	210	166
1023	128	256	947	211	232
1023	128	320	948	212	296
1023	128	384	949	213	358
1023	128	448	950	215	420
1023	128	512	951	217	482
1023	128	576	953	219	543
1023	128	640	954	221	605
1023	128	704	956	224	666
1023	128	768	959	227	727
1023	128	832	961	230	788
1023	128	896	964	234	849
1023	128	960	967	238	910
1023	128	1023	970	241	971
1023	192	0	946	249	0
1023	192	64	946	249	0
1023	192	128	947	250	93
1023	192	192	947	250	167
1023	192	256	948	251	232
1023	192	320	948	251	296
1023	192	384	949	253	358
1023	192	448	950	254	420
1023	192	512	952	255	482
1023	192	576	953	257	544
1023	192	640	955	259	605
1023	192	704	957	262	666
1023	192	768	959	264	727
1023	192	832	962	267	788
1023	192	896	964	270	849
1023	192	960	967	273	911
1023	192	1023	970	276	971
1023	256	0	947	298	0
1023	256	64	947	298	0
1023	256	128	947	298	94
1023	256	192	948	299	167
1023	256	256	948	299	233
1023	256	320	949	300	296
1023	256	384	950	301	359
1023	256	448	951	302	421
1023	256	512	953	303	482
1023	256	576	954	305	544
1023	256	640	956	306	605
1023	256	704	958	308	666
1023	256	768	960	310	727
1023	256	832	963	312	788
1023	256	896	965	315	850
1023	256	960	968	317	911
1023	256	1023	971	320	971
1023	320	0	948	352	0
1023	320	64	949	352	0
1023	320	128	949	352	96
1023	320	192	949	352	168
1023	320	256	950	353	233
1023	320	320	950	353	297
1023	320	384	951	354	359
1023	320	448	952	355	421
1023	320	512	954	356	482
1023	320	576	955	357	544
1023	320	640	957	358	605
1023	320	704	959	360	666
1023	320	768	961	362	728
1023	320	832	964	364	789
1023	320	896	966	366	850
1023	320	960	969	368	911
1023	320	1023	972	370	971
1023	384	0	950	408	0
1023	384	64	950	408	0
1023	384	128	950	408	98
1023	384	192	951	409	169
1023	384	256	951	409	234
1023	384	320	952	409	297
1023	384	384	953	410	359
1023	384	448	954	411	421
1023	384	512	955	412	483
1023	384	576	957	413	544
1023	384	640	959	414	605
1023	384	704	961	415	667
1023	384	768	963	417	728
1023	384	832	965	418	789
1023	384	896	968	420	850
1023	384	960	971	422	911
1023	384	1023	974	424	971
1023	448	0	952	467	0
1023	448	64	952	467	0
1023	448	128	952	467	100
1023	448	192	952	467	170
1023	448	256	953	467	235
1023	448	320	954	468	298
1023	448	384	955	468	360
1023	448	448	956	469	422
1023	448	512	957	470	483
1023	448	576	959	470	544
1023	448	640	960	471	606
1023	448	704	962	472	667
1023	448	768	965	474	728
1023	448	832	967	475	789
1023	448	896	970	477	850
1023	448	960	973	478	911
1023	448	1023	976	480	971
1023	512	0	954	526	0
1023	512	64	954	526	0
1023	512	128	954	526	103
1023	512	192	955	526	172
1023	512	256	955	527	236
1023	512	320	956	527	299
1023	512	384	957	527	361
1023	512	448	958	528	422
1023	512	512	959	529	484
1023	512	576	961	529	545
1023	512	640	963	530	606
1023	512	704	965	531	667
1023	512	768	967	532	728
1023	512	832	969	533	789
1023	512	896	972	535	850
1023	512	960	975	536	911
1023	512	1023	978	538	971
1023	576	0	957	586	0
1023	576	64	957	586	0
1023	576	128	957	587	106
1023	576	192	957	587	173
1023	576	256	958	587	237
1023	576	320	959	587	299
1023	576	384	959	588	361
1023	576	448	961	588	423
1023	576	512	962	589	484
1023	576	576	963	589	545
1023	576	640	965	590	606
1023	576	704	967	591	667
1023	576	768	969	592	728
1023	576	832	972	593	789
1023	576	896	974	594	850
1023	576	960	977	595	911
1023	576	1023	980	597	971
1023	640	0	960	647	0
1023	640	64	960	647	17
1023	640	128	960	647	110
1023	640	192	960	648	175
1023	640	256	961	648	238
1023	640	320	961	648	300
1023	640	384	962	648	362
1023	640	448	963	649	423
1023	640	512	965	649	485
1023	640	576	966	650	546
1023	640	640	968	651	607
1023	640	704	970	651	668
1023	640	768	972	652	729
1023	640	832	975	653	790
1023	640	896	977	654	851
1023	640	960	980	655	912
1023	640	1023	983	656	972
1023	704	0	963	709	0
1023	704	64	963	709	37
1023	704	128	963	709	113
1023	704	192	964	709	178
1023	704	256	964	709	240
1023	704	320	965	709	302
1023	704	384	966	710	363
1023	704	448	967	710	424
1023	704	512	968	710	485
1023	704	576	970	711	546
1023	704	640	971	712	607
1023	704	704	973	712	668
1023	704	768	976	713	729
1023	704	832	978	714	790
1023	704	896	981	715	851
1023	704	960	983	716	912
1023	704	1023	986	717	972
1023	768	0	967	770	0
1023	768	64	967	770	50
1023	768	128	967	770	117
1023	768	192	967	770	180
1023	768	256	968	771	242
1023	768	320	968	771	303
1023	768	384	969	771	364
1023	768	448	970	771	425
1023	768	512	972	772	486
1023	768	576	973	772	547
1023	768	640	975	773	608
1023	768	704	977	774	669
1023	768	768	979	774	730
1023	768	832	982	775	791
1023	768	896	984	776	851
1023	768	960	987	777	912
1023	768	1023	990	778	972
1023	832	0	971	832	0
1023	832	64	971	832	61
1023	832	128	971	832	122
1023	832	192	971	832	182
1023	832	256	972	832	243
1023	832	320	972	833	304
1023	832	384	973	833	365
1023	832	448	974	833	426
1023	832	512	976	834	487
1023	832	576	977	834	548
1023	832	640	979	835	608
1023	832	704	981	835	669
1023	832	768	983	836	730
1023	832	832	985	836	791
1023	832	896	988	837	852
1023	832	960	991	838	913
1023	832	1023	994	839	973
1023	896	0	975	894	38
1023	896	64	975	894	70
1023	896	128	975	894	126
1023	896	192	976	894	185
1023	896	256	976	894	245
1023	896	320	977	895	306
1023	896	384	978	895	366
1023	896	448	979	895	427
1023	896	512	980	896	488
1023	896	576	982	896	548
1023	896	640	983	896	609
1023	896	704	985	897	670
1023	896	768	987	897	731
1023	896	832	990	898	791
1023	896	896	992	899	852
1023	896	960	995	900	913
1023	896	1023	998	900	973
1023	960	0	980	956	54
1023	960	64	980	956	79
1023	960	128	980	956	131
1023	960	192	980	957	188
1023	960	256	981	957	247
1023	960	320	982	957	307
1023	960	384	982	957	368
1023	960	448	984	957	428
1023	960	512	985	958	489
1023	960	576	986	958	549
1023	960	640	988	958	610
1023	960	704	990	959	671
1023	960	768	992	959	731
1023	960	832	994	960	792
1023	960	896	997	961	853
1023	960	960	1000	961	914
1023	960	1023	1003	962	973
1023	1023	0	985	1018	66
1023	1023	64	985	1018	87
1023	1023	128	985	1018	135
1023	1023	192	985	1018	191
1023	1023	256	986	1018	250
1023	1023	320	987	1018	309
1023	1023	384	987	1018	369
1023	1023	448	989	1019	429
1023	1023	512	990	1019	490
1023	1023	576	991	1019	550
1023	1023	640	993	1020	611
1023	1023	704	995	1020	671
1023	1023	768	997	1021	732
1023	1023	832	999	1021	793
1023	1023	896	1002	1022	853
1023	1023	960	1005	1022	914
1023	1023	1023	1008	1023	974
