0	0	0	0	0	0
0	0	64	5	2	67
0	0	128	9	3	129
0	0	192	14	5	193
0	0	256	19	7	255
0	0	320	23	9	320
0	0	384	27	10	384
0	0	448	32	12	450
0	0	512	36	14	511
0	0	576	41	16	578
0	0	640	46	17	642
0	0	704	49	19	704
0	0	768	53	21	767
0	0	832	58	22	828
0	0	896	62	24	892
0	0	960	66	26	954
0	0	1023	69	27	1016
0	64	0	0	70	0
0	64	64	4	69	67
0	64	128	9	69	129
0	64	192	13	69	193
0	64	256	17	70	255
0	64	320	22	70	320
0	64	384	27	70	384
0	64	448	31	70	450
0	64	512	35	71	511
0	64	576	39	71	578
0	64	640	44	71	641
0	64	704	48	71	705
0	64	768	53	72	768
0	64	832	59	73	828
0	64	896	61	74	892
0	64	960	68	74	954
0	64	1023	71	75	1016
0	128	0	0	132	0
0	128	64	0	132	67
0	128	128	7	132	129
0	128	192	12	132	193
0	128	256	17	133	255
0	128	320	21	132	319
0	128	384	26	133	384
0	128	448	30	133	450
0	128	512	35	133	511
0	128	576	39	133	577
0	128	640	44	133	642
0	128	704	48	134	705
0	128	768	52	134	768
0	128	832	59	133	827
0	128	896	61	133	892
0	128	960	67	134	954
0	128	1023	70	135	1016
0	192	0	0	195	0
0	192	64	0	195	67
0	192	128	4	195	129
0	192	192	11	196	193
0	192	256	16	196	255
0	192	320	21	196	320
0	192	384	25	196	384
0	192	448	30	196	450
0	192	512	34	196	511
0	192	576	39	196	578
0	192	640	43	196	642
0	192	704	48	196	705
0	192	768	52	196	768
0	192	832	58	196	828
0	192	896	61	196	892
0	192	960	65	196	954
0	192	1023	69	197	1015
0	256	0	0	257	0
0	256	64	0	258	67
0	256	128	0	258	129
0	256	192	9	258	193
0	256	256	15	259	256
0	256	320	20	258	320
0	256	384	25	259	384
0	256	448	29	259	450
0	256	512	34	259	512
0	256	576	39	259	578
0	256	640	43	259	642
0	256	704	47	259	705
0	256	768	52	259	768
0	256	832	56	259	828
0	256	896	61	258	892
0	256	960	65	258	954
0	256	1023	69	258	1016
0	320	0	0	321	0
0	320	64	0	322	67
0	320	128	0	323	129
0	320	192	1	323	193
0	320	256	12	323	256
0	320	320	18	323	320
0	320	384	23	324	385
0	320	448	29	323	450
0	320	512	33	323	511
0	320	576	38	324	578
0	320	640	42	323	642
0	320	704	47	323	705
0	320	768	51	323	768
0	320	832	56	323	829
0	320	896	60	323	893
0	320	960	64	322	955
0	320	1023	69	323	1016
0	384	0	0	385	0
0	384	64	0	385	67
0	384	128	0	385	129
0	384	192	0	386	193
0	384	256	8	386	255
0	384	320	16	386	320
0	384	384	22	387	384
0	384	448	27	387	450
0	384	512	32	387	512
0	384	576	37	387	578
0	384	640	42	387	642
0	384	704	46	386	705
0	384	768	51	386	768
0	384	832	55	386	829
0	384	896	60	385	893
0	384	960	64	386	955
0	384	1023	68	386	1016
0	448	0	0	449	0
0	448	64	0	450	67
0	448	128	0	450	129
0	448	192	0	451	193
0	448	256	0	452	256
0	448	320	13	451	320
0	448	384	20	452	385
0	448	448	26	451	450
0	448	512	31	452	512
0	448	576	36	452	578
0	448	640	41	451	642
0	448	704	46	451	705
0	448	768	50	451	769
0	448	832	54	451	829
0	448	896	59	450	893
0	448	960	64	450	956
0	448	1023	68	450	1017
0	512	0	0	511	0
0	512	64	0	511	66
0	512	128	0	511	129
0	512	192	0	512	193
0	512	256	0	513	256
0	512	320	8	513	320
0	512	384	17	513	385
0	512	448	24	513	450
0	512	512	29	513	512
0	512	576	35	513	578
0	512	640	40	513	643
0	512	704	45	512	705
0	512	768	49	512	769
0	512	832	54	512	829
0	512	896	58	511	893
0	512	960	63	511	956
0	512	1023	67	512	1018
0	576	0	0	578	0
0	576	64	0	578	66
0	576	128	0	578	129
0	576	192	0	579	193
0	576	256	0	579	256
0	576	320	0	580	321
0	576	384	13	580	385
0	576	448	21	580	451
0	576	512	27	580	513
0	576	576	33	580	579
0	576	640	38	580	643
0	576	704	43	579	706
0	576	768	48	579	769
0	576	832	53	579	830
0	576	896	58	578	894
0	576	960	62	578	956
0	576	1023	67	579	1018
0	640	0	0	641	0
0	640	64	0	642	66
0	640	128	0	643	129
0	640	192	0	643	193
0	640	256	0	644	256
0	640	320	0	645	321
0	640	384	1	645	385
0	640	448	18	645	451
0	640	512	25	645	513
0	640	576	31	645	579
0	640	640	37	644	643
0	640	704	42	644	706
0	640	768	47	644	770
0	640	832	52	644	831
0	640	896	57	643	894
0	640	960	61	643	957
0	640	1023	66	643	1019
0	704	0	0	703	0
0	704	64	0	704	66
0	704	128	0	704	130
0	704	192	0	705	193
0	704	256	0	706	257
0	704	320	0	706	321
0	704	384	0	706	386
0	704	448	13	707	452
0	704	512	22	706	513
0	704	576	29	707	580
0	704	640	35	706	644
0	704	704	41	706	707
0	704	768	46	706	771
0	704	832	51	705	831
0	704	896	56	704	895
0	704	960	60	705	958
0	704	1023	65	704	1019
0	768	0	0	767	0
0	768	64	0	768	65
0	768	128	0	769	129
0	768	192	0	769	193
0	768	256	0	770	256
0	768	320	0	771	322
0	768	384	0	771	386
0	768	448	0	771	452
0	768	512	17	771	514
0	768	576	26	772	581
0	768	640	33	770	644
0	768	704	39	771	708
0	768	768	44	771	771
0	768	832	49	770	832
0	768	896	54	769	896
0	768	960	61	769	958
0	768	1023	64	770	1020
0	832	0	0	829	0
0	832	64	0	830	64
0	832	128	0	830	129
0	832	192	0	831	193
0	832	256	0	832	256
0	832	320	0	832	321
0	832	384	0	833	385
0	832	448	0	833	452
0	832	512	10	833	513
0	832	576	22	833	580
0	832	640	30	832	644
0	832	704	37	832	707
0	832	768	42	833	771
0	832	832	50	832	831
0	832	896	53	831	895
0	832	960	58	831	958
0	832	1023	63	831	1019
0	896	0	0	892	0
0	896	64	0	894	63
0	896	128	0	894	128
0	896	192	0	895	193
0	896	256	0	896	256
0	896	320	0	896	320
0	896	384	0	897	385
0	896	448	0	897	451
0	896	512	0	897	513
0	896	576	17	898	580
0	896	640	30	897	644
0	896	704	36	897	707
0	896	768	41	897	771
0	896	832	50	896	831
0	896	896	51	895	895
0	896	960	57	896	958
0	896	1023	63	895	1019
0	960	0	0	954	0
0	960	64	0	955	64
0	960	128	0	955	128
0	960	192	0	956	193
0	960	256	0	958	256
0	960	320	0	958	321
0	960	384	0	958	385
0	960	448	0	959	452
0	960	512	0	959	513
0	960	576	8	959	580
0	960	640	23	958	644
0	960	704	31	958	707
0	960	768	38	958	771
0	960	832	47	957	831
0	960	896	56	956	896
0	960	960	55	957	958
0	960	1023	61	957	1020
0	1023	0	0	1017	0
0	1023	64	0	1018	63
0	1023	128	0	1019	128
0	1023	192	0	1020	193
0	1023	256	0	1021	256
0	1023	320	0	1021	321
0	1023	384	0	1021	385
0	1023	448	0	1022	452
0	1023	512	0	1022	514
0	1023	576	0	1023	581
0	1023	640	16	1021	644
0	1023	704	27	1021	708
0	1023	768	36	1022	772
0	1023	832	46	1020	832
0	1023	896	49	1020	897
0	1023	960	53	1020	959
0	1023	1023	59	1019	1021
64	0	0	70	4	0
64	0	64	70	5	67
64	0	128	70	5	129
64	0	192	71	7	192
64	0	256	71	8	255
64	0	320	73	9	319
64	0	384	74	11	383
64	0	448	76	13	449
64	0	512	77	14	510
64	0	576	79	16	577
64	0	640	81	18	640
64	0	704	83	19	703
64	0	768	84	21	767
64	0	832	89	23	827
64	0	896	91	25	891
64	0	960	94	26	953
64	0	1023	97	30	1014
64	64	0	69	70	0
64	64	64	69	69	67
64	64	128	69	69	129
64	64	192	70	69	192
64	64	256	71	69	255
64	64	320	72	70	320
64	64	384	73	70	384
64	64	448	75	70	449
64	64	512	76	70	511
64	64	576	78	71	578
64	64	640	80	72	641
64	64	704	82	71	704
64	64	768	84	72	767
64	64	832	88	71	828
64	64	896	91	72	892
64	64	960	93	75	953
64	64	1023	95	77	1015
64	128	0	69	133	0
64	128	64	68	132	67
64	128	128	69	132	129
64	128	192	69	132	193
64	128	256	70	133	256
64	128	320	71	133	320
64	128	384	73	133	384
64	128	448	74	133	449
64	128	512	75	133	511
64	128	576	78	133	577
64	128	640	79	134	641
64	128	704	82	133	704
64	128	768	84	133	767
64	128	832	88	133	827
64	128	896	91	134	892
64	128	960	92	135	954
64	128	1023	94	136	1015
64	192	0	68	195	0
64	192	64	67	195	67
64	192	128	68	195	129
64	192	192	68	195	192
64	192	256	69	196	255
64	192	320	70	196	320
64	192	384	72	196	384
64	192	448	73	196	450
64	192	512	75	196	511
64	192	576	77	196	578
64	192	640	79	196	641
64	192	704	81	196	704
64	192	768	83	196	767
64	192	832	87	196	828
64	192	896	90	196	891
64	192	960	92	196	954
64	192	1023	96	196	1015
64	256	0	67	258	0
64	256	64	66	257	67
64	256	128	67	258	129
64	256	192	67	258	193
64	256	256	69	259	255
64	256	320	69	258	320
64	256	384	71	259	384
64	256	448	73	258	449
64	256	512	74	259	511
64	256	576	76	259	577
64	256	640	78	259	642
64	256	704	80	259	705
64	256	768	82	259	768
64	256	832	87	258	828
64	256	896	88	258	892
64	256	960	92	258	954
64	256	1023	95	258	1015
64	320	0	66	322	0
64	320	64	66	322	67
64	320	128	66	322	129
64	320	192	67	322	193
64	320	256	67	323	255
64	320	320	69	323	320
64	320	384	70	323	384
64	320	448	72	323	450
64	320	512	73	323	511
64	320	576	75	324	578
64	320	640	77	323	641
64	320	704	79	323	705
64	320	768	82	323	768
64	320	832	85	323	828
64	320	896	88	322	891
64	320	960	92	322	954
64	320	1023	92	323	1015
64	384	0	65	385	0
64	384	64	64	384	67
64	384	128	65	385	129
64	384	192	66	386	193
64	384	256	67	386	255
64	384	320	68	386	320
64	384	384	69	387	384
64	384	448	71	387	450
64	384	512	72	386	511
64	384	576	73	387	577
64	384	640	76	386	641
64	384	704	79	386	704
64	384	768	81	386	767
64	384	832	86	386	828
64	384	896	87	386	892
64	384	960	91	385	954
64	384	1023	95	386	1016
64	448	0	64	451	0
64	448	64	64	449	67
64	448	128	64	450	129
64	448	192	65	450	193
64	448	256	66	451	255
64	448	320	67	451	320
64	448	384	68	452	384
64	448	448	70	451	450
64	448	512	72	452	512
64	448	576	74	452	578
64	448	640	76	451	642
64	448	704	77	451	705
64	448	768	80	451	768
64	448	832	85	450	829
64	448	896	86	450	893
64	448	960	88	450	955
64	448	1023	92	450	1016
64	512	0	64	512	0
64	512	64	63	510	66
64	512	128	64	511	129
64	512	192	65	512	193
64	512	256	65	512	255
64	512	320	66	512	320
64	512	384	68	513	384
64	512	448	70	512	450
64	512	512	71	513	512
64	512	576	72	513	578
64	512	640	75	513	642
64	512	704	77	512	705
64	512	768	79	512	768
64	512	832	83	512	829
64	512	896	88	511	893
64	512	960	88	512	955
64	512	1023	93	512	1016
64	576	0	63	578	0
64	576	64	63	577	66
64	576	128	63	578	129
64	576	192	64	578	192
64	576	256	64	579	255
64	576	320	66	579	320
64	576	384	68	580	384
64	576	448	69	580	450
64	576	512	70	580	512
64	576	576	73	580	578
64	576	640	73	579	642
64	576	704	77	579	705
64	576	768	79	580	769
64	576	832	84	579	829
64	576	896	84	578	893
64	576	960	90	578	955
64	576	1023	92	579	1017
64	640	0	63	643	0
64	640	64	62	642	66
64	640	128	63	641	129
64	640	192	63	642	193
64	640	256	64	644	256
64	640	320	66	644	321
64	640	384	66	644	384
64	640	448	69	644	451
64	640	512	70	644	512
64	640	576	71	645	579
64	640	640	73	644	643
64	640	704	77	644	706
64	640	768	80	644	769
64	640	832	84	643	830
64	640	896	87	643	894
64	640	960	89	643	956
64	640	1023	89	643	1017
64	704	0	63	704	0
64	704	64	62	702	66
64	704	128	62	703	129
64	704	192	63	704	193
64	704	256	64	705	256
64	704	320	65	705	321
64	704	384	66	706	385
64	704	448	68	706	451
64	704	512	70	706	513
64	704	576	72	706	579
64	704	640	76	705	643
64	704	704	78	706	707
64	704	768	80	706	770
64	704	832	82	704	830
64	704	896	87	704	894
64	704	960	89	704	957
64	704	1023	92	704	1018
64	768	0	61	768	0
64	768	64	60	767	65
64	768	128	62	767	129
64	768	192	63	768	193
64	768	256	64	769	256
64	768	320	64	770	321
64	768	384	65	771	385
64	768	448	67	770	451
64	768	512	69	770	513
64	768	576	71	771	580
64	768	640	73	770	643
64	768	704	77	770	707
64	768	768	79	770	770
64	768	832	82	770	831
64	768	896	87	769	895
64	768	960	89	769	957
64	768	1023	89	769	1019
64	832	0	60	830	0
64	832	64	60	828	65
64	832	128	61	829	128
64	832	192	61	830	193
64	832	256	62	832	256
64	832	320	64	831	320
64	832	384	64	832	385
64	832	448	66	833	451
64	832	512	69	832	513
64	832	576	70	832	579
64	832	640	72	832	643
64	832	704	76	832	707
64	832	768	78	833	770
64	832	832	82	831	830
64	832	896	86	831	895
64	832	960	87	831	957
64	832	1023	92	830	1018
64	896	0	63	894	0
64	896	64	60	892	64
64	896	128	62	893	128
64	896	192	62	894	192
64	896	256	64	896	256
64	896	320	65	895	320
64	896	384	65	896	385
64	896	448	69	897	451
64	896	512	70	897	513
64	896	576	71	897	579
64	896	640	73	897	643
64	896	704	76	897	707
64	896	768	77	897	770
64	896	832	81	896	830
64	896	896	87	895	895
64	896	960	87	896	957
64	896	1023	92	896	1019
64	960	0	59	956	0
64	960	64	61	955	64
64	960	128	59	954	128
64	960	192	61	955	192
64	960	256	63	957	256
64	960	320	62	957	320
64	960	384	63	958	385
64	960	448	65	958	451
64	960	512	67	958	513
64	960	576	71	959	579
64	960	640	72	958	643
64	960	704	73	958	707
64	960	768	76	958	771
64	960	832	82	957	830
64	960	896	84	956	895
64	960	960	87	957	958
64	960	1023	89	957	1019
64	1023	0	58	1019	0
64	1023	64	58	1017	62
64	1023	128	57	1017	128
64	1023	192	57	1019	192
64	1023	256	59	1020	255
64	1023	320	61	1020	320
64	1023	384	61	1021	385
64	1023	448	65	1021	451
64	1023	512	68	1022	513
64	1023	576	67	1023	580
64	1023	640	71	1021	644
64	1023	704	74	1021	707
64	1023	768	77	1021	771
64	1023	832	79	1020	831
64	1023	896	85	1019	895
64	1023	960	86	1019	958
64	1023	1023	89	1018	1019
128	0	0	133	10	0
128	0	64	132	9	67
128	0	128	132	9	129
128	0	192	133	9	192
128	0	256	134	10	255
128	0	320	134	11	319
128	0	384	135	13	383
128	0	448	136	14	449
128	0	512	136	16	510
128	0	576	137	17	577
128	0	640	138	19	640
128	0	704	139	20	703
128	0	768	140	22	766
128	0	832	142	23	827
128	0	896	143	25	890
128	0	960	144	31	952
128	0	1023	147	31	1013
128	64	0	133	70	0
128	64	64	132	69	67
128	64	128	132	69	129
128	64	192	133	70	192
128	64	256	134	70	255
128	64	320	134	70	319
128	64	384	135	70	383
128	64	448	135	70	449
128	64	512	136	71	511
128	64	576	137	71	577
128	64	640	137	72	641
128	64	704	139	71	704
128	64	768	140	72	768
128	64	832	142	73	826
128	64	896	143	74	891
128	64	960	145	74	953
128	64	1023	146	75	1015
128	128	0	133	133	0
128	128	64	132	132	67
128	128	128	132	132	129
128	128	192	133	132	193
128	128	256	133	132	255
128	128	320	134	133	319
128	128	384	134	133	383
128	128	448	135	133	449
128	128	512	136	133	510
128	128	576	136	133	577
128	128	640	138	134	641
128	128	704	139	133	704
128	128	768	140	134	767
128	128	832	142	134	827
128	128	896	144	134	892
128	128	960	144	135	953
128	128	1023	145	135	1015
128	192	0	132	196	0
128	192	64	132	195	67
128	192	128	132	195	129
128	192	192	132	195	193
128	192	256	133	196	255
128	192	320	133	196	319
128	192	384	134	196	383
128	192	448	135	196	450
128	192	512	135	196	511
128	192	576	137	197	578
128	192	640	137	196	641
128	192	704	138	196	704
128	192	768	139	197	767
128	192	832	142	196	828
128	192	896	143	196	891
128	192	960	144	196	953
128	192	1023	146	197	1014
128	256	0	132	258	0
128	256	64	131	257	67
128	256	128	131	257	129
128	256	192	132	258	193
128	256	256	132	258	255
128	256	320	133	258	319
128	256	384	134	259	384
128	256	448	134	259	449
128	256	512	135	259	511
128	256	576	136	259	577
128	256	640	137	259	641
128	256	704	137	258	704
128	256	768	139	259	767
128	256	832	141	258	827
128	256	896	142	258	892
128	256	960	143	259	955
128	256	1023	145	259	1015
128	320	0	132	323	0
128	320	64	131	322	67
128	320	128	131	322	129
128	320	192	131	322	192
128	320	256	132	323	255
128	320	320	132	323	319
128	320	384	133	323	384
128	320	448	134	324	450
128	320	512	135	323	511
128	320	576	136	324	578
128	320	640	137	323	641
128	320	704	138	323	704
128	320	768	139	323	767
128	320	832	141	323	828
128	320	896	143	322	891
128	320	960	143	323	953
128	320	1023	144	323	1015
128	384	0	131	386	0
128	384	64	130	385	67
128	384	128	131	385	129
128	384	192	131	385	192
128	384	256	132	386	255
128	384	320	132	387	320
128	384	384	132	386	383
128	384	448	133	386	450
128	384	512	134	386	511
128	384	576	135	387	577
128	384	640	136	386	641
128	384	704	137	386	704
128	384	768	139	386	768
128	384	832	140	386	828
128	384	896	142	385	892
128	384	960	142	386	954
128	384	1023	144	386	1015
128	448	0	131	450	0
128	448	64	130	449	66
128	448	128	130	450	129
128	448	192	131	449	192
128	448	256	131	451	255
128	448	320	132	451	320
128	448	384	133	452	384
128	448	448	133	451	450
128	448	512	134	451	511
128	448	576	135	452	578
128	448	640	135	451	641
128	448	704	137	450	704
128	448	768	138	451	768
128	448	832	140	450	828
128	448	896	141	450	893
128	448	960	143	450	954
128	448	1023	144	450	1016
128	512	0	130	511	0
128	512	64	130	510	66
128	512	128	130	511	129
128	512	192	130	511	192
128	512	256	131	512	255
128	512	320	132	512	320
128	512	384	133	513	384
128	512	448	133	512	450
128	512	512	134	512	511
128	512	576	135	513	578
128	512	640	136	512	641
128	512	704	137	512	705
128	512	768	138	512	768
128	512	832	140	512	828
128	512	896	142	511	893
128	512	960	143	511	955
128	512	1023	145	511	1016
128	576	0	130	578	0
128	576	64	129	577	66
128	576	128	130	577	129
128	576	192	130	578	192
128	576	256	131	579	255
128	576	320	132	580	320
128	576	384	132	579	384
128	576	448	133	580	450
128	576	512	133	579	511
128	576	576	134	580	578
128	576	640	135	579	642
128	576	704	136	579	705
128	576	768	138	579	769
128	576	832	140	579	829
128	576	896	140	578	893
128	576	960	142	578	955
128	576	1023	143	578	1016
128	640	0	130	643	0
128	640	64	129	641	66
128	640	128	130	642	129
128	640	192	130	643	193
128	640	256	131	644	256
128	640	320	131	643	320
128	640	384	132	644	384
128	640	448	133	643	450
128	640	512	133	644	512
128	640	576	134	644	578
128	640	640	135	644	643
128	640	704	136	644	706
128	640	768	137	643	768
128	640	832	139	642	829
128	640	896	141	642	893
128	640	960	141	643	955
128	640	1023	144	643	1017
128	704	0	131	705	0
128	704	64	130	702	66
128	704	128	130	703	129
128	704	192	131	704	193
128	704	256	131	704	256
128	704	320	132	704	320
128	704	384	132	706	385
128	704	448	132	705	451
128	704	512	133	706	513
128	704	576	135	706	579
128	704	640	136	705	643
128	704	704	137	705	706
128	704	768	137	705	770
128	704	832	140	704	830
128	704	896	142	704	894
128	704	960	143	704	957
128	704	1023	144	704	1018
128	768	0	131	769	0
128	768	64	130	766	65
128	768	128	130	767	129
128	768	192	130	768	193
128	768	256	131	770	256
128	768	320	131	769	320
128	768	384	132	770	385
128	768	448	133	769	451
128	768	512	133	770	513
128	768	576	134	770	579
128	768	640	135	770	643
128	768	704	136	770	707
128	768	768	138	770	770
128	768	832	139	769	830
128	768	896	142	769	895
128	768	960	142	769	957
128	768	1023	142	769	1018
128	832	0	129	831	0
128	832	64	129	828	64
128	832	128	129	829	128
128	832	192	130	830	193
128	832	256	130	830	255
128	832	320	131	831	320
128	832	384	131	832	385
128	832	448	132	831	450
128	832	512	133	832	512
128	832	576	134	833	579
128	832	640	135	832	643
128	832	704	135	831	706
128	832	768	137	832	770
128	832	832	138	831	830
128	832	896	141	830	894
128	832	960	143	831	957
128	832	1023	142	831	1018
128	896	0	130	895	0
128	896	64	129	892	64
128	896	128	129	893	128
128	896	192	130	894	192
128	896	256	130	894	255
128	896	320	131	895	320
128	896	384	131	896	384
128	896	448	132	895	450
128	896	512	133	896	512
128	896	576	133	897	579
128	896	640	135	896	643
128	896	704	135	895	706
128	896	768	137	896	769
128	896	832	139	895	830
128	896	896	141	895	895
128	896	960	143	896	957
128	896	1023	143	895	1018
128	960	0	129	956	0
128	960	64	128	953	64
128	960	128	130	954	128
128	960	192	130	955	192
128	960	256	130	957	256
128	960	320	131	956	320
128	960	384	131	957	384
128	960	448	131	957	450
128	960	512	133	958	512
128	960	576	133	958	579
128	960	640	134	957	643
128	960	704	136	957	706
128	960	768	136	957	770
128	960	832	139	956	830
128	960	896	139	956	895
128	960	960	141	956	957
128	960	1023	142	956	1019
128	1023	0	128	1019	0
128	1023	64	127	1016	63
128	1023	128	128	1017	127
128	1023	192	128	1018	192
128	1023	256	129	1020	255
128	1023	320	130	1020	320
128	1023	384	130	1021	385
128	1023	448	132	1021	451
128	1023	512	131	1021	513
128	1023	576	132	1021	579
128	1023	640	134	1021	644
128	1023	704	135	1021	707
128	1023	768	136	1021	771
128	1023	832	139	1019	831
128	1023	896	139	1019	896
128	1023	960	143	1019	958
128	1023	1023	145	1019	1020
192	0	0	196	15	0
192	0	64	195	15	67
192	0	128	195	14	129
192	0	192	196	14	192
192	0	256	196	13	254
192	0	320	197	14	319
192	0	384	197	15	383
192	0	448	197	17	448
192	0	512	198	18	510
192	0	576	198	19	576
192	0	640	199	21	640
192	0	704	200	22	703
192	0	768	200	23	766
192	0	832	202	25	826
192	0	896	202	26	890
192	0	960	203	29	953
192	0	1023	204	33	1014
192	64	0	196	71	0
192	64	64	195	70	67
192	64	128	195	70	129
192	64	192	196	70	192
192	64	256	196	70	255
192	64	320	197	70	319
192	64	384	197	71	383
192	64	448	197	71	449
192	64	512	199	71	511
192	64	576	199	72	577
192	64	640	199	72	641
192	64	704	200	72	703
192	64	768	200	74	766
192	64	832	202	73	827
192	64	896	202	74	891
192	64	960	203	75	953
192	64	1023	204	76	1014
192	128	0	196	133	0
192	128	64	195	132	67
192	128	128	195	132	129
192	128	192	196	133	192
192	128	256	196	133	255
192	128	320	197	133	319
192	128	384	197	133	383
192	128	448	198	133	449
192	128	512	198	133	510
192	128	576	199	134	577
192	128	640	199	134	641
192	128	704	200	134	704
192	128	768	201	134	767
192	128	832	201	134	828
192	128	896	202	134	890
192	128	960	202	135	952
192	128	1023	203	136	1014
192	192	0	196	196	0
192	192	64	195	195	67
192	192	128	195	195	129
192	192	192	196	195	193
192	192	256	196	195	255
192	192	320	196	196	319
192	192	384	197	196	383
192	192	448	197	196	449
192	192	512	198	196	511
192	192	576	198	196	577
192	192	640	199	196	641
192	192	704	199	196	703
192	192	768	200	196	766
192	192	832	201	196	827
192	192	896	202	196	891
192	192	960	203	196	954
192	192	1023	203	197	1015
192	256	0	196	258	0
192	256	64	195	258	67
192	256	128	195	257	129
192	256	192	195	258	192
192	256	256	196	258	255
192	256	320	196	259	320
192	256	384	196	258	383
192	256	448	197	259	449
192	256	512	198	259	510
192	256	576	198	259	577
192	256	640	198	258	641
192	256	704	199	258	704
192	256	768	200	259	767
192	256	832	201	258	827
192	256	896	201	258	891
192	256	960	202	258	953
192	256	1023	203	259	1015
192	320	0	195	323	0
192	320	64	194	321	67
192	320	128	195	322	129
192	320	192	195	322	192
192	320	256	195	322	255
192	320	320	196	323	319
192	320	384	197	323	384
192	320	448	196	323	449
192	320	512	197	323	511
192	320	576	198	323	577
192	320	640	198	323	641
192	320	704	199	323	704
192	320	768	200	323	767
192	320	832	200	322	827
192	320	896	202	322	892
192	320	960	203	323	954
192	320	1023	203	323	1015
192	384	0	195	386	0
192	384	64	194	384	66
192	384	128	194	385	129
192	384	192	195	385	192
192	384	256	196	386	255
192	384	320	196	386	319
192	384	384	196	387	384
192	384	448	196	386	449
192	384	512	197	386	511
192	384	576	198	387	577
192	384	640	198	386	641
192	384	704	198	386	704
192	384	768	199	386	767
192	384	832	200	385	827
192	384	896	202	385	892
192	384	960	202	385	953
192	384	1023	204	385	1015
192	448	0	195	451	0
192	448	64	194	449	67
192	448	128	194	449	129
192	448	192	195	450	193
192	448	256	195	451	255
192	448	320	195	450	319
192	448	384	196	451	384
192	448	448	197	451	450
192	448	512	197	452	511
192	448	576	198	452	578
192	448	640	199	451	642
192	448	704	199	451	705
192	448	768	200	451	768
192	448	832	201	450	828
192	448	896	201	450	892
192	448	960	203	450	954
192	448	1023	203	450	1015
192	512	0	195	512	0
192	512	64	194	510	66
192	512	128	194	511	129
192	512	192	195	511	193
192	512	256	196	512	255
192	512	320	196	512	319
192	512	384	196	512	384
192	512	448	197	513	450
192	512	512	197	513	512
192	512	576	197	512	577
192	512	640	198	512	641
192	512	704	199	512	705
192	512	768	200	513	768
192	512	832	200	511	828
192	512	896	201	511	892
192	512	960	202	511	954
192	512	1023	203	511	1016
192	576	0	195	578	0
192	576	64	194	577	66
192	576	128	194	577	129
192	576	192	195	578	193
192	576	256	195	579	255
192	576	320	195	579	320
192	576	384	196	579	384
192	576	448	196	579	450
192	576	512	197	580	512
192	576	576	198	580	578
192	576	640	198	580	642
192	576	704	198	579	705
192	576	768	199	579	768
192	576	832	200	578	828
192	576	896	201	578	893
192	576	960	202	578	955
192	576	1023	203	578	1016
192	640	0	195	643	0
192	640	64	194	641	66
192	640	128	195	642	129
192	640	192	195	643	193
192	640	256	195	643	255
192	640	320	196	644	320
192	640	384	196	645	385
192	640	448	196	644	450
192	640	512	197	644	512
192	640	576	197	644	578
192	640	640	198	644	643
192	640	704	198	643	705
192	640	768	199	644	769
192	640	832	201	643	829
192	640	896	202	643	894
192	640	960	202	642	955
192	640	1023	202	643	1017
192	704	0	195	704	0
192	704	64	194	703	66
192	704	128	194	702	129
192	704	192	195	703	193
192	704	256	195	704	256
192	704	320	196	705	320
192	704	384	196	705	385
192	704	448	197	705	451
192	704	512	197	705	512
192	704	576	198	706	579
192	704	640	198	705	643
192	704	704	199	705	706
192	704	768	200	705	770
192	704	832	201	704	830
192	704	896	201	703	894
192	704	960	202	704	956
192	704	1023	203	705	1018
192	768	0	196	770	0
192	768	64	195	767	65
192	768	128	194	768	129
192	768	192	195	769	193
192	768	256	195	769	256
192	768	320	196	769	320
192	768	384	196	770	385
192	768	448	196	770	451
192	768	512	197	770	512
192	768	576	198	771	579
192	768	640	199	770	644
192	768	704	199	769	706
192	768	768	200	770	770
192	768	832	201	769	830
192	768	896	202	769	894
192	768	960	202	768	957
192	768	1023	203	769	1018
192	832	0	194	830	0
192	832	64	194	829	65
192	832	128	194	829	128
192	832	192	194	829	192
192	832	256	195	830	255
192	832	320	195	831	320
192	832	384	196	831	384
192	832	448	196	832	450
192	832	512	196	831	512
192	832	576	198	832	579
192	832	640	198	831	642
192	832	704	198	831	706
192	832	768	198	832	770
192	832	832	200	831	830
192	832	896	200	830	894
192	832	960	202	830	957
192	832	1023	202	831	1019
192	896	0	195	894	0
192	896	64	194	893	64
192	896	128	195	893	128
192	896	192	195	893	192
192	896	256	196	895	255
192	896	320	195	896	320
192	896	384	196	896	384
192	896	448	196	896	450
192	896	512	197	896	512
192	896	576	197	897	579
192	896	640	197	895	642
192	896	704	199	895	706
192	896	768	199	896	769
192	896	832	200	895	830
192	896	896	201	894	894
192	896	960	201	895	956
192	896	1023	204	895	1018
192	960	0	195	955	0
192	960	64	194	954	64
192	960	128	194	954	128
192	960	192	194	954	192
192	960	256	195	956	255
192	960	320	195	956	320
192	960	384	196	957	385
192	960	448	196	957	450
192	960	512	197	957	512
192	960	576	197	958	579
192	960	640	197	957	643
192	960	704	197	957	706
192	960	768	199	957	770
192	960	832	201	956	830
192	960	896	201	956	894
192	960	960	202	956	957
192	960	1023	202	957	1019
192	1023	0	195	1020	0
192	1023	64	193	1017	62
192	1023	128	193	1018	128
192	1023	192	194	1019	192
192	1023	256	194	1019	255
192	1023	320	195	1019	320
192	1023	384	196	1021	384
192	1023	448	196	1020	451
192	1023	512	196	1020	512
192	1023	576	197	1021	579
192	1023	640	197	1021	644
192	1023	704	198	1020	707
192	1023	768	199	1021	770
192	1023	832	199	1019	831
192	1023	896	201	1019	896
192	1023	960	202	1018	958
192	1023	1023	203	1018	1019
256	0	0	258	20	0
256	0	64	257	19	67
256	0	128	257	19	128
256	0	192	257	19	192
256	0	256	258	18	254
256	0	320	258	18	319
256	0	384	258	19	382
256	0	448	259	20	448
256	0	512	259	20	510
256	0	576	260	21	576
256	0	640	259	23	640
256	0	704	260	24	703
256	0	768	260	25	766
256	0	832	261	27	826
256	0	896	261	28	890
256	0	960	262	33	952
256	0	1023	263	35	1013
256	64	0	258	72	0
256	64	64	257	71	67
256	64	128	257	71	129
256	64	192	257	71	192
256	64	256	258	71	255
256	64	320	258	71	319
256	64	384	259	72	383
256	64	448	259	72	449
256	64	512	259	72	510
256	64	576	260	72	577
256	64	640	260	73	640
256	64	704	260	73	704
256	64	768	261	74	767
256	64	832	262	73	827
256	64	896	262	75	890
256	64	960	262	75	953
256	64	1023	263	78	1014
256	128	0	258	133	0
256	128	64	257	133	67
256	128	128	257	133	129
256	128	192	257	133	192
256	128	256	258	133	254
256	128	320	258	133	319
256	128	384	259	134	383
256	128	448	259	133	449
256	128	512	259	134	510
256	128	576	260	134	576
256	128	640	260	134	641
256	128	704	260	134	703
256	128	768	261	134	766
256	128	832	261	134	826
256	128	896	261	134	891
256	128	960	263	135	953
256	128	1023	263	136	1014
256	192	0	258	196	0
256	192	64	257	195	67
256	192	128	256	195	129
256	192	192	257	195	192
256	192	256	258	196	255
256	192	320	258	196	319
256	192	384	258	196	383
256	192	448	259	196	449
256	192	512	259	196	510
256	192	576	260	196	577
256	192	640	259	196	640
256	192	704	260	196	703
256	192	768	260	197	767
256	192	832	261	196	827
256	192	896	261	196	890
256	192	960	262	197	952
256	192	1023	263	197	1014
256	256	0	258	259	0
256	256	64	256	257	67
256	256	128	257	258	129
256	256	192	257	258	192
256	256	256	258	259	255
256	256	320	258	258	319
256	256	384	258	259	383
256	256	448	258	258	449
256	256	512	259	259	511
256	256	576	260	259	577
256	256	640	260	259	641
256	256	704	260	258	704
256	256	768	261	259	767
256	256	832	261	258	827
256	256	896	262	258	891
256	256	960	262	259	954
256	256	1023	263	259	1015
256	320	0	258	323	0
256	320	64	257	322	67
256	320	128	256	322	129
256	320	192	257	322	192
256	320	256	258	323	255
256	320	320	258	324	320
256	320	384	258	323	383
256	320	448	259	323	449
256	320	512	259	323	510
256	320	576	260	324	577
256	320	640	259	323	641
256	320	704	260	323	704
256	320	768	261	324	767
256	320	832	261	323	827
256	320	896	261	322	891
256	320	960	262	323	953
256	320	1023	263	323	1014
256	384	0	257	386	0
256	384	64	256	385	67
256	384	128	257	385	129
256	384	192	256	385	192
256	384	256	257	386	255
256	384	320	258	386	319
256	384	384	258	386	383
256	384	448	258	386	449
256	384	512	259	386	510
256	384	576	259	387	577
256	384	640	259	386	640
256	384	704	260	386	704
256	384	768	260	386	767
256	384	832	261	386	827
256	384	896	262	385	892
256	384	960	261	386	953
256	384	1023	263	386	1015
256	448	0	258	451	0
256	448	64	256	449	67
256	448	128	256	449	129
256	448	192	257	450	193
256	448	256	257	450	255
256	448	320	258	451	319
256	448	384	258	452	384
256	448	448	258	451	449
256	448	512	258	451	511
256	448	576	259	452	577
256	448	640	259	451	641
256	448	704	259	450	704
256	448	768	260	451	767
256	448	832	261	450	828
256	448	896	261	450	892
256	448	960	261	450	954
256	448	1023	262	451	1016
256	512	0	258	513	0
256	512	64	257	511	66
256	512	128	257	511	129
256	512	192	257	512	193
256	512	256	257	512	255
256	512	320	258	512	320
256	512	384	259	513	384
256	512	448	258	512	449
256	512	512	259	512	511
256	512	576	259	513	578
256	512	640	260	512	642
256	512	704	260	512	705
256	512	768	260	512	768
256	512	832	261	512	828
256	512	896	261	511	893
256	512	960	262	511	954
256	512	1023	263	512	1016
256	576	0	257	579	0
256	576	64	256	577	66
256	576	128	256	577	129
256	576	192	257	578	192
256	576	256	257	579	255
256	576	320	258	579	320
256	576	384	258	579	384
256	576	448	258	580	450
256	576	512	259	579	511
256	576	576	259	580	578
256	576	640	259	579	641
256	576	704	259	579	705
256	576	768	260	579	768
256	576	832	261	578	828
256	576	896	261	578	892
256	576	960	261	578	955
256	576	1023	262	579	1016
256	640	0	258	643	0
256	640	64	256	641	66
256	640	128	256	641	129
256	640	192	257	642	193
256	640	256	258	643	255
256	640	320	258	643	320
256	640	384	258	644	384
256	640	448	259	644	450
256	640	512	259	644	512
256	640	576	260	645	579
256	640	640	259	644	642
256	640	704	260	644	705
256	640	768	261	644	769
256	640	832	261	643	828
256	640	896	261	642	893
256	640	960	262	643	956
256	640	1023	262	642	1016
256	704	0	258	705	0
256	704	64	257	702	66
256	704	128	257	703	129
256	704	192	258	704	193
256	704	256	258	705	256
256	704	320	258	704	320
256	704	384	258	705	384
256	704	448	259	704	450
256	704	512	259	705	512
256	704	576	259	705	578
256	704	640	260	705	643
256	704	704	260	704	706
256	704	768	260	705	769
256	704	832	261	704	829
256	704	896	262	703	894
256	704	960	263	704	956
256	704	1023	263	704	1017
256	768	0	258	769	0
256	768	64	257	768	65
256	768	128	257	767	129
256	768	192	257	768	193
256	768	256	258	769	256
256	768	320	258	769	320
256	768	384	258	770	385
256	768	448	259	770	451
256	768	512	259	770	512
256	768	576	260	771	579
256	768	640	260	769	643
256	768	704	260	770	707
256	768	768	261	770	770
256	768	832	262	769	830
256	768	896	261	768	894
256	768	960	262	769	957
256	768	1023	263	768	1018
256	832	0	258	831	0
256	832	64	256	828	64
256	832	128	257	829	128
256	832	192	257	830	192
256	832	256	258	831	255
256	832	320	258	831	320
256	832	384	258	832	384
256	832	448	258	831	450
256	832	512	259	832	512
256	832	576	259	832	578
256	832	640	259	831	643
256	832	704	260	832	706
256	832	768	260	831	769
256	832	832	261	831	830
256	832	896	261	831	894
256	832	960	262	831	957
256	832	1023	262	830	1018
256	896	0	258	895	0
256	896	64	257	893	63
256	896	128	257	893	128
256	896	192	257	894	192
256	896	256	258	895	255
256	896	320	258	895	320
256	896	384	258	896	384
256	896	448	259	895	450
256	896	512	259	896	512
256	896	576	260	896	578
256	896	640	259	896	643
256	896	704	259	895	705
256	896	768	261	896	769
256	896	832	260	895	830
256	896	896	262	895	894
256	896	960	263	895	957
256	896	1023	263	896	1018
256	960	0	257	957	0
256	960	64	256	954	64
256	960	128	256	954	128
256	960	192	257	955	192
256	960	256	257	956	255
256	960	320	258	956	320
256	960	384	258	957	384
256	960	448	258	956	450
256	960	512	259	958	512
256	960	576	259	958	579
256	960	640	259	957	643
256	960	704	260	957	707
256	960	768	261	957	770
256	960	832	261	956	830
256	960	896	261	956	895
256	960	960	261	956	957
256	960	1023	263	956	1018
256	1023	0	257	1020	0
256	1023	64	257	1018	62
256	1023	128	256	1018	128
256	1023	192	257	1018	192
256	1023	256	257	1020	255
256	1023	320	258	1020	320
256	1023	384	258	1021	384
256	1023	448	258	1021	451
256	1023	512	259	1021	513
256	1023	576	260	1022	580
256	1023	640	259	1020	643
256	1023	704	260	1020	707
256	1023	768	260	1021	771
256	1023	832	261	1020	831
256	1023	896	261	1018	895
256	1023	960	262	1018	957
256	1023	1023	262	1018	1019
320	0	0	323	24	0
320	0	64	321	24	67
320	0	128	322	24	129
320	0	192	322	24	192
320	0	256	322	22	254
320	0	320	323	23	319
320	0	384	323	24	383
320	0	448	323	24	448
320	0	512	324	24	510
320	0	576	324	28	576
320	0	640	324	26	640
320	0	704	324	27	703
320	0	768	324	29	766
320	0	832	325	29	826
320	0	896	325	33	890
320	0	960	326	32	953
320	0	1023	327	33	1014
320	64	0	323	73	0
320	64	64	322	72	66
320	64	128	322	72	129
320	64	192	322	72	192
320	64	256	322	72	254
320	64	320	323	73	319
320	64	384	323	73	383
320	64	448	323	72	449
320	64	512	324	73	510
320	64	576	324	74	576
320	64	640	324	74	640
320	64	704	324	74	703
320	64	768	325	74	766
320	64	832	325	75	827
320	64	896	325	75	891
320	64	960	325	77	953
320	64	1023	326	79	1014
320	128	0	323	134	0
320	128	64	321	133	66
320	128	128	321	133	129
320	128	192	322	133	192
320	128	256	323	134	255
320	128	320	323	134	319
320	128	384	323	134	383
320	128	448	324	134	449
320	128	512	324	134	511
320	128	576	324	134	576
320	128	640	324	134	640
320	128	704	325	134	704
320	128	768	325	135	767
320	128	832	325	134	827
320	128	896	325	135	891
320	128	960	325	135	953
320	128	1023	326	137	1014
320	192	0	323	197	0
320	192	64	322	196	67
320	192	128	322	196	129
320	192	192	322	196	192
320	192	256	322	196	254
320	192	320	323	197	319
320	192	384	323	197	383
320	192	448	323	196	449
320	192	512	324	197	511
320	192	576	324	197	576
320	192	640	324	197	641
320	192	704	324	197	703
320	192	768	325	197	767
320	192	832	325	197	827
320	192	896	325	197	891
320	192	960	326	197	954
320	192	1023	326	197	1015
320	256	0	323	259	0
320	256	64	322	258	67
320	256	128	321	258	129
320	256	192	322	258	192
320	256	256	323	259	255
320	256	320	322	258	319
320	256	384	323	259	383
320	256	448	324	259	449
320	256	512	324	259	511
320	256	576	324	259	577
320	256	640	324	259	641
320	256	704	324	259	704
320	256	768	324	259	767
320	256	832	325	259	827
320	256	896	324	258	891
320	256	960	326	258	953
320	256	1023	326	259	1014
320	320	0	323	324	0
320	320	64	322	322	67
320	320	128	322	323	129
320	320	192	322	323	193
320	320	256	322	323	255
320	320	320	323	323	319
320	320	384	323	324	383
320	320	448	323	323	449
320	320	512	323	323	510
320	320	576	324	324	577
320	320	640	324	324	641
320	320	704	324	323	704
320	320	768	324	323	767
320	320	832	325	323	827
320	320	896	325	323	891
320	320	960	326	323	954
320	320	1023	327	323	1015
320	384	0	323	387	0
320	384	64	321	385	66
320	384	128	321	385	129
320	384	192	322	385	192
320	384	256	322	386	255
320	384	320	322	386	319
320	384	384	323	387	384
320	384	448	323	386	449
320	384	512	324	387	511
320	384	576	324	387	577
320	384	640	324	387	641
320	384	704	324	386	704
320	384	768	325	387	767
320	384	832	325	386	827
320	384	896	325	386	892
320	384	960	326	386	954
320	384	1023	326	386	1015
320	448	0	323	451	0
320	448	64	321	450	67
320	448	128	321	450	129
320	448	192	322	450	193
320	448	256	323	451	255
320	448	320	323	451	319
320	448	384	323	452	384
320	448	448	323	451	449
320	448	512	324	452	511
320	448	576	324	451	577
320	448	640	324	451	641
320	448	704	324	451	705
320	448	768	325	451	767
320	448	832	324	450	828
320	448	896	325	450	892
320	448	960	326	450	954
320	448	1023	326	450	1016
320	512	0	323	513	0
320	512	64	321	511	66
320	512	128	322	511	129
320	512	192	322	512	192
320	512	256	323	512	255
320	512	320	322	512	319
320	512	384	323	512	383
320	512	448	323	512	449
320	512	512	324	513	511
320	512	576	324	513	577
320	512	640	324	512	641
320	512	704	324	512	705
320	512	768	324	512	768
320	512	832	325	511	828
320	512	896	325	511	892
320	512	960	326	511	955
320	512	1023	326	511	1016
320	576	0	323	580	0
320	576	64	322	578	66
320	576	128	322	578	129
320	576	192	322	578	193
320	576	256	322	579	255
320	576	320	323	579	319
320	576	384	323	579	384
320	576	448	323	579	449
320	576	512	323	579	511
320	576	576	324	579	577
320	576	640	324	579	642
320	576	704	324	579	705
320	576	768	325	579	768
320	576	832	325	578	828
320	576	896	325	578	892
320	576	960	325	578	955
320	576	1023	326	578	1016
320	640	0	323	643	0
320	640	64	322	642	66
320	640	128	322	642	129
320	640	192	322	642	192
320	640	256	323	643	255
320	640	320	323	643	320
320	640	384	323	644	384
320	640	448	323	643	450
320	640	512	323	643	511
320	640	576	324	644	578
320	640	640	324	643	642
320	640	704	324	643	705
320	640	768	325	644	768
320	640	832	325	643	829
320	640	896	325	643	893
320	640	960	326	643	955
320	640	1023	326	643	1017
320	704	0	323	705	0
320	704	64	322	703	66
320	704	128	322	703	129
320	704	192	323	704	193
320	704	256	323	705	256
320	704	320	324	705	321
320	704	384	324	705	385
320	704	448	324	705	451
320	704	512	324	705	512
320	704	576	325	706	579
320	704	640	325	705	643
320	704	704	325	705	706
320	704	768	326	706	770
320	704	832	326	705	830
320	704	896	326	704	894
320	704	960	327	704	956
320	704	1023	327	703	1017
320	768	0	323	769	0
320	768	64	323	768	65
320	768	128	323	768	129
320	768	192	322	768	193
320	768	256	323	769	256
320	768	320	323	769	320
320	768	384	324	770	385
320	768	448	324	770	451
320	768	512	324	769	512
320	768	576	325	770	579
320	768	640	324	769	642
320	768	704	324	769	706
320	768	768	325	770	770
320	768	832	326	769	830
320	768	896	326	768	894
320	768	960	326	768	956
320	768	1023	327	769	1018
320	832	0	323	831	0
320	832	64	322	829	64
320	832	128	322	828	128
320	832	192	322	829	192
320	832	256	323	830	255
320	832	320	323	831	320
320	832	384	323	831	384
320	832	448	323	832	450
320	832	512	324	831	512
320	832	576	324	832	579
320	832	640	324	831	643
320	832	704	324	832	706
320	832	768	325	832	769
320	832	832	325	831	830
320	832	896	326	830	894
320	832	960	326	830	956
320	832	1023	327	830	1017
320	896	0	323	895	0
320	896	64	322	893	64
320	896	128	322	893	128
320	896	192	322	894	192
320	896	256	323	895	255
320	896	320	323	896	320
320	896	384	323	895	384
320	896	448	324	896	450
320	896	512	323	896	512
320	896	576	325	897	579
320	896	640	324	895	642
320	896	704	325	896	706
320	896	768	325	896	769
320	896	832	325	895	830
320	896	896	326	894	894
320	896	960	325	895	956
320	896	1023	326	895	1017
320	960	0	323	956	0
320	960	64	322	954	63
320	960	128	322	954	128
320	960	192	322	955	192
320	960	256	323	956	255
320	960	320	323	956	320
320	960	384	323	957	384
320	960	448	323	957	450
320	960	512	324	957	512
320	960	576	324	958	579
320	960	640	324	957	643
320	960	704	324	957	706
320	960	768	325	957	770
320	960	832	326	957	830
320	960	896	325	955	894
320	960	960	326	956	956
320	960	1023	327	957	1019
320	1023	0	323	1020	0
320	1023	64	322	1018	62
320	1023	128	322	1018	128
320	1023	192	322	1018	192
320	1023	256	323	1019	255
320	1023	320	323	1020	320
320	1023	384	324	1021	385
320	1023	448	323	1020	450
320	1023	512	324	1020	512
320	1023	576	324	1021	579
320	1023	640	324	1020	643
320	1023	704	324	1020	706
320	1023	768	325	1020	770
320	1023	832	325	1020	831
320	1023	896	326	1019	895
320	1023	960	327	1019	958
320	1023	1023	327	1018	1019
384	0	0	386	28	0
384	0	64	384	28	66
384	0	128	384	28	128
384	0	192	384	28	192
384	0	256	385	28	254
384	0	320	385	28	318
384	0	384	386	28	382
384	0	448	386	29	448
384	0	512	386	28	510
384	0	576	386	29	576
384	0	640	386	32	640
384	0	704	387	29	703
384	0	768	387	31	766
384	0	832	387	31	826
384	0	896	386	34	890
384	0	960	387	35	952
384	0	1023	387	37	1014
384	64	0	386	74	0
384	64	64	384	73	66
384	64	128	384	73	129
384	64	192	385	73	192
384	64	256	386	74	255
384	64	320	385	74	319
384	64	384	386	74	383
384	64	448	386	74	449
384	64	512	386	74	510
384	64	576	387	75	576
384	64	640	387	75	641
384	64	704	387	75	704
384	64	768	387	76	766
384	64	832	387	76	826
384	64	896	387	76	891
384	64	960	387	79	953
384	64	1023	388	80	1014
384	128	0	385	134	0
384	128	64	384	134	66
384	128	128	385	134	129
384	128	192	385	134	192
384	128	256	385	134	254
384	128	320	386	134	319
384	128	384	386	135	383
384	128	448	386	134	448
384	128	512	386	135	510
384	128	576	387	135	577
384	128	640	386	135	640
384	128	704	387	135	703
384	128	768	387	135	767
384	128	832	387	135	827
384	128	896	387	135	891
384	128	960	387	136	952
384	128	1023	388	136	1014
384	192	0	386	197	0
384	192	64	384	196	66
384	192	128	384	196	129
384	192	192	384	196	192
384	192	256	385	197	254
384	192	320	385	196	319
384	192	384	386	197	383
384	192	448	386	197	449
384	192	512	386	197	510
384	192	576	386	197	576
384	192	640	386	197	640
384	192	704	387	197	704
384	192	768	387	197	767
384	192	832	386	196	826
384	192	896	386	196	890
384	192	960	387	196	953
384	192	1023	387	198	1014
384	256	0	386	259	0
384	256	64	384	258	66
384	256	128	384	258	129
384	256	192	385	258	192
384	256	256	385	258	254
384	256	320	385	259	319
384	256	384	386	259	383
384	256	448	386	259	449
384	256	512	386	260	511
384	256	576	387	259	577
384	256	640	387	259	641
384	256	704	386	259	703
384	256	768	387	259	767
384	256	832	387	259	827
384	256	896	387	259	891
384	256	960	387	259	953
384	256	1023	388	260	1014
384	320	0	386	323	0
384	320	64	384	322	66
384	320	128	384	322	129
384	320	192	385	323	192
384	320	256	385	323	255
384	320	320	385	323	319
384	320	384	386	324	383
384	320	448	386	324	449
384	320	512	386	324	510
384	320	576	387	324	577
384	320	640	386	324	640
384	320	704	387	323	704
384	320	768	387	324	767
384	320	832	387	323	827
384	320	896	387	322	891
384	320	960	387	323	953
384	320	1023	388	323	1014
384	384	0	386	386	0
384	384	64	385	386	66
384	384	128	384	385	129
384	384	192	385	386	192
384	384	256	385	386	255
384	384	320	385	386	319
384	384	384	386	386	383
384	384	448	386	387	449
384	384	512	386	386	510
384	384	576	387	387	577
384	384	640	386	386	640
384	384	704	386	386	704
384	384	768	387	386	767
384	384	832	387	386	827
384	384	896	386	385	890
384	384	960	387	385	953
384	384	1023	387	386	1015
384	448	0	386	451	0
384	448	64	385	450	66
384	448	128	385	450	129
384	448	192	384	450	192
384	448	256	385	450	255
384	448	320	386	451	319
384	448	384	385	451	383
384	448	448	386	451	449
384	448	512	386	451	510
384	448	576	387	452	577
384	448	640	386	451	641
384	448	704	386	451	704
384	448	768	387	451	767
384	448	832	387	450	828
384	448	896	387	450	892
384	448	960	388	450	954
384	448	1023	387	450	1015
384	512	0	386	512	0
384	512	64	385	511	66
384	512	128	385	511	129
384	512	192	384	511	192
384	512	256	385	512	255
384	512	320	386	512	319
384	512	384	386	512	383
384	512	448	386	512	449
384	512	512	386	512	511
384	512	576	387	513	578
384	512	640	386	512	641
384	512	704	387	512	704
384	512	768	387	513	768
384	512	832	387	512	828
384	512	896	387	511	892
384	512	960	387	511	954
384	512	1023	388	511	1016
384	576	0	386	579	0
384	576	64	385	578	66
384	576	128	384	577	128
384	576	192	385	578	192
384	576	256	386	579	255
384	576	320	385	578	319
384	576	384	386	579	384
384	576	448	386	580	450
384	576	512	386	579	511
384	576	576	387	580	578
384	576	640	387	579	641
384	576	704	387	579	705
384	576	768	387	579	768
384	576	832	388	579	829
384	576	896	387	578	892
384	576	960	388	578	955
384	576	1023	388	578	1015
384	640	0	386	643	0
384	640	64	384	641	65
384	640	128	385	642	128
384	640	192	385	642	192
384	640	256	386	643	255
384	640	320	385	643	319
384	640	384	386	644	384
384	640	448	386	643	449
384	640	512	387	644	512
384	640	576	387	644	578
384	640	640	387	644	642
384	640	704	387	643	705
384	640	768	387	643	768
384	640	832	387	643	828
384	640	896	387	642	893
384	640	960	388	642	955
384	640	1023	388	643	1016
384	704	0	387	705	0
384	704	64	385	703	65
384	704	128	385	703	129
384	704	192	386	704	193
384	704	256	386	704	255
384	704	320	386	704	320
384	704	384	387	705	384
384	704	448	386	704	450
384	704	512	387	705	512
384	704	576	387	705	578
384	704	640	387	705	642
384	704	704	387	704	706
384	704	768	388	705	769
384	704	832	388	704	829
384	704	896	388	703	894
384	704	960	389	704	956
384	704	1023	389	704	1017
384	768	0	387	769	0
384	768	64	385	767	65
384	768	128	385	767	128
384	768	192	386	768	192
384	768	256	387	769	255
384	768	320	386	769	320
384	768	384	387	770	384
384	768	448	387	769	450
384	768	512	388	770	512
384	768	576	387	769	578
384	768	640	387	769	643
384	768	704	387	768	706
384	768	768	388	769	769
384	768	832	388	768	829
384	768	896	389	768	894
384	768	960	388	769	957
384	768	1023	389	768	1018
384	832	0	387	831	0
384	832	64	385	829	64
384	832	128	385	829	128
384	832	192	385	829	192
384	832	256	386	830	255
384	832	320	386	830	320
384	832	384	386	831	384
384	832	448	386	831	450
384	832	512	387	832	512
384	832	576	387	832	578
384	832	640	387	831	642
384	832	704	386	830	705
384	832	768	388	831	769
384	832	832	388	830	829
384	832	896	388	830	894
384	832	960	388	831	957
384	832	1023	389	830	1017
384	896	0	387	896	0
384	896	64	385	893	63
384	896	128	385	894	128
384	896	192	386	894	192
384	896	256	385	894	255
384	896	320	386	895	320
384	896	384	387	896	384
384	896	448	386	895	450
384	896	512	387	897	512
384	896	576	387	896	578
384	896	640	387	896	642
384	896	704	387	895	706
384	896	768	387	896	769
384	896	832	388	895	830
384	896	896	388	895	894
384	896	960	389	895	957
384	896	1023	388	895	1018
384	960	0	387	957	0
384	960	64	385	954	63
384	960	128	385	954	128
384	960	192	386	955	192
384	960	256	386	955	255
384	960	320	386	956	320
384	960	384	387	957	384
384	960	448	387	956	450
384	960	512	387	957	512
384	960	576	387	958	579
384	960	640	387	957	643
384	960	704	387	957	706
384	960	768	388	957	770
384	960	832	388	956	830
384	960	896	388	956	894
384	960	960	388	956	957
384	960	1023	388	956	1018
384	1023	0	387	1020	0
384	1023	64	385	1018	61
384	1023	128	385	1018	127
384	1023	192	385	1018	192
384	1023	256	386	1020	255
384	1023	320	386	1019	320
384	1023	384	387	1020	384
384	1023	448	386	1020	450
384	1023	512	387	1021	512
384	1023	576	387	1021	579
384	1023	640	387	1020	643
384	1023	704	387	1020	707
384	1023	768	388	1020	770
384	1023	832	388	1019	830
384	1023	896	388	1019	895
384	1023	960	389	1019	958
384	1023	1023	389	1018	1019
448	0	0	451	32	0
448	0	64	449	32	66
448	0	128	449	32	128
448	0	192	449	32	192
448	0	256	450	31	254
448	0	320	449	31	318
448	0	384	450	32	382
448	0	448	450	32	448
448	0	512	450	33	509
448	0	576	450	35	575
448	0	640	450	36	639
448	0	704	451	33	703
448	0	768	451	34	765
448	0	832	450	36	825
448	0	896	450	38	890
448	0	960	451	37	952
448	0	1023	451	44	1013
448	64	0	451	75	0
448	64	64	449	75	66
448	64	128	449	75	128
448	64	192	450	75	192
448	64	256	450	75	254
448	64	320	450	75	318
448	64	384	451	75	383
448	64	448	450	75	448
448	64	512	451	76	510
448	64	576	451	76	576
448	64	640	451	77	640
448	64	704	450	77	703
448	64	768	451	77	766
448	64	832	451	77	826
448	64	896	451	78	891
448	64	960	452	78	953
448	64	1023	452	81	1014
448	128	0	451	135	0
448	128	64	449	135	66
448	128	128	449	135	128
448	128	192	449	134	192
448	128	256	450	135	254
448	128	320	450	135	319
448	128	384	450	135	382
448	128	448	451	135	448
448	128	512	450	135	510
448	128	576	451	136	576
448	128	640	450	135	640
448	128	704	451	135	703
448	128	768	451	136	766
448	128	832	451	136	827
448	128	896	451	136	891
448	128	960	451	137	952
448	128	1023	452	137	1014
448	192	0	451	197	0
448	192	64	449	196	66
448	192	128	449	196	128
448	192	192	449	197	192
448	192	256	450	197	254
448	192	320	450	197	318
448	192	384	451	197	383
448	192	448	450	197	448
448	192	512	451	197	510
448	192	576	451	197	576
448	192	640	451	197	640
448	192	704	451	197	703
448	192	768	451	197	766
448	192	832	451	197	826
448	192	896	451	197	890
448	192	960	451	198	952
448	192	1023	451	198	1014
448	256	0	450	259	0
448	256	64	449	259	66
448	256	128	449	259	129
448	256	192	450	259	192
448	256	256	450	259	254
448	256	320	450	259	319
448	256	384	451	259	383
448	256	448	450	259	448
448	256	512	450	259	510
448	256	576	451	260	576
448	256	640	450	259	640
448	256	704	450	259	703
448	256	768	451	259	766
448	256	832	451	259	826
448	256	896	451	258	891
448	256	960	451	259	953
448	256	1023	452	259	1015
448	320	0	451	323	0
448	320	64	449	322	66
448	320	128	449	322	128
448	320	192	449	323	192
448	320	256	450	323	254
448	320	320	450	323	319
448	320	384	450	324	383
448	320	448	450	323	448
448	320	512	451	324	510
448	320	576	451	324	576
448	320	640	451	323	640
448	320	704	451	323	703
448	320	768	451	323	766
448	320	832	451	322	827
448	320	896	451	322	891
448	320	960	451	323	953
448	320	1023	452	323	1014
448	384	0	450	386	0
448	384	64	448	385	66
448	384	128	449	385	128
448	384	192	449	385	192
448	384	256	450	386	254
448	384	320	449	386	318
448	384	384	450	386	383
448	384	448	450	386	449
448	384	512	451	386	510
448	384	576	451	387	577
448	384	640	451	386	640
448	384	704	451	386	703
448	384	768	451	386	767
448	384	832	450	385	826
448	384	896	451	385	891
448	384	960	451	386	953
448	384	1023	451	386	1015
448	448	0	451	451	0
448	448	64	449	450	66
448	448	128	449	449	128
448	448	192	449	450	192
448	448	256	450	450	254
448	448	320	450	451	319
448	448	384	450	451	383
448	448	448	451	451	449
448	448	512	450	451	510
448	448	576	451	451	577
448	448	640	451	451	640
448	448	704	451	451	704
448	448	768	451	451	767
448	448	832	451	450	827
448	448	896	451	450	891
448	448	960	451	450	953
448	448	1023	452	450	1015
448	512	0	451	512	0
448	512	64	450	511	65
448	512	128	449	510	128
448	512	192	449	511	192
448	512	256	450	512	254
448	512	320	450	512	319
448	512	384	450	512	383
448	512	448	451	512	449
448	512	512	451	512	510
448	512	576	452	513	577
448	512	640	451	512	641
448	512	704	451	512	704
448	512	768	452	512	768
448	512	832	452	512	828
448	512	896	451	511	892
448	512	960	452	511	954
448	512	1023	452	511	1015
448	576	0	451	579	0
448	576	64	449	577	65
448	576	128	449	577	128
448	576	192	450	578	192
448	576	256	450	579	255
448	576	320	450	578	319
448	576	384	450	579	383
448	576	448	451	579	449
448	576	512	451	579	511
448	576	576	451	579	577
448	576	640	451	579	641
448	576	704	451	579	705
448	576	768	452	579	768
448	576	832	451	578	827
448	576	896	451	578	892
448	576	960	452	578	955
448	576	1023	452	578	1015
448	640	0	451	643	0
448	640	64	449	641	65
448	640	128	449	641	128
448	640	192	450	642	192
448	640	256	450	642	254
448	640	320	450	643	319
448	640	384	451	643	383
448	640	448	451	643	449
448	640	512	452	644	511
448	640	576	452	644	577
448	640	640	451	643	642
448	640	704	451	642	704
448	640	768	451	643	768
448	640	832	451	642	828
448	640	896	452	642	893
448	640	960	452	642	955
448	640	1023	452	642	1017
448	704	0	451	704	0
448	704	64	450	703	65
448	704	128	450	703	128
448	704	192	451	704	192
448	704	256	451	703	255
448	704	320	451	704	320
448	704	384	452	705	384
448	704	448	451	704	450
448	704	512	451	704	511
448	704	576	452	705	578
448	704	640	452	704	642
448	704	704	452	704	705
448	704	768	452	704	769
448	704	832	452	704	829
448	704	896	452	703	893
448	704	960	453	703	955
448	704	1023	453	704	1017
448	768	0	452	769	0
448	768	64	450	767	64
448	768	128	450	767	128
448	768	192	451	768	192
448	768	256	451	768	255
448	768	320	451	769	320
448	768	384	452	770	384
448	768	448	452	769	450
448	768	512	452	770	512
448	768	576	452	769	578
448	768	640	452	769	642
448	768	704	452	768	705
448	768	768	453	769	769
448	768	832	452	768	829
448	768	896	453	768	894
448	768	960	453	769	957
448	768	1023	453	768	1017
448	832	0	452	831	0
448	832	64	450	829	63
448	832	128	450	829	128
448	832	192	451	830	192
448	832	256	450	830	255
448	832	320	451	830	319
448	832	384	452	831	384
448	832	448	451	831	450
448	832	512	452	831	511
448	832	576	452	832	578
448	832	640	452	831	642
448	832	704	452	830	705
448	832	768	452	831	768
448	832	832	452	830	829
448	832	896	452	829	893
448	832	960	452	829	955
448	832	1023	453	830	1017
448	896	0	451	894	0
448	896	64	449	893	62
448	896	128	450	893	127
448	896	192	450	894	192
448	896	256	450	894	254
448	896	320	451	894	319
448	896	384	452	896	384
448	896	448	451	895	449
448	896	512	451	895	511
448	896	576	452	896	578
448	896	640	451	895	642
448	896	704	452	895	705
448	896	768	452	896	769
448	896	832	452	895	830
448	896	896	452	895	894
448	896	960	452	894	956
448	896	1023	452	894	1018
448	960	0	452	957	0
448	960	64	450	954	63
448	960	128	450	954	127
448	960	192	450	955	192
448	960	256	450	955	254
448	960	320	451	956	319
448	960	384	451	957	384
448	960	448	451	956	450
448	960	512	452	957	512
448	960	576	452	957	578
448	960	640	452	957	643
448	960	704	451	956	705
448	960	768	452	957	769
448	960	832	452	956	830
448	960	896	453	956	894
448	960	960	453	956	957
448	960	1023	453	956	1018
448	1023	0	452	1020	0
448	1023	64	450	1018	62
448	1023	128	450	1017	127
448	1023	192	451	1018	192
448	1023	256	451	1019	255
448	1023	320	451	1019	319
448	1023	384	452	1020	384
448	1023	448	451	1019	450
448	1023	512	452	1020	512
448	1023	576	452	1020	578
448	1023	640	452	1020	643
448	1023	704	452	1019	706
448	1023	768	452	1019	770
448	1023	832	453	1019	830
448	1023	896	453	1018	895
448	1023	960	453	1018	957
448	1023	1023	453	1017	1019
512	0	0	512	36	0
512	0	64	510	36	66
512	0	128	509	36	128
512	0	192	510	36	191
512	0	256	511	36	254
512	0	320	511	36	318
512	0	384	511	37	382
512	0	448	511	34	447
512	0	512	511	36	509
512	0	576	512	36	575
512	0	640	511	38	639
512	0	704	511	39	702
512	0	768	511	40	765
512	0	832	511	39	825
512	0	896	511	41	889
512	0	960	511	46	952
512	0	1023	512	46	1013
512	64	0	512	77	0
512	64	64	510	76	66
512	64	128	510	76	128
512	64	192	511	76	192
512	64	256	511	76	254
512	64	320	511	76	318
512	64	384	512	77	383
512	64	448	512	76	448
512	64	512	512	77	510
512	64	576	512	78	576
512	64	640	512	78	640
512	64	704	512	78	703
512	64	768	512	79	766
512	64	832	512	79	826
512	64	896	512	80	891
512	64	960	513	80	952
512	64	1023	513	82	1014
512	128	0	512	136	0
512	128	64	510	135	66
512	128	128	510	135	128
512	128	192	511	135	192
512	128	256	511	135	254
512	128	320	512	136	319
512	128	384	512	136	382
512	128	448	512	136	448
512	128	512	512	136	510
512	128	576	513	137	576
512	128	640	512	136	640
512	128	704	512	136	703
512	128	768	513	137	766
512	128	832	512	137	826
512	128	896	512	137	890
512	128	960	512	138	952
512	128	1023	512	138	1014
512	192	0	512	197	0
512	192	64	510	197	66
512	192	128	510	197	128
512	192	192	511	197	192
512	192	256	512	197	254
512	192	320	511	197	318
512	192	384	512	198	383
512	192	448	511	197	448
512	192	512	512	198	510
512	192	576	512	198	576
512	192	640	512	198	640
512	192	704	512	197	703
512	192	768	512	198	765
512	192	832	512	197	826
512	192	896	511	197	890
512	192	960	512	198	952
512	192	1023	512	198	1014
512	256	0	512	259	0
512	256	64	510	258	66
512	256	128	511	259	128
512	256	192	510	258	192
512	256	256	511	259	254
512	256	320	511	259	319
512	256	384	511	259	382
512	256	448	512	259	448
512	256	512	512	259	509
512	256	576	513	260	576
512	256	640	512	259	640
512	256	704	512	259	703
512	256	768	512	260	766
512	256	832	512	259	826
512	256	896	512	259	890
512	256	960	512	260	952
512	256	1023	513	260	1014
512	320	0	512	324	0
512	320	64	510	322	65
512	320	128	510	323	128
512	320	192	511	323	192
512	320	256	511	323	254
512	320	320	511	323	318
512	320	384	512	323	382
512	320	448	511	323	448
512	320	512	512	324	510
512	320	576	512	324	576
512	320	640	512	323	640
512	320	704	512	323	703
512	320	768	512	323	766
512	320	832	512	323	826
512	320	896	512	323	891
512	320	960	512	323	953
512	320	1023	513	323	1014
512	384	0	512	386	0
512	384	64	510	385	66
512	384	128	510	385	128
512	384	192	511	386	192
512	384	256	512	386	254
512	384	320	511	386	318
512	384	384	512	387	383
512	384	448	511	386	448
512	384	512	512	386	510
512	384	576	512	386	576
512	384	640	512	386	640
512	384	704	512	386	703
512	384	768	512	386	766
512	384	832	512	385	826
512	384	896	512	385	890
512	384	960	512	385	953
512	384	1023	512	385	1014
512	448	0	512	450	0
512	448	64	510	450	66
512	448	128	510	449	128
512	448	192	510	450	192
512	448	256	511	450	254
512	448	320	511	450	318
512	448	384	512	451	383
512	448	448	512	451	449
512	448	512	512	451	510
512	448	576	513	452	577
512	448	640	512	451	641
512	448	704	512	451	704
512	448	768	513	451	767
512	448	832	513	450	827
512	448	896	512	450	891
512	448	960	513	450	954
512	448	1023	512	450	1014
512	512	0	512	512	0
512	512	64	510	510	65
512	512	128	510	510	128
512	512	192	511	511	192
512	512	256	512	512	254
512	512	320	511	511	318
512	512	384	512	512	383
512	512	448	512	512	449
512	512	512	512	512	510
512	512	576	513	513	577
512	512	640	512	512	641
512	512	704	512	512	704
512	512	768	513	512	767
512	512	832	512	511	827
512	512	896	513	511	892
512	512	960	513	511	954
512	512	1023	513	511	1015
512	576	0	513	579	0
512	576	64	511	577	65
512	576	128	511	578	128
512	576	192	511	578	192
512	576	256	512	579	255
512	576	320	512	579	319
512	576	384	513	579	383
512	576	448	512	578	449
512	576	512	513	579	511
512	576	576	513	579	577
512	576	640	513	579	641
512	576	704	512	578	704
512	576	768	513	579	767
512	576	832	512	578	827
512	576	896	512	577	892
512	576	960	513	578	954
512	576	1023	513	578	1015
512	640	0	513	644	0
512	640	64	511	641	65
512	640	128	511	642	128
512	640	192	512	642	192
512	640	256	512	642	254
512	640	320	512	643	319
512	640	384	513	644	383
512	640	448	512	643	449
512	640	512	512	643	511
512	640	576	513	644	577
512	640	640	513	643	641
512	640	704	513	642	704
512	640	768	513	643	768
512	640	832	513	642	828
512	640	896	513	642	893
512	640	960	513	642	955
512	640	1023	514	643	1017
512	704	0	514	705	0
512	704	64	512	703	65
512	704	128	512	704	128
512	704	192	512	703	192
512	704	256	513	704	255
512	704	320	513	704	320
512	704	384	513	704	384
512	704	448	513	704	450
512	704	512	513	704	511
512	704	576	514	705	578
512	704	640	513	704	642
512	704	704	513	704	705
512	704	768	514	705	769
512	704	832	514	704	829
512	704	896	513	703	893
512	704	960	514	703	955
512	704	1023	514	704	1017
512	768	0	514	770	0
512	768	64	512	768	64
512	768	128	512	768	128
512	768	192	513	768	192
512	768	256	513	768	255
512	768	320	513	768	320
512	768	384	514	769	384
512	768	448	513	768	450
512	768	512	513	768	511
512	768	576	514	769	578
512	768	640	514	769	643
512	768	704	514	769	706
512	768	768	514	769	769
512	768	832	514	768	830
512	768	896	514	768	894
512	768	960	514	768	956
512	768	1023	515	768	1018
512	832	0	513	830	0
512	832	64	512	829	63
512	832	128	512	829	128
512	832	192	512	829	191
512	832	256	512	830	255
512	832	320	513	831	319
512	832	384	513	830	383
512	832	448	513	831	450
512	832	512	513	831	511
512	832	576	514	832	578
512	832	640	513	830	642
512	832	704	513	831	705
512	832	768	514	831	769
512	832	832	514	830	829
512	832	896	514	830	894
512	832	960	513	830	956
512	832	1023	514	830	1018
512	896	0	513	895	0
512	896	64	512	893	62
512	896	128	512	893	127
512	896	192	511	893	191
512	896	256	512	894	254
512	896	320	513	895	319
512	896	384	513	895	383
512	896	448	513	895	449
512	896	512	513	895	511
512	896	576	514	896	578
512	896	640	513	895	642
512	896	704	513	895	705
512	896	768	514	895	768
512	896	832	513	894	829
512	896	896	513	894	894
512	896	960	513	894	956
512	896	1023	514	895	1018
512	960	0	513	956	0
512	960	64	512	954	62
512	960	128	512	955	127
512	960	192	512	954	192
512	960	256	512	956	255
512	960	320	513	956	319
512	960	384	513	957	384
512	960	448	513	956	450
512	960	512	513	956	511
512	960	576	514	957	578
512	960	640	513	956	642
512	960	704	513	956	706
512	960	768	514	957	769
512	960	832	514	956	830
512	960	896	514	956	895
512	960	960	514	956	956
512	960	1023	514	956	1018
512	1023	0	514	1021	0
512	1023	64	512	1018	61
512	1023	128	512	1018	127
512	1023	192	512	1019	191
512	1023	256	513	1019	254
512	1023	320	513	1019	319
512	1023	384	513	1020	384
512	1023	448	513	1019	450
512	1023	512	514	1020	512
512	1023	576	514	1021	579
512	1023	640	514	1020	643
512	1023	704	514	1020	706
512	1023	768	514	1020	770
512	1023	832	514	1019	830
512	1023	896	514	1018	895
512	1023	960	514	1018	957
512	1023	1023	515	1018	1019
576	0	0	579	40	0
576	0	64	576	40	66
576	0	128	576	39	128
576	0	192	577	40	191
576	0	256	578	39	254
576	0	320	577	39	318
576	0	384	578	40	382
576	0	448	577	39	447
576	0	512	578	40	509
576	0	576	578	41	575
576	0	640	578	42	639
576	0	704	577	41	702
576	0	768	578	42	765
576	0	832	578	41	826
576	0	896	577	43	890
576	0	960	578	42	952
576	0	1023	578	49	1013
576	64	0	579	78	0
576	64	64	577	78	66
576	64	128	577	78	128
576	64	192	578	78	192
576	64	256	577	78	254
576	64	320	578	78	318
576	64	384	578	79	382
576	64	448	578	78	448
576	64	512	579	79	510
576	64	576	579	80	576
576	64	640	579	80	640
576	64	704	578	80	703
576	64	768	578	80	766
576	64	832	578	81	826
576	64	896	578	81	890
576	64	960	579	82	953
576	64	1023	579	83	1014
576	128	0	579	136	0
576	128	64	577	136	65
576	128	128	576	136	128
576	128	192	577	136	192
576	128	256	578	136	254
576	128	320	578	136	318
576	128	384	578	137	382
576	128	448	578	137	448
576	128	512	578	136	510
576	128	576	579	137	576
576	128	640	578	137	640
576	128	704	578	137	703
576	128	768	579	137	766
576	128	832	579	137	826
576	128	896	578	138	890
576	128	960	578	138	952
576	128	1023	579	139	1014
576	192	0	579	198	0
576	192	64	576	197	66
576	192	128	577	197	128
576	192	192	577	197	192
576	192	256	578	198	254
576	192	320	577	197	318
576	192	384	578	198	382
576	192	448	578	197	448
576	192	512	578	198	510
576	192	576	579	198	576
576	192	640	578	198	640
576	192	704	578	198	703
576	192	768	578	198	766
576	192	832	578	198	826
576	192	896	578	198	890
576	192	960	578	198	952
576	192	1023	579	199	1014
576	256	0	579	260	0
576	256	64	577	259	66
576	256	128	577	259	128
576	256	192	577	259	192
576	256	256	578	259	254
576	256	320	578	260	319
576	256	384	578	260	382
576	256	448	578	260	448
576	256	512	578	260	510
576	256	576	579	260	576
576	256	640	578	260	640
576	256	704	578	260	703
576	256	768	579	260	766
576	256	832	578	259	826
576	256	896	578	260	891
576	256	960	578	260	952
576	256	1023	579	260	1015
576	320	0	579	324	0
576	320	64	576	322	65
576	320	128	577	323	128
576	320	192	578	323	192
576	320	256	578	323	254
576	320	320	578	323	318
576	320	384	578	324	382
576	320	448	578	323	448
576	320	512	579	324	510
576	320	576	578	324	576
576	320	640	578	324	640
576	320	704	578	323	703
576	320	768	579	324	766
576	320	832	578	323	826
576	320	896	578	323	890
576	320	960	578	323	953
576	320	1023	579	324	1014
576	384	0	579	387	0
576	384	64	577	385	65
576	384	128	577	385	128
576	384	192	577	386	192
576	384	256	578	386	254
576	384	320	578	386	318
576	384	384	578	386	382
576	384	448	577	386	448
576	384	512	578	386	510
576	384	576	578	386	576
576	384	640	578	386	640
576	384	704	578	386	703
576	384	768	578	386	766
576	384	832	578	385	826
576	384	896	578	385	890
576	384	960	578	386	953
576	384	1023	578	386	1014
576	448	0	579	451	0
576	448	64	578	450	66
576	448	128	577	450	128
576	448	192	577	450	192
576	448	256	578	451	254
576	448	320	578	450	318
576	448	384	578	451	383
576	448	448	579	451	449
576	448	512	579	451	510
576	448	576	580	452	577
576	448	640	579	451	640
576	448	704	579	450	704
576	448	768	579	451	767
576	448	832	579	450	828
576	448	896	578	450	891
576	448	960	579	450	954
576	448	1023	578	450	1014
576	512	0	579	512	0
576	512	64	578	511	65
576	512	128	577	511	128
576	512	192	578	511	192
576	512	256	579	512	255
576	512	320	578	511	318
576	512	384	579	512	383
576	512	448	579	512	449
576	512	512	578	512	510
576	512	576	580	513	577
576	512	640	578	512	640
576	512	704	579	512	704
576	512	768	579	512	767
576	512	832	579	512	828
576	512	896	579	511	892
576	512	960	579	511	954
576	512	1023	579	511	1015
576	576	0	580	579	0
576	576	64	577	577	65
576	576	128	577	577	128
576	576	192	578	578	192
576	576	256	579	579	255
576	576	320	578	578	319
576	576	384	579	579	383
576	576	448	578	578	448
576	576	512	579	579	511
576	576	576	580	579	577
576	576	640	579	579	641
576	576	704	580	579	705
576	576	768	579	579	767
576	576	832	579	578	827
576	576	896	579	578	892
576	576	960	579	578	955
576	576	1023	580	578	1016
576	640	0	581	644	0
576	640	64	578	642	65
576	640	128	579	642	128
576	640	192	579	643	192
576	640	256	579	643	255
576	640	320	579	643	319
576	640	384	580	644	384
576	640	448	579	643	449
576	640	512	580	644	511
576	640	576	580	644	577
576	640	640	580	643	641
576	640	704	579	643	704
576	640	768	580	643	768
576	640	832	579	642	828
576	640	896	579	642	892
576	640	960	580	642	955
576	640	1023	580	642	1016
576	704	0	580	704	0
576	704	64	579	703	64
576	704	128	579	703	128
576	704	192	579	703	192
576	704	256	579	704	255
576	704	320	580	704	320
576	704	384	580	704	383
576	704	448	580	704	449
576	704	512	580	704	511
576	704	576	581	705	578
576	704	640	580	704	642
576	704	704	580	704	705
576	704	768	581	705	769
576	704	832	581	704	829
576	704	896	580	704	893
576	704	960	580	703	956
576	704	1023	581	704	1017
576	768	0	582	770	0
576	768	64	579	768	63
576	768	128	579	768	128
576	768	192	580	769	192
576	768	256	580	769	255
576	768	320	580	769	320
576	768	384	581	770	384
576	768	448	580	769	450
576	768	512	581	770	512
576	768	576	581	770	578
576	768	640	581	769	642
576	768	704	580	769	705
576	768	768	581	769	769
576	768	832	581	769	830
576	768	896	580	768	894
576	768	960	581	769	957
576	768	1023	581	769	1018
576	832	0	580	831	0
576	832	64	579	830	64
576	832	128	579	830	127
576	832	192	579	829	192
576	832	256	579	831	255
576	832	320	580	831	319
576	832	384	580	832	384
576	832	448	580	831	449
576	832	512	580	831	511
576	832	576	580	832	578
576	832	640	580	830	642
576	832	704	580	830	705
576	832	768	580	831	769
576	832	832	580	830	829
576	832	896	580	830	894
576	832	960	580	830	956
576	832	1023	580	831	1018
576	896	0	580	895	0
576	896	64	578	893	61
576	896	128	579	894	127
576	896	192	578	893	191
576	896	256	579	894	254
576	896	320	579	895	319
576	896	384	580	895	383
576	896	448	580	895	449
576	896	512	580	895	511
576	896	576	581	896	578
576	896	640	580	895	642
576	896	704	580	895	705
576	896	768	581	896	769
576	896	832	580	895	829
576	896	896	580	895	894
576	896	960	580	895	956
576	896	1023	580	895	1017
576	960	0	580	956	0
576	960	64	578	954	62
576	960	128	578	954	127
576	960	192	579	955	192
576	960	256	579	955	254
576	960	320	579	956	319
576	960	384	580	957	384
576	960	448	580	956	450
576	960	512	580	956	511
576	960	576	581	957	578
576	960	640	580	956	642
576	960	704	580	956	705
576	960	768	580	957	769
576	960	832	580	956	830
576	960	896	580	956	894
576	960	960	580	955	956
576	960	1023	581	956	1018
576	1023	0	581	1021	0
576	1023	64	579	1018	61
576	1023	128	579	1018	127
576	1023	192	579	1019	191
576	1023	256	579	1019	254
576	1023	320	580	1020	320
576	1023	384	580	1020	384
576	1023	448	580	1020	450
576	1023	512	581	1021	512
576	1023	576	581	1021	578
576	1023	640	581	1020	643
576	1023	704	581	1020	706
576	1023	768	581	1020	770
576	1023	832	581	1019	830
576	1023	896	581	1019	895
576	1023	960	581	1018	957
576	1023	1023	581	1017	1019
640	0	0	642	44	0
640	0	64	640	44	65
640	0	128	640	43	128
640	0	192	639	43	191
640	0	256	640	44	253
640	0	320	641	43	318
640	0	384	640	43	381
640	0	448	641	43	447
640	0	512	641	44	508
640	0	576	642	46	575
640	0	640	640	46	638
640	0	704	641	44	702
640	0	768	641	47	765
640	0	832	641	47	825
640	0	896	640	48	889
640	0	960	640	51	951
640	0	1023	641	52	1013
640	64	0	642	80	0
640	64	64	641	80	65
640	64	128	640	79	128
640	64	192	640	79	191
640	64	256	641	79	254
640	64	320	641	80	318
640	64	384	641	80	382
640	64	448	642	80	448
640	64	512	642	80	509
640	64	576	642	81	576
640	64	640	641	81	639
640	64	704	642	81	703
640	64	768	642	83	765
640	64	832	642	80	826
640	64	896	641	83	890
640	64	960	642	84	952
640	64	1023	642	84	1013
640	128	0	642	137	0
640	128	64	640	137	65
640	128	128	640	137	128
640	128	192	641	137	192
640	128	256	642	137	254
640	128	320	641	137	318
640	128	384	642	137	382
640	128	448	641	137	447
640	128	512	642	138	510
640	128	576	642	138	575
640	128	640	642	138	639
640	128	704	641	137	702
640	128	768	642	138	765
640	128	832	641	138	826
640	128	896	641	139	890
640	128	960	642	139	952
640	128	1023	642	139	1014
640	192	0	642	198	0
640	192	64	640	198	65
640	192	128	641	198	128
640	192	192	640	198	191
640	192	256	641	198	254
640	192	320	641	198	318
640	192	384	641	198	382
640	192	448	641	198	448
640	192	512	642	199	509
640	192	576	642	199	576
640	192	640	641	198	639
640	192	704	642	198	703
640	192	768	642	199	766
640	192	832	642	199	826
640	192	896	641	199	890
640	192	960	642	199	952
640	192	1023	643	200	1014
640	256	0	642	260	0
640	256	64	640	259	65
640	256	128	640	259	128
640	256	192	641	259	192
640	256	256	642	260	254
640	256	320	641	260	318
640	256	384	642	260	382
640	256	448	641	260	448
640	256	512	642	260	510
640	256	576	642	260	576
640	256	640	642	260	640
640	256	704	642	260	703
640	256	768	642	260	766
640	256	832	642	260	826
640	256	896	641	259	890
640	256	960	642	260	952
640	256	1023	642	261	1014
640	320	0	642	324	0
640	320	64	640	323	65
640	320	128	640	323	128
640	320	192	641	323	191
640	320	256	641	324	254
640	320	320	642	324	318
640	320	384	641	324	382
640	320	448	642	324	448
640	320	512	641	324	509
640	320	576	643	324	576
640	320	640	642	324	639
640	320	704	642	323	703
640	320	768	643	324	766
640	320	832	642	324	827
640	320	896	641	323	890
640	320	960	642	323	953
640	320	1023	643	324	1014
640	384	0	642	386	0
640	384	64	641	386	65
640	384	128	641	386	128
640	384	192	641	386	192
640	384	256	641	386	254
640	384	320	641	386	318
640	384	384	643	387	383
640	384	448	642	387	448
640	384	512	642	386	509
640	384	576	643	387	576
640	384	640	642	386	640
640	384	704	642	386	703
640	384	768	643	387	766
640	384	832	643	386	827
640	384	896	642	386	891
640	384	960	642	386	953
640	384	1023	643	386	1015
640	448	0	643	452	0
640	448	64	641	450	65
640	448	128	641	450	128
640	448	192	641	451	192
640	448	256	641	451	254
640	448	320	642	451	319
640	448	384	642	452	383
640	448	448	642	451	448
640	448	512	643	452	510
640	448	576	643	452	576
640	448	640	643	451	641
640	448	704	642	451	703
640	448	768	643	451	767
640	448	832	642	450	827
640	448	896	642	450	891
640	448	960	643	450	953
640	448	1023	643	451	1015
640	512	0	644	513	0
640	512	64	641	511	65
640	512	128	642	512	128
640	512	192	642	512	192
640	512	256	642	512	254
640	512	320	642	512	319
640	512	384	643	513	383
640	512	448	642	512	449
640	512	512	643	513	511
640	512	576	643	513	577
640	512	640	643	512	641
640	512	704	642	512	704
640	512	768	643	512	767
640	512	832	643	511	827
640	512	896	643	511	892
640	512	960	643	512	954
640	512	1023	643	511	1015
640	576	0	643	579	0
640	576	64	642	578	65
640	576	128	642	578	128
640	576	192	641	578	192
640	576	256	642	579	254
640	576	320	643	579	319
640	576	384	643	580	383
640	576	448	643	579	449
640	576	512	642	579	510
640	576	576	643	580	577
640	576	640	642	579	641
640	576	704	643	579	704
640	576	768	643	579	767
640	576	832	643	578	828
640	576	896	643	578	892
640	576	960	643	578	954
640	576	1023	643	578	1016
640	640	0	644	643	0
640	640	64	642	642	64
640	640	128	642	642	128
640	640	192	642	642	192
640	640	256	643	643	254
640	640	320	642	643	319
640	640	384	643	644	383
640	640	448	643	644	449
640	640	512	643	643	511
640	640	576	644	644	578
640	640	640	643	643	641
640	640	704	643	643	705
640	640	768	644	644	768
640	640	832	644	643	828
640	640	896	643	642	892
640	640	960	643	642	955
640	640	1023	644	642	1016
640	704	0	645	705	0
640	704	64	642	703	64
640	704	128	642	703	128
640	704	192	643	703	192
640	704	256	644	704	255
640	704	320	643	704	319
640	704	384	644	705	384
640	704	448	643	704	449
640	704	512	644	705	511
640	704	576	644	705	577
640	704	640	644	705	642
640	704	704	644	705	705
640	704	768	644	705	769
640	704	832	644	704	829
640	704	896	644	703	893
640	704	960	644	704	956
640	704	1023	644	704	1017
640	768	0	645	769	0
640	768	64	643	768	63
640	768	128	643	767	128
640	768	192	643	768	192
640	768	256	644	769	255
640	768	320	644	768	319
640	768	384	644	769	384
640	768	448	644	769	450
640	768	512	644	769	511
640	768	576	645	770	578
640	768	640	644	769	642
640	768	704	644	769	706
640	768	768	645	770	769
640	768	832	645	769	830
640	768	896	644	768	894
640	768	960	644	768	956
640	768	1023	645	768	1017
640	832	0	645	831	0
640	832	64	642	829	62
640	832	128	643	830	127
640	832	192	643	830	192
640	832	256	644	831	255
640	832	320	643	831	319
640	832	384	644	831	383
640	832	448	643	830	449
640	832	512	644	831	511
640	832	576	644	831	577
640	832	640	644	831	642
640	832	704	644	831	706
640	832	768	645	832	769
640	832	832	644	830	829
640	832	896	644	830	894
640	832	960	644	830	956
640	832	1023	644	830	1017
640	896	0	645	896	0
640	896	64	642	893	63
640	896	128	642	894	127
640	896	192	643	894	191
640	896	256	643	895	254
640	896	320	643	894	319
640	896	384	644	895	383
640	896	448	643	895	449
640	896	512	644	896	511
640	896	576	644	896	578
640	896	640	644	895	642
640	896	704	644	896	705
640	896	768	644	895	768
640	896	832	644	895	829
640	896	896	643	894	893
640	896	960	644	894	956
640	896	1023	644	895	1017
640	960	0	644	956	0
640	960	64	642	954	62
640	960	128	642	954	126
640	960	192	643	955	192
640	960	256	643	956	254
640	960	320	643	955	319
640	960	384	644	956	383
640	960	448	644	956	449
640	960	512	644	957	511
640	960	576	644	956	577
640	960	640	644	956	642
640	960	704	644	956	706
640	960	768	644	957	769
640	960	832	643	955	829
640	960	896	643	955	894
640	960	960	644	955	956
640	960	1023	644	956	1018
640	1023	0	644	1020	0
640	1023	64	643	1018	62
640	1023	128	643	1018	126
640	1023	192	643	1018	191
640	1023	256	643	1019	254
640	1023	320	643	1018	319
640	1023	384	644	1019	383
640	1023	448	644	1020	450
640	1023	512	644	1020	511
640	1023	576	645	1021	578
640	1023	640	644	1019	642
640	1023	704	644	1019	706
640	1023	768	644	1020	769
640	1023	832	644	1019	830
640	1023	896	644	1018	894
640	1023	960	644	1018	957
640	1023	1023	644	1016	1018
704	0	0	704	47	0
704	0	64	702	47	65
704	0	128	702	47	127
704	0	192	702	47	191
704	0	256	703	47	253
704	0	320	703	46	317
704	0	384	704	47	382
704	0	448	703	48	447
704	0	512	703	48	508
704	0	576	704	49	575
704	0	640	703	50	638
704	0	704	703	49	702
704	0	768	704	51	765
704	0	832	704	49	825
704	0	896	703	49	889
704	0	960	703	49	951
704	0	1023	704	52	1013
704	64	0	704	82	0
704	64	64	703	81	65
704	64	128	702	82	127
704	64	192	703	81	191
704	64	256	703	81	253
704	64	320	703	82	318
704	64	384	704	82	381
704	64	448	704	82	447
704	64	512	704	81	509
704	64	576	705	82	575
704	64	640	704	84	639
704	64	704	704	83	702
704	64	768	705	83	765
704	64	832	704	83	826
704	64	896	703	86	889
704	64	960	704	86	952
704	64	1023	705	88	1013
704	128	0	705	138	0
704	128	64	702	137	64
704	128	128	702	137	127
704	128	192	703	138	191
704	128	256	704	138	253
704	128	320	703	138	318
704	128	384	704	138	382
704	128	448	703	138	447
704	128	512	704	139	509
704	128	576	704	138	575
704	128	640	704	139	639
704	128	704	704	138	702
704	128	768	704	139	765
704	128	832	704	138	825
704	128	896	704	139	890
704	128	960	704	140	952
704	128	1023	705	140	1014
704	192	0	705	199	0
704	192	64	703	198	64
704	192	128	703	198	128
704	192	192	703	198	191
704	192	256	704	199	254
704	192	320	704	199	318
704	192	384	705	199	382
704	192	448	704	199	448
704	192	512	704	199	509
704	192	576	705	199	576
704	192	640	704	199	639
704	192	704	704	199	703
704	192	768	705	200	766
704	192	832	704	199	826
704	192	896	704	199	890
704	192	960	704	200	952
704	192	1023	705	200	1014
704	256	0	705	260	0
704	256	64	703	259	65
704	256	128	703	259	128
704	256	192	703	260	191
704	256	256	704	260	254
704	256	320	703	260	318
704	256	384	704	260	382
704	256	448	704	260	448
704	256	512	704	260	509
704	256	576	704	260	575
704	256	640	704	260	639
704	256	704	704	260	703
704	256	768	705	261	766
704	256	832	703	260	825
704	256	896	704	260	890
704	256	960	704	260	953
704	256	1023	704	260	1013
704	320	0	705	324	0
704	320	64	703	323	65
704	320	128	703	323	128
704	320	192	703	323	191
704	320	256	704	324	254
704	320	320	704	324	318
704	320	384	704	324	382
704	320	448	704	323	447
704	320	512	704	323	509
704	320	576	705	324	575
704	320	640	704	323	639
704	320	704	704	324	702
704	320	768	705	324	766
704	320	832	704	323	826
704	320	896	704	323	890
704	320	960	703	323	952
704	320	1023	705	323	1014
704	384	0	704	386	0
704	384	64	703	385	64
704	384	128	703	385	128
704	384	192	704	386	191
704	384	256	703	386	253
704	384	320	704	386	318
704	384	384	704	387	382
704	384	448	704	386	448
704	384	512	704	386	509
704	384	576	705	387	576
704	384	640	704	386	639
704	384	704	704	386	702
704	384	768	704	386	766
704	384	832	704	386	826
704	384	896	704	385	890
704	384	960	704	385	952
704	384	1023	705	386	1014
704	448	0	706	451	0
704	448	64	703	450	65
704	448	128	703	450	127
704	448	192	704	450	191
704	448	256	704	450	254
704	448	320	704	451	318
704	448	384	705	451	382
704	448	448	704	450	448
704	448	512	705	451	510
704	448	576	705	451	576
704	448	640	705	451	640
704	448	704	704	450	703
704	448	768	705	450	766
704	448	832	705	450	827
704	448	896	704	450	891
704	448	960	705	450	953
704	448	1023	705	450	1014
704	512	0	706	513	0
704	512	64	704	511	64
704	512	128	704	511	127
704	512	192	704	511	191
704	512	256	704	511	254
704	512	320	704	512	318
704	512	384	705	512	382
704	512	448	705	511	448
704	512	512	705	512	510
704	512	576	705	512	576
704	512	640	705	512	640
704	512	704	705	511	703
704	512	768	705	512	766
704	512	832	705	511	827
704	512	896	705	511	891
704	512	960	705	511	954
704	512	1023	705	511	1015
704	576	0	705	578	0
704	576	64	704	577	63
704	576	128	704	577	128
704	576	192	704	578	191
704	576	256	705	578	254
704	576	320	705	579	319
704	576	384	706	579	383
704	576	448	705	579	448
704	576	512	705	578	510
704	576	576	706	579	576
704	576	640	705	578	640
704	576	704	705	578	703
704	576	768	706	579	767
704	576	832	705	578	827
704	576	896	705	578	892
704	576	960	705	577	954
704	576	1023	706	578	1016
704	640	0	707	643	0
704	640	64	705	642	63
704	640	128	704	641	127
704	640	192	705	642	191
704	640	256	706	643	254
704	640	320	706	643	319
704	640	384	706	643	383
704	640	448	706	643	449
704	640	512	705	643	510
704	640	576	707	644	577
704	640	640	706	643	641
704	640	704	706	643	704
704	640	768	707	643	768
704	640	832	706	642	828
704	640	896	705	642	892
704	640	960	706	642	954
704	640	1023	706	642	1016
704	704	0	708	705	0
704	704	64	705	702	63
704	704	128	705	703	128
704	704	192	706	703	192
704	704	256	706	704	254
704	704	320	706	704	319
704	704	384	706	704	383
704	704	448	707	704	449
704	704	512	707	704	511
704	704	576	707	704	577
704	704	640	707	704	642
704	704	704	707	704	705
704	704	768	707	704	768
704	704	832	706	703	828
704	704	896	706	703	893
704	704	960	706	703	955
704	704	1023	706	703	1017
704	768	0	708	769	0
704	768	64	706	768	63
704	768	128	705	767	127
704	768	192	706	768	191
704	768	256	707	769	255
704	768	320	707	769	319
704	768	384	707	769	383
704	768	448	707	769	449
704	768	512	707	769	511
704	768	576	708	770	578
704	768	640	707	769	642
704	768	704	707	769	706
704	768	768	708	769	769
704	768	832	707	768	829
704	768	896	707	767	893
704	768	960	707	767	956
704	768	1023	707	768	1017
704	832	0	707	831	0
704	832	64	705	829	62
704	832	128	705	829	127
704	832	192	705	829	191
704	832	256	706	831	254
704	832	320	706	830	319
704	832	384	707	831	383
704	832	448	707	831	449
704	832	512	707	831	511
704	832	576	707	831	577
704	832	640	706	830	641
704	832	704	706	830	705
704	832	768	707	831	769
704	832	832	706	829	828
704	832	896	706	829	893
704	832	960	707	830	956
704	832	1023	707	830	1017
704	896	0	707	895	0
704	896	64	705	893	60
704	896	128	705	893	127
704	896	192	706	894	191
704	896	256	706	895	254
704	896	320	706	895	319
704	896	384	706	895	383
704	896	448	707	895	449
704	896	512	707	895	511
704	896	576	707	895	577
704	896	640	706	895	641
704	896	704	707	895	705
704	896	768	707	895	769
704	896	832	706	894	829
704	896	896	706	894	893
704	896	960	706	894	955
704	896	1023	707	894	1017
704	960	0	707	956	0
704	960	64	705	954	60
704	960	128	705	954	126
704	960	192	705	955	191
704	960	256	706	956	254
704	960	320	706	955	319
704	960	384	707	956	383
704	960	448	706	956	449
704	960	512	707	956	511
704	960	576	708	957	578
704	960	640	706	956	642
704	960	704	706	956	705
704	960	768	707	957	769
704	960	832	707	956	830
704	960	896	707	955	894
704	960	960	707	956	956
704	960	1023	707	956	1017
704	1023	0	708	1020	0
704	1023	64	706	1018	60
704	1023	128	705	1017	126
704	1023	192	706	1018	191
704	1023	256	707	1019	254
704	1023	320	707	1020	319
704	1023	384	707	1020	383
704	1023	448	707	1019	450
704	1023	512	707	1019	511
704	1023	576	708	1021	578
704	1023	640	707	1019	642
704	1023	704	707	1019	706
704	1023	768	708	1020	769
704	1023	832	707	1018	830
704	1023	896	706	1017	894
704	1023	960	707	1017	957
704	1023	1023	707	1016	1018
768	0	0	767	50	0
768	0	64	764	50	64
768	0	128	765	50	127
768	0	192	765	50	191
768	0	256	765	50	253
768	0	320	765	50	317
768	0	384	766	51	381
768	0	448	765	50	447
768	0	512	766	50	509
768	0	576	766	51	574
768	0	640	766	53	638
768	0	704	765	51	701
768	0	768	766	53	765
768	0	832	766	51	825
768	0	896	765	55	889
768	0	960	765	57	951
768	0	1023	766	54	1013
768	64	0	767	83	0
768	64	64	765	83	65
768	64	128	765	83	128
768	64	192	766	83	191
768	64	256	766	83	253
768	64	320	767	83	318
768	64	384	767	84	382
768	64	448	766	83	448
768	64	512	766	83	509
768	64	576	767	84	576
768	64	640	766	84	639
768	64	704	767	85	702
768	64	768	767	86	766
768	64	832	766	85	826
768	64	896	766	86	890
768	64	960	766	86	952
768	64	1023	767	89	1014
768	128	0	768	139	0
768	128	64	766	139	65
768	128	128	765	138	128
768	128	192	766	138	191
768	128	256	767	139	254
768	128	320	766	139	318
768	128	384	766	139	382
768	128	448	766	139	448
768	128	512	766	139	509
768	128	576	768	139	576
768	128	640	766	140	639
768	128	704	766	140	702
768	128	768	767	140	766
768	128	832	766	139	826
768	128	896	766	140	890
768	128	960	766	141	952
768	128	1023	766	140	1013
768	192	0	768	199	0
768	192	64	765	198	65
768	192	128	766	199	128
768	192	192	766	199	191
768	192	256	766	199	253
768	192	320	767	199	318
768	192	384	767	200	382
768	192	448	767	199	448
768	192	512	767	200	509
768	192	576	767	200	575
768	192	640	767	199	639
768	192	704	766	199	702
768	192	768	766	200	765
768	192	832	766	199	826
768	192	896	766	199	890
768	192	960	766	200	952
768	192	1023	767	200	1014
768	256	0	767	261	0
768	256	64	766	260	65
768	256	128	765	259	128
768	256	192	766	260	191
768	256	256	766	260	253
768	256	320	767	261	318
768	256	384	767	260	382
768	256	448	766	260	448
768	256	512	766	260	509
768	256	576	767	261	575
768	256	640	766	261	639
768	256	704	767	260	703
768	256	768	767	261	766
768	256	832	767	261	826
768	256	896	766	260	890
768	256	960	766	260	952
768	256	1023	766	261	1013
768	320	0	768	325	0
768	320	64	765	323	65
768	320	128	766	323	128
768	320	192	766	324	192
768	320	256	766	324	253
768	320	320	766	324	318
768	320	384	767	325	382
768	320	448	767	324	448
768	320	512	766	324	509
768	320	576	767	325	576
768	320	640	767	324	640
768	320	704	766	324	703
768	320	768	767	324	766
768	320	832	767	324	826
768	320	896	766	324	890
768	320	960	766	324	952
768	320	1023	767	324	1014
768	384	0	768	387	0
768	384	64	766	386	65
768	384	128	766	386	128
768	384	192	767	387	192
768	384	256	766	387	254
768	384	320	766	386	318
768	384	384	767	387	382
768	384	448	766	386	447
768	384	512	767	387	510
768	384	576	767	387	576
768	384	640	767	387	640
768	384	704	766	386	702
768	384	768	767	386	765
768	384	832	766	386	826
768	384	896	766	385	890
768	384	960	767	386	953
768	384	1023	767	386	1014
768	448	0	768	451	0
768	448	64	766	450	65
768	448	128	766	450	128
768	448	192	766	451	191
768	448	256	767	451	254
768	448	320	767	451	318
768	448	384	767	451	382
768	448	448	767	451	448
768	448	512	767	451	510
768	448	576	767	451	576
768	448	640	767	451	640
768	448	704	767	451	703
768	448	768	767	451	766
768	448	832	767	450	827
768	448	896	766	450	891
768	448	960	767	450	953
768	448	1023	767	450	1014
768	512	0	768	512	0
768	512	64	766	511	64
768	512	128	766	511	127
768	512	192	767	512	191
768	512	256	768	513	254
768	512	320	767	512	318
768	512	384	768	512	383
768	512	448	767	512	448
768	512	512	768	512	510
768	512	576	768	512	576
768	512	640	768	512	640
768	512	704	768	512	703
768	512	768	768	512	766
768	512	832	767	511	827
768	512	896	767	511	891
768	512	960	768	511	954
768	512	1023	768	511	1015
768	576	0	769	579	0
768	576	64	766	577	64
768	576	128	767	578	128
768	576	192	767	578	191
768	576	256	767	578	254
768	576	320	767	578	318
768	576	384	768	579	383
768	576	448	767	578	448
768	576	512	768	579	510
768	576	576	768	579	576
768	576	640	768	579	640
768	576	704	767	578	703
768	576	768	768	578	767
768	576	832	767	578	827
768	576	896	767	578	892
768	576	960	768	578	954
768	576	1023	768	578	1015
768	640	0	769	643	0
768	640	64	767	642	64
768	640	128	767	642	127
768	640	192	766	642	191
768	640	256	767	642	254
768	640	320	768	643	319
768	640	384	769	644	383
768	640	448	768	643	449
768	640	512	768	643	510
768	640	576	769	643	577
768	640	640	768	642	641
768	640	704	768	642	704
768	640	768	768	643	767
768	640	832	768	642	828
768	640	896	768	642	892
768	640	960	768	642	954
768	640	1023	769	642	1016
768	704	0	769	704	0
768	704	64	768	703	64
768	704	128	767	702	127
768	704	192	768	703	191
768	704	256	768	704	254
768	704	320	769	704	319
768	704	384	769	704	383
768	704	448	769	704	449
768	704	512	769	704	511
768	704	576	770	705	578
768	704	640	769	704	641
768	704	704	769	704	705
768	704	768	770	704	768
768	704	832	769	704	829
768	704	896	768	703	893
768	704	960	769	703	955
768	704	1023	769	703	1017
768	768	0	770	769	0
768	768	64	768	768	63
768	768	128	769	768	128
768	768	192	768	768	191
768	768	256	769	768	254
768	768	320	769	769	319
768	768	384	770	770	384
768	768	448	769	768	449
768	768	512	769	768	511
768	768	576	770	769	578
768	768	640	769	768	641
768	768	704	769	768	705
768	768	768	770	768	768
768	768	832	769	768	829
768	768	896	770	768	894
768	768	960	769	768	956
768	768	1023	770	768	1017
768	832	0	770	831	0
768	832	64	768	829	62
768	832	128	767	828	127
768	832	192	768	829	191
768	832	256	769	830	254
768	832	320	769	830	319
768	832	384	769	830	383
768	832	448	769	830	449
768	832	512	769	830	510
768	832	576	769	831	577
768	832	640	768	830	641
768	832	704	769	830	705
768	832	768	769	830	768
768	832	832	769	830	829
768	832	896	768	829	893
768	832	960	769	829	955
768	832	1023	769	829	1017
768	896	0	770	895	0
768	896	64	768	894	62
768	896	128	767	893	126
768	896	192	768	894	191
768	896	256	768	894	254
768	896	320	769	895	319
768	896	384	769	895	383
768	896	448	769	895	449
768	896	512	769	895	511
768	896	576	770	896	577
768	896	640	769	895	641
768	896	704	769	895	705
768	896	768	769	895	768
768	896	832	769	895	829
768	896	896	769	894	893
768	896	960	769	894	956
768	896	1023	769	894	1017
768	960	0	770	956	0
768	960	64	768	955	62
768	960	128	768	954	127
768	960	192	768	955	191
768	960	256	769	956	254
768	960	320	769	956	319
768	960	384	769	956	383
768	960	448	769	956	449
768	960	512	769	956	510
768	960	576	770	957	578
768	960	640	769	956	642
768	960	704	769	956	705
768	960	768	770	957	769
768	960	832	769	956	829
768	960	896	769	955	893
768	960	960	769	955	956
768	960	1023	770	956	1018
768	1023	0	770	1019	0
768	1023	64	769	1018	60
768	1023	128	768	1018	126
768	1023	192	768	1018	191
768	1023	256	769	1019	254
768	1023	320	769	1019	319
768	1023	384	770	1020	383
768	1023	448	769	1019	449
768	1023	512	769	1019	511
768	1023	576	770	1020	578
768	1023	640	769	1019	642
768	1023	704	770	1019	706
768	1023	768	770	1020	769
768	1023	832	770	1019	830
768	1023	896	770	1018	894
768	1023	960	769	1017	957
768	1023	1023	770	1017	1018
832	0	0	828	53	0
832	0	64	825	53	64
832	0	128	825	53	127
832	0	192	826	54	191
832	0	256	827	53	253
832	0	320	826	54	317
832	0	384	827	53	381
832	0	448	826	52	447
832	0	512	827	54	508
832	0	576	827	53	575
832	0	640	827	56	639
832	0	704	826	56	701
832	0	768	827	56	765
832	0	832	826	54	825
832	0	896	826	56	889
832	0	960	827	56	952
832	0	1023	827	57	1013
832	64	0	829	85	0
832	64	64	826	85	64
832	64	128	826	85	127
832	64	192	827	85	191
832	64	256	827	85	253
832	64	320	827	85	318
832	64	384	828	85	382
832	64	448	828	84	448
832	64	512	828	85	509
832	64	576	828	86	575
832	64	640	828	86	640
832	64	704	827	85	702
832	64	768	828	86	766
832	64	832	827	87	826
832	64	896	827	87	890
832	64	960	827	90	952
832	64	1023	828	89	1014
832	128	0	828	140	0
832	128	64	827	140	64
832	128	128	826	139	127
832	128	192	826	139	191
832	128	256	827	140	253
832	128	320	828	140	318
832	128	384	827	140	381
832	128	448	827	140	447
832	128	512	827	140	509
832	128	576	829	140	576
832	128	640	827	140	639
832	128	704	827	141	702
832	128	768	828	141	765
832	128	832	827	141	826
832	128	896	827	140	890
832	128	960	826	141	952
832	128	1023	827	143	1013
832	192	0	829	200	0
832	192	64	826	199	64
832	192	128	826	199	127
832	192	192	827	200	191
832	192	256	828	200	254
832	192	320	827	200	318
832	192	384	828	200	382
832	192	448	827	200	447
832	192	512	828	200	509
832	192	576	828	200	575
832	192	640	827	200	639
832	192	704	827	200	702
832	192	768	827	200	765
832	192	832	827	199	826
832	192	896	827	200	890
832	192	960	828	200	953
832	192	1023	828	200	1014
832	256	0	828	261	0
832	256	64	827	260	64
832	256	128	827	260	127
832	256	192	827	260	191
832	256	256	827	261	254
832	256	320	828	261	318
832	256	384	827	261	382
832	256	448	828	261	448
832	256	512	827	261	509
832	256	576	828	261	576
832	256	640	827	261	639
832	256	704	828	261	703
832	256	768	828	261	766
832	256	832	828	261	827
832	256	896	827	260	890
832	256	960	827	261	953
832	256	1023	828	261	1014
832	320	0	829	325	0
832	320	64	826	324	64
832	320	128	827	324	127
832	320	192	827	324	191
832	320	256	827	324	253
832	320	320	828	324	318
832	320	384	828	325	382
832	320	448	827	324	447
832	320	512	828	325	509
832	320	576	828	325	575
832	320	640	828	325	640
832	320	704	827	324	702
832	320	768	827	324	766
832	320	832	827	324	826
832	320	896	827	324	891
832	320	960	828	324	953
832	320	1023	828	324	1014
832	384	0	829	387	0
832	384	64	826	386	64
832	384	128	827	386	127
832	384	192	827	387	191
832	384	256	828	387	254
832	384	320	827	387	318
832	384	384	828	387	382
832	384	448	827	387	448
832	384	512	828	387	509
832	384	576	828	387	576
832	384	640	828	387	640
832	384	704	828	387	703
832	384	768	828	387	766
832	384	832	828	386	827
832	384	896	828	386	891
832	384	960	828	386	953
832	384	1023	828	386	1014
832	448	0	829	452	0
832	448	64	828	451	64
832	448	128	827	450	128
832	448	192	828	451	191
832	448	256	828	452	254
832	448	320	828	451	318
832	448	384	828	451	382
832	448	448	828	452	448
832	448	512	828	452	510
832	448	576	829	452	576
832	448	640	828	451	640
832	448	704	828	451	703
832	448	768	829	452	767
832	448	832	829	451	827
832	448	896	828	450	891
832	448	960	828	450	954
832	448	1023	828	450	1015
832	512	0	830	513	0
832	512	64	828	512	64
832	512	128	827	511	127
832	512	192	828	512	191
832	512	256	829	513	254
832	512	320	828	512	318
832	512	384	829	513	383
832	512	448	829	513	449
832	512	512	829	513	510
832	512	576	830	513	577
832	512	640	828	512	640
832	512	704	829	512	704
832	512	768	830	513	767
832	512	832	829	512	828
832	512	896	828	511	891
832	512	960	828	511	954
832	512	1023	829	511	1015
832	576	0	830	580	0
832	576	64	827	578	63
832	576	128	828	578	127
832	576	192	828	579	192
832	576	256	829	580	254
832	576	320	829	579	319
832	576	384	829	579	383
832	576	448	829	579	448
832	576	512	829	579	510
832	576	576	830	579	577
832	576	640	829	579	641
832	576	704	828	578	703
832	576	768	829	579	767
832	576	832	829	578	827
832	576	896	828	578	892
832	576	960	829	578	955
832	576	1023	829	579	1016
832	640	0	831	644	0
832	640	64	828	642	63
832	640	128	828	642	127
832	640	192	829	643	191
832	640	256	829	643	254
832	640	320	829	643	319
832	640	384	830	644	383
832	640	448	830	644	449
832	640	512	830	644	511
832	640	576	830	644	577
832	640	640	830	644	641
832	640	704	829	642	704
832	640	768	830	643	767
832	640	832	829	643	828
832	640	896	829	642	893
832	640	960	830	643	955
832	640	1023	829	643	1016
832	704	0	831	704	0
832	704	64	829	703	63
832	704	128	829	704	127
832	704	192	829	703	191
832	704	256	830	704	254
832	704	320	830	705	319
832	704	384	830	705	383
832	704	448	830	704	449
832	704	512	830	704	511
832	704	576	831	705	578
832	704	640	830	704	641
832	704	704	830	704	705
832	704	768	831	704	768
832	704	832	830	704	829
832	704	896	830	703	893
832	704	960	830	703	956
832	704	1023	830	704	1017
832	768	0	832	770	0
832	768	64	830	768	62
832	768	128	830	768	127
832	768	192	830	769	192
832	768	256	830	769	254
832	768	320	830	769	319
832	768	384	831	770	384
832	768	448	831	769	450
832	768	512	831	770	512
832	768	576	831	769	578
832	768	640	831	769	642
832	768	704	830	768	705
832	768	768	831	769	769
832	768	832	831	769	829
832	768	896	830	768	894
832	768	960	831	768	956
832	768	1023	830	768	1018
832	832	0	830	830	0
832	832	64	829	829	61
832	832	128	829	829	127
832	832	192	828	829	191
832	832	256	829	830	254
832	832	320	830	831	319
832	832	384	830	831	383
832	832	448	830	830	449
832	832	512	830	830	511
832	832	576	831	831	577
832	832	640	830	830	641
832	832	704	830	830	705
832	832	768	830	831	768
832	832	832	830	830	829
832	832	896	830	830	894
832	832	960	830	829	955
832	832	1023	830	830	1018
832	896	0	830	894	0
832	896	64	828	893	61
832	896	128	829	894	126
832	896	192	828	893	190
832	896	256	829	894	253
832	896	320	830	895	319
832	896	384	830	895	382
832	896	448	830	895	449
832	896	512	830	895	511
832	896	576	831	896	578
832	896	640	830	895	641
832	896	704	830	895	705
832	896	768	831	895	768
832	896	832	830	894	829
832	896	896	830	894	893
832	896	960	830	894	955
832	896	1023	830	895	1018
832	960	0	831	956	0
832	960	64	829	955	61
832	960	128	829	955	126
832	960	192	830	956	191
832	960	256	830	956	254
832	960	320	830	956	319
832	960	384	831	957	383
832	960	448	830	956	449
832	960	512	830	956	511
832	960	576	831	957	578
832	960	640	830	956	642
832	960	704	830	956	705
832	960	768	831	957	769
832	960	832	830	956	829
832	960	896	830	956	894
832	960	960	830	955	956
832	960	1023	831	956	1018
832	1023	0	832	1021	0
832	1023	64	829	1018	59
832	1023	128	830	1018	126
832	1023	192	830	1019	191
832	1023	256	830	1019	254
832	1023	320	830	1019	319
832	1023	384	831	1020	383
832	1023	448	831	1019	449
832	1023	512	831	1020	511
832	1023	576	831	1020	578
832	1023	640	831	1020	642
832	1023	704	830	1019	706
832	1023	768	831	1019	769
832	1023	832	831	1018	830
832	1023	896	831	1018	894
832	1023	960	831	1018	957
832	1023	1023	831	1017	1018
896	0	0	893	57	0
896	0	64	892	56	64
896	0	128	892	55	127
896	0	192	891	56	190
896	0	256	892	57	253
896	0	320	893	56	317
896	0	384	893	56	381
896	0	448	893	56	447
896	0	512	893	56	508
896	0	576	894	56	575
896	0	640	892	57	638
896	0	704	893	57	701
896	0	768	893	58	765
896	0	832	893	58	825
896	0	896	892	59	889
896	0	960	892	59	951
896	0	1023	893	61	1014
896	64	0	894	87	0
896	64	64	893	86	64
896	64	128	892	86	127
896	64	192	893	86	191
896	64	256	894	86	254
896	64	320	894	86	318
896	64	384	893	87	381
896	64	448	894	86	447
896	64	512	894	87	509
896	64	576	895	88	575
896	64	640	893	88	639
896	64	704	893	89	702
896	64	768	894	89	765
896	64	832	893	89	826
896	64	896	893	88	890
896	64	960	894	90	952
896	64	1023	894	91	1014
896	128	0	895	141	0
896	128	64	892	140	64
896	128	128	892	140	127
896	128	192	893	140	191
896	128	256	893	140	253
896	128	320	893	141	318
896	128	384	894	141	382
896	128	448	893	141	447
896	128	512	894	141	509
896	128	576	894	141	575
896	128	640	894	142	639
896	128	704	893	141	702
896	128	768	894	142	765
896	128	832	894	141	826
896	128	896	893	141	890
896	128	960	894	143	952
896	128	1023	894	143	1013
896	192	0	894	200	0
896	192	64	893	200	64
896	192	128	893	200	127
896	192	192	893	199	191
896	192	256	893	200	253
896	192	320	894	200	318
896	192	384	893	200	381
896	192	448	894	200	447
896	192	512	894	200	509
896	192	576	895	201	575
896	192	640	893	200	639
896	192	704	893	200	702
896	192	768	894	201	765
896	192	832	894	201	826
896	192	896	893	201	890
896	192	960	893	201	952
896	192	1023	894	202	1014
896	256	0	895	261	0
896	256	64	892	260	64
896	256	128	893	261	128
896	256	192	893	261	191
896	256	256	894	261	254
896	256	320	894	261	318
896	256	384	894	261	382
896	256	448	894	261	447
896	256	512	894	261	509
896	256	576	894	262	575
896	256	640	894	262	639
896	256	704	894	261	703
896	256	768	894	261	765
896	256	832	893	261	825
896	256	896	893	261	890
896	256	960	893	261	952
896	256	1023	894	262	1014
896	320	0	895	325	0
896	320	64	893	324	64
896	320	128	892	324	127
896	320	192	893	324	191
896	320	256	894	325	253
896	320	320	894	325	318
896	320	384	894	325	382
896	320	448	894	325	448
896	320	512	895	325	509
896	320	576	895	325	576
896	320	640	894	324	639
896	320	704	894	324	703
896	320	768	895	325	766
896	320	832	894	324	826
896	320	896	893	324	890
896	320	960	894	324	952
896	320	1023	895	325	1014
896	384	0	895	387	0
896	384	64	893	386	64
896	384	128	893	386	127
896	384	192	893	386	191
896	384	256	894	387	253
896	384	320	894	387	318
896	384	384	895	388	382
896	384	448	894	387	448
896	384	512	894	387	509
896	384	576	895	387	576
896	384	640	894	386	639
896	384	704	894	387	703
896	384	768	894	387	766
896	384	832	894	386	826
896	384	896	893	386	890
896	384	960	893	386	952
896	384	1023	895	387	1015
896	448	0	896	452	0
896	448	64	893	450	64
896	448	128	893	450	127
896	448	192	894	451	191
896	448	256	894	451	253
896	448	320	894	451	318
896	448	384	895	451	382
896	448	448	894	451	448
896	448	512	895	451	510
896	448	576	895	451	576
896	448	640	894	451	640
896	448	704	894	451	703
896	448	768	895	451	766
896	448	832	894	451	827
896	448	896	894	450	891
896	448	960	895	451	954
896	448	1023	895	451	1015
896	512	0	896	513	0
896	512	64	893	511	64
896	512	128	894	511	127
896	512	192	895	512	191
896	512	256	894	512	254
896	512	320	895	512	318
896	512	384	896	513	383
896	512	448	895	512	448
896	512	512	896	513	510
896	512	576	895	513	576
896	512	640	895	512	640
896	512	704	894	512	703
896	512	768	895	512	766
896	512	832	895	511	827
896	512	896	895	511	892
896	512	960	895	511	954
896	512	1023	895	511	1015
896	576	0	896	578	0
896	576	64	894	578	63
896	576	128	894	578	127
896	576	192	893	577	191
896	576	256	894	578	254
896	576	320	895	579	318
896	576	384	895	579	382
896	576	448	895	579	448
896	576	512	895	578	509
896	576	576	896	579	576
896	576	640	895	578	640
896	576	704	895	578	703
896	576	768	895	578	767
896	576	832	895	578	827
896	576	896	895	578	892
896	576	960	894	577	953
896	576	1023	895	578	1015
896	640	0	896	643	0
896	640	64	894	642	63
896	640	128	894	642	127
896	640	192	894	642	191
896	640	256	895	643	254
896	640	320	895	643	319
896	640	384	896	643	383
896	640	448	896	643	449
896	640	512	896	643	510
896	640	576	897	644	577
896	640	640	896	643	641
896	640	704	896	643	704
896	640	768	896	643	768
896	640	832	896	643	828
896	640	896	895	642	892
896	640	960	895	642	955
896	640	1023	896	642	1016
896	704	0	898	705	0
896	704	64	895	703	63
896	704	128	895	703	127
896	704	192	896	704	192
896	704	256	897	705	254
896	704	320	896	704	319
896	704	384	897	704	383
896	704	448	896	704	449
896	704	512	897	704	511
896	704	576	897	704	577
896	704	640	897	704	641
896	704	704	897	704	705
896	704	768	897	704	768
896	704	832	896	703	828
896	704	896	896	703	893
896	704	960	896	703	955
896	704	1023	897	703	1017
896	768	0	898	769	0
896	768	64	896	768	62
896	768	128	896	767	127
896	768	192	896	768	191
896	768	256	897	769	254
896	768	320	896	768	319
896	768	384	897	769	383
896	768	448	897	769	449
896	768	512	897	769	511
896	768	576	898	769	578
896	768	640	897	768	642
896	768	704	897	768	705
896	768	768	897	769	769
896	768	832	897	768	829
896	768	896	896	767	893
896	768	960	897	767	956
896	768	1023	896	767	1017
896	832	0	897	831	0
896	832	64	895	829	62
896	832	128	895	829	126
896	832	192	896	830	191
896	832	256	896	831	254
896	832	320	896	830	319
896	832	384	897	831	383
896	832	448	896	830	449
896	832	512	897	831	511
896	832	576	897	831	577
896	832	640	897	831	641
896	832	704	897	830	705
896	832	768	896	830	768
896	832	832	896	829	828
896	832	896	896	829	893
896	832	960	896	829	955
896	832	1023	896	830	1017
896	896	0	898	896	0
896	896	64	895	893	60
896	896	128	895	894	126
896	896	192	896	894	191
896	896	256	897	895	254
896	896	320	896	895	319
896	896	384	897	895	383
896	896	448	896	894	449
896	896	512	897	895	511
896	896	576	897	896	577
896	896	640	896	895	641
896	896	704	897	895	705
896	896	768	897	895	768
896	896	832	896	894	829
896	896	896	897	894	894
896	896	960	897	895	956
896	896	1023	897	894	1017
896	960	0	898	957	0
896	960	64	895	954	60
896	960	128	895	955	126
896	960	192	896	955	191
896	960	256	897	957	254
896	960	320	897	956	319
896	960	384	897	957	383
896	960	448	898	957	449
896	960	512	897	957	511
896	960	576	898	957	577
896	960	640	897	956	642
896	960	704	897	956	705
896	960	768	898	957	769
896	960	832	897	956	829
896	960	896	896	955	894
896	960	960	897	956	956
896	960	1023	897	956	1018
896	1023	0	899	1021	0
896	1023	64	897	1019	59
896	1023	128	896	1018	126
896	1023	192	896	1019	190
896	1023	256	897	1020	254
896	1023	320	897	1020	319
896	1023	384	898	1020	383
896	1023	448	898	1020	449
896	1023	512	897	1020	511
896	1023	576	898	1021	578
896	1023	640	897	1019	642
896	1023	704	898	1020	706
896	1023	768	898	1020	769
896	1023	832	898	1019	830
896	1023	896	897	1018	894
896	1023	960	897	1018	957
896	1023	1023	897	1017	1018
960	0	0	956	59	0
960	0	64	953	59	62
960	0	128	953	59	126
960	0	192	954	59	190
960	0	256	955	59	252
960	0	320	954	60	317
960	0	384	955	59	381
960	0	448	956	59	447
960	0	512	955	60	508
960	0	576	955	60	574
960	0	640	955	61	638
960	0	704	955	61	701
960	0	768	956	61	765
960	0	832	955	62	824
960	0	896	954	62	888
960	0	960	955	64	951
960	0	1023	955	63	1012
960	64	0	957	89	0
960	64	64	954	88	62
960	64	128	954	88	126
960	64	192	955	88	190
960	64	256	956	89	253
960	64	320	955	88	317
960	64	384	956	89	381
960	64	448	955	89	447
960	64	512	956	88	508
960	64	576	956	90	574
960	64	640	956	89	638
960	64	704	955	90	701
960	64	768	956	90	765
960	64	832	955	91	825
960	64	896	955	91	889
960	64	960	956	91	952
960	64	1023	956	94	1013
960	128	0	956	141	0
960	128	64	954	141	62
960	128	128	954	141	126
960	128	192	954	141	190
960	128	256	955	141	252
960	128	320	955	142	317
960	128	384	956	142	381
960	128	448	955	142	447
960	128	512	955	141	508
960	128	576	956	143	574
960	128	640	955	141	638
960	128	704	955	142	701
960	128	768	956	143	765
960	128	832	956	142	825
960	128	896	955	142	889
960	128	960	955	143	952
960	128	1023	956	144	1013
960	192	0	957	201	0
960	192	64	954	200	62
960	192	128	954	200	126
960	192	192	955	200	190
960	192	256	956	201	253
960	192	320	955	200	317
960	192	384	956	201	381
960	192	448	956	201	447
960	192	512	956	200	508
960	192	576	956	201	574
960	192	640	956	201	639
960	192	704	955	201	702
960	192	768	956	201	765
960	192	832	955	200	825
960	192	896	955	201	889
960	192	960	956	201	952
960	192	1023	956	201	1013
960	256	0	957	261	0
960	256	64	954	260	63
960	256	128	955	261	126
960	256	192	955	261	191
960	256	256	955	261	252
960	256	320	956	261	317
960	256	384	957	262	381
960	256	448	956	261	447
960	256	512	955	261	508
960	256	576	957	262	575
960	256	640	956	262	639
960	256	704	955	261	701
960	256	768	956	261	765
960	256	832	956	261	825
960	256	896	956	261	890
960	256	960	955	261	952
960	256	1023	956	262	1013
960	320	0	957	324	0
960	320	64	954	323	62
960	320	128	954	323	126
960	320	192	955	324	190
960	320	256	956	324	253
960	320	320	955	324	317
960	320	384	956	325	381
960	320	448	956	324	447
960	320	512	957	325	509
960	320	576	957	325	575
960	320	640	956	324	639
960	320	704	957	324	703
960	320	768	957	325	766
960	320	832	956	324	825
960	320	896	956	323	890
960	320	960	956	324	952
960	320	1023	956	324	1013
960	384	0	957	387	0
960	384	64	955	386	63
960	384	128	955	386	126
960	384	192	955	386	190
960	384	256	956	387	253
960	384	320	956	386	317
960	384	384	956	387	381
960	384	448	956	387	447
960	384	512	956	387	509
960	384	576	957	387	575
960	384	640	956	387	639
960	384	704	956	387	702
960	384	768	957	387	766
960	384	832	956	386	826
960	384	896	955	386	890
960	384	960	956	386	952
960	384	1023	956	386	1014
960	448	0	957	451	0
960	448	64	955	450	62
960	448	128	955	450	126
960	448	192	955	450	190
960	448	256	956	451	253
960	448	320	957	451	318
960	448	384	956	451	381
960	448	448	956	451	447
960	448	512	956	451	509
960	448	576	958	452	576
960	448	640	956	450	639
960	448	704	957	451	703
960	448	768	957	451	766
960	448	832	957	450	826
960	448	896	956	450	890
960	448	960	956	450	953
960	448	1023	957	450	1015
960	512	0	958	512	0
960	512	64	956	511	62
960	512	128	955	511	126
960	512	192	956	511	190
960	512	256	957	512	253
960	512	320	957	512	318
960	512	384	957	512	382
960	512	448	957	512	448
960	512	512	957	512	509
960	512	576	958	513	576
960	512	640	956	511	639
960	512	704	957	512	703
960	512	768	958	512	766
960	512	832	957	511	827
960	512	896	956	510	890
960	512	960	957	511	953
960	512	1023	958	511	1015
960	576	0	958	578	0
960	576	64	955	577	62
960	576	128	956	577	126
960	576	192	956	578	190
960	576	256	957	579	253
960	576	320	957	578	317
960	576	384	957	578	382
960	576	448	957	578	448
960	576	512	957	578	509
960	576	576	958	579	576
960	576	640	957	578	640
960	576	704	957	578	703
960	576	768	958	579	767
960	576	832	957	577	827
960	576	896	956	577	891
960	576	960	957	577	953
960	576	1023	958	577	1015
960	640	0	959	643	0
960	640	64	956	641	62
960	640	128	956	641	127
960	640	192	957	642	190
960	640	256	958	643	253
960	640	320	958	643	318
960	640	384	958	643	382
960	640	448	957	642	448
960	640	512	958	643	510
960	640	576	958	643	576
960	640	640	958	642	640
960	640	704	957	642	703
960	640	768	958	642	767
960	640	832	957	642	827
960	640	896	958	642	892
960	640	960	958	642	954
960	640	1023	958	642	1016
960	704	0	960	704	0
960	704	64	958	703	62
960	704	128	958	703	127
960	704	192	958	704	191
960	704	256	959	704	254
960	704	320	959	704	319
960	704	384	959	705	383
960	704	448	959	704	449
960	704	512	958	703	510
960	704	576	959	704	576
960	704	640	959	704	641
960	704	704	959	703	704
960	704	768	959	704	768
960	704	832	959	703	828
960	704	896	959	703	893
960	704	960	958	702	954
960	704	1023	959	703	1017
960	768	0	960	769	0
960	768	64	958	767	61
960	768	128	958	767	126
960	768	192	959	768	191
960	768	256	959	769	254
960	768	320	959	768	319
960	768	384	960	769	383
960	768	448	959	768	449
960	768	512	960	769	511
960	768	576	960	769	577
960	768	640	959	768	641
960	768	704	959	768	705
960	768	768	959	768	768
960	768	832	959	767	828
960	768	896	959	767	893
960	768	960	959	768	956
960	768	1023	959	767	1017
960	832	0	960	831	0
960	832	64	957	829	60
960	832	128	957	829	126
960	832	192	958	830	190
960	832	256	958	830	253
960	832	320	959	830	318
960	832	384	960	831	383
960	832	448	959	830	448
960	832	512	959	831	511
960	832	576	959	831	577
960	832	640	959	830	641
960	832	704	958	829	704
960	832	768	959	830	768
960	832	832	959	829	828
960	832	896	958	829	893
960	832	960	959	829	955
960	832	1023	959	829	1017
960	896	0	960	895	0
960	896	64	957	893	59
960	896	128	958	893	125
960	896	192	958	894	190
960	896	256	958	894	253
960	896	320	958	894	318
960	896	384	959	895	382
960	896	448	958	894	448
960	896	512	959	895	510
960	896	576	960	895	577
960	896	640	959	895	641
960	896	704	959	894	704
960	896	768	959	895	768
960	896	832	959	894	828
960	896	896	958	893	893
960	896	960	958	893	955
960	896	1023	959	894	1017
960	960	0	961	957	0
960	960	64	958	955	60
960	960	128	958	955	126
960	960	192	959	956	190
960	960	256	959	956	253
960	960	320	959	956	318
960	960	384	960	957	383
960	960	448	959	956	448
960	960	512	960	957	511
960	960	576	961	958	578
960	960	640	959	956	641
960	960	704	959	956	705
960	960	768	960	956	768
960	960	832	960	956	829
960	960	896	960	955	894
960	960	960	960	956	956
960	960	1023	959	956	1018
960	1023	0	961	1020	0
960	1023	64	958	1018	59
960	1023	128	958	1018	125
960	1023	192	959	1019	190
960	1023	256	960	1020	254
960	1023	320	960	1019	318
960	1023	384	960	1020	383
960	1023	448	960	1019	449
960	1023	512	960	1020	511
960	1023	576	960	1020	577
960	1023	640	960	1020	642
960	1023	704	960	1019	705
960	1023	768	960	1019	769
960	1023	832	960	1018	829
960	1023	896	959	1017	894
960	1023	960	960	1017	957
960	1023	1023	960	1017	1018
1023	0	0	1016	62	0
1023	0	64	1012	62	62
1023	0	128	1012	62	126
1023	0	192	1013	62	190
1023	0	256	1014	62	252
1023	0	320	1013	63	316
1023	0	384	1014	63	380
1023	0	448	1013	63	446
1023	0	512	1014	63	508
1023	0	576	1014	64	574
1023	0	640	1014	64	638
1023	0	704	1014	64	701
1023	0	768	1014	65	764
1023	0	832	1014	65	824
1023	0	896	1013	66	889
1023	0	960	1014	66	951
1023	0	1023	1014	68	1012
1023	64	0	1016	90	0
1023	64	64	1013	89	63
1023	64	128	1014	89	127
1023	64	192	1014	90	190
1023	64	256	1014	90	253
1023	64	320	1014	90	317
1023	64	384	1015	90	381
1023	64	448	1015	90	447
1023	64	512	1015	90	509
1023	64	576	1015	91	574
1023	64	640	1015	92	638
1023	64	704	1014	91	701
1023	64	768	1015	92	765
1023	64	832	1015	91	825
1023	64	896	1014	93	889
1023	64	960	1015	93	952
1023	64	1023	1015	94	1013
1023	128	0	1015	142	0
1023	128	64	1014	141	63
1023	128	128	1013	142	126
1023	128	192	1014	142	190
1023	128	256	1014	142	253
1023	128	320	1015	142	317
1023	128	384	1015	143	381
1023	128	448	1015	142	447
1023	128	512	1015	142	508
1023	128	576	1016	143	575
1023	128	640	1014	143	638
1023	128	704	1014	143	701
1023	128	768	1015	144	765
1023	128	832	1015	144	825
1023	128	896	1014	143	889
1023	128	960	1015	144	952
1023	128	1023	1015	145	1013
1023	192	0	1016	201	0
1023	192	64	1013	200	62
1023	192	128	1013	201	127
1023	192	192	1014	201	190
1023	192	256	1015	201	253
1023	192	320	1014	201	317
1023	192	384	1015	201	381
1023	192	448	1014	201	446
1023	192	512	1015	201	508
1023	192	576	1015	201	574
1023	192	640	1015	201	638
1023	192	704	1014	201	701
1023	192	768	1014	202	764
1023	192	832	1014	201	825
1023	192	896	1014	201	889
1023	192	960	1014	201	952
1023	192	1023	1015	202	1013
1023	256	0	1015	261	0
1023	256	64	1014	261	63
1023	256	128	1014	261	127
1023	256	192	1013	261	190
1023	256	256	1014	261	252
1023	256	320	1015	262	317
1023	256	384	1016	262	381
1023	256	448	1015	261	447
1023	256	512	1015	261	508
1023	256	576	1016	262	575
1023	256	640	1014	261	638
1023	256	704	1014	261	701
1023	256	768	1015	262	765
1023	256	832	1015	261	825
1023	256	896	1015	261	890
1023	256	960	1014	261	952
1023	256	1023	1015	262	1013
1023	320	0	1016	325	0
1023	320	64	1013	324	63
1023	320	128	1014	324	127
1023	320	192	1014	324	190
1023	320	256	1015	325	253
1023	320	320	1014	324	317
1023	320	384	1015	325	381
1023	320	448	1014	325	447
1023	320	512	1015	325	508
1023	320	576	1015	325	574
1023	320	640	1015	325	639
1023	320	704	1014	324	702
1023	320	768	1015	325	765
1023	320	832	1015	324	825
1023	320	896	1014	324	890
1023	320	960	1015	324	952
1023	320	1023	1015	324	1013
1023	384	0	1015	387	0
1023	384	64	1013	385	62
1023	384	128	1013	386	126
1023	384	192	1014	386	190
1023	384	256	1015	387	253
1023	384	320	1014	387	317
1023	384	384	1015	387	381
1023	384	448	1015	387	447
1023	384	512	1015	387	508
1023	384	576	1015	387	575
1023	384	640	1015	387	639
1023	384	704	1015	387	702
1023	384	768	1015	387	765
1023	384	832	1014	386	825
1023	384	896	1015	386	890
1023	384	960	1015	386	952
1023	384	1023	1015	386	1013
1023	448	0	1016	451	0
1023	448	64	1014	450	63
1023	448	128	1013	450	127
1023	448	192	1014	450	190
1023	448	256	1015	451	253
1023	448	320	1014	450	317
1023	448	384	1015	451	381
1023	448	448	1015	451	447
1023	448	512	1015	451	508
1023	448	576	1016	451	575
1023	448	640	1014	450	639
1023	448	704	1015	450	702
1023	448	768	1016	451	766
1023	448	832	1015	450	826
1023	448	896	1014	450	890
1023	448	960	1015	450	952
1023	448	1023	1015	450	1014
1023	512	0	1017	512	0
1023	512	64	1015	511	62
1023	512	128	1014	511	126
1023	512	192	1015	511	190
1023	512	256	1016	512	253
1023	512	320	1015	512	317
1023	512	384	1016	512	381
1023	512	448	1016	512	447
1023	512	512	1015	512	509
1023	512	576	1017	513	576
1023	512	640	1015	511	639
1023	512	704	1016	512	703
1023	512	768	1016	512	766
1023	512	832	1016	511	826
1023	512	896	1015	510	890
1023	512	960	1016	511	953
1023	512	1023	1016	510	1014
1023	576	0	1017	578	0
1023	576	64	1014	577	62
1023	576	128	1014	577	126
1023	576	192	1015	578	191
1023	576	256	1016	579	253
1023	576	320	1015	578	317
1023	576	384	1016	579	382
1023	576	448	1015	578	447
1023	576	512	1016	579	509
1023	576	576	1016	579	575
1023	576	640	1016	578	640
1023	576	704	1016	578	703
1023	576	768	1016	578	766
1023	576	832	1015	577	826
1023	576	896	1015	577	891
1023	576	960	1016	577	953
1023	576	1023	1016	577	1015
1023	640	0	1018	643	0
1023	640	64	1015	641	62
1023	640	128	1015	641	126
1023	640	192	1016	642	190
1023	640	256	1016	642	253
1023	640	320	1017	643	318
1023	640	384	1017	643	382
1023	640	448	1017	643	448
1023	640	512	1017	643	510
1023	640	576	1017	643	576
1023	640	640	1017	643	640
1023	640	704	1016	642	703
1023	640	768	1017	643	767
1023	640	832	1016	642	827
1023	640	896	1016	641	891
1023	640	960	1017	642	954
1023	640	1023	1017	642	1015
1023	704	0	1018	703	0
1023	704	64	1016	702	61
1023	704	128	1016	703	127
1023	704	192	1016	702	190
1023	704	256	1017	703	253
1023	704	320	1017	703	318
1023	704	384	1018	704	383
1023	704	448	1017	704	448
1023	704	512	1017	703	510
1023	704	576	1018	704	577
1023	704	640	1017	703	640
1023	704	704	1017	703	704
1023	704	768	1018	704	767
1023	704	832	1018	703	828
1023	704	896	1017	703	893
1023	704	960	1017	702	955
1023	704	1023	1018	703	1017
1023	768	0	1019	769	0
1023	768	64	1017	767	62
1023	768	128	1017	768	127
1023	768	192	1017	768	191
1023	768	256	1018	768	254
1023	768	320	1018	769	319
1023	768	384	1019	770	383
1023	768	448	1018	768	449
1023	768	512	1018	769	511
1023	768	576	1018	769	577
1023	768	640	1018	768	641
1023	768	704	1017	767	704
1023	768	768	1018	768	768
1023	768	832	1018	767	828
1023	768	896	1017	767	893
1023	768	960	1018	767	955
1023	768	1023	1018	767	1017
1023	832	0	1018	830	0
1023	832	64	1016	829	59
1023	832	128	1016	829	126
1023	832	192	1017	830	190
1023	832	256	1017	830	253
1023	832	320	1018	831	318
1023	832	384	1019	831	383
1023	832	448	1018	830	449
1023	832	512	1018	830	510
1023	832	576	1019	831	577
1023	832	640	1017	830	641
1023	832	704	1018	830	704
1023	832	768	1018	830	768
1023	832	832	1018	830	828
1023	832	896	1017	829	893
1023	832	960	1017	829	955
1023	832	1023	1018	829	1017
1023	896	0	1018	894	0
1023	896	64	1016	893	60
1023	896	128	1017	894	126
1023	896	192	1016	893	190
1023	896	256	1017	895	253
1023	896	320	1017	895	318
1023	896	384	1019	896	383
1023	896	448	1018	895	448
1023	896	512	1018	895	510
1023	896	576	1018	896	577
1023	896	640	1017	894	641
1023	896	704	1017	894	704
1023	896	768	1018	895	768
1023	896	832	1017	894	828
1023	896	896	1017	894	893
1023	896	960	1017	893	955
1023	896	1023	1018	894	1017
1023	960	0	1019	956	0
1023	960	64	1017	955	60
1023	960	128	1017	955	126
1023	960	192	1018	956	191
1023	960	256	1017	956	253
1023	960	320	1018	956	318
1023	960	384	1018	957	383
1023	960	448	1018	956	449
1023	960	512	1018	956	510
1023	960	576	1019	957	577
1023	960	640	1017	956	641
1023	960	704	1018	956	704
1023	960	768	1018	956	768
1023	960	832	1018	956	829
1023	960	896	1018	956	893
1023	960	960	1018	955	955
1023	960	1023	1018	956	1017
1023	1023	0	1020	1021	0
1023	1023	64	1017	1018	59
1023	1023	128	1017	1019	125
1023	1023	192	1018	1019	191
1023	1023	256	1018	1020	254
1023	1023	320	1018	1020	319
1023	1023	384	1019	1021	383
1023	1023	448	1019	1020	450
1023	1023	512	1019	1021	511
1023	1023	576	1019	1021	578
1023	1023	640	1019	1020	642
1023	1023	704	1018	1020	706
1023	1023	768	1019	1021	769
1023	1023	832	1018	1020	830
1023	1023	896	1018	1019	895
1023	1023	960	1019	1020	957
1023	1023	1023	1019	1020	1019
