0	0	0	0	0	0
0	0	64	18	7	67
0	0	128	34	14	129
0	0	192	51	21	192
0	0	256	68	28	254
0	0	320	85	35	319
0	0	384	102	42	383
0	0	448	120	49	448
0	0	512	136	56	509
0	0	576	154	63	576
0	0	640	171	70	640
0	0	704	188	77	702
0	0	768	204	84	765
0	0	832	220	90	825
0	0	896	238	97	890
0	0	960	254	104	951
0	0	1023	270	111	1013
0	64	0	16	69	9
0	64	64	23	69	67
0	64	128	37	70	129
0	64	192	53	71	192
0	64	256	69	73	255
0	64	320	86	76	319
0	64	384	103	79	383
0	64	448	121	82	449
0	64	512	137	86	509
0	64	576	154	91	576
0	64	640	171	95	639
0	64	704	188	100	703
0	64	768	205	106	766
0	64	832	221	111	825
0	64	896	238	117	890
0	64	960	255	122	951
0	64	1023	271	128	1013
0	128	0	31	131	17
0	128	64	35	131	68
0	128	128	45	132	130
0	128	192	59	133	193
0	128	256	73	134	255
0	128	320	89	135	319
0	128	384	106	137	383
0	128	448	123	138	449
0	128	512	139	140	510
0	128	576	156	143	576
0	128	640	173	146	640
0	128	704	189	149	703
0	128	768	206	152	766
0	128	832	222	155	825
0	128	896	239	159	890
0	128	960	255	163	951
0	128	1023	272	167	1013
0	192	0	46	194	25
0	192	64	48	194	70
0	192	128	56	194	131
0	192	192	67	195	194
0	192	256	80	196	255
0	192	320	95	197	320
0	192	384	110	198	384
0	192	448	126	199	449
0	192	512	142	200	510
0	192	576	159	202	577
0	192	640	175	204	641
0	192	704	191	205	703
0	192	768	208	208	766
0	192	832	224	210	826
0	192	896	240	212	890
0	192	960	257	215	952
0	192	1023	273	219	1013
0	256	0	61	256	34
0	256	64	63	256	73
0	256	128	68	256	132
0	256	192	77	257	194
0	256	256	89	258	256
0	256	320	102	258	320
0	256	384	116	260	384
0	256	448	131	260	450
0	256	512	146	261	511
0	256	576	163	263	577
0	256	640	179	264	641
0	256	704	195	265	704
0	256	768	211	267	766
0	256	832	226	268	826
0	256	896	243	269	890
0	256	960	259	271	952
0	256	1023	275	274	1013
0	320	0	76	319	42
0	320	64	77	320	77
0	320	128	82	321	134
0	320	192	89	321	196
0	320	256	99	322	257
0	320	320	111	323	321
0	320	384	124	324	385
0	320	448	138	324	450
0	320	512	152	324	511
0	320	576	168	326	578
0	320	640	183	326	641
0	320	704	199	327	704
0	320	768	215	328	767
0	320	832	230	330	827
0	320	896	246	331	891
0	320	960	262	332	952
0	320	1023	278	334	1014
0	384	0	91	382	50
0	384	64	92	382	81
0	384	128	96	383	136
0	384	192	102	384	197
0	384	256	110	384	258
0	384	320	121	385	322
0	384	384	133	386	385
0	384	448	146	386	451
0	384	512	160	387	512
0	384	576	174	388	578
0	384	640	189	388	642
0	384	704	204	389	704
0	384	768	219	390	767
0	384	832	234	390	827
0	384	896	250	391	891
0	384	960	266	393	953
0	384	1023	281	394	1014
0	448	0	106	447	59
0	448	64	107	447	86
0	448	128	110	447	139
0	448	192	116	448	199
0	448	256	123	450	260
0	448	320	132	449	323
0	448	384	143	450	386
0	448	448	155	450	451
0	448	512	168	451	513
0	448	576	182	452	578
0	448	640	196	452	642
0	448	704	210	452	705
0	448	768	225	453	768
0	448	832	240	454	828
0	448	896	255	454	892
0	448	960	271	455	954
0	448	1023	286	457	1015
0	512	0	120	508	66
0	512	64	121	508	91
0	512	128	124	508	142
0	512	192	129	509	201
0	512	256	136	511	261
0	512	320	144	510	324
0	512	384	154	511	387
0	512	448	165	511	452
0	512	512	177	512	514
0	512	576	190	512	579
0	512	640	203	512	643
0	512	704	217	512	705
0	512	768	232	514	768
0	512	832	246	514	829
0	512	896	261	514	892
0	512	960	276	515	954
0	512	1023	291	517	1016
0	576	0	136	574	75
0	576	64	137	574	97
0	576	128	139	575	146
0	576	192	144	576	204
0	576	256	149	576	263
0	576	320	157	577	326
0	576	384	166	578	389
0	576	448	176	578	454
0	576	512	187	579	515
0	576	576	200	579	580
0	576	640	213	579	644
0	576	704	226	579	706
0	576	768	239	580	769
0	576	832	253	580	829
0	576	896	267	580	893
0	576	960	282	581	955
0	576	1023	297	582	1016
0	640	0	151	637	83
0	640	64	152	638	104
0	640	128	154	639	150
0	640	192	158	639	206
0	640	256	163	641	265
0	640	320	170	642	328
0	640	384	178	642	390
0	640	448	188	642	455
0	640	512	198	642	516
0	640	576	210	643	582
0	640	640	222	642	645
0	640	704	234	642	707
0	640	768	248	644	771
0	640	832	261	644	831
0	640	896	275	644	894
0	640	960	289	644	956
0	640	1023	303	646	1018
0	704	0	166	699	91
0	704	64	167	700	110
0	704	128	168	700	154
0	704	192	172	701	209
0	704	256	177	703	268
0	704	320	183	702	330
0	704	384	191	703	392
0	704	448	200	704	457
0	704	512	209	703	517
0	704	576	220	705	583
0	704	640	231	703	646
0	704	704	244	704	709
0	704	768	256	705	772
0	704	832	269	705	832
0	704	896	282	704	896
0	704	960	296	705	958
0	704	1023	310	705	1018
0	768	0	181	762	99
0	768	64	182	764	117
0	768	128	183	765	159
0	768	192	186	765	212
0	768	256	191	766	270
0	768	320	197	767	332
0	768	384	204	767	394
0	768	448	212	768	458
0	768	512	221	767	519
0	768	576	232	769	585
0	768	640	242	768	648
0	768	704	254	768	710
0	768	768	266	769	773
0	768	832	278	769	833
0	768	896	291	768	896
0	768	960	304	769	958
0	768	1023	318	770	1020
0	832	0	195	824	107
0	832	64	196	825	123
0	832	128	198	825	163
0	832	192	200	826	216
0	832	256	205	828	273
0	832	320	210	827	333
0	832	384	217	828	395
0	832	448	224	829	460
0	832	512	232	829	519
0	832	576	242	830	585
0	832	640	252	829	648
0	832	704	263	829	711
0	832	768	275	830	774
0	832	832	287	830	833
0	832	896	299	829	897
0	832	960	312	830	959
0	832	1023	325	830	1019
0	896	0	210	887	115
0	896	64	211	889	130
0	896	128	213	889	168
0	896	192	215	890	219
0	896	256	219	891	275
0	896	320	224	891	335
0	896	384	230	892	396
0	896	448	238	893	461
0	896	512	245	893	521
0	896	576	255	894	586
0	896	640	264	893	649
0	896	704	275	893	712
0	896	768	286	894	774
0	896	832	297	894	834
0	896	896	309	893	898
0	896	960	321	894	959
0	896	1023	334	894	1020
0	960	0	225	949	123
0	960	64	226	950	138
0	960	128	227	950	173
0	960	192	230	951	223
0	960	256	233	952	278
0	960	320	238	953	338
0	960	384	243	953	399
0	960	448	250	954	463
0	960	512	257	954	523
0	960	576	266	955	588
0	960	640	275	953	650
0	960	704	285	954	713
0	960	768	296	955	775
0	960	832	307	954	835
0	960	896	319	953	898
0	960	960	330	954	960
0	960	1023	342	955	1022
0	1023	0	240	1011	131
0	1023	64	240	1012	144
0	1023	128	242	1013	179
0	1023	192	244	1014	227
0	1023	256	247	1015	282
0	1023	320	252	1015	340
0	1023	384	257	1016	401
0	1023	448	263	1017	464
0	1023	512	270	1017	524
0	1023	576	279	1018	590
0	1023	640	287	1016	652
0	1023	704	297	1017	714
0	1023	768	307	1017	777
0	1023	832	317	1017	837
0	1023	896	328	1017	901
0	1023	960	340	1017	962
0	1023	1023	352	1017	1023
64	0	0	67	10	0
64	0	64	68	12	67
64	0	128	74	17	129
64	0	192	82	23	192
64	0	256	92	29	254
64	0	320	105	36	318
64	0	384	119	43	382
64	0	448	134	50	447
64	0	512	148	56	509
64	0	576	164	63	575
64	0	640	180	70	639
64	0	704	196	77	701
64	0	768	212	84	765
64	0	832	228	91	825
64	0	896	244	98	889
64	0	960	260	104	951
64	0	1023	276	112	1011
64	64	0	68	70	9
64	64	64	69	69	67
64	64	128	74	70	129
64	64	192	82	71	192
64	64	256	93	73	254
64	64	320	106	76	319
64	64	384	119	79	383
64	64	448	134	83	448
64	64	512	149	86	509
64	64	576	165	91	576
64	64	640	180	96	639
64	64	704	196	100	702
64	64	768	212	106	765
64	64	832	228	110	826
64	64	896	244	116	889
64	64	960	260	123	951
64	64	1023	276	129	1012
64	128	0	71	132	17
64	128	64	72	131	68
64	128	128	77	132	129
64	128	192	85	133	193
64	128	256	96	134	255
64	128	320	108	135	319
64	128	384	121	137	383
64	128	448	136	138	448
64	128	512	150	141	510
64	128	576	166	143	576
64	128	640	182	146	640
64	128	704	197	149	702
64	128	768	213	152	765
64	128	832	229	155	825
64	128	896	245	159	890
64	128	960	261	163	951
64	128	1023	276	168	1012
64	192	0	77	194	25
64	192	64	78	194	70
64	192	128	83	194	130
64	192	192	90	194	193
64	192	256	100	196	255
64	192	320	112	197	319
64	192	384	125	198	383
64	192	448	139	199	449
64	192	512	153	200	510
64	192	576	168	202	576
64	192	640	184	203	639
64	192	704	199	205	702
64	192	768	215	208	766
64	192	832	230	210	826
64	192	896	247	212	889
64	192	960	262	215	951
64	192	1023	278	218	1013
64	256	0	86	257	34
64	256	64	87	256	73
64	256	128	91	256	132
64	256	192	97	257	194
64	256	256	106	258	256
64	256	320	117	258	320
64	256	384	130	260	384
64	256	448	143	260	449
64	256	512	157	261	511
64	256	576	172	263	576
64	256	640	187	264	640
64	256	704	202	265	703
64	256	768	218	267	766
64	256	832	233	268	826
64	256	896	249	270	890
64	256	960	265	272	952
64	256	1023	280	274	1013
64	320	0	96	321	42
64	320	64	97	320	77
64	320	128	101	321	134
64	320	192	106	321	195
64	320	256	115	322	257
64	320	320	125	323	321
64	320	384	136	323	384
64	320	448	149	324	450
64	320	512	162	325	511
64	320	576	177	326	577
64	320	640	191	326	640
64	320	704	206	327	703
64	320	768	221	329	766
64	320	832	236	329	826
64	320	896	252	330	889
64	320	960	268	332	952
64	320	1023	282	334	1013
64	384	0	108	383	50
64	384	64	108	382	81
64	384	128	111	383	136
64	384	192	117	384	197
64	384	256	124	384	258
64	384	320	133	385	321
64	384	384	144	386	385
64	384	448	156	386	450
64	384	512	168	386	511
64	384	576	182	388	577
64	384	640	196	388	640
64	384	704	211	388	703
64	384	768	226	390	766
64	384	832	241	390	827
64	384	896	256	392	891
64	384	960	271	392	952
64	384	1023	287	394	1014
64	448	0	121	448	59
64	448	64	121	446	86
64	448	128	124	447	139
64	448	192	129	448	199
64	448	256	135	449	259
64	448	320	144	449	323
64	448	384	154	450	386
64	448	448	165	450	451
64	448	512	177	451	513
64	448	576	190	452	578
64	448	640	203	452	642
64	448	704	217	452	704
64	448	768	231	454	767
64	448	832	246	453	827
64	448	896	260	454	891
64	448	960	275	456	953
64	448	1023	290	457	1014
64	512	0	133	509	66
64	512	64	133	507	91
64	512	128	136	508	142
64	512	192	140	509	201
64	512	256	146	509	261
64	512	320	154	510	324
64	512	384	163	511	387
64	512	448	174	511	452
64	512	512	185	512	513
64	512	576	197	512	579
64	512	640	210	513	643
64	512	704	223	513	705
64	512	768	237	514	768
64	512	832	251	514	828
64	512	896	266	514	892
64	512	960	280	515	954
64	512	1023	295	516	1015
64	576	0	147	574	75
64	576	64	148	573	97
64	576	128	150	575	145
64	576	192	154	574	203
64	576	256	159	576	262
64	576	320	166	577	325
64	576	384	175	578	388
64	576	448	184	578	453
64	576	512	194	578	514
64	576	576	207	579	580
64	576	640	218	578	643
64	576	704	232	579	706
64	576	768	245	580	769
64	576	832	259	580	829
64	576	896	272	580	893
64	576	960	287	580	954
64	576	1023	301	582	1016
64	640	0	162	639	83
64	640	64	162	638	104
64	640	128	164	638	149
64	640	192	167	639	206
64	640	256	172	640	265
64	640	320	179	641	327
64	640	384	186	641	389
64	640	448	196	641	454
64	640	512	205	642	515
64	640	576	216	643	581
64	640	640	228	642	644
64	640	704	240	643	707
64	640	768	253	643	770
64	640	832	266	643	830
64	640	896	280	643	893
64	640	960	293	644	955
64	640	1023	307	645	1016
64	704	0	175	700	91
64	704	64	175	698	110
64	704	128	177	699	154
64	704	192	180	700	209
64	704	256	185	701	267
64	704	320	191	701	329
64	704	384	198	703	392
64	704	448	207	703	456
64	704	512	216	703	517
64	704	576	226	703	582
64	704	640	238	703	646
64	704	704	250	704	709
64	704	768	262	704	771
64	704	832	274	704	831
64	704	896	287	704	895
64	704	960	301	705	957
64	704	1023	314	705	1017
64	768	0	189	764	100
64	768	64	189	763	117
64	768	128	191	763	158
64	768	192	194	764	212
64	768	256	199	765	270
64	768	320	204	766	332
64	768	384	211	767	393
64	768	448	219	767	458
64	768	512	227	767	518
64	768	576	237	768	584
64	768	640	248	767	647
64	768	704	259	767	709
64	768	768	271	769	772
64	768	832	283	768	832
64	768	896	296	768	896
64	768	960	309	769	958
64	768	1023	321	769	1019
64	832	0	203	825	107
64	832	64	203	824	123
64	832	128	205	824	163
64	832	192	208	826	216
64	832	256	212	827	272
64	832	320	217	826	333
64	832	384	223	828	395
64	832	448	231	829	459
64	832	512	239	828	519
64	832	576	248	829	584
64	832	640	258	828	647
64	832	704	269	829	710
64	832	768	280	830	773
64	832	832	291	829	832
64	832	896	304	829	896
64	832	960	316	830	958
64	832	1023	330	830	1019
64	896	0	219	889	115
64	896	64	218	887	130
64	896	128	220	888	168
64	896	192	222	889	219
64	896	256	226	891	275
64	896	320	231	890	335
64	896	384	237	892	396
64	896	448	244	893	460
64	896	512	251	892	520
64	896	576	260	893	585
64	896	640	270	893	649
64	896	704	280	893	711
64	896	768	291	894	774
64	896	832	301	893	833
64	896	896	314	893	897
64	896	960	326	894	959
64	896	1023	338	894	1020
64	960	0	232	950	124
64	960	64	233	949	137
64	960	128	233	949	173
64	960	192	236	950	223
64	960	256	240	952	278
64	960	320	244	952	337
64	960	384	249	953	398
64	960	448	256	953	462
64	960	512	263	953	522
64	960	576	272	954	587
64	960	640	280	953	650
64	960	704	290	954	712
64	960	768	301	955	775
64	960	832	311	953	834
64	960	896	323	954	898
64	960	960	335	954	960
64	960	1023	346	955	1021
64	1023	0	247	1013	132
64	1023	64	247	1011	144
64	1023	128	247	1011	179
64	1023	192	250	1013	227
64	1023	256	253	1014	281
64	1023	320	258	1015	340
64	1023	384	262	1015	401
64	1023	448	269	1016	464
64	1023	512	276	1016	524
64	1023	576	284	1018	589
64	1023	640	292	1016	651
64	1023	704	302	1016	714
64	1023	768	312	1017	776
64	1023	832	321	1016	836
64	1023	896	333	1015	899
64	1023	960	344	1016	961
64	1023	1023	355	1016	1022
128	0	0	127	19	0
128	0	64	128	20	67
128	0	128	130	22	128
128	0	192	134	27	192
128	0	256	141	32	254
128	0	320	149	38	318
128	0	384	158	45	382
128	0	448	169	51	448
128	0	512	180	58	509
128	0	576	194	65	575
128	0	640	206	71	638
128	0	704	220	78	701
128	0	768	234	85	764
128	0	832	248	91	824
128	0	896	262	98	888
128	0	960	277	106	950
128	0	1023	292	112	1011
128	64	0	128	71	8
128	64	64	128	71	67
128	64	128	130	71	129
128	64	192	135	73	192
128	64	256	142	75	255
128	64	320	149	77	318
128	64	384	159	80	382
128	64	448	170	84	448
128	64	512	181	87	509
128	64	576	194	92	575
128	64	640	207	97	639
128	64	704	220	101	703
128	64	768	234	107	765
128	64	832	248	111	824
128	64	896	263	117	888
128	64	960	278	123	951
128	64	1023	293	128	1012
128	128	0	130	133	17
128	128	64	130	132	68
128	128	128	132	132	129
128	128	192	137	133	193
128	128	256	143	134	254
128	128	320	151	136	319
128	128	384	160	137	382
128	128	448	171	139	448
128	128	512	182	141	509
128	128	576	195	144	575
128	128	640	208	147	640
128	128	704	221	149	702
128	128	768	235	152	765
128	128	832	249	156	825
128	128	896	264	159	889
128	128	960	278	164	950
128	128	1023	293	168	1012
128	192	0	133	195	25
128	192	64	133	194	70
128	192	128	135	194	130
128	192	192	140	195	193
128	192	256	146	196	255
128	192	320	153	197	319
128	192	384	163	198	383
128	192	448	174	200	449
128	192	512	184	201	510
128	192	576	197	203	576
128	192	640	210	204	640
128	192	704	223	206	702
128	192	768	237	209	765
128	192	832	251	210	826
128	192	896	265	212	889
128	192	960	280	215	951
128	192	1023	294	219	1011
128	256	0	138	257	34
128	256	64	137	256	73
128	256	128	140	256	132
128	256	192	144	257	194
128	256	256	150	258	255
128	256	320	157	259	320
128	256	384	166	260	384
128	256	448	176	260	449
128	256	512	187	262	510
128	256	576	200	263	576
128	256	640	212	264	640
128	256	704	225	264	702
128	256	768	239	267	765
128	256	832	253	268	825
128	256	896	267	270	889
128	256	960	282	272	952
128	256	1023	296	275	1013
128	320	0	144	321	42
128	320	64	144	320	77
128	320	128	146	320	133
128	320	192	150	321	195
128	320	256	156	322	257
128	320	320	163	322	320
128	320	384	171	323	384
128	320	448	182	324	450
128	320	512	192	325	511
128	320	576	204	326	577
128	320	640	216	326	640
128	320	704	229	327	703
128	320	768	242	329	766
128	320	832	256	330	826
128	320	896	270	330	889
128	320	960	284	332	951
128	320	1023	298	334	1013
128	384	0	151	384	50
128	384	64	151	383	81
128	384	128	153	383	136
128	384	192	157	383	196
128	384	256	162	385	258
128	384	320	169	385	322
128	384	384	177	385	384
128	384	448	187	386	450
128	384	512	197	387	511
128	384	576	209	388	577
128	384	640	221	388	640
128	384	704	233	389	703
128	384	768	247	390	766
128	384	832	260	390	827
128	384	896	274	391	890
128	384	960	287	393	952
128	384	1023	302	394	1013
128	448	0	160	448	59
128	448	64	160	446	86
128	448	128	162	447	139
128	448	192	165	447	198
128	448	256	170	449	259
128	448	320	177	449	322
128	448	384	185	450	386
128	448	448	194	450	451
128	448	512	203	451	512
128	448	576	215	452	578
128	448	640	226	451	641
128	448	704	239	452	704
128	448	768	252	453	767
128	448	832	264	454	827
128	448	896	278	454	891
128	448	960	292	455	953
128	448	1023	306	457	1014
128	512	0	169	509	66
128	512	64	169	507	91
128	512	128	171	508	142
128	512	192	174	508	200
128	512	256	179	510	261
128	512	320	185	510	324
128	512	384	193	511	387
128	512	448	202	511	452
128	512	512	211	511	512
128	512	576	222	512	579
128	512	640	233	512	641
128	512	704	245	512	704
128	512	768	257	514	768
128	512	832	270	514	828
128	512	896	283	514	892
128	512	960	297	515	953
128	512	1023	311	516	1014
128	576	0	180	575	75
128	576	64	180	574	97
128	576	128	181	574	145
128	576	192	184	575	203
128	576	256	189	576	263
128	576	320	195	577	325
128	576	384	202	577	388
128	576	448	211	577	453
128	576	512	219	577	513
128	576	576	230	579	580
128	576	640	240	578	643
128	576	704	252	579	706
128	576	768	264	580	769
128	576	832	276	580	829
128	576	896	289	580	892
128	576	960	302	581	954
128	576	1023	316	581	1015
128	640	0	191	640	83
128	640	64	191	638	103
128	640	128	193	638	149
128	640	192	196	639	206
128	640	256	200	640	265
128	640	320	205	640	327
128	640	384	212	641	389
128	640	448	220	640	454
128	640	512	228	641	515
128	640	576	238	642	580
128	640	640	249	642	644
128	640	704	260	643	707
128	640	768	271	643	769
128	640	832	283	643	829
128	640	896	296	643	893
128	640	960	308	644	955
128	640	1023	322	645	1016
128	704	0	203	701	92
128	704	64	203	698	110
128	704	128	204	699	154
128	704	192	207	700	209
128	704	256	211	700	267
128	704	320	216	701	329
128	704	384	223	702	391
128	704	448	230	702	455
128	704	512	238	703	517
128	704	576	248	703	582
128	704	640	258	703	645
128	704	704	268	703	708
128	704	768	279	704	771
128	704	832	291	704	831
128	704	896	303	704	894
128	704	960	316	705	957
128	704	1023	328	706	1018
128	768	0	215	765	100
128	768	64	215	762	116
128	768	128	216	763	158
128	768	192	219	764	212
128	768	256	223	766	270
128	768	320	227	765	331
128	768	384	234	766	393
128	768	448	241	766	457
128	768	512	248	767	518
128	768	576	257	767	583
128	768	640	267	767	646
128	768	704	277	768	709
128	768	768	288	769	772
128	768	832	299	767	831
128	768	896	312	768	896
128	768	960	323	769	958
128	768	1023	335	769	1018
128	832	0	227	826	107
128	832	64	227	823	123
128	832	128	228	824	163
128	832	192	231	826	215
128	832	256	234	826	272
128	832	320	239	827	332
128	832	384	245	828	395
128	832	448	251	827	458
128	832	512	258	828	519
128	832	576	267	829	584
128	832	640	276	829	647
128	832	704	286	828	709
128	832	768	296	829	772
128	832	832	307	829	832
128	832	896	319	829	896
128	832	960	331	830	958
128	832	1023	342	830	1019
128	896	0	241	890	115
128	896	64	240	887	130
128	896	128	241	888	168
128	896	192	244	889	219
128	896	256	247	889	274
128	896	320	251	890	335
128	896	384	256	891	396
128	896	448	263	891	459
128	896	512	270	892	520
128	896	576	278	893	585
128	896	640	287	892	648
128	896	704	296	892	710
128	896	768	306	893	773
128	896	832	316	893	833
128	896	896	328	893	897
128	896	960	340	894	959
128	896	1023	351	894	1019
128	960	0	253	950	124
128	960	64	252	948	137
128	960	128	254	949	173
128	960	192	256	950	223
128	960	256	259	952	278
128	960	320	263	951	337
128	960	384	268	952	398
128	960	448	274	952	461
128	960	512	281	953	522
128	960	576	288	953	586
128	960	640	297	953	649
128	960	704	306	953	711
128	960	768	316	954	774
128	960	832	326	953	834
128	960	896	336	953	898
128	960	960	348	954	959
128	960	1023	359	955	1021
128	1023	0	266	1013	131
128	1023	64	265	1010	144
128	1023	128	266	1011	178
128	1023	192	269	1013	227
128	1023	256	272	1014	281
128	1023	320	276	1014	340
128	1023	384	280	1015	400
128	1023	448	287	1016	464
128	1023	512	292	1016	523
128	1023	576	300	1016	588
128	1023	640	308	1016	651
128	1023	704	317	1016	714
128	1023	768	326	1017	776
128	1023	832	336	1016	835
128	1023	896	346	1016	899
128	1023	960	357	1016	961
128	1023	1023	369	1016	1022
192	0	0	188	28	0
192	0	64	187	29	66
192	0	128	189	30	128
192	0	192	192	33	192
192	0	256	196	37	253
192	0	320	202	43	318
192	0	384	209	48	382
192	0	448	217	54	447
192	0	512	226	61	509
192	0	576	235	67	574
192	0	640	246	74	638
192	0	704	257	80	701
192	0	768	268	87	764
192	0	832	280	93	824
192	0	896	293	100	888
192	0	960	306	106	950
192	0	1023	319	114	1011
192	64	0	189	74	7
192	64	64	188	73	67
192	64	128	190	74	129
192	64	192	193	75	192
192	64	256	197	77	254
192	64	320	203	79	318
192	64	384	209	82	382
192	64	448	217	85	447
192	64	512	226	89	509
192	64	576	236	94	575
192	64	640	246	98	639
192	64	704	257	102	701
192	64	768	268	108	764
192	64	832	281	113	824
192	64	896	294	118	889
192	64	960	307	124	951
192	64	1023	320	130	1011
192	128	0	189	134	16
192	128	64	189	133	68
192	128	128	191	133	129
192	128	192	194	134	192
192	128	256	198	135	255
192	128	320	204	137	319
192	128	384	210	138	382
192	128	448	218	140	448
192	128	512	226	142	509
192	128	576	237	145	576
192	128	640	247	147	639
192	128	704	258	150	702
192	128	768	270	154	765
192	128	832	282	156	825
192	128	896	294	160	888
192	128	960	307	165	950
192	128	1023	320	169	1011
192	192	0	192	196	25
192	192	64	191	195	70
192	192	128	193	195	130
192	192	192	196	196	193
192	192	256	200	196	255
192	192	320	205	197	319
192	192	384	212	199	383
192	192	448	220	200	448
192	192	512	228	201	510
192	192	576	238	203	575
192	192	640	248	205	639
192	192	704	259	206	702
192	192	768	271	209	764
192	192	832	283	210	825
192	192	896	295	213	888
192	192	960	308	216	951
192	192	1023	321	219	1012
192	256	0	195	257	33
192	256	64	194	257	73
192	256	128	196	257	131
192	256	192	199	257	194
192	256	256	203	258	256
192	256	320	208	259	320
192	256	384	214	260	383
192	256	448	223	261	449
192	256	512	231	262	509
192	256	576	241	263	576
192	256	640	250	264	639
192	256	704	261	265	702
192	256	768	273	267	765
192	256	832	285	268	825
192	256	896	297	270	889
192	256	960	310	272	951
192	256	1023	323	275	1012
192	320	0	199	321	42
192	320	64	198	320	76
192	320	128	200	321	133
192	320	192	203	321	195
192	320	256	207	322	256
192	320	320	212	323	320
192	320	384	219	324	384
192	320	448	226	324	449
192	320	512	234	325	510
192	320	576	244	326	576
192	320	640	254	327	640
192	320	704	264	327	702
192	320	768	276	329	765
192	320	832	287	329	825
192	320	896	300	331	890
192	320	960	313	333	952
192	320	1023	325	335	1013
192	384	0	204	384	50
192	384	64	203	382	81
192	384	128	205	383	136
192	384	192	208	384	196
192	384	256	212	385	258
192	384	320	217	385	321
192	384	384	223	386	385
192	384	448	230	386	449
192	384	512	238	387	511
192	384	576	248	388	577
192	384	640	258	388	640
192	384	704	268	389	703
192	384	768	279	390	766
192	384	832	290	390	826
192	384	896	303	391	890
192	384	960	315	393	951
192	384	1023	328	394	1013
192	448	0	210	448	59
192	448	64	210	447	86
192	448	128	211	447	138
192	448	192	214	448	198
192	448	256	218	449	259
192	448	320	222	449	322
192	448	384	229	450	386
192	448	448	236	451	451
192	448	512	244	451	512
192	448	576	253	453	578
192	448	640	263	452	641
192	448	704	273	453	704
192	448	768	284	454	767
192	448	832	295	453	827
192	448	896	307	454	891
192	448	960	319	455	952
192	448	1023	332	457	1013
192	512	0	217	510	66
192	512	64	217	507	91
192	512	128	218	508	142
192	512	192	221	509	200
192	512	256	225	510	261
192	512	320	229	510	323
192	512	384	235	511	386
192	512	448	242	511	452
192	512	512	250	512	513
192	512	576	258	512	578
192	512	640	268	512	642
192	512	704	278	513	705
192	512	768	289	514	768
192	512	832	299	513	827
192	512	896	311	514	891
192	512	960	323	515	953
192	512	1023	336	516	1014
192	576	0	225	575	75
192	576	64	225	574	97
192	576	128	226	574	145
192	576	192	229	575	203
192	576	256	233	576	263
192	576	320	237	576	325
192	576	384	243	577	388
192	576	448	249	577	452
192	576	512	257	578	514
192	576	576	266	579	579
192	576	640	274	579	643
192	576	704	284	578	705
192	576	768	295	579	768
192	576	832	305	579	828
192	576	896	317	580	892
192	576	960	329	581	954
192	576	1023	341	582	1015
192	640	0	234	639	83
192	640	64	234	638	103
192	640	128	235	638	149
192	640	192	238	640	206
192	640	256	241	640	265
192	640	320	246	641	327
192	640	384	251	642	390
192	640	448	257	641	454
192	640	512	264	641	515
192	640	576	273	643	581
192	640	640	282	643	644
192	640	704	291	642	706
192	640	768	301	643	769
192	640	832	312	643	829
192	640	896	323	644	893
192	640	960	334	644	955
192	640	1023	346	646	1016
192	704	0	244	700	91
192	704	64	243	699	110
192	704	128	244	698	153
192	704	192	246	699	209
192	704	256	250	701	267
192	704	320	254	701	329
192	704	384	259	702	391
192	704	448	266	702	456
192	704	512	272	702	516
192	704	576	281	703	582
192	704	640	289	703	645
192	704	704	298	703	708
192	704	768	308	704	771
192	704	832	319	704	831
192	704	896	329	703	894
192	704	960	341	705	956
192	704	1023	353	706	1018
192	768	0	254	765	100
192	768	64	253	763	116
192	768	128	254	763	158
192	768	192	257	764	212
192	768	256	259	765	269
192	768	320	264	766	331
192	768	384	269	767	393
192	768	448	275	767	457
192	768	512	281	767	518
192	768	576	289	768	583
192	768	640	298	768	647
192	768	704	306	767	709
192	768	768	316	768	772
192	768	832	326	768	832
192	768	896	337	768	895
192	768	960	347	768	957
192	768	1023	359	770	1019
192	832	0	263	825	107
192	832	64	263	824	123
192	832	128	264	825	163
192	832	192	266	825	215
192	832	256	269	826	272
192	832	320	273	827	333
192	832	384	278	827	394
192	832	448	284	828	458
192	832	512	290	828	518
192	832	576	298	829	584
192	832	640	306	828	647
192	832	704	314	828	709
192	832	768	323	830	772
192	832	832	333	829	832
192	832	896	343	828	895
192	832	960	355	829	958
192	832	1023	366	831	1019
192	896	0	274	889	115
192	896	64	274	888	130
192	896	128	275	888	168
192	896	192	277	888	218
192	896	256	280	890	275
192	896	320	284	891	335
192	896	384	288	891	396
192	896	448	294	891	459
192	896	512	300	892	520
192	896	576	307	893	585
192	896	640	315	892	648
192	896	704	323	892	710
192	896	768	332	893	773
192	896	832	342	893	833
192	896	896	352	892	896
192	896	960	362	893	958
192	896	1023	374	894	1019
192	960	0	285	950	123
192	960	64	285	948	137
192	960	128	286	949	173
192	960	192	288	949	222
192	960	256	291	950	277
192	960	320	294	951	337
192	960	384	299	953	398
192	960	448	304	952	461
192	960	512	310	952	521
192	960	576	317	954	586
192	960	640	324	953	649
192	960	704	332	953	711
192	960	768	341	954	774
192	960	832	350	953	834
192	960	896	360	953	897
192	960	960	370	954	959
192	960	1023	381	955	1020
192	1023	0	297	1014	132
192	1023	64	296	1011	144
192	1023	128	297	1012	179
192	1023	192	299	1013	227
192	1023	256	302	1013	281
192	1023	320	305	1014	340
192	1023	384	310	1015	400
192	1023	448	315	1015	463
192	1023	512	320	1015	523
192	1023	576	327	1017	588
192	1023	640	334	1016	651
192	1023	704	342	1016	713
192	1023	768	351	1017	776
192	1023	832	359	1016	835
192	1023	896	369	1016	899
192	1023	960	379	1015	961
192	1023	1023	390	1016	1022
256	0	0	247	37	0
256	0	64	247	37	66
256	0	128	247	38	128
256	0	192	250	41	191
256	0	256	253	44	253
256	0	320	257	48	318
256	0	384	262	53	381
256	0	448	268	59	447
256	0	512	275	64	508
256	0	576	284	70	575
256	0	640	291	76	638
256	0	704	300	83	701
256	0	768	310	89	764
256	0	832	320	95	824
256	0	896	331	102	887
256	0	960	342	109	949
256	0	1023	354	116	1011
256	64	0	248	77	3
256	64	64	247	76	67
256	64	128	248	77	128
256	64	192	250	78	192
256	64	256	254	80	254
256	64	320	258	82	318
256	64	384	263	85	382
256	64	448	269	88	448
256	64	512	276	92	509
256	64	576	284	96	575
256	64	640	292	101	639
256	64	704	301	105	702
256	64	768	311	110	765
256	64	832	321	114	825
256	64	896	331	121	888
256	64	960	343	126	951
256	64	1023	354	132	1011
256	128	0	249	135	15
256	128	64	248	135	68
256	128	128	249	135	129
256	128	192	251	136	192
256	128	256	254	137	254
256	128	320	258	138	318
256	128	384	264	140	382
256	128	448	270	141	448
256	128	512	276	144	509
256	128	576	284	146	575
256	128	640	293	149	639
256	128	704	301	151	702
256	128	768	311	155	764
256	128	832	321	158	824
256	128	896	332	161	888
256	128	960	343	166	950
256	128	1023	355	170	1011
256	192	0	250	196	24
256	192	64	249	196	70
256	192	128	250	196	130
256	192	192	252	196	192
256	192	256	256	197	255
256	192	320	260	199	319
256	192	384	265	199	382
256	192	448	271	201	448
256	192	512	277	202	509
256	192	576	286	204	575
256	192	640	293	205	638
256	192	704	303	207	702
256	192	768	312	210	765
256	192	832	322	212	824
256	192	896	333	213	888
256	192	960	344	217	950
256	192	1023	356	220	1012
256	256	0	252	258	33
256	256	64	251	257	73
256	256	128	253	258	132
256	256	192	255	258	194
256	256	256	258	259	256
256	256	320	262	259	319
256	256	384	267	261	383
256	256	448	273	261	448
256	256	512	280	263	510
256	256	576	288	264	576
256	256	640	296	265	639
256	256	704	304	266	702
256	256	768	314	268	765
256	256	832	324	269	825
256	256	896	335	271	889
256	256	960	346	273	951
256	256	1023	357	275	1012
256	320	0	256	322	41
256	320	64	255	321	76
256	320	128	255	321	133
256	320	192	258	322	195
256	320	256	261	323	256
256	320	320	266	324	320
256	320	384	270	324	384
256	320	448	276	325	449
256	320	512	282	325	510
256	320	576	291	327	577
256	320	640	298	327	640
256	320	704	307	328	703
256	320	768	317	330	766
256	320	832	326	331	826
256	320	896	337	331	889
256	320	960	348	333	951
256	320	1023	359	335	1012
256	384	0	259	384	50
256	384	64	258	383	81
256	384	128	260	384	136
256	384	192	261	384	196
256	384	256	265	385	257
256	384	320	269	386	321
256	384	384	273	386	384
256	384	448	279	386	449
256	384	512	286	387	510
256	384	576	294	389	577
256	384	640	301	388	640
256	384	704	310	389	703
256	384	768	319	390	766
256	384	832	329	391	826
256	384	896	340	392	890
256	384	960	350	393	951
256	384	1023	362	395	1013
256	448	0	264	449	58
256	448	64	263	447	86
256	448	128	264	448	139
256	448	192	267	448	198
256	448	256	269	449	259
256	448	320	273	449	322
256	448	384	279	451	386
256	448	448	284	450	450
256	448	512	290	451	511
256	448	576	298	452	577
256	448	640	306	453	641
256	448	704	314	452	703
256	448	768	323	454	766
256	448	832	333	454	826
256	448	896	343	455	890
256	448	960	354	455	952
256	448	1023	365	458	1014
256	512	0	270	510	66
256	512	64	269	508	91
256	512	128	270	509	141
256	512	192	272	509	200
256	512	256	275	510	260
256	512	320	279	510	323
256	512	384	284	511	387
256	512	448	289	511	451
256	512	512	295	512	512
256	512	576	302	513	578
256	512	640	310	513	642
256	512	704	318	513	705
256	512	768	328	514	767
256	512	832	337	514	828
256	512	896	347	515	892
256	512	960	358	515	953
256	512	1023	369	517	1015
256	576	0	276	576	75
256	576	64	275	575	97
256	576	128	276	574	145
256	576	192	278	575	203
256	576	256	281	576	262
256	576	320	285	577	325
256	576	384	289	577	388
256	576	448	295	578	453
256	576	512	301	578	513
256	576	576	308	579	579
256	576	640	315	578	642
256	576	704	323	579	705
256	576	768	333	580	768
256	576	832	342	580	828
256	576	896	352	580	892
256	576	960	362	581	954
256	576	1023	373	582	1015
256	640	0	283	640	83
256	640	64	282	638	103
256	640	128	283	638	149
256	640	192	285	639	206
256	640	256	288	640	265
256	640	320	292	640	326
256	640	384	296	641	389
256	640	448	302	642	454
256	640	512	307	642	515
256	640	576	315	643	581
256	640	640	322	643	644
256	640	704	330	643	707
256	640	768	339	644	770
256	640	832	348	643	829
256	640	896	357	644	893
256	640	960	368	645	955
256	640	1023	378	645	1015
256	704	0	291	701	91
256	704	64	289	699	110
256	704	128	291	699	154
256	704	192	293	700	209
256	704	256	296	702	267
256	704	320	299	701	328
256	704	384	303	702	391
256	704	448	308	702	455
256	704	512	314	703	516
256	704	576	321	703	581
256	704	640	328	703	645
256	704	704	336	703	708
256	704	768	345	704	770
256	704	832	353	703	830
256	704	896	363	704	894
256	704	960	374	705	956
256	704	1023	384	705	1017
256	768	0	299	765	99
256	768	64	298	764	116
256	768	128	299	763	158
256	768	192	301	764	212
256	768	256	304	765	270
256	768	320	307	765	331
256	768	384	311	766	393
256	768	448	316	767	457
256	768	512	322	767	517
256	768	576	329	768	583
256	768	640	335	767	646
256	768	704	343	768	709
256	768	768	352	768	772
256	768	832	361	768	832
256	768	896	369	768	895
256	768	960	380	769	957
256	768	1023	390	769	1018
256	832	0	307	827	107
256	832	64	305	824	123
256	832	128	307	824	163
256	832	192	309	825	215
256	832	256	312	827	272
256	832	320	315	827	332
256	832	384	319	828	394
256	832	448	324	827	458
256	832	512	329	828	518
256	832	576	335	829	583
256	832	640	342	828	647
256	832	704	350	829	710
256	832	768	358	829	772
256	832	832	366	829	832
256	832	896	376	829	896
256	832	960	386	830	958
256	832	1023	396	830	1018
256	896	0	316	890	115
256	896	64	315	888	130
256	896	128	316	888	168
256	896	192	318	889	219
256	896	256	321	890	274
256	896	320	324	890	334
256	896	384	328	891	396
256	896	448	332	891	459
256	896	512	338	892	519
256	896	576	344	893	585
256	896	640	351	893	648
256	896	704	358	892	710
256	896	768	366	893	773
256	896	832	374	893	832
256	896	896	384	893	897
256	896	960	393	894	958
256	896	1023	403	895	1019
256	960	0	325	951	124
256	960	64	324	948	137
256	960	128	325	949	173
256	960	192	327	950	223
256	960	256	330	951	278
256	960	320	333	951	337
256	960	384	337	952	398
256	960	448	341	952	461
256	960	512	346	953	521
256	960	576	353	954	586
256	960	640	359	953	649
256	960	704	366	954	712
256	960	768	374	954	774
256	960	832	382	953	834
256	960	896	391	953	897
256	960	960	400	954	959
256	960	1023	410	955	1020
256	1023	0	335	1014	132
256	1023	64	335	1013	144
256	1023	128	335	1012	179
256	1023	192	337	1013	227
256	1023	256	340	1014	281
256	1023	320	342	1014	340
256	1023	384	346	1015	400
256	1023	448	351	1016	463
256	1023	512	356	1016	523
256	1023	576	362	1017	588
256	1023	640	367	1016	651
256	1023	704	375	1016	713
256	1023	768	383	1017	776
256	1023	832	390	1016	835
256	1023	896	399	1015	899
256	1023	960	408	1016	960
256	1023	1023	417	1016	1022
320	0	0	309	46	0
320	0	64	308	46	66
320	0	128	309	47	128
320	0	192	311	49	191
320	0	256	314	51	254
320	0	320	317	55	318
320	0	384	321	60	382
320	0	448	325	64	447
320	0	512	331	69	509
320	0	576	337	76	574
320	0	640	344	81	639
320	0	704	351	86	701
320	0	768	359	93	764
320	0	832	368	98	824
320	0	896	377	105	888
320	0	960	387	111	950
320	0	1023	397	117	1011
320	64	0	309	81	0
320	64	64	309	80	66
320	64	128	310	81	129
320	64	192	311	82	192
320	64	256	314	84	254
320	64	320	317	86	318
320	64	384	322	89	382
320	64	448	326	91	447
320	64	512	331	95	508
320	64	576	338	100	575
320	64	640	344	104	638
320	64	704	351	108	701
320	64	768	360	112	764
320	64	832	368	117	824
320	64	896	378	122	888
320	64	960	387	128	950
320	64	1023	397	135	1011
320	128	0	310	137	14
320	128	64	309	137	68
320	128	128	310	137	129
320	128	192	312	138	192
320	128	256	315	139	254
320	128	320	318	140	318
320	128	384	322	142	382
320	128	448	327	144	448
320	128	512	332	145	509
320	128	576	338	148	575
320	128	640	345	151	639
320	128	704	353	153	702
320	128	768	361	157	765
320	128	832	369	159	824
320	128	896	378	163	888
320	128	960	387	167	950
320	128	1023	397	172	1011
320	192	0	312	198	23
320	192	64	311	197	70
320	192	128	311	198	130
320	192	192	313	198	193
320	192	256	316	199	254
320	192	320	319	200	319
320	192	384	323	201	383
320	192	448	328	202	448
320	192	512	333	204	510
320	192	576	340	205	575
320	192	640	346	207	639
320	192	704	353	209	702
320	192	768	362	211	765
320	192	832	370	213	825
320	192	896	379	215	889
320	192	960	389	218	951
320	192	1023	399	221	1012
320	256	0	313	259	33
320	256	64	313	259	73
320	256	128	313	258	131
320	256	192	315	259	194
320	256	256	318	260	255
320	256	320	320	260	319
320	256	384	325	262	383
320	256	448	330	263	449
320	256	512	335	263	510
320	256	576	341	265	576
320	256	640	347	266	639
320	256	704	355	267	702
320	256	768	363	269	765
320	256	832	371	270	825
320	256	896	380	272	889
320	256	960	390	274	951
320	256	1023	400	276	1012
320	320	0	316	323	41
320	320	64	315	322	76
320	320	128	316	322	133
320	320	192	318	323	195
320	320	256	320	323	256
320	320	320	323	324	320
320	320	384	327	325	384
320	320	448	332	325	449
320	320	512	337	326	510
320	320	576	343	327	576
320	320	640	350	328	640
320	320	704	357	329	702
320	320	768	365	330	765
320	320	832	373	331	826
320	320	896	382	332	890
320	320	960	392	334	951
320	320	1023	402	336	1013
320	384	0	319	386	49
320	384	64	318	384	81
320	384	128	319	384	136
320	384	192	320	385	196
320	384	256	323	385	257
320	384	320	326	386	321
320	384	384	330	387	385
320	384	448	335	387	449
320	384	512	340	388	511
320	384	576	346	389	577
320	384	640	353	390	641
320	384	704	360	390	703
320	384	768	368	391	766
320	384	832	376	392	826
320	384	896	385	393	890
320	384	960	395	394	952
320	384	1023	404	396	1013
320	448	0	323	450	58
320	448	64	322	448	86
320	448	128	322	448	139
320	448	192	324	449	198
320	448	256	327	450	259
320	448	320	330	450	322
320	448	384	334	451	385
320	448	448	338	451	450
320	448	512	344	452	512
320	448	576	349	452	577
320	448	640	356	453	641
320	448	704	363	454	704
320	448	768	371	454	766
320	448	832	379	454	826
320	448	896	387	455	890
320	448	960	398	457	953
320	448	1023	407	458	1014
320	512	0	327	511	66
320	512	64	326	509	91
320	512	128	327	509	142
320	512	192	328	510	200
320	512	256	331	511	261
320	512	320	334	510	323
320	512	384	338	511	386
320	512	448	342	511	451
320	512	512	348	512	513
320	512	576	353	513	578
320	512	640	360	513	642
320	512	704	367	514	705
320	512	768	375	514	767
320	512	832	382	514	827
320	512	896	391	515	891
320	512	960	401	516	953
320	512	1023	410	517	1014
320	576	0	332	577	75
320	576	64	331	575	97
320	576	128	332	575	145
320	576	192	334	576	203
320	576	256	336	576	262
320	576	320	339	577	325
320	576	384	343	578	388
320	576	448	347	577	452
320	576	512	352	578	513
320	576	576	358	579	579
320	576	640	364	579	642
320	576	704	371	579	705
320	576	768	379	580	768
320	576	832	387	580	828
320	576	896	396	581	892
320	576	960	404	582	954
320	576	1023	414	582	1015
320	640	0	338	640	83
320	640	64	337	639	103
320	640	128	338	639	149
320	640	192	339	639	205
320	640	256	342	640	264
320	640	320	345	641	327
320	640	384	349	642	389
320	640	448	353	641	454
320	640	512	357	642	514
320	640	576	364	643	580
320	640	640	369	642	643
320	640	704	376	643	706
320	640	768	384	644	769
320	640	832	392	644	829
320	640	896	400	644	893
320	640	960	409	645	955
320	640	1023	419	646	1016
320	704	0	344	701	91
320	704	64	343	700	110
320	704	128	344	699	154
320	704	192	346	700	209
320	704	256	348	701	267
320	704	320	351	702	329
320	704	384	355	703	391
320	704	448	359	703	456
320	704	512	363	703	516
320	704	576	370	704	582
320	704	640	375	703	645
320	704	704	382	704	708
320	704	768	390	705	771
320	704	832	397	705	831
320	704	896	406	705	894
320	704	960	415	705	956
320	704	1023	424	705	1017
320	768	0	351	765	99
320	768	64	350	764	116
320	768	128	351	764	158
320	768	192	352	764	212
320	768	256	355	765	269
320	768	320	358	766	331
320	768	384	361	767	393
320	768	448	365	767	457
320	768	512	370	767	517
320	768	576	376	768	583
320	768	640	381	767	646
320	768	704	388	767	709
320	768	768	395	768	772
320	768	832	403	768	831
320	768	896	411	768	895
320	768	960	420	768	957
320	768	1023	429	770	1018
320	832	0	357	826	107
320	832	64	356	825	123
320	832	128	357	824	162
320	832	192	359	825	215
320	832	256	361	826	271
320	832	320	364	827	332
320	832	384	367	827	394
320	832	448	372	828	458
320	832	512	376	828	518
320	832	576	382	829	584
320	832	640	387	829	647
320	832	704	394	829	710
320	832	768	402	830	772
320	832	832	408	830	832
320	832	896	417	829	895
320	832	960	425	830	957
320	832	1023	434	830	1018
320	896	0	365	890	115
320	896	64	364	889	130
320	896	128	365	888	167
320	896	192	367	889	219
320	896	256	369	890	274
320	896	320	372	891	335
320	896	384	375	891	395
320	896	448	379	892	460
320	896	512	383	892	519
320	896	576	389	893	585
320	896	640	394	892	647
320	896	704	401	893	710
320	896	768	408	894	773
320	896	832	415	893	833
320	896	896	423	893	896
320	896	960	431	894	958
320	896	1023	440	894	1018
320	960	0	373	951	123
320	960	64	372	949	137
320	960	128	372	949	173
320	960	192	374	950	222
320	960	256	377	951	277
320	960	320	379	952	337
320	960	384	382	952	398
320	960	448	386	952	461
320	960	512	391	953	521
320	960	576	396	954	586
320	960	640	402	953	649
320	960	704	408	954	712
320	960	768	415	954	774
320	960	832	422	954	834
320	960	896	429	953	897
320	960	960	438	954	959
320	960	1023	447	956	1020
320	1023	0	381	1014	132
320	1023	64	381	1013	144
320	1023	128	381	1013	179
320	1023	192	383	1012	226
320	1023	256	385	1014	281
320	1023	320	388	1015	340
320	1023	384	391	1016	400
320	1023	448	395	1015	463
320	1023	512	399	1016	523
320	1023	576	404	1017	588
320	1023	640	409	1015	650
320	1023	704	416	1016	713
320	1023	768	423	1017	775
320	1023	832	429	1016	835
320	1023	896	437	1016	899
320	1023	960	446	1016	961
320	1023	1023	454	1016	1022
384	0	0	370	55	0
384	0	64	368	55	66
384	0	128	369	55	128
384	0	192	370	57	191
384	0	256	373	59	253
384	0	320	375	62	317
384	0	384	379	66	381
384	0	448	383	71	447
384	0	512	387	75	508
384	0	576	393	80	574
384	0	640	398	86	638
384	0	704	404	91	701
384	0	768	411	97	764
384	0	832	418	102	824
384	0	896	425	108	887
384	0	960	434	114	949
384	0	1023	443	120	1011
384	64	0	370	86	0
384	64	64	369	85	66
384	64	128	369	86	128
384	64	192	371	87	192
384	64	256	374	89	254
384	64	320	376	90	318
384	64	384	380	93	382
384	64	448	383	96	447
384	64	512	388	99	509
384	64	576	393	103	575
384	64	640	399	107	639
384	64	704	405	111	702
384	64	768	411	116	764
384	64	832	418	121	824
384	64	896	426	125	888
384	64	960	434	132	950
384	64	1023	443	137	1011
384	128	0	370	140	13
384	128	64	369	139	67
384	128	128	370	140	129
384	128	192	372	141	192
384	128	256	374	142	254
384	128	320	376	143	318
384	128	384	380	144	382
384	128	448	384	146	447
384	128	512	388	148	509
384	128	576	394	150	575
384	128	640	399	153	638
384	128	704	405	156	701
384	128	768	412	159	765
384	128	832	419	162	824
384	128	896	427	165	889
384	128	960	435	170	950
384	128	1023	444	173	1011
384	192	0	371	200	23
384	192	64	370	199	69
384	192	128	371	199	130
384	192	192	372	200	192
384	192	256	375	201	254
384	192	320	377	201	318
384	192	384	381	203	382
384	192	448	385	204	448
384	192	512	389	205	509
384	192	576	394	207	575
384	192	640	400	208	639
384	192	704	406	210	702
384	192	768	413	212	765
384	192	832	419	214	824
384	192	896	427	216	888
384	192	960	436	219	950
384	192	1023	444	222	1011
384	256	0	373	261	32
384	256	64	372	260	72
384	256	128	373	260	131
384	256	192	374	260	194
384	256	256	376	261	255
384	256	320	379	262	319
384	256	384	382	263	383
384	256	448	386	263	448
384	256	512	391	265	510
384	256	576	396	266	575
384	256	640	401	267	639
384	256	704	407	268	702
384	256	768	414	270	765
384	256	832	421	271	825
384	256	896	429	273	889
384	256	960	437	275	951
384	256	1023	446	278	1012
384	320	0	375	324	41
384	320	64	374	323	76
384	320	128	374	323	133
384	320	192	376	323	195
384	320	256	378	324	256
384	320	320	380	324	320
384	320	384	384	326	383
384	320	448	388	326	449
384	320	512	392	327	510
384	320	576	398	328	576
384	320	640	403	329	639
384	320	704	409	330	703
384	320	768	416	331	766
384	320	832	422	331	825
384	320	896	430	333	889
384	320	960	438	335	951
384	320	1023	447	336	1012
384	384	0	378	386	49
384	384	64	377	385	80
384	384	128	377	385	135
384	384	192	378	385	196
384	384	256	381	386	257
384	384	320	383	386	320
384	384	384	386	387	384
384	384	448	390	388	450
384	384	512	394	388	510
384	384	576	400	390	577
384	384	640	405	390	640
384	384	704	411	391	703
384	384	768	418	392	766
384	384	832	425	392	826
384	384	896	432	392	889
384	384	960	441	394	951
384	384	1023	449	396	1012
384	448	0	381	450	58
384	448	64	380	449	86
384	448	128	380	449	138
384	448	192	381	449	198
384	448	256	383	450	258
384	448	320	386	450	322
384	448	384	389	451	385
384	448	448	393	451	450
384	448	512	397	452	511
384	448	576	403	453	577
384	448	640	408	453	640
384	448	704	414	453	703
384	448	768	421	455	766
384	448	832	428	455	826
384	448	896	435	456	890
384	448	960	444	457	952
384	448	1023	452	458	1013
384	512	0	384	510	65
384	512	64	383	510	91
384	512	128	384	509	141
384	512	192	384	509	200
384	512	256	387	511	260
384	512	320	390	511	323
384	512	384	393	511	386
384	512	448	397	512	451
384	512	512	401	512	512
384	512	576	407	514	578
384	512	640	411	513	641
384	512	704	417	514	704
384	512	768	424	515	767
384	512	832	431	515	827
384	512	896	438	515	891
384	512	960	446	516	953
384	512	1023	455	517	1014
384	576	0	388	577	74
384	576	64	388	576	97
384	576	128	388	575	145
384	576	192	389	576	203
384	576	256	392	577	262
384	576	320	394	577	324
384	576	384	397	578	387
384	576	448	401	578	452
384	576	512	405	579	513
384	576	576	411	580	579
384	576	640	415	579	642
384	576	704	421	580	705
384	576	768	428	581	768
384	576	832	435	581	828
384	576	896	442	581	892
384	576	960	450	582	953
384	576	1023	458	582	1014
384	640	0	393	641	83
384	640	64	392	638	103
384	640	128	393	639	149
384	640	192	394	640	205
384	640	256	397	641	264
384	640	320	398	640	326
384	640	384	402	642	389
384	640	448	405	641	453
384	640	512	410	643	515
384	640	576	415	643	580
384	640	640	420	643	644
384	640	704	425	643	706
384	640	768	432	644	769
384	640	832	439	644	828
384	640	896	446	644	893
384	640	960	454	645	954
384	640	1023	462	646	1015
384	704	0	399	702	91
384	704	64	397	700	109
384	704	128	398	700	153
384	704	192	400	700	209
384	704	256	401	701	266
384	704	320	404	702	328
384	704	384	407	702	391
384	704	448	410	702	455
384	704	512	415	703	516
384	704	576	420	704	581
384	704	640	425	703	645
384	704	704	431	703	707
384	704	768	437	704	770
384	704	832	444	704	830
384	704	896	451	704	894
384	704	960	459	705	956
384	704	1023	467	706	1017
384	768	0	405	766	99
384	768	64	403	763	116
384	768	128	404	764	158
384	768	192	405	764	212
384	768	256	408	766	269
384	768	320	409	765	330
384	768	384	413	767	392
384	768	448	416	766	456
384	768	512	421	767	517
384	768	576	425	767	582
384	768	640	430	767	646
384	768	704	436	767	708
384	768	768	442	768	771
384	768	832	449	768	831
384	768	896	456	768	895
384	768	960	464	769	957
384	768	1023	472	769	1018
384	832	0	410	827	107
384	832	64	409	825	122
384	832	128	409	825	163
384	832	192	411	826	215
384	832	256	413	826	271
384	832	320	415	827	332
384	832	384	418	828	394
384	832	448	422	827	457
384	832	512	426	828	518
384	832	576	431	829	583
384	832	640	435	828	646
384	832	704	440	828	709
384	832	768	448	829	772
384	832	832	454	829	831
384	832	896	461	829	895
384	832	960	469	830	958
384	832	1023	477	831	1018
384	896	0	417	891	115
384	896	64	416	889	130
384	896	128	416	890	168
384	896	192	418	890	219
384	896	256	419	890	274
384	896	320	422	891	334
384	896	384	425	892	395
384	896	448	428	892	459
384	896	512	432	893	520
384	896	576	437	893	584
384	896	640	442	893	648
384	896	704	447	892	710
384	896	768	453	894	772
384	896	832	460	893	833
384	896	896	467	893	896
384	896	960	475	894	958
384	896	1023	482	895	1019
384	960	0	424	952	123
384	960	64	422	949	137
384	960	128	423	949	173
384	960	192	424	951	223
384	960	256	426	951	277
384	960	320	428	951	337
384	960	384	432	953	398
384	960	448	435	952	461
384	960	512	438	953	521
384	960	576	443	954	586
384	960	640	448	954	649
384	960	704	453	953	711
384	960	768	460	955	774
384	960	832	466	954	834
384	960	896	473	954	897
384	960	960	480	955	959
384	960	1023	488	955	1020
384	1023	0	431	1015	131
384	1023	64	429	1012	144
384	1023	128	430	1012	178
384	1023	192	431	1013	227
384	1023	256	434	1015	281
384	1023	320	436	1014	339
384	1023	384	439	1015	400
384	1023	448	442	1015	463
384	1023	512	446	1016	523
384	1023	576	450	1017	587
384	1023	640	455	1016	651
384	1023	704	460	1016	713
384	1023	768	467	1017	775
384	1023	832	472	1016	835
384	1023	896	479	1016	899
384	1023	960	487	1016	961
384	1023	1023	494	1016	1021
448	0	0	432	64	0
448	0	64	430	64	65
448	0	128	431	64	128
448	0	192	432	66	191
448	0	256	434	67	253
448	0	320	436	70	317
448	0	384	439	73	381
448	0	448	442	77	446
448	0	512	446	81	508
448	0	576	450	86	573
448	0	640	455	91	637
448	0	704	460	95	701
448	0	768	466	101	763
448	0	832	472	106	823
448	0	896	479	112	887
448	0	960	486	118	950
448	0	1023	493	125	1010
448	64	0	432	91	0
448	64	64	431	91	66
448	64	128	431	91	128
448	64	192	433	92	191
448	64	256	435	94	254
448	64	320	436	96	317
448	64	384	440	98	382
448	64	448	443	100	447
448	64	512	447	104	509
448	64	576	451	107	574
448	64	640	456	112	638
448	64	704	460	115	701
448	64	768	467	120	764
448	64	832	473	124	824
448	64	896	479	129	888
448	64	960	487	134	950
448	64	1023	494	140	1011
448	128	0	432	143	9
448	128	64	431	143	67
448	128	128	432	143	129
448	128	192	433	143	192
448	128	256	435	144	254
448	128	320	437	146	318
448	128	384	440	147	382
448	128	448	443	149	447
448	128	512	447	151	508
448	128	576	452	153	575
448	128	640	455	156	638
448	128	704	461	158	701
448	128	768	467	161	764
448	128	832	473	164	824
448	128	896	480	168	888
448	128	960	487	172	949
448	128	1023	494	176	1011
448	192	0	433	202	21
448	192	64	431	201	69
448	192	128	432	201	129
448	192	192	434	202	192
448	192	256	436	203	254
448	192	320	438	203	318
448	192	384	441	205	382
448	192	448	444	205	447
448	192	512	448	207	509
448	192	576	452	209	575
448	192	640	457	210	638
448	192	704	462	212	702
448	192	768	468	214	764
448	192	832	473	216	824
448	192	896	480	218	888
448	192	960	487	221	950
448	192	1023	495	224	1011
448	256	0	434	262	30
448	256	64	434	261	72
448	256	128	434	262	131
448	256	192	435	262	193
448	256	256	437	262	255
448	256	320	439	263	319
448	256	384	442	264	383
448	256	448	445	265	448
448	256	512	449	265	509
448	256	576	454	267	575
448	256	640	457	268	638
448	256	704	463	269	702
448	256	768	469	271	764
448	256	832	475	272	824
448	256	896	482	274	889
448	256	960	489	276	950
448	256	1023	496	279	1012
448	320	0	436	325	40
448	320	64	434	323	75
448	320	128	435	324	133
448	320	192	437	324	194
448	320	256	439	325	256
448	320	320	440	325	319
448	320	384	444	326	383
448	320	448	447	327	448
448	320	512	451	328	510
448	320	576	455	329	575
448	320	640	459	329	639
448	320	704	465	330	702
448	320	768	470	331	765
448	320	832	476	332	825
448	320	896	483	333	889
448	320	960	490	335	951
448	320	1023	498	337	1012
448	384	0	438	386	49
448	384	64	436	385	80
448	384	128	437	385	135
448	384	192	438	386	196
448	384	256	441	387	257
448	384	320	442	387	320
448	384	384	445	388	384
448	384	448	449	389	449
448	384	512	452	389	510
448	384	576	457	390	576
448	384	640	461	390	640
448	384	704	467	391	702
448	384	768	473	392	765
448	384	832	478	392	825
448	384	896	485	393	889
448	384	960	492	395	951
448	384	1023	499	396	1012
448	448	0	441	450	57
448	448	64	440	450	85
448	448	128	440	449	138
448	448	192	441	450	198
448	448	256	443	450	258
448	448	320	446	451	322
448	448	384	448	451	385
448	448	448	452	452	450
448	448	512	455	452	511
448	448	576	460	454	577
448	448	640	464	454	640
448	448	704	469	454	703
448	448	768	475	455	766
448	448	832	481	455	826
448	448	896	487	456	890
448	448	960	494	457	952
448	448	1023	502	459	1013
448	512	0	444	511	65
448	512	64	443	510	90
448	512	128	443	509	141
448	512	192	444	510	199
448	512	256	446	511	260
448	512	320	448	511	323
448	512	384	451	512	386
448	512	448	454	512	451
448	512	512	458	513	512
448	512	576	463	514	578
448	512	640	467	514	641
448	512	704	472	514	704
448	512	768	478	515	767
448	512	832	484	515	827
448	512	896	490	516	890
448	512	960	498	517	953
448	512	1023	505	518	1013
448	576	0	448	577	74
448	576	64	446	575	96
448	576	128	447	576	145
448	576	192	448	576	202
448	576	256	450	577	262
448	576	320	452	577	324
448	576	384	455	578	387
448	576	448	458	578	452
448	576	512	462	579	513
448	576	576	466	579	578
448	576	640	470	579	642
448	576	704	476	580	705
448	576	768	481	581	768
448	576	832	487	580	827
448	576	896	493	581	891
448	576	960	501	582	954
448	576	1023	507	583	1014
448	640	0	452	641	82
448	640	64	450	639	103
448	640	128	451	639	149
448	640	192	452	640	205
448	640	256	454	640	263
448	640	320	456	641	326
448	640	384	459	642	389
448	640	448	462	641	453
448	640	512	466	643	514
448	640	576	470	643	579
448	640	640	474	643	643
448	640	704	479	642	705
448	640	768	485	643	768
448	640	832	490	643	828
448	640	896	497	644	892
448	640	960	504	645	954
448	640	1023	511	646	1016
448	704	0	456	701	90
448	704	64	455	700	109
448	704	128	456	700	153
448	704	192	457	701	208
448	704	256	459	701	266
448	704	320	461	702	328
448	704	384	464	703	390
448	704	448	467	702	455
448	704	512	470	703	515
448	704	576	475	704	581
448	704	640	479	703	644
448	704	704	483	703	707
448	704	768	489	704	770
448	704	832	495	704	830
448	704	896	501	704	894
448	704	960	508	704	955
448	704	1023	516	706	1017
448	768	0	462	766	99
448	768	64	460	764	116
448	768	128	461	764	158
448	768	192	462	765	212
448	768	256	463	765	269
448	768	320	466	766	330
448	768	384	469	767	392
448	768	448	472	767	456
448	768	512	475	768	517
448	768	576	479	768	582
448	768	640	484	767	646
448	768	704	488	767	708
448	768	768	494	768	771
448	768	832	499	768	831
448	768	896	506	768	895
448	768	960	513	769	957
448	768	1023	520	770	1017
448	832	0	467	827	107
448	832	64	465	825	122
448	832	128	465	825	162
448	832	192	467	826	215
448	832	256	468	826	271
448	832	320	470	827	332
448	832	384	473	828	394
448	832	448	476	828	457
448	832	512	480	828	518
448	832	576	484	829	583
448	832	640	488	829	647
448	832	704	493	829	709
448	832	768	498	829	771
448	832	832	504	829	831
448	832	896	510	829	895
448	832	960	517	829	956
448	832	1023	524	830	1018
448	896	0	471	890	115
448	896	64	470	888	129
448	896	128	471	889	167
448	896	192	472	890	218
448	896	256	474	890	274
448	896	320	476	890	334
448	896	384	479	892	395
448	896	448	481	891	459
448	896	512	484	891	519
448	896	576	490	893	584
448	896	640	493	892	647
448	896	704	498	892	710
448	896	768	504	893	772
448	896	832	509	894	833
448	896	896	515	893	896
448	896	960	522	893	957
448	896	1023	529	894	1019
448	960	0	478	952	123
448	960	64	476	949	136
448	960	128	477	949	173
448	960	192	478	950	222
448	960	256	479	951	277
448	960	320	482	952	336
448	960	384	484	952	397
448	960	448	487	952	460
448	960	512	491	953	521
448	960	576	495	953	585
448	960	640	499	954	649
448	960	704	503	953	710
448	960	768	509	954	773
448	960	832	515	954	833
448	960	896	521	954	897
448	960	960	528	955	959
448	960	1023	534	956	1020
448	1023	0	484	1015	131
448	1023	64	483	1012	144
448	1023	128	483	1012	178
448	1023	192	485	1013	226
448	1023	256	486	1014	280
448	1023	320	488	1014	339
448	1023	384	491	1015	399
448	1023	448	493	1015	462
448	1023	512	497	1016	523
448	1023	576	501	1016	587
448	1023	640	505	1016	650
448	1023	704	510	1016	712
448	1023	768	515	1016	775
448	1023	832	521	1016	834
448	1023	896	527	1016	899
448	1023	960	533	1016	960
448	1023	1023	540	1015	1021
512	0	0	490	72	0
512	0	64	489	72	65
512	0	128	489	72	127
512	0	192	490	74	191
512	0	256	492	75	253
512	0	320	494	78	317
512	0	384	497	81	381
512	0	448	499	83	446
512	0	512	502	87	508
512	0	576	507	92	574
512	0	640	510	97	637
512	0	704	514	101	700
512	0	768	520	106	763
512	0	832	525	111	823
512	0	896	531	117	887
512	0	960	537	123	949
512	0	1023	544	129	1010
512	64	0	491	97	0
512	64	64	489	96	65
512	64	128	490	97	128
512	64	192	491	98	191
512	64	256	492	99	253
512	64	320	495	101	317
512	64	384	498	103	382
512	64	448	500	105	447
512	64	512	503	109	508
512	64	576	507	112	574
512	64	640	511	116	638
512	64	704	515	120	701
512	64	768	521	124	764
512	64	832	526	128	824
512	64	896	532	133	888
512	64	960	538	138	950
512	64	1023	545	143	1011
512	128	0	491	146	0
512	128	64	490	146	66
512	128	128	490	146	128
512	128	192	491	147	191
512	128	256	493	148	254
512	128	320	495	149	318
512	128	384	497	150	381
512	128	448	501	152	447
512	128	512	504	154	508
512	128	576	508	157	575
512	128	640	511	159	638
512	128	704	516	161	701
512	128	768	521	164	764
512	128	832	526	167	824
512	128	896	532	171	888
512	128	960	538	175	949
512	128	1023	545	178	1011
512	192	0	492	204	19
512	192	64	490	203	68
512	192	128	491	203	129
512	192	192	492	204	192
512	192	256	494	205	254
512	192	320	495	205	318
512	192	384	498	207	382
512	192	448	501	207	447
512	192	512	504	209	509
512	192	576	508	210	574
512	192	640	512	212	638
512	192	704	516	214	701
512	192	768	521	216	764
512	192	832	527	218	824
512	192	896	532	220	888
512	192	960	539	223	950
512	192	1023	545	226	1011
512	256	0	493	263	29
512	256	64	491	262	71
512	256	128	492	263	131
512	256	192	493	263	193
512	256	256	495	264	255
512	256	320	497	265	319
512	256	384	499	265	382
512	256	448	502	266	448
512	256	512	505	267	509
512	256	576	510	269	575
512	256	640	513	269	638
512	256	704	517	271	702
512	256	768	523	273	764
512	256	832	528	274	824
512	256	896	533	275	888
512	256	960	540	278	950
512	256	1023	547	280	1011
512	320	0	495	326	39
512	320	64	493	325	75
512	320	128	493	325	132
512	320	192	495	325	194
512	320	256	496	326	255
512	320	320	498	326	319
512	320	384	501	327	383
512	320	448	503	327	448
512	320	512	507	329	509
512	320	576	511	330	575
512	320	640	514	330	639
512	320	704	519	331	702
512	320	768	524	333	765
512	320	832	529	334	825
512	320	896	535	335	889
512	320	960	541	337	951
512	320	1023	548	338	1012
512	384	0	496	388	48
512	384	64	494	386	80
512	384	128	495	386	135
512	384	192	496	387	196
512	384	256	498	388	257
512	384	320	500	388	320
512	384	384	503	389	384
512	384	448	505	389	448
512	384	512	508	390	510
512	384	576	512	390	576
512	384	640	516	391	639
512	384	704	521	392	702
512	384	768	525	393	765
512	384	832	530	393	825
512	384	896	536	394	889
512	384	960	543	396	951
512	384	1023	549	397	1012
512	448	0	498	451	57
512	448	64	497	450	85
512	448	128	497	449	137
512	448	192	498	450	197
512	448	256	500	451	258
512	448	320	502	451	321
512	448	384	505	452	384
512	448	448	508	453	450
512	448	512	511	453	511
512	448	576	515	455	577
512	448	640	519	454	640
512	448	704	523	455	703
512	448	768	528	456	766
512	448	832	533	456	826
512	448	896	539	457	890
512	448	960	545	458	952
512	448	1023	551	459	1012
512	512	0	501	511	65
512	512	64	499	509	89
512	512	128	500	510	140
512	512	192	501	511	199
512	512	256	503	512	260
512	512	320	504	511	322
512	512	384	507	512	385
512	512	448	510	513	451
512	512	512	513	513	512
512	512	576	518	514	578
512	512	640	521	514	641
512	512	704	526	515	704
512	512	768	531	516	767
512	512	832	535	516	826
512	512	896	541	516	891
512	512	960	548	517	953
512	512	1023	554	518	1013
512	576	0	505	578	74
512	576	64	503	576	96
512	576	128	504	577	144
512	576	192	505	577	202
512	576	256	507	578	262
512	576	320	508	578	324
512	576	384	511	579	387
512	576	448	513	578	451
512	576	512	517	579	513
512	576	576	520	580	578
512	576	640	524	580	642
512	576	704	528	580	704
512	576	768	534	581	767
512	576	832	538	581	827
512	576	896	544	581	891
512	576	960	551	582	953
512	576	1023	557	583	1014
512	640	0	509	642	82
512	640	64	507	640	102
512	640	128	507	640	148
512	640	192	508	641	205
512	640	256	510	641	263
512	640	320	512	641	326
512	640	384	515	642	388
512	640	448	517	642	453
512	640	512	520	642	513
512	640	576	524	643	579
512	640	640	528	644	643
512	640	704	532	643	705
512	640	768	537	645	768
512	640	832	542	644	829
512	640	896	548	645	893
512	640	960	554	645	954
512	640	1023	561	647	1016
512	704	0	513	702	90
512	704	64	511	701	109
512	704	128	512	701	153
512	704	192	512	701	208
512	704	256	514	702	266
512	704	320	516	702	328
512	704	384	518	703	390
512	704	448	521	703	455
512	704	512	524	703	515
512	704	576	528	704	581
512	704	640	532	704	644
512	704	704	536	704	707
512	704	768	542	705	770
512	704	832	546	705	830
512	704	896	551	704	893
512	704	960	558	705	955
512	704	1023	565	707	1017
512	768	0	517	767	99
512	768	64	516	765	116
512	768	128	516	765	157
512	768	192	517	765	212
512	768	256	518	765	269
512	768	320	520	766	330
512	768	384	523	767	392
512	768	448	525	766	456
512	768	512	528	767	516
512	768	576	532	768	582
512	768	640	536	768	646
512	768	704	540	768	708
512	768	768	546	769	771
512	768	832	550	769	831
512	768	896	556	769	895
512	768	960	562	770	957
512	768	1023	569	770	1018
512	832	0	521	827	107
512	832	64	520	826	122
512	832	128	520	826	162
512	832	192	521	826	214
512	832	256	523	827	271
512	832	320	525	828	332
512	832	384	527	827	393
512	832	448	529	828	457
512	832	512	532	828	517
512	832	576	537	830	583
512	832	640	540	828	646
512	832	704	544	829	709
512	832	768	549	830	771
512	832	832	554	830	831
512	832	896	560	830	895
512	832	960	565	830	957
512	832	1023	572	831	1018
512	896	0	526	891	115
512	896	64	525	890	129
512	896	128	525	889	167
512	896	192	525	889	218
512	896	256	527	891	274
512	896	320	529	891	334
512	896	384	531	891	395
512	896	448	534	892	459
512	896	512	537	892	519
512	896	576	541	893	584
512	896	640	545	893	647
512	896	704	549	893	709
512	896	768	554	893	772
512	896	832	558	893	832
512	896	896	564	893	896
512	896	960	570	894	957
512	896	1023	577	895	1019
512	960	0	531	951	123
512	960	64	530	950	136
512	960	128	530	950	172
512	960	192	531	950	222
512	960	256	533	951	277
512	960	320	535	952	336
512	960	384	537	953	397
512	960	448	539	953	460
512	960	512	542	953	520
512	960	576	546	954	586
512	960	640	549	953	648
512	960	704	554	954	711
512	960	768	559	954	773
512	960	832	564	954	833
512	960	896	569	955	897
512	960	960	575	955	959
512	960	1023	581	956	1020
512	1023	0	537	1016	131
512	1023	64	535	1013	144
512	1023	128	536	1013	178
512	1023	192	537	1014	226
512	1023	256	538	1014	280
512	1023	320	540	1015	339
512	1023	384	543	1015	399
512	1023	448	545	1015	462
512	1023	512	549	1016	523
512	1023	576	552	1017	587
512	1023	640	556	1016	650
512	1023	704	559	1016	712
512	1023	768	564	1017	775
512	1023	832	569	1016	835
512	1023	896	574	1016	898
512	1023	960	581	1017	960
512	1023	1023	587	1016	1021
576	0	0	555	81	0
576	0	64	552	81	64
576	0	128	553	81	127
576	0	192	554	83	191
576	0	256	556	84	253
576	0	320	557	86	317
576	0	384	560	89	381
576	0	448	561	91	446
576	0	512	565	95	508
576	0	576	568	99	574
576	0	640	571	103	637
576	0	704	575	107	700
576	0	768	580	112	763
576	0	832	584	116	823
576	0	896	589	122	887
576	0	960	595	127	949
576	0	1023	601	134	1010
576	64	0	555	103	0
576	64	64	553	103	65
576	64	128	554	103	128
576	64	192	555	104	191
576	64	256	556	105	253
576	64	320	558	107	317
576	64	384	560	109	381
576	64	448	562	111	447
576	64	512	566	115	508
576	64	576	569	118	574
576	64	640	572	121	638
576	64	704	576	125	701
576	64	768	580	129	764
576	64	832	585	133	824
576	64	896	590	137	888
576	64	960	596	142	950
576	64	1023	602	147	1012
576	128	0	555	150	0
576	128	64	554	150	66
576	128	128	553	150	128
576	128	192	555	151	191
576	128	256	557	152	254
576	128	320	558	153	318
576	128	384	560	154	381
576	128	448	563	156	447
576	128	512	565	157	508
576	128	576	570	160	575
576	128	640	572	162	638
576	128	704	576	165	701
576	128	768	581	168	764
576	128	832	585	171	824
576	128	896	590	174	888
576	128	960	596	178	950
576	128	1023	602	182	1011
576	192	0	556	206	17
576	192	64	554	206	68
576	192	128	555	206	129
576	192	192	556	207	192
576	192	256	558	208	254
576	192	320	558	208	318
576	192	384	561	209	382
576	192	448	563	210	447
576	192	512	566	212	508
576	192	576	569	213	574
576	192	640	573	215	638
576	192	704	576	216	701
576	192	768	581	218	764
576	192	832	586	220	824
576	192	896	591	223	888
576	192	960	596	226	950
576	192	1023	602	229	1011
576	256	0	556	265	28
576	256	64	555	265	71
576	256	128	556	265	131
576	256	192	556	265	193
576	256	256	558	266	255
576	256	320	560	267	319
576	256	384	562	267	382
576	256	448	564	268	448
576	256	512	567	269	509
576	256	576	571	271	575
576	256	640	574	271	638
576	256	704	578	273	702
576	256	768	582	274	765
576	256	832	587	275	824
576	256	896	592	278	889
576	256	960	597	279	950
576	256	1023	604	282	1012
576	320	0	558	328	39
576	320	64	556	326	75
576	320	128	557	327	132
576	320	192	558	327	194
576	320	256	559	327	255
576	320	320	561	328	319
576	320	384	563	329	383
576	320	448	565	329	448
576	320	512	568	330	510
576	320	576	572	331	575
576	320	640	575	332	639
576	320	704	578	332	701
576	320	768	583	334	764
576	320	832	588	335	824
576	320	896	593	336	888
576	320	960	599	338	951
576	320	1023	604	340	1012
576	384	0	559	389	47
576	384	64	557	387	79
576	384	128	558	388	135
576	384	192	559	388	196
576	384	256	561	389	257
576	384	320	562	389	320
576	384	384	564	390	383
576	384	448	566	390	448
576	384	512	570	391	510
576	384	576	573	392	575
576	384	640	576	392	639
576	384	704	580	393	702
576	384	768	585	394	765
576	384	832	589	394	825
576	384	896	594	395	888
576	384	960	600	397	951
576	384	1023	606	398	1012
576	448	0	562	452	56
576	448	64	560	451	85
576	448	128	560	451	138
576	448	192	561	451	197
576	448	256	563	452	258
576	448	320	564	452	321
576	448	384	567	453	384
576	448	448	569	454	450
576	448	512	572	454	511
576	448	576	576	456	577
576	448	640	579	455	640
576	448	704	582	455	703
576	448	768	587	457	766
576	448	832	592	457	826
576	448	896	596	457	890
576	448	960	602	459	952
576	448	1023	607	460	1012
576	512	0	564	512	64
576	512	64	563	511	89
576	512	128	562	511	140
576	512	192	564	512	199
576	512	256	566	513	260
576	512	320	566	512	322
576	512	384	569	513	385
576	512	448	571	514	451
576	512	512	574	514	511
576	512	576	578	515	578
576	512	640	580	515	641
576	512	704	585	515	704
576	512	768	589	516	766
576	512	832	594	517	827
576	512	896	599	517	890
576	512	960	604	518	953
576	512	1023	610	519	1013
576	576	0	567	579	73
576	576	64	565	577	96
576	576	128	565	577	144
576	576	192	567	578	202
576	576	256	569	579	262
576	576	320	569	578	324
576	576	384	572	579	387
576	576	448	574	579	451
576	576	512	577	580	513
576	576	576	581	581	578
576	576	640	584	581	642
576	576	704	588	582	705
576	576	768	592	582	767
576	576	832	596	581	827
576	576	896	601	582	891
576	576	960	607	583	954
576	576	1023	613	584	1014
576	640	0	571	643	82
576	640	64	569	641	102
576	640	128	569	641	149
576	640	192	571	642	205
576	640	256	572	642	264
576	640	320	573	642	326
576	640	384	576	643	389
576	640	448	577	643	453
576	640	512	581	644	514
576	640	576	584	644	579
576	640	640	587	644	643
576	640	704	591	644	705
576	640	768	595	645	768
576	640	832	599	644	828
576	640	896	604	645	892
576	640	960	610	646	954
576	640	1023	616	647	1015
576	704	0	574	703	90
576	704	64	572	701	108
576	704	128	573	702	153
576	704	192	573	701	208
576	704	256	575	703	266
576	704	320	577	703	328
576	704	384	579	703	390
576	704	448	581	703	454
576	704	512	584	704	515
576	704	576	588	705	581
576	704	640	590	704	644
576	704	704	595	705	707
576	704	768	599	706	770
576	704	832	604	706	830
576	704	896	608	706	894
576	704	960	614	706	955
576	704	1023	620	708	1017
576	768	0	579	768	99
576	768	64	576	765	115
576	768	128	577	766	157
576	768	192	578	766	212
576	768	256	579	766	268
576	768	320	581	767	330
576	768	384	583	768	392
576	768	448	585	767	456
576	768	512	588	769	517
576	768	576	592	769	582
576	768	640	595	769	646
576	768	704	598	768	708
576	768	768	603	769	771
576	768	832	607	769	831
576	768	896	612	769	895
576	768	960	618	770	957
576	768	1023	623	771	1018
576	832	0	581	828	106
576	832	64	580	827	122
576	832	128	581	827	162
576	832	192	581	827	214
576	832	256	583	828	271
576	832	320	585	828	332
576	832	384	587	829	394
576	832	448	589	828	457
576	832	512	591	828	517
576	832	576	595	830	583
576	832	640	597	829	646
576	832	704	602	829	708
576	832	768	606	830	771
576	832	832	610	830	831
576	832	896	615	830	895
576	832	960	620	830	957
576	832	1023	626	832	1018
576	896	0	585	891	115
576	896	64	584	890	129
576	896	128	585	890	167
576	896	192	585	890	218
576	896	256	587	891	273
576	896	320	588	891	334
576	896	384	591	892	395
576	896	448	593	892	459
576	896	512	595	893	519
576	896	576	599	894	584
576	896	640	602	893	647
576	896	704	606	893	709
576	896	768	611	894	772
576	896	832	615	894	832
576	896	896	620	894	896
576	896	960	625	895	958
576	896	1023	630	895	1019
576	960	0	590	952	123
576	960	64	588	950	136
576	960	128	589	950	172
576	960	192	590	951	222
576	960	256	591	952	277
576	960	320	593	952	336
576	960	384	596	954	397
576	960	448	598	953	460
576	960	512	600	953	520
576	960	576	604	954	585
576	960	640	606	954	648
576	960	704	610	954	711
576	960	768	615	955	773
576	960	832	619	955	833
576	960	896	624	954	897
576	960	960	629	955	958
576	960	1023	635	956	1020
576	1023	0	596	1016	131
576	1023	64	594	1014	143
576	1023	128	594	1014	178
576	1023	192	596	1014	226
576	1023	256	596	1015	280
576	1023	320	599	1016	339
576	1023	384	601	1016	400
576	1023	448	602	1016	463
576	1023	512	606	1017	523
576	1023	576	609	1017	587
576	1023	640	612	1017	650
576	1023	704	615	1017	712
576	1023	768	620	1018	775
576	1023	832	624	1017	835
576	1023	896	629	1017	899
576	1023	960	634	1017	960
576	1023	1023	640	1016	1021
640	0	0	615	90	0
640	0	64	613	90	64
640	0	128	614	90	127
640	0	192	614	91	190
640	0	256	616	92	252
640	0	320	617	94	317
640	0	384	619	96	380
640	0	448	622	99	446
640	0	512	624	102	507
640	0	576	627	106	573
640	0	640	629	110	637
640	0	704	633	113	700
640	0	768	638	118	763
640	0	832	641	123	823
640	0	896	645	127	886
640	0	960	650	133	948
640	0	1023	656	138	1010
640	64	0	615	110	0
640	64	64	614	110	64
640	64	128	614	110	127
640	64	192	615	111	190
640	64	256	617	112	253
640	64	320	618	114	317
640	64	384	620	115	381
640	64	448	622	118	447
640	64	512	624	120	508
640	64	576	628	124	574
640	64	640	630	127	637
640	64	704	634	130	701
640	64	768	638	135	763
640	64	832	642	137	824
640	64	896	646	142	887
640	64	960	652	147	950
640	64	1023	657	151	1011
640	128	0	616	155	0
640	128	64	614	154	65
640	128	128	614	154	128
640	128	192	616	155	191
640	128	256	618	156	253
640	128	320	618	157	317
640	128	384	620	158	381
640	128	448	622	160	446
640	128	512	625	162	508
640	128	576	628	164	574
640	128	640	631	166	638
640	128	704	634	168	700
640	128	768	638	171	763
640	128	832	642	174	823
640	128	896	647	178	887
640	128	960	652	181	950
640	128	1023	658	185	1011
640	192	0	616	209	14
640	192	64	615	209	68
640	192	128	615	209	129
640	192	192	616	209	191
640	192	256	617	210	253
640	192	320	619	211	318
640	192	384	620	212	381
640	192	448	623	213	447
640	192	512	625	214	508
640	192	576	629	216	574
640	192	640	631	217	637
640	192	704	635	219	701
640	192	768	639	221	764
640	192	832	643	223	824
640	192	896	647	225	887
640	192	960	652	228	950
640	192	1023	659	232	1012
640	256	0	617	267	26
640	256	64	615	267	70
640	256	128	616	267	130
640	256	192	617	267	193
640	256	256	619	268	254
640	256	320	619	268	318
640	256	384	622	269	382
640	256	448	623	270	447
640	256	512	627	271	509
640	256	576	630	272	575
640	256	640	632	274	638
640	256	704	636	275	701
640	256	768	640	276	764
640	256	832	644	277	824
640	256	896	648	279	888
640	256	960	653	281	950
640	256	1023	658	284	1011
640	320	0	618	329	37
640	320	64	617	328	74
640	320	128	617	328	132
640	320	192	618	328	194
640	320	256	619	329	255
640	320	320	621	330	319
640	320	384	623	330	382
640	320	448	625	331	448
640	320	512	627	332	509
640	320	576	631	333	575
640	320	640	633	333	638
640	320	704	637	334	702
640	320	768	642	336	765
640	320	832	645	337	825
640	320	896	649	338	888
640	320	960	654	340	950
640	320	1023	660	342	1012
640	384	0	620	390	46
640	384	64	618	389	79
640	384	128	619	389	134
640	384	192	620	390	195
640	384	256	621	390	256
640	384	320	622	391	320
640	384	384	625	392	384
640	384	448	626	392	449
640	384	512	629	392	509
640	384	576	632	394	576
640	384	640	635	393	639
640	384	704	638	394	702
640	384	768	643	396	765
640	384	832	647	396	825
640	384	896	651	397	889
640	384	960	656	398	951
640	384	1023	662	400	1012
640	448	0	623	454	56
640	448	64	620	452	84
640	448	128	621	452	137
640	448	192	622	453	197
640	448	256	623	453	258
640	448	320	624	454	321
640	448	384	627	455	384
640	448	448	628	454	449
640	448	512	631	456	511
640	448	576	634	456	576
640	448	640	637	457	640
640	448	704	640	457	703
640	448	768	645	458	766
640	448	832	648	458	826
640	448	896	653	459	890
640	448	960	658	460	952
640	448	1023	663	462	1013
640	512	0	625	514	63
640	512	64	623	512	89
640	512	128	623	513	140
640	512	192	624	513	199
640	512	256	625	513	259
640	512	320	627	514	322
640	512	384	629	515	386
640	512	448	630	514	450
640	512	512	634	516	512
640	512	576	636	516	577
640	512	640	639	516	641
640	512	704	642	516	703
640	512	768	647	517	767
640	512	832	650	517	827
640	512	896	655	518	891
640	512	960	660	519	953
640	512	1023	666	520	1014
640	576	0	627	579	72
640	576	64	625	578	96
640	576	128	626	578	144
640	576	192	626	578	202
640	576	256	628	579	261
640	576	320	629	580	324
640	576	384	632	580	387
640	576	448	633	580	452
640	576	512	635	580	512
640	576	576	639	582	578
640	576	640	641	581	641
640	576	704	645	582	705
640	576	768	649	583	767
640	576	832	653	582	827
640	576	896	657	583	891
640	576	960	662	584	953
640	576	1023	668	585	1014
640	640	0	630	642	81
640	640	64	629	642	102
640	640	128	628	641	148
640	640	192	629	642	205
640	640	256	631	643	264
640	640	320	632	642	325
640	640	384	634	644	388
640	640	448	636	644	453
640	640	512	639	644	513
640	640	576	643	645	580
640	640	640	644	645	643
640	640	704	648	645	706
640	640	768	652	646	769
640	640	832	656	646	828
640	640	896	660	646	892
640	640	960	665	647	954
640	640	1023	671	648	1015
640	704	0	634	704	89
640	704	64	631	702	108
640	704	128	632	702	152
640	704	192	633	702	208
640	704	256	635	703	266
640	704	320	635	703	328
640	704	384	638	704	390
640	704	448	639	703	454
640	704	512	642	705	515
640	704	576	645	705	580
640	704	640	648	705	644
640	704	704	652	706	707
640	704	768	656	706	770
640	704	832	659	706	830
640	704	896	664	706	894
640	704	960	669	707	956
640	704	1023	673	708	1016
640	768	0	637	767	98
640	768	64	636	766	115
640	768	128	635	765	157
640	768	192	636	766	211
640	768	256	638	767	269
640	768	320	639	767	330
640	768	384	641	768	392
640	768	448	643	768	456
640	768	512	646	768	516
640	768	576	649	769	582
640	768	640	652	769	645
640	768	704	655	769	708
640	768	768	659	770	771
640	768	832	663	770	831
640	768	896	667	770	894
640	768	960	672	770	956
640	768	1023	677	771	1017
640	832	0	640	829	106
640	832	64	638	827	121
640	832	128	639	827	161
640	832	192	640	828	214
640	832	256	641	829	271
640	832	320	642	828	331
640	832	384	644	829	393
640	832	448	646	828	457
640	832	512	649	830	517
640	832	576	652	830	582
640	832	640	655	830	646
640	832	704	658	831	709
640	832	768	663	832	772
640	832	832	665	830	831
640	832	896	670	830	895
640	832	960	675	831	957
640	832	1023	680	832	1018
640	896	0	644	893	114
640	896	64	642	890	129
640	896	128	642	891	167
640	896	192	643	891	218
640	896	256	645	892	274
640	896	320	646	892	333
640	896	384	648	893	395
640	896	448	650	892	458
640	896	512	652	893	519
640	896	576	656	894	584
640	896	640	658	894	647
640	896	704	662	894	710
640	896	768	666	894	772
640	896	832	669	894	832
640	896	896	673	894	895
640	896	960	678	895	957
640	896	1023	683	895	1018
640	960	0	648	953	122
640	960	64	646	950	136
640	960	128	646	951	172
640	960	192	647	952	222
640	960	256	649	953	276
640	960	320	650	952	336
640	960	384	652	953	397
640	960	448	654	953	460
640	960	512	656	954	520
640	960	576	659	954	585
640	960	640	662	954	648
640	960	704	665	954	711
640	960	768	670	955	773
640	960	832	673	954	833
640	960	896	677	954	897
640	960	960	682	955	958
640	960	1023	687	956	1019
640	1023	0	652	1016	130
640	1023	64	651	1014	143
640	1023	128	651	1014	178
640	1023	192	652	1014	226
640	1023	256	653	1015	280
640	1023	320	654	1015	338
640	1023	384	656	1016	399
640	1023	448	659	1016	462
640	1023	512	661	1016	522
640	1023	576	664	1018	587
640	1023	640	666	1016	650
640	1023	704	670	1017	712
640	1023	768	674	1017	775
640	1023	832	678	1017	835
640	1023	896	682	1016	898
640	1023	960	686	1016	960
640	1023	1023	691	1016	1021
704	0	0	675	98	0
704	0	64	673	98	63
704	0	128	674	98	126
704	0	192	674	99	190
704	0	256	675	100	252
704	0	320	677	102	316
704	0	384	679	104	380
704	0	448	681	107	446
704	0	512	682	110	507
704	0	576	686	113	573
704	0	640	688	117	637
704	0	704	691	120	700
704	0	768	695	125	762
704	0	832	699	128	823
704	0	896	702	133	887
704	0	960	707	137	949
704	0	1023	712	143	1010
704	64	0	675	117	0
704	64	64	674	116	64
704	64	128	673	117	126
704	64	192	674	117	190
704	64	256	676	118	252
704	64	320	677	120	317
704	64	384	679	122	380
704	64	448	681	124	446
704	64	512	683	126	507
704	64	576	686	129	574
704	64	640	688	133	637
704	64	704	691	136	700
704	64	768	696	139	763
704	64	832	699	142	824
704	64	896	702	148	887
704	64	960	707	152	949
704	64	1023	713	157	1011
704	128	0	676	159	0
704	128	64	673	158	64
704	128	128	674	159	127
704	128	192	675	159	190
704	128	256	677	160	253
704	128	320	678	161	317
704	128	384	680	163	381
704	128	448	681	164	446
704	128	512	684	166	508
704	128	576	686	168	573
704	128	640	689	170	637
704	128	704	692	172	700
704	128	768	696	176	763
704	128	832	699	178	823
704	128	896	703	181	887
704	128	960	708	185	949
704	128	1023	713	188	1011
704	192	0	676	212	9
704	192	64	675	212	66
704	192	128	675	212	128
704	192	192	675	212	191
704	192	256	677	213	253
704	192	320	679	214	318
704	192	384	681	215	382
704	192	448	682	216	447
704	192	512	684	217	508
704	192	576	688	219	574
704	192	640	689	220	637
704	192	704	693	222	701
704	192	768	697	224	764
704	192	832	700	226	824
704	192	896	704	228	888
704	192	960	708	231	949
704	192	1023	714	234	1011
704	256	0	677	270	25
704	256	64	675	269	70
704	256	128	675	269	130
704	256	192	677	269	192
704	256	256	678	270	254
704	256	320	679	270	318
704	256	384	681	271	381
704	256	448	683	272	447
704	256	512	685	273	508
704	256	576	688	274	574
704	256	640	690	276	638
704	256	704	694	277	701
704	256	768	698	279	764
704	256	832	700	279	823
704	256	896	704	281	888
704	256	960	710	283	950
704	256	1023	714	286	1011
704	320	0	678	330	35
704	320	64	677	330	74
704	320	128	677	330	132
704	320	192	677	330	193
704	320	256	679	331	255
704	320	320	680	331	319
704	320	384	681	332	382
704	320	448	683	332	447
704	320	512	685	333	508
704	320	576	689	335	574
704	320	640	691	335	638
704	320	704	694	336	701
704	320	768	698	337	764
704	320	832	702	338	824
704	320	896	706	339	888
704	320	960	709	341	949
704	320	1023	715	343	1012
704	384	0	679	391	45
704	384	64	677	390	78
704	384	128	678	390	134
704	384	192	679	391	195
704	384	256	680	391	256
704	384	320	682	392	319
704	384	384	683	393	383
704	384	448	685	393	448
704	384	512	687	393	509
704	384	576	690	394	575
704	384	640	692	394	638
704	384	704	695	395	701
704	384	768	699	397	764
704	384	832	703	397	824
704	384	896	706	398	888
704	384	960	711	399	950
704	384	1023	716	401	1012
704	448	0	681	454	54
704	448	64	679	453	83
704	448	128	680	453	137
704	448	192	681	454	197
704	448	256	682	454	257
704	448	320	683	454	320
704	448	384	686	455	384
704	448	448	686	455	449
704	448	512	689	456	510
704	448	576	692	457	576
704	448	640	694	457	639
704	448	704	697	457	702
704	448	768	701	458	765
704	448	832	705	459	825
704	448	896	709	460	889
704	448	960	713	461	951
704	448	1023	718	462	1012
704	512	0	684	515	63
704	512	64	681	513	88
704	512	128	682	513	140
704	512	192	683	513	199
704	512	256	684	514	259
704	512	320	685	514	322
704	512	384	687	515	385
704	512	448	689	515	450
704	512	512	691	516	511
704	512	576	694	516	577
704	512	640	696	516	640
704	512	704	699	517	703
704	512	768	703	518	766
704	512	832	706	518	826
704	512	896	711	519	890
704	512	960	716	520	952
704	512	1023	720	521	1013
704	576	0	685	579	72
704	576	64	684	578	95
704	576	128	684	578	144
704	576	192	685	579	201
704	576	256	686	579	261
704	576	320	688	580	324
704	576	384	690	581	386
704	576	448	691	581	451
704	576	512	693	581	511
704	576	576	696	582	578
704	576	640	698	581	641
704	576	704	702	582	704
704	576	768	706	583	767
704	576	832	709	583	827
704	576	896	713	583	891
704	576	960	717	584	952
704	576	1023	722	586	1014
704	640	0	689	643	80
704	640	64	687	642	101
704	640	128	686	641	148
704	640	192	688	642	204
704	640	256	689	643	263
704	640	320	691	644	326
704	640	384	692	644	388
704	640	448	694	644	453
704	640	512	696	644	513
704	640	576	700	645	579
704	640	640	701	645	642
704	640	704	705	645	705
704	640	768	709	647	768
704	640	832	712	646	828
704	640	896	715	646	892
704	640	960	720	647	954
704	640	1023	725	648	1015
704	704	0	692	704	89
704	704	64	690	702	108
704	704	128	690	702	152
704	704	192	691	703	208
704	704	256	693	703	266
704	704	320	693	703	327
704	704	384	695	704	389
704	704	448	697	704	454
704	704	512	700	705	515
704	704	576	702	705	580
704	704	640	705	705	644
704	704	704	708	706	707
704	704	768	712	707	770
704	704	832	715	706	829
704	704	896	719	706	893
704	704	960	723	707	955
704	704	1023	728	708	1016
704	768	0	695	768	97
704	768	64	694	766	115
704	768	128	693	766	157
704	768	192	694	767	211
704	768	256	696	768	268
704	768	320	697	768	330
704	768	384	699	768	391
704	768	448	701	768	456
704	768	512	703	769	516
704	768	576	706	770	582
704	768	640	708	769	645
704	768	704	712	770	708
704	768	768	715	770	771
704	768	832	718	770	830
704	768	896	722	770	894
704	768	960	726	770	956
704	768	1023	731	771	1017
704	832	0	698	829	105
704	832	64	696	827	121
704	832	128	696	827	161
704	832	192	697	827	214
704	832	256	699	829	271
704	832	320	699	828	331
704	832	384	702	829	393
704	832	448	704	830	457
704	832	512	706	830	517
704	832	576	708	830	582
704	832	640	711	830	645
704	832	704	714	830	708
704	832	768	718	831	771
704	832	832	720	830	830
704	832	896	724	830	894
704	832	960	729	831	957
704	832	1023	734	832	1018
704	896	0	701	893	114
704	896	64	699	890	128
704	896	128	700	891	166
704	896	192	701	891	218
704	896	256	702	892	273
704	896	320	703	892	333
704	896	384	705	893	395
704	896	448	707	893	458
704	896	512	709	893	518
704	896	576	711	894	583
704	896	640	714	893	646
704	896	704	717	894	709
704	896	768	721	895	772
704	896	832	724	894	831
704	896	896	728	894	895
704	896	960	732	895	957
704	896	1023	737	895	1018
704	960	0	705	953	122
704	960	64	703	951	135
704	960	128	703	951	172
704	960	192	704	952	221
704	960	256	706	953	276
704	960	320	706	952	335
704	960	384	709	953	396
704	960	448	710	953	460
704	960	512	713	954	520
704	960	576	716	955	585
704	960	640	717	954	648
704	960	704	721	954	710
704	960	768	725	955	773
704	960	832	728	955	833
704	960	896	732	955	897
704	960	960	736	956	958
704	960	1023	741	956	1019
704	1023	0	710	1016	130
704	1023	64	708	1014	143
704	1023	128	707	1014	177
704	1023	192	708	1014	226
704	1023	256	710	1016	280
704	1023	320	712	1016	339
704	1023	384	713	1016	399
704	1023	448	715	1016	462
704	1023	512	717	1016	522
704	1023	576	720	1018	587
704	1023	640	722	1017	649
704	1023	704	725	1017	712
704	1023	768	729	1018	774
704	1023	832	732	1017	834
704	1023	896	735	1016	898
704	1023	960	740	1017	960
704	1023	1023	745	1016	1021
768	0	0	735	106	0
768	0	64	732	106	63
768	0	128	733	106	126
768	0	192	734	107	190
768	0	256	735	108	252
768	0	320	736	110	316
768	0	384	738	112	380
768	0	448	739	114	445
768	0	512	742	116	507
768	0	576	744	120	573
768	0	640	746	124	637
768	0	704	749	126	699
768	0	768	752	131	762
768	0	832	756	134	823
768	0	896	759	139	887
768	0	960	763	144	948
768	0	1023	769	148	1010
768	64	0	735	123	0
768	64	64	733	123	63
768	64	128	734	124	127
768	64	192	735	124	190
768	64	256	736	125	252
768	64	320	737	126	317
768	64	384	739	128	381
768	64	448	740	130	446
768	64	512	742	132	507
768	64	576	746	135	574
768	64	640	747	138	637
768	64	704	750	141	700
768	64	768	754	145	764
768	64	832	757	148	823
768	64	896	760	152	888
768	64	960	765	156	950
768	64	1023	769	162	1011
768	128	0	736	164	0
768	128	64	734	164	64
768	128	128	734	163	127
768	128	192	735	164	191
768	128	256	737	165	253
768	128	320	737	166	317
768	128	384	739	167	381
768	128	448	741	169	446
768	128	512	742	170	507
768	128	576	746	173	574
768	128	640	747	175	637
768	128	704	750	177	700
768	128	768	754	180	763
768	128	832	757	182	823
768	128	896	760	185	887
768	128	960	764	189	949
768	128	1023	769	192	1010
768	192	0	736	216	4
768	192	64	734	215	67
768	192	128	735	215	128
768	192	192	736	216	191
768	192	256	736	216	253
768	192	320	738	217	318
768	192	384	740	218	381
768	192	448	741	219	447
768	192	512	744	221	508
768	192	576	745	222	573
768	192	640	748	223	638
768	192	704	750	225	700
768	192	768	754	227	763
768	192	832	757	229	823
768	192	896	760	231	887
768	192	960	765	234	949
768	192	1023	770	237	1011
768	256	0	737	272	24
768	256	64	736	272	70
768	256	128	735	271	130
768	256	192	736	272	192
768	256	256	737	272	254
768	256	320	739	273	318
768	256	384	740	274	381
768	256	448	742	275	447
768	256	512	743	275	508
768	256	576	747	277	574
768	256	640	748	278	638
768	256	704	752	279	701
768	256	768	755	281	764
768	256	832	758	282	824
768	256	896	761	283	888
768	256	960	766	286	950
768	256	1023	770	288	1011
768	320	0	738	333	34
768	320	64	736	331	73
768	320	128	736	332	132
768	320	192	738	333	194
768	320	256	738	333	255
768	320	320	740	333	319
768	320	384	742	334	382
768	320	448	743	334	448
768	320	512	744	335	508
768	320	576	748	337	575
768	320	640	750	337	639
768	320	704	752	338	701
768	320	768	756	339	764
768	320	832	759	340	825
768	320	896	763	342	888
768	320	960	766	343	950
768	320	1023	771	345	1012
768	384	0	739	393	45
768	384	64	737	392	78
768	384	128	738	392	134
768	384	192	739	393	195
768	384	256	740	393	256
768	384	320	741	393	319
768	384	384	743	394	383
768	384	448	743	394	448
768	384	512	746	395	509
768	384	576	749	396	575
768	384	640	751	397	639
768	384	704	753	397	701
768	384	768	757	398	764
768	384	832	760	399	824
768	384	896	763	399	888
768	384	960	768	401	951
768	384	1023	772	403	1012
768	448	0	741	456	54
768	448	64	738	454	83
768	448	128	739	454	137
768	448	192	740	455	197
768	448	256	742	456	258
768	448	320	742	456	321
768	448	384	744	457	384
768	448	448	745	457	449
768	448	512	748	457	510
768	448	576	750	458	576
768	448	640	752	458	639
768	448	704	755	459	703
768	448	768	758	460	765
768	448	832	761	460	825
768	448	896	765	461	889
768	448	960	770	462	951
768	448	1023	773	463	1012
768	512	0	743	515	62
768	512	64	740	514	88
768	512	128	741	514	139
768	512	192	742	515	199
768	512	256	744	516	259
768	512	320	744	515	322
768	512	384	746	516	385
768	512	448	747	516	450
768	512	512	750	517	511
768	512	576	752	517	577
768	512	640	754	518	640
768	512	704	757	518	703
768	512	768	761	519	766
768	512	832	763	519	826
768	512	896	767	519	890
768	512	960	772	521	952
768	512	1023	776	522	1013
768	576	0	745	581	71
768	576	64	743	579	95
768	576	128	743	580	144
768	576	192	744	580	201
768	576	256	745	580	261
768	576	320	746	581	323
768	576	384	748	582	386
768	576	448	749	581	451
768	576	512	752	582	512
768	576	576	754	583	577
768	576	640	757	583	641
768	576	704	759	582	703
768	576	768	762	584	767
768	576	832	766	584	827
768	576	896	769	584	891
768	576	960	774	586	953
768	576	1023	778	586	1014
768	640	0	747	644	80
768	640	64	746	643	101
768	640	128	746	643	147
768	640	192	746	643	204
768	640	256	748	644	263
768	640	320	749	644	325
768	640	384	751	645	388
768	640	448	752	645	452
768	640	512	754	645	513
768	640	576	757	646	579
768	640	640	759	645	642
768	640	704	762	646	705
768	640	768	765	647	768
768	640	832	768	647	828
768	640	896	772	647	892
768	640	960	776	648	953
768	640	1023	781	649	1015
768	704	0	750	704	89
768	704	64	748	703	108
768	704	128	748	702	152
768	704	192	749	703	207
768	704	256	751	704	265
768	704	320	752	705	327
768	704	384	753	705	389
768	704	448	756	705	454
768	704	512	757	705	515
768	704	576	760	706	580
768	704	640	762	706	643
768	704	704	765	706	706
768	704	768	769	707	769
768	704	832	771	707	829
768	704	896	775	707	893
768	704	960	779	708	955
768	704	1023	783	708	1016
768	768	0	753	768	97
768	768	64	752	767	115
768	768	128	752	767	157
768	768	192	753	767	210
768	768	256	754	768	268
768	768	320	755	769	329
768	768	384	757	769	392
768	768	448	758	768	455
768	768	512	760	769	516
768	768	576	763	770	582
768	768	640	764	769	644
768	768	704	768	770	707
768	768	768	771	770	770
768	768	832	774	770	830
768	768	896	778	771	895
768	768	960	782	771	956
768	768	1023	787	772	1017
768	832	0	756	829	106
768	832	64	754	828	121
768	832	128	754	827	161
768	832	192	755	828	214
768	832	256	756	829	270
768	832	320	758	829	331
768	832	384	759	829	392
768	832	448	761	830	457
768	832	512	762	830	517
768	832	576	765	831	582
768	832	640	767	830	645
768	832	704	770	830	708
768	832	768	773	831	771
768	832	832	776	831	831
768	832	896	779	831	894
768	832	960	784	832	956
768	832	1023	788	832	1017
768	896	0	759	893	113
768	896	64	757	892	129
768	896	128	757	891	166
768	896	192	758	892	217
768	896	256	759	893	273
768	896	320	761	893	333
768	896	384	762	893	394
768	896	448	764	894	458
768	896	512	766	894	518
768	896	576	769	895	584
768	896	640	770	894	646
768	896	704	774	894	709
768	896	768	777	895	772
768	896	832	780	895	832
768	896	896	783	895	895
768	896	960	788	896	957
768	896	1023	791	896	1018
768	960	0	762	954	122
768	960	64	761	952	136
768	960	128	761	952	172
768	960	192	761	952	221
768	960	256	763	954	276
768	960	320	765	954	336
768	960	384	765	953	396
768	960	448	767	954	460
768	960	512	769	954	519
768	960	576	772	955	585
768	960	640	774	955	648
768	960	704	777	955	710
768	960	768	780	956	773
768	960	832	783	955	833
768	960	896	786	955	896
768	960	960	791	956	958
768	960	1023	796	957	1020
768	1023	0	766	1016	130
768	1023	64	765	1015	143
768	1023	128	765	1015	177
768	1023	192	765	1014	225
768	1023	256	767	1016	279
768	1023	320	768	1016	338
768	1023	384	770	1017	399
768	1023	448	771	1016	462
768	1023	512	773	1016	521
768	1023	576	776	1018	587
768	1023	640	778	1017	649
768	1023	704	781	1017	712
768	1023	768	784	1018	774
768	1023	832	787	1018	834
768	1023	896	791	1018	898
768	1023	960	794	1017	959
768	1023	1023	799	1017	1021
832	0	0	794	114	0
832	0	64	791	114	61
832	0	128	791	115	126
832	0	192	792	115	190
832	0	256	794	116	252
832	0	320	794	118	316
832	0	384	796	119	380
832	0	448	797	121	445
832	0	512	799	124	507
832	0	576	802	127	573
832	0	640	804	131	637
832	0	704	806	134	699
832	0	768	809	137	762
832	0	832	812	140	823
832	0	896	815	145	887
832	0	960	820	149	949
832	0	1023	824	154	1010
832	64	0	794	130	0
832	64	64	792	130	62
832	64	128	792	130	126
832	64	192	794	131	190
832	64	256	794	132	252
832	64	320	795	133	317
832	64	384	797	135	381
832	64	448	798	136	446
832	64	512	801	139	508
832	64	576	803	142	574
832	64	640	805	144	638
832	64	704	807	147	700
832	64	768	810	150	763
832	64	832	813	154	823
832	64	896	816	157	888
832	64	960	820	163	950
832	64	1023	825	166	1011
832	128	0	794	169	0
832	128	64	793	169	63
832	128	128	792	168	127
832	128	192	793	169	190
832	128	256	794	170	253
832	128	320	796	171	317
832	128	384	797	172	380
832	128	448	798	174	446
832	128	512	800	175	507
832	128	576	804	177	574
832	128	640	804	179	637
832	128	704	807	182	700
832	128	768	811	184	763
832	128	832	813	187	823
832	128	896	816	189	887
832	128	960	820	193	949
832	128	1023	824	197	1010
832	192	0	795	219	0
832	192	64	792	219	66
832	192	128	793	219	128
832	192	192	794	220	191
832	192	256	795	220	253
832	192	320	796	221	317
832	192	384	797	222	381
832	192	448	798	222	446
832	192	512	801	224	508
832	192	576	803	226	574
832	192	640	805	227	638
832	192	704	807	228	700
832	192	768	810	231	763
832	192	832	813	232	823
832	192	896	817	235	888
832	192	960	821	237	951
832	192	1023	825	240	1011
832	256	0	795	275	19
832	256	64	794	274	69
832	256	128	794	274	129
832	256	192	794	275	192
832	256	256	796	275	254
832	256	320	797	276	318
832	256	384	798	277	381
832	256	448	800	277	447
832	256	512	801	278	508
832	256	576	804	279	574
832	256	640	806	281	638
832	256	704	809	282	701
832	256	768	812	283	764
832	256	832	815	285	825
832	256	896	817	286	888
832	256	960	821	288	950
832	256	1023	826	291	1012
832	320	0	797	335	32
832	320	64	794	334	73
832	320	128	795	334	131
832	320	192	796	335	193
832	320	256	796	335	254
832	320	320	798	335	319
832	320	384	799	336	382
832	320	448	800	336	447
832	320	512	803	337	509
832	320	576	805	338	574
832	320	640	807	339	638
832	320	704	809	340	701
832	320	768	812	341	764
832	320	832	815	342	824
832	320	896	819	343	889
832	320	960	823	345	951
832	320	1023	827	347	1012
832	384	0	798	395	44
832	384	64	795	393	77
832	384	128	796	394	133
832	384	192	797	394	195
832	384	256	798	395	256
832	384	320	799	395	319
832	384	384	800	396	383
832	384	448	801	396	448
832	384	512	804	397	509
832	384	576	806	398	575
832	384	640	808	398	639
832	384	704	811	399	702
832	384	768	814	400	765
832	384	832	817	401	825
832	384	896	820	401	889
832	384	960	824	403	951
832	384	1023	828	404	1012
832	448	0	799	457	54
832	448	64	798	457	83
832	448	128	797	456	136
832	448	192	798	457	197
832	448	256	800	458	257
832	448	320	800	457	320
832	448	384	802	458	384
832	448	448	804	459	449
832	448	512	805	459	510
832	448	576	808	460	576
832	448	640	809	460	640
832	448	704	812	461	703
832	448	768	816	462	766
832	448	832	819	462	826
832	448	896	821	462	890
832	448	960	825	463	952
832	448	1023	829	465	1013
832	512	0	801	517	61
832	512	64	799	516	88
832	512	128	799	516	139
832	512	192	800	516	198
832	512	256	802	517	259
832	512	320	802	517	322
832	512	384	804	518	385
832	512	448	806	518	450
832	512	512	807	518	511
832	512	576	810	520	577
832	512	640	811	519	640
832	512	704	814	520	703
832	512	768	818	521	767
832	512	832	820	521	827
832	512	896	823	521	890
832	512	960	827	522	953
832	512	1023	831	523	1014
832	576	0	803	582	71
832	576	64	801	581	94
832	576	128	801	581	143
832	576	192	802	582	201
832	576	256	804	583	261
832	576	320	804	582	323
832	576	384	806	583	386
832	576	448	807	583	451
832	576	512	809	583	512
832	576	576	812	584	578
832	576	640	814	584	642
832	576	704	815	584	704
832	576	768	819	585	767
832	576	832	822	585	827
832	576	896	825	586	891
832	576	960	830	587	954
832	576	1023	833	588	1014
832	640	0	806	646	79
832	640	64	803	644	101
832	640	128	804	644	147
832	640	192	805	645	204
832	640	256	806	645	263
832	640	320	807	645	325
832	640	384	809	647	388
832	640	448	810	646	453
832	640	512	812	647	514
832	640	576	814	647	579
832	640	640	816	647	643
832	640	704	818	647	705
832	640	768	821	648	768
832	640	832	824	648	828
832	640	896	828	648	892
832	640	960	832	649	955
832	640	1023	835	650	1015
832	704	0	808	705	88
832	704	64	806	704	107
832	704	128	806	704	152
832	704	192	806	704	207
832	704	256	808	705	265
832	704	320	810	706	328
832	704	384	811	706	389
832	704	448	812	706	454
832	704	512	814	706	514
832	704	576	817	708	581
832	704	640	818	707	644
832	704	704	821	707	706
832	704	768	824	708	769
832	704	832	827	708	829
832	704	896	830	708	893
832	704	960	834	709	955
832	704	1023	838	710	1017
832	768	0	812	770	97
832	768	64	809	768	114
832	768	128	810	768	157
832	768	192	811	769	211
832	768	256	811	769	268
832	768	320	812	769	329
832	768	384	814	770	392
832	768	448	816	770	456
832	768	512	818	771	517
832	768	576	820	771	581
832	768	640	822	771	645
832	768	704	823	770	707
832	768	768	827	772	771
832	768	832	830	771	831
832	768	896	833	771	895
832	768	960	837	772	957
832	768	1023	841	773	1018
832	832	0	812	829	104
832	832	64	811	828	120
832	832	128	811	829	161
832	832	192	811	828	213
832	832	256	813	830	270
832	832	320	814	830	331
832	832	384	816	831	392
832	832	448	817	830	456
832	832	512	819	830	517
832	832	576	822	832	582
832	832	640	823	831	645
832	832	704	826	831	708
832	832	768	829	832	771
832	832	832	832	832	831
832	832	896	835	832	895
832	832	960	838	832	956
832	832	1023	843	834	1018
832	896	0	815	893	113
832	896	64	814	892	128
832	896	128	814	892	166
832	896	192	814	892	217
832	896	256	816	893	272
832	896	320	817	894	333
832	896	384	818	894	394
832	896	448	820	894	458
832	896	512	822	895	518
832	896	576	825	896	584
832	896	640	826	895	646
832	896	704	829	895	709
832	896	768	832	896	772
832	896	832	835	895	832
832	896	896	838	896	896
832	896	960	841	896	957
832	896	1023	846	897	1019
832	960	0	819	954	121
832	960	64	817	953	135
832	960	128	818	953	171
832	960	192	819	954	221
832	960	256	819	954	276
832	960	320	821	955	335
832	960	384	823	956	397
832	960	448	823	955	460
832	960	512	825	955	519
832	960	576	828	956	585
832	960	640	829	955	648
832	960	704	832	956	710
832	960	768	836	957	773
832	960	832	838	956	833
832	960	896	841	956	897
832	960	960	845	956	958
832	960	1023	849	957	1020
832	1023	0	824	1018	130
832	1023	64	821	1015	142
832	1023	128	821	1016	177
832	1023	192	822	1016	226
832	1023	256	823	1016	279
832	1023	320	824	1017	338
832	1023	384	826	1018	399
832	1023	448	827	1017	462
832	1023	512	829	1018	522
832	1023	576	832	1019	586
832	1023	640	833	1018	649
832	1023	704	835	1018	712
832	1023	768	839	1018	774
832	1023	832	842	1018	834
832	1023	896	845	1018	898
832	1023	960	848	1018	960
832	1023	1023	852	1018	1021
896	0	0	856	123	0
896	0	64	855	123	61
896	0	128	855	123	126
896	0	192	855	124	189
896	0	256	857	125	251
896	0	320	858	126	316
896	0	384	859	128	379
896	0	448	861	129	445
896	0	512	862	132	506
896	0	576	865	134	573
896	0	640	866	137	636
896	0	704	868	140	699
896	0	768	872	144	763
896	0	832	874	147	822
896	0	896	877	151	887
896	0	960	880	155	948
896	0	1023	885	160	1011
896	64	0	857	138	0
896	64	64	856	137	62
896	64	128	855	138	126
896	64	192	856	138	190
896	64	256	858	139	252
896	64	320	859	140	317
896	64	384	860	142	380
896	64	448	862	143	446
896	64	512	863	146	507
896	64	576	866	148	574
896	64	640	866	151	637
896	64	704	869	154	700
896	64	768	872	157	763
896	64	832	875	160	823
896	64	896	878	163	887
896	64	960	881	168	949
896	64	1023	885	172	1011
896	128	0	858	174	0
896	128	64	856	174	63
896	128	128	856	174	127
896	128	192	857	175	190
896	128	256	857	175	252
896	128	320	859	177	317
896	128	384	861	178	381
896	128	448	861	179	446
896	128	512	863	180	507
896	128	576	866	182	574
896	128	640	867	185	637
896	128	704	869	186	700
896	128	768	872	189	763
896	128	832	875	191	823
896	128	896	878	194	888
896	128	960	882	198	950
896	128	1023	885	201	1010
896	192	0	858	223	0
896	192	64	856	223	65
896	192	128	857	223	128
896	192	192	857	223	191
896	192	256	858	224	253
896	192	320	859	225	317
896	192	384	860	226	380
896	192	448	862	227	446
896	192	512	864	228	507
896	192	576	866	230	574
896	192	640	867	230	637
896	192	704	870	232	700
896	192	768	873	235	763
896	192	832	875	236	824
896	192	896	878	238	887
896	192	960	882	241	949
896	192	1023	886	244	1011
896	256	0	859	278	20
896	256	64	856	277	68
896	256	128	857	277	129
896	256	192	858	278	192
896	256	256	860	279	254
896	256	320	860	279	318
896	256	384	862	280	381
896	256	448	862	280	447
896	256	512	865	281	508
896	256	576	867	283	574
896	256	640	868	284	638
896	256	704	871	285	701
896	256	768	873	286	763
896	256	832	875	287	823
896	256	896	879	289	888
896	256	960	882	291	950
896	256	1023	886	294	1011
896	320	0	859	337	33
896	320	64	858	336	72
896	320	128	858	336	131
896	320	192	859	337	193
896	320	256	860	338	255
896	320	320	861	338	319
896	320	384	862	339	382
896	320	448	864	339	447
896	320	512	866	340	509
896	320	576	868	341	575
896	320	640	869	341	638
896	320	704	872	342	701
896	320	768	875	344	764
896	320	832	877	345	824
896	320	896	880	345	888
896	320	960	883	347	950
896	320	1023	888	349	1012
896	384	0	860	396	43
896	384	64	859	396	77
896	384	128	859	396	133
896	384	192	859	396	194
896	384	256	861	396	255
896	384	320	862	397	319
896	384	384	864	398	383
896	384	448	864	398	448
896	384	512	866	398	508
896	384	576	869	400	575
896	384	640	870	400	638
896	384	704	872	401	701
896	384	768	876	402	764
896	384	832	878	402	825
896	384	896	881	403	889
896	384	960	884	404	950
896	384	1023	889	406	1012
896	448	0	862	459	53
896	448	64	860	457	82
896	448	128	860	457	136
896	448	192	861	458	196
896	448	256	862	458	257
896	448	320	863	459	320
896	448	384	865	460	384
896	448	448	866	460	449
896	448	512	868	460	510
896	448	576	870	461	575
896	448	640	872	461	639
896	448	704	874	462	702
896	448	768	877	463	765
896	448	832	879	463	825
896	448	896	883	464	890
896	448	960	886	465	952
896	448	1023	890	466	1013
896	512	0	864	518	61
896	512	64	862	516	88
896	512	128	862	517	139
896	512	192	863	518	198
896	512	256	864	518	259
896	512	320	865	518	322
896	512	384	867	519	385
896	512	448	868	519	450
896	512	512	870	520	511
896	512	576	872	520	577
896	512	640	873	520	640
896	512	704	875	520	703
896	512	768	878	521	766
896	512	832	881	522	826
896	512	896	884	522	891
896	512	960	888	523	952
896	512	1023	891	524	1013
896	576	0	865	582	71
896	576	64	863	581	94
896	576	128	864	582	143
896	576	192	864	581	200
896	576	256	865	583	260
896	576	320	867	583	323
896	576	384	868	583	385
896	576	448	869	584	451
896	576	512	871	584	511
896	576	576	874	585	577
896	576	640	875	584	641
896	576	704	877	585	703
896	576	768	880	586	767
896	576	832	883	586	827
896	576	896	886	586	891
896	576	960	889	587	952
896	576	1023	893	588	1014
896	640	0	868	645	80
896	640	64	866	645	100
896	640	128	866	644	147
896	640	192	867	645	204
896	640	256	868	646	263
896	640	320	869	646	325
896	640	384	871	647	387
896	640	448	872	647	452
896	640	512	874	647	513
896	640	576	877	649	579
896	640	640	878	648	642
896	640	704	880	648	705
896	640	768	883	649	768
896	640	832	885	649	828
896	640	896	888	649	892
896	640	960	892	650	954
896	640	1023	896	650	1015
896	704	0	871	706	88
896	704	64	868	705	107
896	704	128	869	705	151
896	704	192	870	705	207
896	704	256	871	706	265
896	704	320	872	706	327
896	704	384	873	707	389
896	704	448	874	706	454
896	704	512	876	707	514
896	704	576	878	708	580
896	704	640	880	708	644
896	704	704	883	708	707
896	704	768	885	708	769
896	704	832	887	708	829
896	704	896	891	708	893
896	704	960	894	709	955
896	704	1023	898	710	1016
896	768	0	873	770	97
896	768	64	872	769	114
896	768	128	871	768	156
896	768	192	872	769	210
896	768	256	874	770	268
896	768	320	874	769	329
896	768	384	876	771	391
896	768	448	877	771	455
896	768	512	879	771	516
896	768	576	881	772	581
896	768	640	883	771	645
896	768	704	885	771	707
896	768	768	888	772	771
896	768	832	891	772	830
896	768	896	893	771	894
896	768	960	897	772	956
896	768	1023	900	773	1017
896	832	0	875	831	105
896	832	64	873	829	120
896	832	128	873	829	160
896	832	192	874	830	213
896	832	256	876	831	270
896	832	320	876	831	331
896	832	384	878	831	392
896	832	448	879	831	456
896	832	512	881	832	517
896	832	576	883	832	582
896	832	640	885	832	645
896	832	704	887	832	708
896	832	768	889	832	770
896	832	832	892	832	830
896	832	896	895	832	894
896	832	960	899	833	956
896	832	1023	902	834	1018
896	896	0	879	895	113
896	896	64	876	892	127
896	896	128	876	893	166
896	896	192	877	894	217
896	896	256	879	895	273
896	896	320	879	894	333
896	896	384	880	895	394
896	896	448	881	894	458
896	896	512	884	895	518
896	896	576	886	896	583
896	896	640	887	895	646
896	896	704	890	896	709
896	896	768	892	896	771
896	896	832	895	896	831
896	896	896	898	896	896
896	896	960	902	897	958
896	896	1023	906	897	1018
896	960	0	881	955	121
896	960	64	879	953	135
896	960	128	879	953	171
896	960	192	880	954	221
896	960	256	882	955	276
896	960	320	882	955	335
896	960	384	884	956	396
896	960	448	886	957	460
896	960	512	887	956	520
896	960	576	889	956	585
896	960	640	891	956	648
896	960	704	893	956	710
896	960	768	896	957	773
896	960	832	898	956	833
896	960	896	901	956	896
896	960	960	905	958	959
896	960	1023	908	958	1020
896	1023	0	885	1018	130
896	1023	64	883	1017	142
896	1023	128	883	1016	177
896	1023	192	884	1017	225
896	1023	256	885	1018	279
896	1023	320	886	1018	338
896	1023	384	887	1018	399
896	1023	448	889	1018	462
896	1023	512	890	1018	522
896	1023	576	893	1020	587
896	1023	640	894	1018	649
896	1023	704	897	1019	712
896	1023	768	899	1019	774
896	1023	832	902	1019	834
896	1023	896	904	1018	898
896	1023	960	908	1018	959
896	1023	1023	911	1018	1020
960	0	0	916	131	0
960	0	64	913	131	59
960	0	128	914	131	125
960	0	192	915	132	189
960	0	256	916	133	251
960	0	320	917	134	315
960	0	384	919	136	379
960	0	448	920	137	445
960	0	512	921	139	506
960	0	576	923	142	572
960	0	640	925	145	636
960	0	704	927	148	699
960	0	768	930	151	762
960	0	832	932	154	822
960	0	896	934	158	886
960	0	960	938	162	948
960	0	1023	942	166	1010
960	64	0	917	145	0
960	64	64	915	145	59
960	64	128	915	145	125
960	64	192	916	145	189
960	64	256	917	147	252
960	64	320	918	147	316
960	64	384	919	149	380
960	64	448	920	150	445
960	64	512	922	152	507
960	64	576	924	155	572
960	64	640	926	157	637
960	64	704	927	160	699
960	64	768	931	163	762
960	64	832	932	166	822
960	64	896	935	169	887
960	64	960	939	173	949
960	64	1023	943	178	1010
960	128	0	916	179	0
960	128	64	915	179	61
960	128	128	915	179	125
960	128	192	915	180	189
960	128	256	917	181	252
960	128	320	918	182	316
960	128	384	920	183	380
960	128	448	920	184	445
960	128	512	922	185	506
960	128	576	924	188	573
960	128	640	925	189	636
960	128	704	928	191	699
960	128	768	930	194	762
960	128	832	933	196	823
960	128	896	936	199	887
960	128	960	939	202	949
960	128	1023	943	206	1010
960	192	0	917	227	0
960	192	64	915	226	63
960	192	128	915	227	126
960	192	192	916	227	190
960	192	256	918	228	252
960	192	320	918	228	316
960	192	384	920	229	380
960	192	448	921	230	446
960	192	512	922	231	507
960	192	576	924	233	573
960	192	640	926	234	637
960	192	704	928	236	700
960	192	768	931	238	763
960	192	832	933	239	822
960	192	896	936	241	887
960	192	960	940	244	949
960	192	1023	943	247	1010
960	256	0	918	281	9
960	256	64	916	280	66
960	256	128	916	280	128
960	256	192	917	281	191
960	256	256	918	281	253
960	256	320	919	281	317
960	256	384	921	283	381
960	256	448	921	283	446
960	256	512	923	284	507
960	256	576	926	285	574
960	256	640	927	286	637
960	256	704	928	287	700
960	256	768	932	289	763
960	256	832	934	290	823
960	256	896	937	292	888
960	256	960	940	294	949
960	256	1023	944	296	1011
960	320	0	919	339	28
960	320	64	916	337	70
960	320	128	917	338	130
960	320	192	918	339	192
960	320	256	919	339	254
960	320	320	920	340	318
960	320	384	921	341	381
960	320	448	922	341	447
960	320	512	924	342	508
960	320	576	926	343	574
960	320	640	928	343	638
960	320	704	931	344	701
960	320	768	933	346	764
960	320	832	935	346	824
960	320	896	938	347	888
960	320	960	941	349	950
960	320	1023	944	351	1011
960	384	0	920	398	41
960	384	64	918	397	75
960	384	128	918	397	132
960	384	192	919	397	194
960	384	256	920	398	255
960	384	320	920	398	318
960	384	384	922	399	382
960	384	448	923	399	447
960	384	512	925	400	508
960	384	576	927	401	575
960	384	640	929	401	638
960	384	704	931	402	701
960	384	768	934	403	764
960	384	832	936	404	824
960	384	896	938	404	888
960	384	960	942	406	950
960	384	1023	945	407	1011
960	448	0	921	460	51
960	448	64	919	459	81
960	448	128	919	458	135
960	448	192	920	459	196
960	448	256	921	460	256
960	448	320	923	460	320
960	448	384	923	461	383
960	448	448	925	461	448
960	448	512	926	461	509
960	448	576	929	463	576
960	448	640	930	462	639
960	448	704	932	463	702
960	448	768	935	464	765
960	448	832	938	464	825
960	448	896	939	465	888
960	448	960	943	466	951
960	448	1023	947	467	1012
960	512	0	923	519	59
960	512	64	921	518	86
960	512	128	921	517	138
960	512	192	922	518	197
960	512	256	923	519	258
960	512	320	924	519	321
960	512	384	925	520	384
960	512	448	927	520	449
960	512	512	928	520	510
960	512	576	931	521	576
960	512	640	931	521	639
960	512	704	934	522	703
960	512	768	937	523	766
960	512	832	939	523	826
960	512	896	941	522	889
960	512	960	945	524	952
960	512	1023	949	525	1013
960	576	0	925	583	69
960	576	64	922	582	92
960	576	128	922	582	142
960	576	192	923	583	200
960	576	256	925	584	260
960	576	320	925	583	322
960	576	384	927	584	385
960	576	448	928	584	450
960	576	512	930	585	511
960	576	576	932	586	577
960	576	640	933	585	640
960	576	704	936	586	703
960	576	768	939	587	767
960	576	832	940	586	826
960	576	896	943	587	890
960	576	960	946	588	952
960	576	1023	950	589	1014
960	640	0	927	647	78
960	640	64	924	645	99
960	640	128	925	645	146
960	640	192	926	646	203
960	640	256	928	647	262
960	640	320	928	647	324
960	640	384	929	647	387
960	640	448	930	647	451
960	640	512	932	648	512
960	640	576	934	648	578
960	640	640	935	648	642
960	640	704	937	648	704
960	640	768	940	649	767
960	640	832	942	649	827
960	640	896	946	650	892
960	640	960	949	650	953
960	640	1023	953	651	1015
960	704	0	930	707	87
960	704	64	928	705	106
960	704	128	928	706	151
960	704	192	929	706	206
960	704	256	930	707	265
960	704	320	931	707	327
960	704	384	932	708	389
960	704	448	933	707	453
960	704	512	934	707	513
960	704	576	937	708	579
960	704	640	938	708	643
960	704	704	940	708	706
960	704	768	943	709	769
960	704	832	945	709	828
960	704	896	948	709	893
960	704	960	951	709	954
960	704	1023	955	711	1016
960	768	0	932	770	95
960	768	64	930	769	113
960	768	128	930	769	155
960	768	192	931	770	210
960	768	256	933	771	267
960	768	320	933	770	328
960	768	384	935	771	391
960	768	448	935	770	455
960	768	512	938	772	516
960	768	576	939	772	581
960	768	640	941	771	644
960	768	704	943	771	707
960	768	768	945	772	770
960	768	832	948	772	830
960	768	896	951	772	894
960	768	960	954	773	956
960	768	1023	957	774	1017
960	832	0	934	832	103
960	832	64	932	829	120
960	832	128	932	829	160
960	832	192	933	830	213
960	832	256	934	831	269
960	832	320	935	831	330
960	832	384	937	832	392
960	832	448	937	831	456
960	832	512	939	832	517
960	832	576	941	832	581
960	832	640	943	832	645
960	832	704	944	832	707
960	832	768	947	833	770
960	832	832	949	832	830
960	832	896	952	833	894
960	832	960	956	833	956
960	832	1023	959	834	1017
960	896	0	937	895	112
960	896	64	934	893	127
960	896	128	934	893	165
960	896	192	935	893	216
960	896	256	936	894	272
960	896	320	937	894	332
960	896	384	939	895	394
960	896	448	939	895	457
960	896	512	941	895	518
960	896	576	944	896	583
960	896	640	945	896	646
960	896	704	947	896	708
960	896	768	950	896	771
960	896	832	952	896	831
960	896	896	955	896	895
960	896	960	958	896	956
960	896	1023	962	898	1018
960	960	0	940	956	121
960	960	64	937	954	135
960	960	128	938	954	171
960	960	192	939	955	221
960	960	256	939	955	275
960	960	320	940	955	335
960	960	384	942	956	396
960	960	448	943	956	459
960	960	512	945	957	520
960	960	576	947	958	585
960	960	640	948	957	647
960	960	704	950	956	710
960	960	768	953	957	772
960	960	832	955	957	833
960	960	896	958	957	897
960	960	960	962	958	959
960	960	1023	965	958	1019
960	1023	0	943	1019	129
960	1023	64	940	1016	142
960	1023	128	941	1016	176
960	1023	192	942	1017	225
960	1023	256	943	1018	279
960	1023	320	944	1018	338
960	1023	384	945	1019	398
960	1023	448	946	1018	461
960	1023	512	948	1019	521
960	1023	576	950	1019	586
960	1023	640	952	1019	649
960	1023	704	953	1019	711
960	1023	768	956	1020	774
960	1023	832	958	1019	834
960	1023	896	961	1018	897
960	1023	960	965	1019	960
960	1023	1023	968	1019	1021
1023	0	0	973	139	0
1023	0	64	970	139	59
1023	0	128	971	139	125
1023	0	192	972	140	189
1023	0	256	973	141	251
1023	0	320	973	142	315
1023	0	384	975	143	379
1023	0	448	975	145	444
1023	0	512	978	147	506
1023	0	576	979	149	572
1023	0	640	981	152	636
1023	0	704	982	155	699
1023	0	768	986	158	762
1023	0	832	987	161	822
1023	0	896	990	164	886
1023	0	960	993	168	948
1023	0	1023	997	173	1009
1023	64	0	974	152	0
1023	64	64	971	151	60
1023	64	128	972	151	125
1023	64	192	973	152	189
1023	64	256	973	153	251
1023	64	320	974	154	316
1023	64	384	976	155	380
1023	64	448	977	157	445
1023	64	512	979	159	507
1023	64	576	980	161	573
1023	64	640	981	164	636
1023	64	704	983	166	699
1023	64	768	986	169	762
1023	64	832	988	171	823
1023	64	896	991	175	887
1023	64	960	994	179	949
1023	64	1023	998	183	1010
1023	128	0	973	185	0
1023	128	64	972	184	61
1023	128	128	971	185	125
1023	128	192	972	185	189
1023	128	256	974	186	251
1023	128	320	975	187	316
1023	128	384	976	188	380
1023	128	448	977	189	445
1023	128	512	978	190	507
1023	128	576	981	193	573
1023	128	640	981	194	636
1023	128	704	983	196	699
1023	128	768	987	199	763
1023	128	832	988	201	823
1023	128	896	991	203	887
1023	128	960	994	207	949
1023	128	1023	998	211	1010
1023	192	0	974	231	0
1023	192	64	972	230	63
1023	192	128	972	231	126
1023	192	192	973	231	190
1023	192	256	974	232	252
1023	192	320	974	232	316
1023	192	384	976	233	380
1023	192	448	977	234	445
1023	192	512	978	235	507
1023	192	576	980	237	573
1023	192	640	982	238	637
1023	192	704	983	239	699
1023	192	768	986	242	762
1023	192	832	988	243	823
1023	192	896	991	245	887
1023	192	960	994	248	949
1023	192	1023	998	250	1011
1023	256	0	974	283	0
1023	256	64	972	283	67
1023	256	128	973	283	128
1023	256	192	973	283	191
1023	256	256	974	284	252
1023	256	320	976	285	317
1023	256	384	977	286	381
1023	256	448	978	286	446
1023	256	512	979	287	507
1023	256	576	981	289	573
1023	256	640	982	289	637
1023	256	704	984	290	700
1023	256	768	987	292	763
1023	256	832	989	293	823
1023	256	896	992	294	888
1023	256	960	995	296	949
1023	256	1023	998	299	1011
1023	320	0	976	342	28
1023	320	64	973	340	71
1023	320	128	973	341	130
1023	320	192	974	341	192
1023	320	256	976	342	254
1023	320	320	976	342	317
1023	320	384	977	343	381
1023	320	448	978	343	446
1023	320	512	980	344	508
1023	320	576	982	345	573
1023	320	640	983	346	637
1023	320	704	985	346	700
1023	320	768	988	348	763
1023	320	832	990	348	823
1023	320	896	992	350	887
1023	320	960	996	351	950
1023	320	1023	999	353	1011
1023	384	0	975	400	40
1023	384	64	973	398	75
1023	384	128	974	399	132
1023	384	192	975	400	193
1023	384	256	976	400	255
1023	384	320	976	400	318
1023	384	384	978	401	382
1023	384	448	979	401	447
1023	384	512	981	402	508
1023	384	576	982	403	574
1023	384	640	984	403	638
1023	384	704	986	404	701
1023	384	768	989	405	764
1023	384	832	990	406	824
1023	384	896	993	406	888
1023	384	960	996	408	950
1023	384	1023	1000	409	1011
1023	448	0	977	461	50
1023	448	64	975	460	81
1023	448	128	975	460	135
1023	448	192	976	460	195
1023	448	256	977	461	256
1023	448	320	978	461	319
1023	448	384	979	462	382
1023	448	448	980	462	448
1023	448	512	982	463	509
1023	448	576	984	464	575
1023	448	640	985	464	638
1023	448	704	987	464	701
1023	448	768	990	465	764
1023	448	832	992	466	825
1023	448	896	994	466	888
1023	448	960	998	468	951
1023	448	1023	1001	468	1012
1023	512	0	979	520	59
1023	512	64	977	519	86
1023	512	128	977	519	138
1023	512	192	978	519	198
1023	512	256	979	521	258
1023	512	320	979	520	320
1023	512	384	981	521	384
1023	512	448	982	521	449
1023	512	512	983	521	510
1023	512	576	986	523	576
1023	512	640	986	522	639
1023	512	704	989	523	702
1023	512	768	992	524	765
1023	512	832	994	524	825
1023	512	896	995	524	889
1023	512	960	1000	525	952
1023	512	1023	1002	526	1012
1023	576	0	980	585	69
1023	576	64	978	583	93
1023	576	128	978	583	142
1023	576	192	979	584	200
1023	576	256	981	585	260
1023	576	320	981	585	322
1023	576	384	983	586	385
1023	576	448	983	585	450
1023	576	512	985	586	511
1023	576	576	987	587	576
1023	576	640	989	587	640
1023	576	704	991	587	703
1023	576	768	993	588	766
1023	576	832	995	588	826
1023	576	896	997	588	890
1023	576	960	1001	589	952
1023	576	1023	1004	590	1013
1023	640	0	983	648	78
1023	640	64	980	646	99
1023	640	128	980	646	146
1023	640	192	981	647	203
1023	640	256	982	647	261
1023	640	320	984	648	324
1023	640	384	985	649	387
1023	640	448	986	648	451
1023	640	512	988	649	513
1023	640	576	989	649	578
1023	640	640	991	650	642
1023	640	704	992	649	704
1023	640	768	995	650	767
1023	640	832	997	650	827
1023	640	896	1000	650	891
1023	640	960	1003	651	953
1023	640	1023	1007	652	1014
1023	704	0	985	707	87
1023	704	64	983	706	106
1023	704	128	983	706	151
1023	704	192	983	706	205
1023	704	256	985	707	264
1023	704	320	986	707	326
1023	704	384	988	709	389
1023	704	448	988	708	453
1023	704	512	989	708	513
1023	704	576	992	709	579
1023	704	640	992	708	642
1023	704	704	995	709	705
1023	704	768	998	710	768
1023	704	832	1000	710	829
1023	704	896	1002	710	893
1023	704	960	1005	710	954
1023	704	1023	1009	712	1016
1023	768	0	988	771	95
1023	768	64	985	770	113
1023	768	128	986	770	156
1023	768	192	987	771	209
1023	768	256	988	771	267
1023	768	320	989	772	328
1023	768	384	990	773	391
1023	768	448	991	771	455
1023	768	512	992	772	515
1023	768	576	994	772	580
1023	768	640	995	772	644
1023	768	704	997	772	706
1023	768	768	1000	773	769
1023	768	832	1002	773	829
1023	768	896	1005	773	894
1023	768	960	1008	774	956
1023	768	1023	1011	775	1017
1023	832	0	989	831	104
1023	832	64	987	830	119
1023	832	128	987	830	160
1023	832	192	989	831	213
1023	832	256	989	832	269
1023	832	320	990	832	330
1023	832	384	992	833	392
1023	832	448	992	833	456
1023	832	512	994	833	516
1023	832	576	996	834	582
1023	832	640	997	833	645
1023	832	704	999	833	707
1023	832	768	1002	834	770
1023	832	832	1004	834	830
1023	832	896	1006	834	894
1023	832	960	1009	834	955
1023	832	1023	1013	835	1017
1023	896	0	991	895	112
1023	896	64	989	894	127
1023	896	128	990	895	165
1023	896	192	990	894	216
1023	896	256	991	895	272
1023	896	320	992	896	332
1023	896	384	995	897	394
1023	896	448	995	896	457
1023	896	512	996	896	517
1023	896	576	999	897	583
1023	896	640	999	896	645
1023	896	704	1001	897	708
1023	896	768	1004	898	771
1023	896	832	1006	897	831
1023	896	896	1009	897	895
1023	896	960	1011	897	956
1023	896	1023	1016	899	1018
1023	960	0	994	956	120
1023	960	64	992	955	134
1023	960	128	993	955	171
1023	960	192	994	956	221
1023	960	256	994	956	275
1023	960	320	995	956	335
1023	960	384	997	957	396
1023	960	448	997	957	459
1023	960	512	999	957	519
1023	960	576	1001	958	584
1023	960	640	1002	957	647
1023	960	704	1004	957	709
1023	960	768	1007	958	772
1023	960	832	1009	958	832
1023	960	896	1011	958	896
1023	960	960	1014	958	958
1023	960	1023	1018	959	1019
1023	1023	0	998	1020	129
1023	1023	64	995	1017	142
1023	1023	128	996	1018	176
1023	1023	192	996	1018	225
1023	1023	256	997	1019	279
1023	1023	320	998	1019	338
1023	1023	384	1000	1020	399
1023	1023	448	1001	1020	462
1023	1023	512	1003	1020	522
1023	1023	576	1004	1021	587
1023	1023	640	1006	1021	650
1023	1023	704	1007	1020	712
1023	1023	768	1010	1021	774
1023	1023	832	1012	1021	834
1023	1023	896	1014	1021	898
1023	1023	960	1018	1022	960
1023	1023	1023	1023	1023	1023