0	0	0	0	0	0
0	0	64	17	7	64
0	0	128	33	14	124
0	0	192	50	20	186
0	0	256	66	27	246
0	0	320	82	34	308
0	0	384	99	41	370
0	0	448	116	47	433
0	0	512	131	54	492
0	0	576	149	61	556
0	0	640	165	68	618
0	0	704	181	74	678
0	0	768	197	81	739
0	0	832	213	87	797
0	0	896	229	94	859
0	0	960	245	101	918
0	0	1023	261	107	978
0	64	0	34	68	21
0	64	64	37	68	67
0	64	128	46	69	126
0	64	192	58	70	186
0	64	256	72	72	246
0	64	320	87	74	308
0	64	384	103	77	370
0	64	448	119	80	433
0	64	512	134	84	492
0	64	576	151	89	556
0	64	640	167	93	617
0	64	704	183	97	678
0	64	768	199	103	739
0	64	832	215	108	797
0	64	896	231	113	859
0	64	960	247	119	918
0	64	1023	263	124	978
0	128	0	65	129	40
0	128	64	66	129	74
0	128	128	71	130	129
0	128	192	79	131	189
0	128	256	89	132	248
0	128	320	101	132	309
0	128	384	115	134	371
0	128	448	129	136	434
0	128	512	143	138	493
0	128	576	159	140	557
0	128	640	174	143	618
0	128	704	189	146	679
0	128	768	205	149	740
0	128	832	220	152	797
0	128	896	235	155	859
0	128	960	251	159	919
0	128	1023	267	163	978
0	192	0	95	191	60
0	192	64	96	191	85
0	192	128	100	191	135
0	192	192	105	192	193
0	192	256	113	193	251
0	192	320	122	194	312
0	192	384	133	195	373
0	192	448	146	196	436
0	192	512	158	197	494
0	192	576	172	199	558
0	192	640	186	200	620
0	192	704	200	202	680
0	192	768	215	204	741
0	192	832	229	206	799
0	192	896	244	208	860
0	192	960	259	211	919
0	192	1023	274	214	979
0	256	0	126	252	79
0	256	64	127	252	99
0	256	128	129	252	144
0	256	192	133	253	198
0	256	256	139	254	255
0	256	320	147	254	315
0	256	384	156	255	375
0	256	448	166	256	438
0	256	512	177	257	496
0	256	576	189	259	560
0	256	640	202	259	621
0	256	704	215	260	682
0	256	768	228	262	742
0	256	832	241	263	800
0	256	896	255	265	861
0	256	960	269	266	921
0	256	1023	284	269	980
0	320	0	157	315	98
0	320	64	158	315	115
0	320	128	160	316	154
0	320	192	164	316	206
0	320	256	168	317	261
0	320	320	174	318	320
0	320	384	182	319	379
0	320	448	190	319	441
0	320	512	199	319	499
0	320	576	210	321	562
0	320	640	221	321	623
0	320	704	233	322	683
0	320	768	245	323	743
0	320	832	257	324	801
0	320	896	271	325	863
0	320	960	284	326	922
0	320	1023	297	328	981
0	384	0	188	377	118
0	384	64	189	377	131
0	384	128	190	377	166
0	384	192	193	378	215
0	384	256	197	378	267
0	384	320	202	379	325
0	384	384	209	380	384
0	384	448	216	380	444
0	384	512	224	381	503
0	384	576	234	382	565
0	384	640	243	382	626
0	384	704	253	382	685
0	384	768	265	384	746
0	384	832	276	384	803
0	384	896	288	385	865
0	384	960	300	386	924
0	384	1023	313	388	983
0	448	0	220	440	138
0	448	64	220	440	149
0	448	128	222	441	180
0	448	192	224	441	225
0	448	256	228	443	276
0	448	320	232	442	331
0	448	384	237	443	389
0	448	448	244	443	449
0	448	512	251	444	507
0	448	576	259	445	568
0	448	640	268	445	629
0	448	704	277	445	688
0	448	768	287	446	748
0	448	832	297	446	806
0	448	896	308	447	867
0	448	960	320	448	926
0	448	1023	331	449	985
0	512	0	250	500	156
0	512	64	250	500	166
0	512	128	251	501	194
0	512	192	254	502	236
0	512	256	257	503	285
0	512	320	260	502	338
0	512	384	265	503	395
0	512	448	271	503	454
0	512	512	277	504	511
0	512	576	284	504	572
0	512	640	292	504	632
0	512	704	300	504	691
0	512	768	310	506	751
0	512	832	319	506	808
0	512	896	329	506	869
0	512	960	340	507	929
0	512	1023	351	508	988
0	576	0	283	565	177
0	576	64	283	566	185
0	576	128	284	566	211
0	576	192	286	567	249
0	576	256	289	567	295
0	576	320	292	568	347
0	576	384	296	569	402
0	576	448	301	569	461
0	576	512	307	570	517
0	576	576	313	570	577
0	576	640	320	570	637
0	576	704	327	570	695
0	576	768	336	571	755
0	576	832	344	570	812
0	576	896	353	571	872
0	576	960	363	572	931
0	576	1023	373	573	990
0	640	0	314	627	196
0	640	64	314	628	204
0	640	128	316	629	227
0	640	192	317	629	263
0	640	256	320	631	306
0	640	320	323	632	357
0	640	384	326	632	410
0	640	448	331	632	468
0	640	512	336	632	522
0	640	576	342	633	583
0	640	640	348	632	641
0	640	704	354	632	700
0	640	768	362	634	759
0	640	832	370	634	816
0	640	896	378	633	876
0	640	960	387	634	935
0	640	1023	397	635	993
0	704	0	344	688	215
0	704	64	345	689	222
0	704	128	345	689	243
0	704	192	347	690	277
0	704	256	350	692	319
0	704	320	352	691	367
0	704	384	356	692	419
0	704	448	360	693	476
0	704	512	364	692	529
0	704	576	370	694	589
0	704	640	375	692	647
0	704	704	381	693	705
0	704	768	388	694	764
0	704	832	395	694	821
0	704	896	403	693	880
0	704	960	412	694	939
0	704	1023	420	694	996
0	768	0	375	751	235
0	768	64	376	752	241
0	768	128	377	753	260
0	768	192	378	753	291
0	768	256	381	754	331
0	768	320	383	755	378
0	768	384	386	755	429
0	768	448	390	756	484
0	768	512	394	756	537
0	768	576	399	757	596
0	768	640	404	756	653
0	768	704	410	756	711
0	768	768	416	757	769
0	768	832	423	757	825
0	768	896	430	756	884
0	768	960	437	757	943
0	768	1023	446	758	1001
0	832	0	405	811	253
0	832	64	406	812	259
0	832	128	407	812	277
0	832	192	408	813	306
0	832	256	411	815	344
0	832	320	412	814	388
0	832	384	416	816	438
0	832	448	419	816	492
0	832	512	422	816	543
0	832	576	427	817	602
0	832	640	432	816	658
0	832	704	437	816	716
0	832	768	443	817	774
0	832	832	449	817	829
0	832	896	456	816	888
0	832	960	463	817	946
0	832	1023	470	817	1003
0	896	0	437	873	273
0	896	64	437	875	278
0	896	128	438	875	294
0	896	192	440	877	322
0	896	256	442	878	358
0	896	320	443	877	400
0	896	384	446	878	448
0	896	448	450	879	501
0	896	512	453	879	552
0	896	576	457	880	609
0	896	640	461	879	665
0	896	704	466	879	722
0	896	768	472	880	779
0	896	832	477	880	834
0	896	896	483	879	893
0	896	960	490	880	951
0	896	1023	497	880	1008
0	960	0	467	934	292
0	960	64	468	935	297
0	960	128	468	935	312
0	960	192	469	936	338
0	960	256	471	938	372
0	960	320	474	938	413
0	960	384	476	939	459
0	960	448	479	939	510
0	960	512	482	939	560
0	960	576	486	940	617
0	960	640	490	939	672
0	960	704	494	939	728
0	960	768	500	940	785
0	960	832	505	939	839
0	960	896	510	938	898
0	960	960	517	940	955
0	960	1023	524	940	1012
0	1023	0	497	995	311
0	1023	64	498	997	316
0	1023	128	499	998	330
0	1023	192	500	998	354
0	1023	256	502	1000	386
0	1023	320	504	1000	426
0	1023	384	506	1000	471
0	1023	448	509	1001	521
0	1023	512	512	1001	570
0	1023	576	516	1002	625
0	1023	640	519	1000	679
0	1023	704	523	1001	735
0	1023	768	529	1002	791
0	1023	832	533	1001	846
0	1023	896	539	1001	904
0	1023	960	544	1001	961
0	1023	1023	550	1001	1018
64	0	0	61	17	10
64	0	64	62	17	65
64	0	128	67	21	124
64	0	192	76	25	185
64	0	256	86	31	245
64	0	320	99	37	308
64	0	384	113	43	369
64	0	448	128	49	432
64	0	512	142	56	491
64	0	576	157	62	555
64	0	640	173	69	617
64	0	704	188	75	677
64	0	768	203	82	738
64	0	832	219	88	796
64	0	896	235	95	858
64	0	960	250	101	918
64	0	1023	266	108	976
64	64	0	67	69	23
64	64	64	68	69	67
64	64	128	73	70	126
64	64	192	81	71	186
64	64	256	91	73	246
64	64	320	103	75	308
64	64	384	116	78	370
64	64	448	130	82	433
64	64	512	144	85	492
64	64	576	160	89	557
64	64	640	175	94	617
64	64	704	190	98	678
64	64	768	205	104	739
64	64	832	221	108	797
64	64	896	236	113	858
64	64	960	251	120	918
64	64	1023	267	126	977
64	128	0	85	130	41
64	128	64	86	130	74
64	128	128	90	130	129
64	128	192	96	131	189
64	128	256	105	132	248
64	128	320	115	133	309
64	128	384	127	135	371
64	128	448	140	136	434
64	128	512	152	139	493
64	128	576	167	141	557
64	128	640	181	144	618
64	128	704	196	146	678
64	128	768	211	149	739
64	128	832	225	152	797
64	128	896	241	156	859
64	128	960	256	160	919
64	128	1023	271	164	977
64	192	0	109	191	60
64	192	64	110	191	85
64	192	128	113	192	135
64	192	192	117	192	192
64	192	256	124	193	251
64	192	320	133	194	312
64	192	384	143	195	373
64	192	448	154	196	435
64	192	512	166	197	494
64	192	576	179	199	558
64	192	640	192	200	618
64	192	704	206	202	679
64	192	768	220	204	740
64	192	832	234	206	798
64	192	896	249	209	859
64	192	960	263	211	919
64	192	1023	278	214	979
64	256	0	136	253	79
64	256	64	136	252	99
64	256	128	139	252	144
64	256	192	143	253	198
64	256	256	148	254	255
64	256	320	155	254	315
64	256	384	164	256	375
64	256	448	173	256	437
64	256	512	184	257	496
64	256	576	196	259	559
64	256	640	208	260	621
64	256	704	220	261	681
64	256	768	233	263	742
64	256	832	246	263	799
64	256	896	260	265	861
64	256	960	274	267	921
64	256	1023	288	269	979
64	320	0	165	316	99
64	320	64	165	315	115
64	320	128	167	316	154
64	320	192	170	316	205
64	320	256	175	317	260
64	320	320	181	318	319
64	320	384	188	318	379
64	320	448	197	319	440
64	320	512	205	320	499
64	320	576	216	321	562
64	320	640	226	321	622
64	320	704	238	322	683
64	320	768	250	323	743
64	320	832	262	324	801
64	320	896	274	325	861
64	320	960	288	327	922
64	320	1023	301	329	980
64	384	0	195	377	118
64	384	64	195	377	131
64	384	128	196	377	166
64	384	192	199	378	215
64	384	256	203	379	267
64	384	320	208	379	324
64	384	384	214	380	383
64	384	448	221	380	444
64	384	512	229	380	501
64	384	576	238	382	564
64	384	640	247	382	625
64	384	704	258	382	685
64	384	768	269	383	745
64	384	832	280	384	803
64	384	896	292	385	864
64	384	960	304	386	923
64	384	1023	316	388	982
64	448	0	226	441	138
64	448	64	225	439	149
64	448	128	227	440	180
64	448	192	229	441	225
64	448	256	232	442	275
64	448	320	237	442	331
64	448	384	242	443	389
64	448	448	248	443	449
64	448	512	255	444	506
64	448	576	263	445	568
64	448	640	272	445	628
64	448	704	280	445	688
64	448	768	291	446	748
64	448	832	301	446	805
64	448	896	311	447	866
64	448	960	323	448	926
64	448	1023	334	449	984
64	512	0	255	501	157
64	512	64	254	499	166
64	512	128	256	500	194
64	512	192	258	501	236
64	512	256	261	502	284
64	512	320	264	502	338
64	512	384	269	503	395
64	512	448	274	503	453
64	512	512	281	504	511
64	512	576	288	504	572
64	512	640	296	505	632
64	512	704	304	505	691
64	512	768	313	505	751
64	512	832	322	506	808
64	512	896	332	506	869
64	512	960	343	507	928
64	512	1023	354	508	986
64	576	0	286	566	177
64	576	64	286	565	185
64	576	128	288	566	210
64	576	192	289	566	248
64	576	256	292	567	294
64	576	320	296	568	347
64	576	384	300	569	402
64	576	448	304	569	460
64	576	512	310	569	516
64	576	576	316	570	577
64	576	640	323	569	636
64	576	704	330	570	695
64	576	768	339	571	754
64	576	832	347	571	811
64	576	896	356	571	872
64	576	960	366	571	930
64	576	1023	376	573	989
64	640	0	318	629	197
64	640	64	317	628	204
64	640	128	318	628	226
64	640	192	320	629	262
64	640	256	323	631	306
64	640	320	326	631	357
64	640	384	329	631	410
64	640	448	334	631	467
64	640	512	339	632	522
64	640	576	345	633	583
64	640	640	350	632	641
64	640	704	357	633	700
64	640	768	365	633	759
64	640	832	373	633	815
64	640	896	381	633	875
64	640	960	390	634	934
64	640	1023	399	635	992
64	704	0	348	689	216
64	704	64	347	687	222
64	704	128	348	688	243
64	704	192	350	689	276
64	704	256	352	691	318
64	704	320	355	691	366
64	704	384	358	692	419
64	704	448	362	692	475
64	704	512	367	692	529
64	704	576	372	692	588
64	704	640	378	692	646
64	704	704	384	693	705
64	704	768	391	693	763
64	704	832	397	693	819
64	704	896	405	693	879
64	704	960	414	694	938
64	704	1023	422	694	996
64	768	0	379	752	235
64	768	64	378	751	241
64	768	128	379	751	260
64	768	192	381	752	291
64	768	256	383	753	330
64	768	320	386	755	378
64	768	384	389	755	428
64	768	448	392	755	483
64	768	512	396	755	536
64	768	576	401	756	595
64	768	640	406	755	652
64	768	704	412	756	710
64	768	768	419	757	768
64	768	832	425	756	824
64	768	896	432	756	884
64	768	960	440	757	942
64	768	1023	448	757	1000
64	832	0	409	813	254
64	832	64	408	811	259
64	832	128	409	811	276
64	832	192	411	813	306
64	832	256	413	814	343
64	832	320	415	814	388
64	832	384	418	815	437
64	832	448	421	816	491
64	832	512	425	816	543
64	832	576	429	816	601
64	832	640	434	815	658
64	832	704	439	816	715
64	832	768	446	817	773
64	832	832	451	816	828
64	832	896	458	816	888
64	832	960	465	817	946
64	832	1023	473	817	1003
64	896	0	440	875	274
64	896	64	439	873	278
64	896	128	440	874	294
64	896	192	442	875	322
64	896	256	444	877	357
64	896	320	446	877	400
64	896	384	448	878	448
64	896	448	452	879	500
64	896	512	455	878	551
64	896	576	459	879	608
64	896	640	464	879	665
64	896	704	469	879	721
64	896	768	474	880	779
64	896	832	479	879	833
64	896	896	486	879	893
64	896	960	493	880	950
64	896	1023	500	880	1007
64	960	0	470	936	292
64	960	64	470	935	297
64	960	128	470	934	312
64	960	192	471	935	337
64	960	256	474	937	371
64	960	320	475	937	412
64	960	384	478	938	459
64	960	448	481	939	510
64	960	512	484	939	560
64	960	576	488	940	616
64	960	640	492	939	671
64	960	704	496	939	727
64	960	768	502	940	784
64	960	832	506	939	838
64	960	896	512	939	897
64	960	960	519	940	955
64	960	1023	525	940	1012
64	1023	0	501	997	312
64	1023	64	500	996	316
64	1023	128	500	996	330
64	1023	192	502	997	354
64	1023	256	504	999	386
64	1023	320	506	999	426
64	1023	384	508	1000	470
64	1023	448	511	1000	520
64	1023	512	514	1001	569
64	1023	576	518	1002	625
64	1023	640	521	1000	679
64	1023	704	525	1001	734
64	1023	768	530	1001	791
64	1023	832	535	1001	845
64	1023	896	540	1000	903
64	1023	960	546	1000	960
64	1023	1023	552	1000	1017
128	0	0	115	32	19
128	0	64	115	32	66
128	0	128	118	33	125
128	0	192	123	36	185
128	0	256	129	40	245
128	0	320	137	44	307
128	0	384	147	50	369
128	0	448	158	55	432
128	0	512	169	61	491
128	0	576	182	67	555
128	0	640	195	73	616
128	0	704	208	79	677
128	0	768	222	85	738
128	0	832	236	91	796
128	0	896	250	97	857
128	0	960	264	105	917
128	0	1023	279	111	976
128	64	0	119	74	28
128	64	64	118	73	69
128	64	128	121	74	126
128	64	192	126	75	187
128	64	256	132	77	247
128	64	320	140	79	308
128	64	384	150	82	370
128	64	448	160	85	433
128	64	512	172	88	492
128	64	576	184	92	555
128	64	640	197	97	617
128	64	704	210	101	678
128	64	768	224	106	739
128	64	832	237	111	796
128	64	896	252	116	858
128	64	960	266	121	918
128	64	1023	281	127	977
128	128	0	129	132	44
128	128	64	129	132	76
128	128	128	131	132	130
128	128	192	135	133	189
128	128	256	141	134	248
128	128	320	148	135	309
128	128	384	157	137	371
128	128	448	168	138	434
128	128	512	178	140	493
128	128	576	190	143	556
128	128	640	203	145	618
128	128	704	215	148	678
128	128	768	229	151	739
128	128	832	242	154	797
128	128	896	257	157	859
128	128	960	270	162	918
128	128	1023	284	166	977
128	192	0	145	193	62
128	192	64	145	192	86
128	192	128	147	192	136
128	192	192	150	193	193
128	192	256	156	194	251
128	192	320	162	195	311
128	192	384	170	196	372
128	192	448	180	197	436
128	192	512	189	198	494
128	192	576	201	200	558
128	192	640	213	202	619
128	192	704	225	203	680
128	192	768	237	206	740
128	192	832	250	207	798
128	192	896	264	209	859
128	192	960	277	212	919
128	192	1023	291	215	977
128	256	0	165	254	81
128	256	64	165	253	100
128	256	128	167	253	144
128	256	192	170	254	198
128	256	256	174	254	255
128	256	320	180	255	315
128	256	384	188	256	375
128	256	448	196	257	437
128	256	512	205	258	496
128	256	576	215	259	559
128	256	640	226	260	621
128	256	704	237	261	680
128	256	768	249	263	741
128	256	832	261	264	799
128	256	896	274	266	860
128	256	960	287	268	921
128	256	1023	300	271	979
128	320	0	189	317	100
128	320	64	189	316	116
128	320	128	190	316	154
128	320	192	193	317	206
128	320	256	198	318	261
128	320	320	202	318	319
128	320	384	209	319	379
128	320	448	217	320	441
128	320	512	224	320	499
128	320	576	234	322	562
128	320	640	243	322	622
128	320	704	254	323	683
128	320	768	265	324	743
128	320	832	276	325	801
128	320	896	288	325	862
128	320	960	300	327	921
128	320	1023	312	329	980
128	384	0	215	378	119
128	384	64	214	377	132
128	384	128	216	377	167
128	384	192	218	378	214
128	384	256	222	379	267
128	384	320	227	380	325
128	384	384	232	380	383
128	384	448	238	381	444
128	384	512	245	381	502
128	384	576	254	382	564
128	384	640	263	382	625
128	384	704	272	383	685
128	384	768	283	384	745
128	384	832	293	385	803
128	384	896	304	385	863
128	384	960	315	387	923
128	384	1023	327	388	982
128	448	0	242	441	139
128	448	64	242	440	149
128	448	128	243	441	180
128	448	192	245	441	225
128	448	256	249	442	275
128	448	320	253	443	331
128	448	384	258	444	389
128	448	448	263	443	449
128	448	512	269	444	506
128	448	576	277	445	568
128	448	640	285	445	628
128	448	704	294	445	687
128	448	768	303	447	748
128	448	832	313	447	805
128	448	896	323	447	866
128	448	960	334	448	925
128	448	1023	345	450	984
128	512	0	269	501	157
128	512	64	269	500	167
128	512	128	270	501	194
128	512	192	272	500	235
128	512	256	275	502	284
128	512	320	279	503	338
128	512	384	283	504	395
128	512	448	288	503	454
128	512	512	294	503	510
128	512	576	301	505	572
128	512	640	308	504	631
128	512	704	316	504	691
128	512	768	324	506	751
128	512	832	333	506	808
128	512	896	343	506	869
128	512	960	353	507	928
128	512	1023	363	508	986
128	576	0	299	566	177
128	576	64	299	565	186
128	576	128	300	565	210
128	576	192	302	566	249
128	576	256	305	567	295
128	576	320	308	568	347
128	576	384	312	568	402
128	576	448	317	569	460
128	576	512	321	569	515
128	576	576	328	570	577
128	576	640	334	569	636
128	576	704	341	570	695
128	576	768	350	571	754
128	576	832	358	571	811
128	576	896	366	571	872
128	576	960	375	572	931
128	576	1023	385	572	989
128	640	0	330	630	197
128	640	64	329	628	204
128	640	128	330	628	227
128	640	192	332	629	263
128	640	256	334	631	306
128	640	320	337	631	356
128	640	384	340	631	410
128	640	448	344	631	466
128	640	512	349	632	522
128	640	576	355	632	582
128	640	640	361	633	641
128	640	704	367	633	700
128	640	768	374	633	758
128	640	832	381	633	814
128	640	896	390	633	875
128	640	960	398	634	934
128	640	1023	408	635	992
128	704	0	358	690	216
128	704	64	357	688	222
128	704	128	358	688	243
128	704	192	360	689	276
128	704	256	362	690	318
128	704	320	365	690	366
128	704	384	368	692	419
128	704	448	372	691	474
128	704	512	376	692	529
128	704	576	382	693	588
128	704	640	387	692	646
128	704	704	393	692	704
128	704	768	399	693	763
128	704	832	406	693	819
128	704	896	414	693	879
128	704	960	422	694	938
128	704	1023	431	695	996
128	768	0	389	753	236
128	768	64	387	750	241
128	768	128	388	751	260
128	768	192	390	752	291
128	768	256	392	754	331
128	768	320	394	753	377
128	768	384	398	754	428
128	768	448	401	754	482
128	768	512	405	755	536
128	768	576	410	755	594
128	768	640	415	755	652
128	768	704	420	756	710
128	768	768	427	757	768
128	768	832	433	756	824
128	768	896	440	756	884
128	768	960	448	757	942
128	768	1023	455	757	999
128	832	0	418	814	255
128	832	64	416	811	259
128	832	128	417	812	277
128	832	192	419	813	306
128	832	256	421	813	343
128	832	320	423	814	388
128	832	384	426	815	437
128	832	448	429	815	491
128	832	512	433	816	543
128	832	576	438	816	601
128	832	640	442	816	658
128	832	704	447	816	715
128	832	768	453	817	772
128	832	832	458	816	828
128	832	896	465	816	887
128	832	960	473	817	946
128	832	1023	479	817	1003
128	896	0	448	876	274
128	896	64	447	874	278
128	896	128	448	875	295
128	896	192	449	875	322
128	896	256	451	876	357
128	896	320	453	877	400
128	896	384	456	878	447
128	896	448	458	877	499
128	896	512	462	879	551
128	896	576	466	879	608
128	896	640	471	879	664
128	896	704	475	878	720
128	896	768	481	879	777
128	896	832	486	879	833
128	896	896	493	879	892
128	896	960	500	880	950
128	896	1023	506	880	1007
128	960	0	477	936	293
128	960	64	476	933	297
128	960	128	477	934	312
128	960	192	479	935	338
128	960	256	481	937	371
128	960	320	482	936	412
128	960	384	485	937	458
128	960	448	487	937	509
128	960	512	491	938	560
128	960	576	494	939	616
128	960	640	498	938	671
128	960	704	503	938	727
128	960	768	508	939	784
128	960	832	513	938	838
128	960	896	519	939	897
128	960	960	525	939	954
128	960	1023	531	940	1012
128	1023	0	508	998	312
128	1023	64	506	995	316
128	1023	128	507	996	330
128	1023	192	508	997	354
128	1023	256	510	999	386
128	1023	320	512	999	425
128	1023	384	515	1000	470
128	1023	448	517	1000	520
128	1023	512	520	1000	569
128	1023	576	524	1001	624
128	1023	640	527	1001	679
128	1023	704	532	1001	735
128	1023	768	537	1002	791
128	1023	832	541	1000	844
128	1023	896	546	1000	903
128	1023	960	552	1001	960
128	1023	1023	558	1001	1017
192	0	0	170	47	28
192	0	64	169	47	69
192	0	128	171	48	126
192	0	192	174	49	186
192	0	256	179	52	246
192	0	320	184	55	307
192	0	384	192	59	369
192	0	448	199	64	432
192	0	512	208	69	492
192	0	576	218	74	555
192	0	640	229	80	616
192	0	704	240	85	677
192	0	768	252	91	738
192	0	832	264	96	795
192	0	896	276	102	857
192	0	960	289	108	917
192	0	1023	302	115	976
192	64	0	172	80	35
192	64	64	172	80	71
192	64	128	174	81	127
192	64	192	177	82	187
192	64	256	181	83	247
192	64	320	187	85	308
192	64	384	193	88	370
192	64	448	201	91	433
192	64	512	210	94	492
192	64	576	220	98	556
192	64	640	231	102	617
192	64	704	242	105	678
192	64	768	253	111	738
192	64	832	265	115	796
192	64	896	278	120	858
192	64	960	291	125	918
192	64	1023	303	131	977
192	128	0	179	136	48
192	128	64	178	135	78
192	128	128	180	135	131
192	128	192	183	136	189
192	128	256	187	137	249
192	128	320	193	139	310
192	128	384	199	140	371
192	128	448	207	141	434
192	128	512	215	144	493
192	128	576	225	146	557
192	128	640	235	148	618
192	128	704	246	151	678
192	128	768	258	154	739
192	128	832	269	157	797
192	128	896	281	160	858
192	128	960	294	164	917
192	128	1023	307	168	976
192	192	0	190	195	65
192	192	64	189	194	88
192	192	128	191	195	137
192	192	192	194	195	194
192	192	256	198	196	251
192	192	320	203	197	312
192	192	384	209	198	373
192	192	448	216	199	435
192	192	512	225	200	494
192	192	576	234	202	557
192	192	640	244	204	619
192	192	704	254	205	679
192	192	768	265	207	739
192	192	832	276	209	797
192	192	896	288	211	859
192	192	960	301	214	919
192	192	1023	313	217	978
192	256	0	205	255	83
192	256	64	205	255	102
192	256	128	206	254	145
192	256	192	209	255	199
192	256	256	212	256	255
192	256	320	217	257	315
192	256	384	223	257	375
192	256	448	230	258	438
192	256	512	237	259	496
192	256	576	246	261	559
192	256	640	255	261	620
192	256	704	265	263	681
192	256	768	275	264	741
192	256	832	286	265	799
192	256	896	297	267	860
192	256	960	309	269	919
192	256	1023	321	272	979
192	320	0	224	318	102
192	320	64	224	317	117
192	320	128	225	317	155
192	320	192	228	318	206
192	320	256	231	318	260
192	320	320	235	319	319
192	320	384	241	320	379
192	320	448	246	320	440
192	320	512	254	321	499
192	320	576	262	322	561
192	320	640	270	323	622
192	320	704	279	323	682
192	320	768	289	325	743
192	320	832	299	325	800
192	320	896	310	327	862
192	320	960	322	328	922
192	320	1023	333	330	980
192	384	0	246	379	120
192	384	64	245	378	133
192	384	128	246	378	167
192	384	192	249	379	215
192	384	256	252	380	268
192	384	320	255	380	325
192	384	384	260	381	383
192	384	448	266	381	444
192	384	512	272	382	502
192	384	576	280	383	564
192	384	640	288	383	625
192	384	704	296	383	684
192	384	768	305	385	744
192	384	832	314	385	802
192	384	896	325	386	863
192	384	960	335	388	923
192	384	1023	347	389	982
192	448	0	270	442	140
192	448	64	269	441	150
192	448	128	270	441	181
192	448	192	272	442	225
192	448	256	275	443	276
192	448	320	278	443	331
192	448	384	283	444	389
192	448	448	288	445	449
192	448	512	294	445	506
192	448	576	301	447	569
192	448	640	308	446	628
192	448	704	316	447	688
192	448	768	325	448	748
192	448	832	333	447	805
192	448	896	343	448	866
192	448	960	353	449	925
192	448	1023	363	450	984
192	512	0	294	503	158
192	512	64	293	500	167
192	512	128	294	501	195
192	512	192	296	502	236
192	512	256	299	503	285
192	512	320	302	502	338
192	512	384	306	504	395
192	512	448	311	504	454
192	512	512	316	505	511
192	512	576	322	505	571
192	512	640	329	505	631
192	512	704	336	506	691
192	512	768	344	507	751
192	512	832	352	506	807
192	512	896	361	506	868
192	512	960	371	508	927
192	512	1023	380	508	986
192	576	0	321	567	178
192	576	64	320	565	186
192	576	128	321	566	211
192	576	192	323	567	249
192	576	256	326	568	295
192	576	320	329	568	347
192	576	384	332	569	402
192	576	448	336	569	460
192	576	512	342	570	516
192	576	576	348	570	577
192	576	640	354	570	636
192	576	704	360	570	695
192	576	768	367	571	754
192	576	832	375	571	811
192	576	896	383	571	872
192	576	960	392	572	931
192	576	1023	401	573	989
192	640	0	349	630	198
192	640	64	348	629	205
192	640	128	349	629	227
192	640	192	351	630	263
192	640	256	353	631	306
192	640	320	356	631	357
192	640	384	359	632	410
192	640	448	363	632	467
192	640	512	367	632	522
192	640	576	373	633	582
192	640	640	379	633	641
192	640	704	384	633	699
192	640	768	391	634	758
192	640	832	398	634	815
192	640	896	406	634	875
192	640	960	414	634	934
192	640	1023	423	636	992
192	704	0	376	690	217
192	704	64	375	689	223
192	704	128	376	688	243
192	704	192	377	689	277
192	704	256	380	690	318
192	704	320	382	691	367
192	704	384	385	691	418
192	704	448	389	692	475
192	704	512	393	692	528
192	704	576	398	693	588
192	704	640	403	692	646
192	704	704	409	693	704
192	704	768	415	694	763
192	704	832	422	693	819
192	704	896	428	693	879
192	704	960	437	694	938
192	704	1023	445	695	996
192	768	0	405	754	236
192	768	64	404	751	242
192	768	128	405	752	261
192	768	192	406	753	292
192	768	256	408	754	331
192	768	320	410	754	378
192	768	384	414	755	428
192	768	448	417	755	483
192	768	512	420	755	536
192	768	576	425	756	595
192	768	640	430	756	653
192	768	704	435	756	709
192	768	768	441	757	768
192	768	832	447	756	824
192	768	896	454	756	884
192	768	960	461	756	942
192	768	1023	469	758	1000
192	832	0	432	813	255
192	832	64	432	812	260
192	832	128	432	812	277
192	832	192	433	812	306
192	832	256	435	814	343
192	832	320	438	814	388
192	832	384	440	815	437
192	832	448	444	815	491
192	832	512	447	815	543
192	832	576	452	817	601
192	832	640	456	816	657
192	832	704	461	816	715
192	832	768	466	817	773
192	832	832	472	816	828
192	832	896	478	816	887
192	832	960	485	817	945
192	832	1023	492	818	1003
192	896	0	462	876	274
192	896	64	461	875	279
192	896	128	462	875	295
192	896	192	463	875	322
192	896	256	465	877	358
192	896	320	467	878	401
192	896	384	469	878	448
192	896	448	472	878	500
192	896	512	476	879	551
192	896	576	480	879	608
192	896	640	483	878	664
192	896	704	488	879	720
192	896	768	493	880	778
192	896	832	499	879	833
192	896	896	504	879	892
192	896	960	511	880	949
192	896	1023	518	881	1007
192	960	0	490	936	293
192	960	64	489	934	297
192	960	128	490	935	312
192	960	192	491	935	337
192	960	256	493	936	371
192	960	320	495	937	412
192	960	384	497	938	459
192	960	448	500	938	509
192	960	512	503	938	559
192	960	576	507	939	616
192	960	640	510	938	671
192	960	704	515	939	727
192	960	768	520	940	784
192	960	832	525	939	838
192	960	896	530	939	897
192	960	960	536	939	954
192	960	1023	543	940	1012
192	1023	0	520	999	313
192	1023	64	519	996	316
192	1023	128	519	997	330
192	1023	192	520	998	354
192	1023	256	522	998	386
192	1023	320	524	999	426
192	1023	384	526	1000	470
192	1023	448	529	1000	520
192	1023	512	531	1000	569
192	1023	576	535	1001	624
192	1023	640	539	1001	679
192	1023	704	543	1000	734
192	1023	768	548	1001	790
192	1023	832	552	1000	845
192	1023	896	557	1000	903
192	1023	960	562	1000	960
192	1023	1023	569	1001	1017
256	0	0	223	61	37
256	0	64	223	61	72
256	0	128	224	62	128
256	0	192	226	63	187
256	0	256	229	65	246
256	0	320	234	68	308
256	0	384	239	71	369
256	0	448	245	75	433
256	0	512	252	78	491
256	0	576	261	83	556
256	0	640	269	88	616
256	0	704	278	93	677
256	0	768	288	98	738
256	0	832	298	103	796
256	0	896	309	108	857
256	0	960	320	115	916
256	0	1023	332	121	976
256	64	0	225	89	42
256	64	64	225	89	75
256	64	128	226	89	129
256	64	192	228	90	188
256	64	256	232	91	248
256	64	320	236	93	309
256	64	384	241	96	370
256	64	448	247	98	433
256	64	512	254	101	492
256	64	576	262	105	556
256	64	640	270	108	617
256	64	704	280	112	678
256	64	768	289	117	739
256	64	832	300	120	797
256	64	896	310	126	857
256	64	960	322	130	918
256	64	1023	333	136	976
256	128	0	230	141	53
256	128	64	229	140	81
256	128	128	231	140	133
256	128	192	233	141	190
256	128	256	236	142	249
256	128	320	240	143	310
256	128	384	246	145	371
256	128	448	251	146	434
256	128	512	258	148	493
256	128	576	266	150	556
256	128	640	275	153	618
256	128	704	283	155	678
256	128	768	293	158	738
256	128	832	303	161	797
256	128	896	314	164	858
256	128	960	325	168	918
256	128	1023	336	172	977
256	192	0	238	198	69
256	192	64	238	198	91
256	192	128	238	197	138
256	192	192	241	198	194
256	192	256	244	199	252
256	192	320	248	200	313
256	192	384	253	201	373
256	192	448	259	202	436
256	192	512	265	203	494
256	192	576	273	205	558
256	192	640	281	206	618
256	192	704	290	208	679
256	192	768	299	210	740
256	192	832	309	212	797
256	192	896	319	214	859
256	192	960	330	217	918
256	192	1023	342	220	978
256	256	0	250	258	86
256	256	64	249	257	104
256	256	128	251	257	147
256	256	192	253	258	200
256	256	256	256	259	256
256	256	320	259	259	315
256	256	384	264	260	376
256	256	448	270	260	437
256	256	512	276	262	496
256	256	576	284	263	559
256	256	640	291	264	620
256	256	704	299	265	681
256	256	768	309	267	741
256	256	832	318	268	799
256	256	896	328	269	860
256	256	960	338	271	920
256	256	1023	349	274	979
256	320	0	266	320	104
256	320	64	265	319	119
256	320	128	266	319	157
256	320	192	268	319	207
256	320	256	271	321	262
256	320	320	275	321	320
256	320	384	279	322	379
256	320	448	284	322	441
256	320	512	290	323	499
256	320	576	297	324	562
256	320	640	304	324	622
256	320	704	312	325	683
256	320	768	321	327	743
256	320	832	330	328	801
256	320	896	339	328	861
256	320	960	350	330	921
256	320	1023	360	331	980
256	384	0	283	380	122
256	384	64	283	380	135
256	384	128	284	380	169
256	384	192	285	380	216
256	384	256	288	381	268
256	384	320	292	382	325
256	384	384	296	382	383
256	384	448	300	382	444
256	384	512	306	383	502
256	384	576	313	385	565
256	384	640	319	384	624
256	384	704	327	385	685
256	384	768	335	386	745
256	384	832	343	387	802
256	384	896	353	388	864
256	384	960	362	389	923
256	384	1023	372	390	982
256	448	0	304	444	142
256	448	64	303	442	152
256	448	128	304	442	182
256	448	192	306	443	226
256	448	256	308	444	276
256	448	320	311	444	332
256	448	384	316	445	389
256	448	448	320	445	449
256	448	512	325	446	506
256	448	576	331	447	568
256	448	640	338	447	628
256	448	704	344	447	687
256	448	768	352	448	748
256	448	832	360	448	805
256	448	896	369	449	866
256	448	960	377	450	925
256	448	1023	388	452	984
256	512	0	326	504	160
256	512	64	324	502	169
256	512	128	325	502	196
256	512	192	327	503	237
256	512	256	329	503	285
256	512	320	332	504	339
256	512	384	336	505	395
256	512	448	340	505	454
256	512	512	345	505	510
256	512	576	351	506	572
256	512	640	357	506	632
256	512	704	363	506	691
256	512	768	370	507	751
256	512	832	378	508	808
256	512	896	386	508	869
256	512	960	395	508	928
256	512	1023	404	510	987
256	576	0	350	568	180
256	576	64	349	567	188
256	576	128	349	567	212
256	576	192	351	567	250
256	576	256	354	569	296
256	576	320	357	569	348
256	576	384	360	570	402
256	576	448	364	570	461
256	576	512	368	570	516
256	576	576	373	571	577
256	576	640	379	571	636
256	576	704	385	571	695
256	576	768	392	572	755
256	576	832	399	572	811
256	576	896	406	572	871
256	576	960	414	573	930
256	576	1023	423	574	989
256	640	0	375	631	199
256	640	64	374	629	206
256	640	128	375	629	228
256	640	192	376	630	264
256	640	256	379	632	307
256	640	320	381	631	357
256	640	384	384	632	410
256	640	448	388	633	468
256	640	512	392	633	522
256	640	576	397	634	583
256	640	640	402	634	641
256	640	704	407	634	700
256	640	768	414	635	759
256	640	832	420	634	814
256	640	896	427	635	875
256	640	960	435	636	934
256	640	1023	443	636	991
256	704	0	400	691	218
256	704	64	399	689	224
256	704	128	400	689	244
256	704	192	401	690	277
256	704	256	404	692	319
256	704	320	405	691	367
256	704	384	408	692	419
256	704	448	411	692	474
256	704	512	416	693	529
256	704	576	420	693	588
256	704	640	425	693	646
256	704	704	430	693	704
256	704	768	436	694	763
256	704	832	442	693	819
256	704	896	449	694	879
256	704	960	457	695	938
256	704	1023	464	695	996
256	768	0	427	754	237
256	768	64	426	753	243
256	768	128	426	752	261
256	768	192	428	753	292
256	768	256	430	754	332
256	768	320	432	754	378
256	768	384	435	755	428
256	768	448	438	756	483
256	768	512	442	756	536
256	768	576	446	757	595
256	768	640	450	756	652
256	768	704	455	757	710
256	768	768	461	757	768
256	768	832	467	757	824
256	768	896	473	757	883
256	768	960	480	758	942
256	768	1023	487	758	999
256	832	0	453	815	256
256	832	64	452	812	261
256	832	128	453	812	278
256	832	192	454	813	307
256	832	256	456	815	344
256	832	320	458	815	389
256	832	384	461	816	438
256	832	448	463	815	491
256	832	512	467	816	543
256	832	576	471	817	601
256	832	640	475	816	658
256	832	704	480	817	715
256	832	768	485	817	772
256	832	832	490	817	828
256	832	896	496	817	888
256	832	960	503	818	946
256	832	1023	509	818	1002
256	896	0	481	877	275
256	896	64	480	875	280
256	896	128	480	875	296
256	896	192	482	876	323
256	896	256	484	878	358
256	896	320	485	877	400
256	896	384	488	878	448
256	896	448	490	878	500
256	896	512	494	879	551
256	896	576	498	880	608
256	896	640	502	880	665
256	896	704	505	879	720
256	896	768	511	880	778
256	896	832	516	880	833
256	896	896	522	880	892
256	896	960	528	881	950
256	896	1023	535	881	1007
256	960	0	508	937	294
256	960	64	507	935	298
256	960	128	507	935	313
256	960	192	509	936	338
256	960	256	511	937	372
256	960	320	512	937	413
256	960	384	515	938	459
256	960	448	517	938	509
256	960	512	520	939	560
256	960	576	524	940	616
256	960	640	527	939	671
256	960	704	532	940	727
256	960	768	536	940	784
256	960	832	541	939	838
256	960	896	546	939	897
256	960	960	552	940	954
256	960	1023	558	941	1011
256	1023	0	536	999	313
256	1023	64	536	998	317
256	1023	128	536	997	331
256	1023	192	537	998	355
256	1023	256	539	999	387
256	1023	320	540	999	426
256	1023	384	543	1000	471
256	1023	448	545	1001	520
256	1023	512	548	1001	570
256	1023	576	552	1002	625
256	1023	640	554	1001	679
256	1023	704	558	1001	734
256	1023	768	563	1002	791
256	1023	832	567	1001	845
256	1023	896	572	1000	903
256	1023	960	577	1001	960
256	1023	1023	583	1001	1016
320	0	0	280	77	47
320	0	64	278	77	77
320	0	128	280	77	130
320	0	192	281	78	189
320	0	256	284	80	248
320	0	320	287	82	309
320	0	384	292	84	370
320	0	448	296	87	433
320	0	512	302	90	492
320	0	576	309	95	555
320	0	640	316	98	617
320	0	704	323	103	677
320	0	768	331	108	738
320	0	832	340	112	796
320	0	896	349	117	857
320	0	960	359	122	918
320	0	1023	370	127	977
320	64	0	281	100	50
320	64	64	280	99	79
320	64	128	281	100	132
320	64	192	283	100	190
320	64	256	285	102	248
320	64	320	289	103	310
320	64	384	293	105	371
320	64	448	298	107	434
320	64	512	303	110	492
320	64	576	310	114	556
320	64	640	317	117	617
320	64	704	324	120	678
320	64	768	333	124	739
320	64	832	341	128	797
320	64	896	351	132	858
320	64	960	360	137	918
320	64	1023	370	143	977
320	128	0	285	147	60
320	128	64	284	146	85
320	128	128	284	146	135
320	128	192	286	147	192
320	128	256	289	148	250
320	128	320	292	149	311
320	128	384	297	151	372
320	128	448	302	152	435
320	128	512	307	154	494
320	128	576	313	156	557
320	128	640	320	158	618
320	128	704	328	161	679
320	128	768	336	164	739
320	128	832	344	166	797
320	128	896	353	169	859
320	128	960	363	173	919
320	128	1023	373	177	977
320	192	0	292	203	74
320	192	64	290	202	95
320	192	128	291	202	141
320	192	192	293	203	196
320	192	256	296	203	253
320	192	320	299	204	313
320	192	384	303	205	374
320	192	448	307	206	436
320	192	512	313	208	495
320	192	576	319	209	558
320	192	640	326	211	619
320	192	704	333	212	679
320	192	768	341	214	740
320	192	832	349	216	798
320	192	896	359	218	859
320	192	960	368	221	920
320	192	1023	378	224	978
320	256	0	301	261	90
320	256	64	300	260	107
320	256	128	301	260	148
320	256	192	302	261	201
320	256	256	305	262	257
320	256	320	308	262	316
320	256	384	312	263	376
320	256	448	317	264	439
320	256	512	322	265	497
320	256	576	328	266	560
320	256	640	334	267	621
320	256	704	341	268	681
320	256	768	349	270	742
320	256	832	357	271	799
320	256	896	365	272	860
320	256	960	375	274	920
320	256	1023	385	276	979
320	320	0	314	323	107
320	320	64	312	321	122
320	320	128	313	322	159
320	320	192	315	322	209
320	320	256	317	322	262
320	320	320	320	323	321
320	320	384	324	324	380
320	320	448	328	324	441
320	320	512	333	325	499
320	320	576	339	326	562
320	320	640	346	327	623
320	320	704	352	327	683
320	320	768	360	329	743
320	320	832	367	330	801
320	320	896	376	331	862
320	320	960	385	332	922
320	320	1023	395	334	980
320	384	0	328	383	125
320	384	64	327	381	137
320	384	128	328	382	170
320	384	192	329	382	217
320	384	256	332	383	269
320	384	320	335	383	326
320	384	384	339	385	385
320	384	448	342	384	445
320	384	512	347	386	503
320	384	576	353	386	565
320	384	640	359	387	626
320	384	704	365	387	685
320	384	768	373	388	745
320	384	832	380	389	803
320	384	896	388	390	864
320	384	960	397	391	924
320	384	1023	406	392	982
320	448	0	346	446	144
320	448	64	345	444	154
320	448	128	345	444	184
320	448	192	347	445	228
320	448	256	349	446	278
320	448	320	352	446	332
320	448	384	355	447	390
320	448	448	359	447	449
320	448	512	364	448	507
320	448	576	369	448	568
320	448	640	374	449	628
320	448	704	381	449	689
320	448	768	388	450	748
320	448	832	394	450	805
320	448	896	402	451	866
320	448	960	411	452	926
320	448	1023	419	453	984
320	512	0	364	505	162
320	512	64	363	503	170
320	512	128	364	504	198
320	512	192	365	504	238
320	512	256	368	505	286
320	512	320	370	505	339
320	512	384	373	506	395
320	512	448	377	506	454
320	512	512	381	507	511
320	512	576	386	507	572
320	512	640	391	507	632
320	512	704	397	508	691
320	512	768	404	509	751
320	512	832	410	508	808
320	512	896	418	509	869
320	512	960	426	510	928
320	512	1023	434	511	986
320	576	0	386	570	182
320	576	64	385	568	189
320	576	128	385	568	213
320	576	192	387	569	251
320	576	256	389	570	296
320	576	320	391	570	348
320	576	384	394	571	403
320	576	448	397	570	460
320	576	512	402	571	516
320	576	576	406	572	577
320	576	640	411	572	636
320	576	704	417	572	695
320	576	768	423	573	754
320	576	832	429	573	811
320	576	896	437	574	872
320	576	960	444	574	931
320	576	1023	452	575	989
320	640	0	408	632	201
320	640	64	407	631	208
320	640	128	408	631	230
320	640	192	409	631	264
320	640	256	411	632	308
320	640	320	414	633	358
320	640	384	417	634	411
320	640	448	419	633	468
320	640	512	423	634	522
320	640	576	428	635	583
320	640	640	432	634	641
320	640	704	438	635	700
320	640	768	444	636	759
320	640	832	450	635	815
320	640	896	456	636	876
320	640	960	463	636	934
320	640	1023	471	638	993
320	704	0	431	692	219
320	704	64	430	691	225
320	704	128	431	690	245
320	704	192	432	691	278
320	704	256	434	692	320
320	704	320	436	693	368
320	704	384	439	693	420
320	704	448	442	694	476
320	704	512	445	694	529
320	704	576	450	695	589
320	704	640	454	694	647
320	704	704	459	695	705
320	704	768	465	696	764
320	704	832	470	696	820
320	704	896	476	695	880
320	704	960	483	696	938
320	704	1023	490	696	995
320	768	0	456	755	238
320	768	64	455	754	244
320	768	128	456	754	263
320	768	192	456	754	293
320	768	256	458	755	332
320	768	320	461	756	379
320	768	384	463	757	429
320	768	448	466	756	483
320	768	512	469	756	536
320	768	576	473	758	595
320	768	640	477	756	652
320	768	704	482	757	710
320	768	768	487	758	768
320	768	832	492	758	824
320	768	896	498	758	884
320	768	960	505	758	942
320	768	1023	512	759	1000
320	832	0	480	815	257
320	832	64	479	813	262
320	832	128	479	813	279
320	832	192	480	814	307
320	832	256	482	815	345
320	832	320	484	816	389
320	832	384	487	816	438
320	832	448	490	817	492
320	832	512	493	817	543
320	832	576	497	818	602
320	832	640	500	817	658
320	832	704	505	818	715
320	832	768	510	819	773
320	832	832	515	818	828
320	832	896	520	817	887
320	832	960	526	818	945
320	832	1023	533	819	1003
320	896	0	506	878	276
320	896	64	505	876	281
320	896	128	505	876	296
320	896	192	507	877	323
320	896	256	509	878	359
320	896	320	511	879	402
320	896	384	512	878	448
320	896	448	515	879	501
320	896	512	518	880	552
320	896	576	522	881	609
320	896	640	525	879	664
320	896	704	530	880	721
320	896	768	535	881	778
320	896	832	539	880	833
320	896	896	544	880	892
320	896	960	550	881	950
320	896	1023	556	881	1006
320	960	0	532	937	295
320	960	64	530	936	299
320	960	128	531	935	313
320	960	192	532	936	339
320	960	256	534	938	372
320	960	320	536	938	413
320	960	384	538	938	459
320	960	448	540	939	510
320	960	512	543	940	560
320	960	576	547	940	616
320	960	640	550	939	671
320	960	704	554	940	728
320	960	768	558	941	784
320	960	832	563	940	839
320	960	896	567	939	897
320	960	960	573	940	954
320	960	1023	580	942	1012
320	1023	0	559	1000	314
320	1023	64	558	998	318
320	1023	128	558	998	332
320	1023	192	559	998	355
320	1023	256	561	999	387
320	1023	320	562	1000	427
320	1023	384	565	1001	472
320	1023	448	567	1001	520
320	1023	512	569	1001	570
320	1023	576	573	1002	625
320	1023	640	575	1001	679
320	1023	704	579	1001	734
320	1023	768	584	1002	791
320	1023	832	588	1002	845
320	1023	896	593	1002	904
320	1023	960	598	1001	960
320	1023	1023	603	1001	1017
384	0	0	334	92	56
384	0	64	333	91	82
384	0	128	333	92	133
384	0	192	335	93	191
384	0	256	337	94	249
384	0	320	340	96	310
384	0	384	344	98	371
384	0	448	348	100	434
384	0	512	352	103	493
384	0	576	358	106	556
384	0	640	363	110	617
384	0	704	370	113	678
384	0	768	377	118	739
384	0	832	384	122	796
384	0	896	392	126	858
384	0	960	401	131	917
384	0	1023	409	136	977
384	64	0	335	111	59
384	64	64	334	110	84
384	64	128	335	111	134
384	64	192	336	112	192
384	64	256	339	113	250
384	64	320	341	114	311
384	64	384	345	116	372
384	64	448	349	118	434
384	64	512	353	121	493
384	64	576	359	123	557
384	64	640	365	126	618
384	64	704	371	129	679
384	64	768	378	133	739
384	64	832	385	137	796
384	64	896	393	140	859
384	64	960	402	146	918
384	64	1023	410	150	977
384	128	0	338	154	67
384	128	64	337	154	90
384	128	128	338	154	138
384	128	192	340	155	194
384	128	256	342	156	251
384	128	320	344	157	312
384	128	384	348	158	373
384	128	448	352	159	435
384	128	512	356	161	494
384	128	576	362	163	558
384	128	640	367	165	618
384	128	704	374	167	679
384	128	768	381	170	740
384	128	832	388	173	797
384	128	896	396	175	859
384	128	960	404	179	918
384	128	1023	413	182	977
384	192	0	344	208	79
384	192	64	342	207	99
384	192	128	343	207	143
384	192	192	345	207	197
384	192	256	347	208	254
384	192	320	349	209	314
384	192	384	353	210	374
384	192	448	357	211	437
384	192	512	361	212	495
384	192	576	367	214	558
384	192	640	372	215	619
384	192	704	379	217	680
384	192	768	386	219	741
384	192	832	392	220	798
384	192	896	400	222	859
384	192	960	408	225	919
384	192	1023	417	228	978
384	256	0	352	265	94
384	256	64	350	264	111
384	256	128	351	264	151
384	256	192	353	264	203
384	256	256	354	265	258
384	256	320	357	266	317
384	256	384	361	267	377
384	256	448	364	267	439
384	256	512	369	269	497
384	256	576	374	270	560
384	256	640	380	271	621
384	256	704	385	271	681
384	256	768	392	273	742
384	256	832	399	274	799
384	256	896	407	276	861
384	256	960	415	278	920
384	256	1023	423	280	979
384	320	0	362	325	111
384	320	64	361	324	125
384	320	128	361	324	161
384	320	192	363	325	210
384	320	256	365	326	264
384	320	320	367	326	321
384	320	384	371	327	381
384	320	448	375	327	442
384	320	512	379	328	500
384	320	576	384	329	562
384	320	640	389	330	623
384	320	704	395	331	683
384	320	768	402	332	744
384	320	832	408	332	801
384	320	896	415	333	862
384	320	960	423	335	922
384	320	1023	432	337	980
384	384	0	375	385	128
384	384	64	374	384	140
384	384	128	374	384	172
384	384	192	375	385	219
384	384	256	377	385	270
384	384	320	380	385	327
384	384	384	383	386	385
384	384	448	387	387	446
384	384	512	390	387	503
384	384	576	396	389	566
384	384	640	400	389	625
384	384	704	406	390	686
384	384	768	413	391	745
384	384	832	419	391	803
384	384	896	425	391	863
384	384	960	434	393	923
384	384	1023	442	394	982
384	448	0	389	447	146
384	448	64	388	446	156
384	448	128	389	447	186
384	448	192	390	446	229
384	448	256	392	447	278
384	448	320	395	448	333
384	448	384	397	448	390
384	448	448	401	449	450
384	448	512	405	449	507
384	448	576	410	450	569
384	448	640	414	450	628
384	448	704	420	451	688
384	448	768	426	452	748
384	448	832	432	452	805
384	448	896	439	453	867
384	448	960	447	453	925
384	448	1023	454	455	984
384	512	0	406	506	164
384	512	64	405	505	173
384	512	128	405	505	199
384	512	192	406	505	239
384	512	256	408	506	287
384	512	320	411	507	340
384	512	384	413	507	396
384	512	448	417	508	455
384	512	512	420	508	511
384	512	576	425	509	573
384	512	640	429	509	632
384	512	704	435	509	691
384	512	768	441	511	751
384	512	832	447	510	808
384	512	896	453	510	869
384	512	960	460	511	928
384	512	1023	468	513	987
384	576	0	425	571	183
384	576	64	424	570	191
384	576	128	424	569	215
384	576	192	425	570	252
384	576	256	428	571	298
384	576	320	429	571	349
384	576	384	433	572	404
384	576	448	436	573	462
384	576	512	439	573	517
384	576	576	444	574	578
384	576	640	448	573	636
384	576	704	453	574	696
384	576	768	459	575	755
384	576	832	464	575	812
384	576	896	470	575	872
384	576	960	477	576	931
384	576	1023	484	576	989
384	640	0	445	634	202
384	640	64	444	631	209
384	640	128	444	632	231
384	640	192	446	633	266
384	640	256	448	634	309
384	640	320	449	633	358
384	640	384	452	635	411
384	640	448	455	634	468
384	640	512	459	635	523
384	640	576	463	636	583
384	640	640	467	636	642
384	640	704	471	635	700
384	640	768	477	637	759
384	640	832	482	636	815
384	640	896	488	636	875
384	640	960	495	637	934
384	640	1023	502	638	992
384	704	0	466	694	221
384	704	64	464	691	227
384	704	128	465	692	247
384	704	192	466	692	279
384	704	256	468	692	320
384	704	320	470	693	368
384	704	384	473	694	420
384	704	448	475	694	475
384	704	512	479	695	530
384	704	576	483	695	589
384	704	640	486	695	647
384	704	704	491	695	705
384	704	768	496	696	763
384	704	832	501	696	819
384	704	896	507	696	880
384	704	960	514	697	938
384	704	1023	520	697	996
384	768	0	489	756	240
384	768	64	487	754	245
384	768	128	488	754	264
384	768	192	489	755	294
384	768	256	491	756	333
384	768	320	492	756	379
384	768	384	495	757	429
384	768	448	497	756	483
384	768	512	501	758	537
384	768	576	504	758	595
384	768	640	508	758	653
384	768	704	512	757	710
384	768	768	517	758	768
384	768	832	522	758	824
384	768	896	528	759	884
384	768	960	534	759	942
384	768	1023	540	759	999
384	832	0	511	817	258
384	832	64	509	814	263
384	832	128	510	814	280
384	832	192	511	815	309
384	832	256	513	815	345
384	832	320	515	816	390
384	832	384	517	817	439
384	832	448	519	817	492
384	832	512	523	818	544
384	832	576	526	818	601
384	832	640	529	818	658
384	832	704	533	817	715
384	832	768	538	819	773
384	832	832	543	818	828
384	832	896	548	818	888
384	832	960	554	819	946
384	832	1023	560	820	1003
384	896	0	536	879	278
384	896	64	534	877	282
384	896	128	535	878	298
384	896	192	536	878	325
384	896	256	537	878	359
384	896	320	539	879	402
384	896	384	542	880	449
384	896	448	543	880	501
384	896	512	547	881	553
384	896	576	550	881	609
384	896	640	553	881	665
384	896	704	557	880	721
384	896	768	561	882	778
384	896	832	566	881	834
384	896	896	571	881	893
384	896	960	577	882	950
384	896	1023	582	883	1007
384	960	0	560	939	296
384	960	64	558	936	300
384	960	128	558	937	315
384	960	192	560	938	340
384	960	256	561	938	373
384	960	320	563	938	414
384	960	384	565	940	460
384	960	448	567	939	510
384	960	512	570	940	561
384	960	576	573	941	617
384	960	640	577	941	672
384	960	704	580	940	727
384	960	768	584	941	784
384	960	832	588	941	839
384	960	896	593	941	898
384	960	960	598	941	955
384	960	1023	604	942	1012
384	1023	0	585	1001	315
384	1023	64	583	998	319
384	1023	128	584	998	332
384	1023	192	585	999	356
384	1023	256	587	1001	388
384	1023	320	588	1000	427
384	1023	384	590	1001	472
384	1023	448	592	1001	521
384	1023	512	595	1002	570
384	1023	576	598	1002	625
384	1023	640	601	1002	680
384	1023	704	604	1002	735
384	1023	768	608	1002	791
384	1023	832	612	1002	845
384	1023	896	617	1002	903
384	1023	960	622	1002	960
384	1023	1023	627	1002	1017
448	0	0	390	107	65
448	0	64	389	107	88
448	0	128	389	107	137
448	0	192	391	108	193
448	0	256	393	109	251
448	0	320	395	110	311
448	0	384	398	112	372
448	0	448	401	114	434
448	0	512	405	116	493
448	0	576	409	120	556
448	0	640	414	123	617
448	0	704	420	125	678
448	0	768	426	129	738
448	0	832	432	133	796
448	0	896	439	137	858
448	0	960	447	141	918
448	0	1023	454	147	976
448	64	0	391	124	68
448	64	64	390	123	90
448	64	128	390	123	138
448	64	192	392	124	194
448	64	256	394	125	251
448	64	320	396	126	311
448	64	384	399	128	372
448	64	448	402	129	435
448	64	512	406	132	494
448	64	576	411	134	557
448	64	640	416	138	618
448	64	704	421	140	678
448	64	768	427	143	739
448	64	832	433	146	797
448	64	896	440	150	859
448	64	960	448	154	919
448	64	1023	456	159	977
448	128	0	394	163	75
448	128	64	393	162	95
448	128	128	393	163	141
448	128	192	394	163	196
448	128	256	396	164	253
448	128	320	399	165	313
448	128	384	401	166	373
448	128	448	405	167	436
448	128	512	408	169	494
448	128	576	414	171	558
448	128	640	418	173	618
448	128	704	423	175	679
448	128	768	430	178	740
448	128	832	436	180	798
448	128	896	443	183	860
448	128	960	450	186	918
448	128	1023	457	190	978
448	192	0	398	214	86
448	192	64	396	213	104
448	192	128	397	213	146
448	192	192	399	214	200
448	192	256	401	215	256
448	192	320	403	215	315
448	192	384	406	216	375
448	192	448	409	217	437
448	192	512	413	218	496
448	192	576	417	220	559
448	192	640	422	221	620
448	192	704	428	223	680
448	192	768	433	224	740
448	192	832	439	226	798
448	192	896	446	228	859
448	192	960	453	231	919
448	192	1023	461	233	978
448	256	0	404	269	99
448	256	64	404	269	115
448	256	128	404	269	154
448	256	192	406	269	205
448	256	256	407	269	260
448	256	320	410	270	318
448	256	384	413	271	378
448	256	448	415	272	439
448	256	512	419	272	497
448	256	576	424	274	561
448	256	640	428	274	621
448	256	704	433	276	681
448	256	768	439	277	742
448	256	832	445	278	799
448	256	896	452	280	861
448	256	960	459	282	920
448	256	1023	467	284	980
448	320	0	414	329	115
448	320	64	412	327	128
448	320	128	413	327	164
448	320	192	414	328	212
448	320	256	416	329	265
448	320	320	418	329	322
448	320	384	421	330	381
448	320	448	424	330	442
448	320	512	428	331	500
448	320	576	432	332	562
448	320	640	437	333	623
448	320	704	442	334	683
448	320	768	447	335	743
448	320	832	453	335	801
448	320	896	459	336	862
448	320	960	467	338	922
448	320	1023	474	340	981
448	384	0	424	388	132
448	384	64	422	386	143
448	384	128	423	386	175
448	384	192	425	387	220
448	384	256	427	388	272
448	384	320	428	388	327
448	384	384	431	389	385
448	384	448	435	390	446
448	384	512	438	390	503
448	384	576	443	391	566
448	384	640	447	391	626
448	384	704	452	392	686
448	384	768	458	393	746
448	384	832	462	393	802
448	384	896	469	394	864
448	384	960	476	396	924
448	384	1023	483	397	982
448	448	0	437	449	149
448	448	64	436	449	159
448	448	128	436	448	188
448	448	192	438	449	230
448	448	256	439	449	279
448	448	320	442	450	334
448	448	384	444	450	391
448	448	448	448	451	451
448	448	512	450	451	507
448	448	576	455	452	569
448	448	640	459	452	629
448	448	704	464	453	689
448	448	768	469	454	748
448	448	832	475	454	805
448	448	896	480	454	866
448	448	960	487	455	925
448	448	1023	495	457	984
448	512	0	452	508	166
448	512	64	450	507	175
448	512	128	450	507	201
448	512	192	452	507	241
448	512	256	454	508	288
448	512	320	456	509	341
448	512	384	458	509	397
448	512	448	461	509	456
448	512	512	464	510	512
448	512	576	469	511	573
448	512	640	472	511	632
448	512	704	477	511	692
448	512	768	483	512	752
448	512	832	488	512	809
448	512	896	494	512	869
448	512	960	501	514	928
448	512	1023	507	514	986
448	576	0	469	573	186
448	576	64	467	571	193
448	576	128	468	571	217
448	576	192	469	572	254
448	576	256	471	573	299
448	576	320	472	572	350
448	576	384	475	573	404
448	576	448	478	574	462
448	576	512	481	574	517
448	576	576	485	575	578
448	576	640	489	575	637
448	576	704	493	575	696
448	576	768	498	576	755
448	576	832	503	576	811
448	576	896	509	576	872
448	576	960	516	577	931
448	576	1023	522	578	989
448	640	0	487	635	204
448	640	64	485	633	211
448	640	128	486	633	233
448	640	192	487	634	267
448	640	256	488	634	309
448	640	320	490	635	359
448	640	384	493	636	412
448	640	448	495	635	468
448	640	512	499	637	523
448	640	576	502	637	583
448	640	640	506	637	642
448	640	704	510	636	699
448	640	768	515	637	759
448	640	832	520	637	815
448	640	896	525	638	876
448	640	960	531	639	934
448	640	1023	538	640	993
448	704	0	505	694	222
448	704	64	504	693	228
448	704	128	505	693	248
448	704	192	506	694	281
448	704	256	507	694	321
448	704	320	509	694	369
448	704	384	512	695	421
448	704	448	514	695	476
448	704	512	517	695	530
448	704	576	521	697	589
448	704	640	524	696	647
448	704	704	528	696	705
448	704	768	533	697	764
448	704	832	538	697	820
448	704	896	543	697	880
448	704	960	548	697	938
448	704	1023	555	698	996
448	768	0	527	758	242
448	768	64	525	755	247
448	768	128	525	756	265
448	768	192	526	756	296
448	768	256	528	756	334
448	768	320	530	757	380
448	768	384	532	758	430
448	768	448	534	758	484
448	768	512	538	759	538
448	768	576	541	759	595
448	768	640	544	759	653
448	768	704	547	758	710
448	768	768	552	760	768
448	768	832	557	759	824
448	768	896	562	759	884
448	768	960	568	761	943
448	768	1023	573	761	1000
448	832	0	547	818	260
448	832	64	545	815	264
448	832	128	546	815	281
448	832	192	547	816	310
448	832	256	548	816	346
448	832	320	550	817	391
448	832	384	552	818	439
448	832	448	554	818	492
448	832	512	557	818	544
448	832	576	561	820	602
448	832	640	564	819	659
448	832	704	567	819	715
448	832	768	572	819	773
448	832	832	576	819	828
448	832	896	581	819	888
448	832	960	586	819	945
448	832	1023	592	820	1003
448	896	0	569	879	279
448	896	64	567	877	283
448	896	128	568	878	299
448	896	192	570	879	326
448	896	256	570	879	360
448	896	320	572	879	402
448	896	384	575	881	450
448	896	448	576	880	501
448	896	512	579	880	552
448	896	576	583	882	609
448	896	640	585	881	665
448	896	704	589	881	721
448	896	768	594	882	779
448	896	832	598	882	834
448	896	896	602	882	893
448	896	960	607	882	950
448	896	1023	612	883	1007
448	960	0	592	940	297
448	960	64	590	937	301
448	960	128	590	937	316
448	960	192	592	938	341
448	960	256	593	939	374
448	960	320	595	939	415
448	960	384	597	940	460
448	960	448	598	940	511
448	960	512	601	941	561
448	960	576	604	941	617
448	960	640	607	941	672
448	960	704	610	940	727
448	960	768	615	942	784
448	960	832	619	942	839
448	960	896	623	942	898
448	960	960	628	942	955
448	960	1023	633	943	1012
448	1023	0	616	1002	316
448	1023	64	614	999	320
448	1023	128	614	999	333
448	1023	192	616	1000	357
448	1023	256	617	1000	389
448	1023	320	618	1001	428
448	1023	384	620	1002	472
448	1023	448	622	1001	521
448	1023	512	625	1003	571
448	1023	576	628	1003	625
448	1023	640	630	1003	680
448	1023	704	633	1002	735
448	1023	768	637	1003	791
448	1023	832	641	1002	845
448	1023	896	645	1002	904
448	1023	960	650	1002	960
448	1023	1023	655	1002	1017
512	0	0	443	121	74
512	0	64	442	121	95
512	0	128	442	121	140
512	0	192	443	122	195
512	0	256	445	123	252
512	0	320	447	124	312
512	0	384	450	126	373
512	0	448	452	127	435
512	0	512	456	129	494
512	0	576	460	132	557
512	0	640	464	135	618
512	0	704	468	138	678
512	0	768	474	141	739
512	0	832	479	144	796
512	0	896	485	148	858
512	0	960	492	153	918
512	0	1023	499	157	977
512	64	0	445	136	76
512	64	64	443	135	96
512	64	128	443	136	141
512	64	192	445	136	196
512	64	256	446	137	253
512	64	320	448	138	313
512	64	384	451	140	374
512	64	448	453	141	436
512	64	512	457	143	494
512	64	576	461	146	558
512	64	640	465	148	619
512	64	704	470	151	679
512	64	768	475	154	740
512	64	832	480	157	797
512	64	896	487	160	859
512	64	960	494	164	919
512	64	1023	500	168	978
512	128	0	446	172	82
512	128	64	445	171	101
512	128	128	445	171	144
512	128	192	447	172	198
512	128	256	448	173	255
512	128	320	451	174	314
512	128	384	453	175	374
512	128	448	456	176	437
512	128	512	459	178	495
512	128	576	464	180	559
512	128	640	467	181	619
512	128	704	472	183	680
512	128	768	478	186	740
512	128	832	482	188	798
512	128	896	488	191	859
512	128	960	495	194	919
512	128	1023	502	197	978
512	192	0	450	220	92
512	192	64	449	219	109
512	192	128	449	220	150
512	192	192	451	220	202
512	192	256	453	221	258
512	192	320	454	221	316
512	192	384	457	223	376
512	192	448	459	223	438
512	192	512	463	225	496
512	192	576	467	226	559
512	192	640	471	227	620
512	192	704	475	229	680
512	192	768	481	231	740
512	192	832	486	232	799
512	192	896	492	234	860
512	192	960	498	237	919
512	192	1023	505	239	978
512	256	0	455	274	105
512	256	64	454	273	119
512	256	128	455	274	157
512	256	192	456	274	207
512	256	256	458	274	261
512	256	320	460	275	320
512	256	384	462	275	378
512	256	448	465	276	440
512	256	512	468	277	498
512	256	576	473	279	561
512	256	640	476	279	622
512	256	704	481	281	682
512	256	768	486	282	742
512	256	832	491	283	800
512	256	896	497	284	861
512	256	960	503	287	920
512	256	1023	510	289	979
512	320	0	464	333	120
512	320	64	462	331	132
512	320	128	463	332	167
512	320	192	464	332	214
512	320	256	465	332	266
512	320	320	467	333	324
512	320	384	470	334	382
512	320	448	472	334	443
512	320	512	476	335	501
512	320	576	480	336	563
512	320	640	483	337	624
512	320	704	488	337	683
512	320	768	493	339	744
512	320	832	498	339	801
512	320	896	504	340	863
512	320	960	510	342	922
512	320	1023	517	343	981
512	384	0	473	391	136
512	384	64	471	390	146
512	384	128	472	390	178
512	384	192	473	391	223
512	384	256	475	391	273
512	384	320	476	391	329
512	384	384	479	392	387
512	384	448	481	392	446
512	384	512	485	393	504
512	384	576	489	394	566
512	384	640	492	394	626
512	384	704	497	395	686
512	384	768	502	396	745
512	384	832	507	396	803
512	384	896	512	397	864
512	384	960	519	398	923
512	384	1023	525	400	982
512	448	0	484	452	153
512	448	64	483	451	162
512	448	128	483	450	190
512	448	192	484	451	232
512	448	256	486	452	281
512	448	320	488	452	335
512	448	384	491	453	392
512	448	448	494	454	452
512	448	512	496	454	508
512	448	576	501	455	570
512	448	640	504	455	630
512	448	704	508	455	689
512	448	768	513	457	749
512	448	832	518	457	806
512	448	896	523	457	867
512	448	960	530	458	926
512	448	1023	535	459	984
512	512	0	497	510	170
512	512	64	495	508	178
512	512	128	496	509	203
512	512	192	497	510	243
512	512	256	499	511	290
512	512	320	500	510	342
512	512	384	503	511	397
512	512	448	506	512	457
512	512	512	508	512	512
512	512	576	513	513	574
512	512	640	516	513	633
512	512	704	520	513	692
512	512	768	525	514	752
512	512	832	529	514	808
512	512	896	535	515	869
512	512	960	541	516	929
512	512	1023	546	516	986
512	576	0	513	575	189
512	576	64	511	573	196
512	576	128	512	574	219
512	576	192	513	574	256
512	576	256	515	575	300
512	576	320	516	575	351
512	576	384	518	576	405
512	576	448	520	575	462
512	576	512	524	576	518
512	576	576	527	577	578
512	576	640	530	577	637
512	576	704	534	577	696
512	576	768	539	578	755
512	576	832	543	577	811
512	576	896	548	578	872
512	576	960	555	579	931
512	576	1023	560	580	989
512	640	0	529	637	207
512	640	64	527	635	213
512	640	128	528	635	235
512	640	192	529	636	269
512	640	256	530	636	311
512	640	320	532	637	360
512	640	384	535	638	413
512	640	448	536	637	469
512	640	512	539	638	524
512	640	576	543	639	584
512	640	640	547	639	642
512	640	704	550	638	700
512	640	768	555	640	759
512	640	832	559	639	816
512	640	896	564	640	876
512	640	960	569	640	935
512	640	1023	576	641	993
512	704	0	546	696	225
512	704	64	545	695	231
512	704	128	546	695	250
512	704	192	546	695	282
512	704	256	548	696	323
512	704	320	549	696	370
512	704	384	551	696	421
512	704	448	554	697	477
512	704	512	556	697	530
512	704	576	560	698	590
512	704	640	563	697	647
512	704	704	567	698	706
512	704	768	571	699	764
512	704	832	575	699	820
512	704	896	580	698	880
512	704	960	585	699	938
512	704	1023	591	700	997
512	768	0	566	759	244
512	768	64	564	757	249
512	768	128	564	757	267
512	768	192	565	758	297
512	768	256	566	758	335
512	768	320	568	758	381
512	768	384	570	759	431
512	768	448	572	759	485
512	768	512	574	759	537
512	768	576	578	760	596
512	768	640	582	760	654
512	768	704	585	760	711
512	768	768	589	761	769
512	768	832	593	761	825
512	768	896	598	761	885
512	768	960	603	762	943
512	768	1023	609	762	1000
512	832	0	584	818	261
512	832	64	583	817	266
512	832	128	583	817	283
512	832	192	583	817	311
512	832	256	585	818	348
512	832	320	587	819	392
512	832	384	589	818	440
512	832	448	591	819	493
512	832	512	593	819	545
512	832	576	597	821	603
512	832	640	599	819	659
512	832	704	603	820	716
512	832	768	607	821	774
512	832	832	611	821	829
512	832	896	616	821	889
512	832	960	620	821	946
512	832	1023	626	822	1004
512	896	0	605	881	280
512	896	64	604	879	285
512	896	128	604	879	300
512	896	192	604	879	326
512	896	256	606	880	361
512	896	320	608	881	404
512	896	384	609	881	450
512	896	448	612	882	502
512	896	512	614	882	553
512	896	576	617	883	610
512	896	640	620	882	666
512	896	704	623	882	722
512	896	768	627	883	779
512	896	832	631	883	834
512	896	896	635	883	893
512	896	960	640	883	950
512	896	1023	645	884	1008
512	960	0	625	940	299
512	960	64	624	939	303
512	960	128	625	939	317
512	960	192	625	939	342
512	960	256	627	940	375
512	960	320	628	940	416
512	960	384	631	941	461
512	960	448	632	941	512
512	960	512	634	941	561
512	960	576	638	943	617
512	960	640	640	941	672
512	960	704	643	942	728
512	960	768	647	943	785
512	960	832	651	943	839
512	960	896	655	943	899
512	960	960	660	943	955
512	960	1023	665	944	1012
512	1023	0	649	1003	318
512	1023	64	647	1000	321
512	1023	128	647	1001	335
512	1023	192	648	1001	359
512	1023	256	649	1002	390
512	1023	320	650	1002	429
512	1023	384	653	1003	473
512	1023	448	654	1003	522
512	1023	512	657	1004	571
512	1023	576	660	1004	626
512	1023	640	662	1004	681
512	1023	704	665	1004	735
512	1023	768	669	1004	791
512	1023	832	672	1003	845
512	1023	896	676	1003	904
512	1023	960	681	1004	961
512	1023	1023	685	1003	1018
576	0	0	501	137	84
576	0	64	499	136	102
576	0	128	500	137	145
576	0	192	501	137	199
576	0	256	503	138	255
576	0	320	504	139	314
576	0	384	506	141	374
576	0	448	508	142	436
576	0	512	512	144	495
576	0	576	515	146	558
576	0	640	519	149	619
576	0	704	522	151	679
576	0	768	527	154	740
576	0	832	532	157	797
576	0	896	537	160	859
576	0	960	544	164	919
576	0	1023	549	168	977
576	64	0	502	150	86
576	64	64	500	149	104
576	64	128	501	149	146
576	64	192	502	150	200
576	64	256	503	151	255
576	64	320	505	152	315
576	64	384	507	153	375
576	64	448	510	154	437
576	64	512	513	157	496
576	64	576	516	159	558
576	64	640	520	161	620
576	64	704	524	163	680
576	64	768	529	166	740
576	64	832	533	169	798
576	64	896	539	172	859
576	64	960	545	175	919
576	64	1023	551	179	979
576	128	0	504	183	91
576	128	64	502	182	108
576	128	128	502	182	149
576	128	192	503	183	201
576	128	256	505	184	257
576	128	320	507	184	316
576	128	384	509	185	376
576	128	448	512	187	438
576	128	512	515	188	496
576	128	576	519	190	560
576	128	640	521	191	620
576	128	704	526	193	681
576	128	768	531	196	741
576	128	832	535	198	799
576	128	896	540	200	860
576	128	960	546	203	919
576	128	1023	552	207	978
576	192	0	507	228	100
576	192	64	505	227	115
576	192	128	506	228	154
576	192	192	507	228	205
576	192	256	509	229	260
576	192	320	510	229	318
576	192	384	513	230	377
576	192	448	515	231	439
576	192	512	518	232	497
576	192	576	521	234	560
576	192	640	525	235	621
576	192	704	529	236	681
576	192	768	533	238	741
576	192	832	538	239	799
576	192	896	543	241	861
576	192	960	549	244	920
576	192	1023	555	247	979
576	256	0	512	280	111
576	256	64	511	280	125
576	256	128	511	280	162
576	256	192	512	280	210
576	256	256	514	281	264
576	256	320	515	281	322
576	256	384	517	282	380
576	256	448	520	283	442
576	256	512	522	283	499
576	256	576	527	285	562
576	256	640	529	286	622
576	256	704	534	286	683
576	256	768	538	288	743
576	256	832	543	289	800
576	256	896	548	291	862
576	256	960	553	292	921
576	256	1023	560	295	981
576	320	0	519	338	126
576	320	64	517	336	137
576	320	128	518	337	171
576	320	192	519	337	217
576	320	256	520	337	269
576	320	320	522	338	325
576	320	384	524	339	384
576	320	448	526	339	444
576	320	512	530	340	502
576	320	576	533	341	564
576	320	640	536	341	625
576	320	704	539	342	684
576	320	768	545	343	744
576	320	832	549	344	801
576	320	896	554	345	863
576	320	960	560	347	923
576	320	1023	566	349	981
576	384	0	527	395	141
576	384	64	525	394	151
576	384	128	526	394	181
576	384	192	527	394	225
576	384	256	529	395	275
576	384	320	530	395	330
576	384	384	532	396	388
576	384	448	534	396	447
576	384	512	537	397	505
576	384	576	540	398	567
576	384	640	544	398	627
576	384	704	548	399	687
576	384	768	552	400	746
576	384	832	556	400	803
576	384	896	561	401	864
576	384	960	567	402	924
576	384	1023	573	404	982
576	448	0	537	456	157
576	448	64	536	455	167
576	448	128	536	454	194
576	448	192	537	455	235
576	448	256	539	456	283
576	448	320	540	455	337
576	448	384	542	456	393
576	448	448	545	457	453
576	448	512	547	457	509
576	448	576	551	459	571
576	448	640	554	458	630
576	448	704	558	458	690
576	448	768	562	460	749
576	448	832	567	460	807
576	448	896	571	460	867
576	448	960	577	462	927
576	448	1023	582	462	984
576	512	0	548	514	173
576	512	64	547	512	182
576	512	128	547	512	207
576	512	192	548	513	246
576	512	256	550	514	292
576	512	320	551	513	344
576	512	384	553	514	399
576	512	448	556	515	458
576	512	512	558	515	513
576	512	576	562	516	575
576	512	640	564	515	633
576	512	704	568	516	693
576	512	768	573	517	752
576	512	832	577	517	810
576	512	896	582	517	870
576	512	960	587	519	929
576	512	1023	593	519	987
576	576	0	562	577	192
576	576	64	560	576	199
576	576	128	561	576	222
576	576	192	562	577	258
576	576	256	564	577	302
576	576	320	565	577	353
576	576	384	567	578	406
576	576	448	569	577	463
576	576	512	572	579	519
576	576	576	575	579	579
576	576	640	578	579	638
576	576	704	582	580	697
576	576	768	586	580	756
576	576	832	590	580	812
576	576	896	594	580	873
576	576	960	600	582	932
576	576	1023	605	582	990
576	640	0	578	640	210
576	640	64	576	638	216
576	640	128	576	638	238
576	640	192	577	639	271
576	640	256	578	639	313
576	640	320	580	639	362
576	640	384	582	640	415
576	640	448	584	640	471
576	640	512	587	641	525
576	640	576	590	641	585
576	640	640	593	641	643
576	640	704	596	641	701
576	640	768	600	642	760
576	640	832	604	641	816
576	640	896	608	642	876
576	640	960	614	643	935
576	640	1023	619	643	993
576	704	0	593	698	227
576	704	64	591	697	233
576	704	128	592	697	253
576	704	192	592	697	284
576	704	256	594	698	324
576	704	320	595	698	372
576	704	384	597	698	422
576	704	448	599	699	478
576	704	512	602	699	531
576	704	576	605	700	591
576	704	640	607	699	648
576	704	704	611	700	706
576	704	768	615	701	765
576	704	832	619	701	821
576	704	896	623	701	881
576	704	960	628	701	939
576	704	1023	634	703	997
576	768	0	611	762	246
576	768	64	609	759	251
576	768	128	609	759	269
576	768	192	610	760	299
576	768	256	611	760	337
576	768	320	613	760	382
576	768	384	615	761	432
576	768	448	616	761	486
576	768	512	619	762	539
576	768	576	622	762	597
576	768	640	625	762	654
576	768	704	628	762	711
576	768	768	632	763	770
576	768	832	635	763	825
576	768	896	640	763	885
576	768	960	645	764	944
576	768	1023	650	764	1001
576	832	0	627	820	264
576	832	64	626	819	269
576	832	128	627	819	285
576	832	192	627	819	313
576	832	256	628	820	349
576	832	320	630	821	393
576	832	384	632	821	442
576	832	448	633	821	494
576	832	512	635	821	545
576	832	576	639	822	603
576	832	640	641	821	659
576	832	704	644	822	716
576	832	768	648	822	774
576	832	832	652	822	829
576	832	896	656	822	889
576	832	960	660	822	946
576	832	1023	666	824	1004
576	896	0	646	882	283
576	896	64	645	881	287
576	896	128	645	881	303
576	896	192	646	881	328
576	896	256	647	882	363
576	896	320	649	882	405
576	896	384	651	883	452
576	896	448	652	883	503
576	896	512	654	883	554
576	896	576	658	885	611
576	896	640	660	883	666
576	896	704	663	884	722
576	896	768	667	885	780
576	896	832	670	885	835
576	896	896	675	885	894
576	896	960	679	885	951
576	896	1023	684	886	1008
576	960	0	665	942	301
576	960	64	664	940	305
576	960	128	664	940	319
576	960	192	665	941	344
576	960	256	666	941	377
576	960	320	668	942	417
576	960	384	670	943	463
576	960	448	672	942	513
576	960	512	674	943	562
576	960	576	677	944	618
576	960	640	679	943	673
576	960	704	682	943	729
576	960	768	686	944	786
576	960	832	689	944	840
576	960	896	693	944	899
576	960	960	697	944	955
576	960	1023	702	945	1013
576	1023	0	687	1004	320
576	1023	64	685	1002	323
576	1023	128	685	1002	337
576	1023	192	687	1003	360
576	1023	256	687	1003	391
576	1023	320	689	1004	431
576	1023	384	691	1005	474
576	1023	448	692	1004	523
576	1023	512	695	1005	572
576	1023	576	697	1005	627
576	1023	640	700	1005	681
576	1023	704	702	1005	736
576	1023	768	706	1006	792
576	1023	832	709	1005	846
576	1023	896	713	1005	905
576	1023	960	717	1005	961
576	1023	1023	721	1005	1018
640	0	0	556	152	93
640	0	64	554	151	109
640	0	128	555	152	150
640	0	192	555	152	202
640	0	256	557	153	257
640	0	320	558	154	316
640	0	384	560	155	375
640	0	448	563	156	438
640	0	512	565	158	495
640	0	576	568	161	559
640	0	640	571	162	619
640	0	704	575	164	679
640	0	768	579	167	740
640	0	832	583	170	798
640	0	896	588	173	859
640	0	960	593	177	918
640	0	1023	599	180	977
640	64	0	556	163	94
640	64	64	556	163	111
640	64	128	555	163	151
640	64	192	556	163	202
640	64	256	558	164	258
640	64	320	559	165	317
640	64	384	561	166	376
640	64	448	564	168	438
640	64	512	566	169	496
640	64	576	570	171	559
640	64	640	572	173	620
640	64	704	576	175	680
640	64	768	580	178	741
640	64	832	585	180	799
640	64	896	589	183	860
640	64	960	594	187	920
640	64	1023	600	190	978
640	128	0	558	193	99
640	128	64	557	193	115
640	128	128	557	193	154
640	128	192	558	194	205
640	128	256	560	194	260
640	128	320	561	195	318
640	128	384	563	196	377
640	128	448	565	197	438
640	128	512	568	198	497
640	128	576	571	200	560
640	128	640	574	202	621
640	128	704	577	203	680
640	128	768	582	205	741
640	128	832	586	207	798
640	128	896	590	210	860
640	128	960	596	212	920
640	128	1023	602	216	979
640	192	0	561	236	107
640	192	64	560	236	122
640	192	128	560	236	159
640	192	192	561	236	208
640	192	256	562	237	262
640	192	320	564	238	320
640	192	384	566	239	379
640	192	448	568	240	440
640	192	512	571	241	498
640	192	576	574	242	561
640	192	640	576	243	621
640	192	704	580	244	682
640	192	768	585	246	742
640	192	832	589	248	800
640	192	896	593	249	860
640	192	960	599	252	920
640	192	1023	605	255	980
640	256	0	566	287	118
640	256	64	564	286	131
640	256	128	565	286	166
640	256	192	566	287	213
640	256	256	567	288	266
640	256	320	568	287	323
640	256	384	570	288	381
640	256	448	572	289	442
640	256	512	575	290	500
640	256	576	579	291	563
640	256	640	581	292	623
640	256	704	585	293	684
640	256	768	589	294	743
640	256	832	593	295	801
640	256	896	597	296	862
640	256	960	603	298	921
640	256	1023	608	301	980
640	320	0	572	342	131
640	320	64	570	342	143
640	320	128	570	341	174
640	320	192	571	342	220
640	320	256	573	343	271
640	320	320	575	343	327
640	320	384	576	344	385
640	320	448	578	344	445
640	320	512	581	345	502
640	320	576	585	346	565
640	320	640	587	346	625
640	320	704	591	347	685
640	320	768	595	349	745
640	320	832	599	349	803
640	320	896	603	350	863
640	320	960	608	352	923
640	320	1023	614	354	982
640	384	0	579	399	145
640	384	64	578	399	156
640	384	128	578	399	185
640	384	192	579	399	228
640	384	256	580	399	277
640	384	320	582	400	332
640	384	384	584	401	390
640	384	448	586	401	449
640	384	512	588	401	506
640	384	576	592	403	568
640	384	640	594	402	628
640	384	704	598	403	687
640	384	768	602	405	747
640	384	832	606	405	805
640	384	896	610	406	866
640	384	960	615	407	925
640	384	1023	621	409	984
640	448	0	589	460	162
640	448	64	587	458	171
640	448	128	587	458	197
640	448	192	588	459	238
640	448	256	589	459	285
640	448	320	591	460	339
640	448	384	593	461	395
640	448	448	595	460	453
640	448	512	598	461	510
640	448	576	601	462	571
640	448	640	604	462	631
640	448	704	607	462	690
640	448	768	611	463	750
640	448	832	615	463	807
640	448	896	619	464	868
640	448	960	624	465	927
640	448	1023	629	467	985
640	512	0	599	518	178
640	512	64	597	516	185
640	512	128	598	516	210
640	512	192	599	517	248
640	512	256	600	517	294
640	512	320	601	517	346
640	512	384	604	518	401
640	512	448	605	518	459
640	512	512	608	519	515
640	512	576	611	519	575
640	512	640	614	519	635
640	512	704	616	519	693
640	512	768	621	520	753
640	512	832	624	520	810
640	512	896	629	521	871
640	512	960	634	522	930
640	512	1023	639	523	988
640	576	0	611	580	195
640	576	64	610	579	203
640	576	128	610	579	225
640	576	192	610	579	260
640	576	256	612	580	304
640	576	320	614	580	355
640	576	384	616	581	408
640	576	448	617	581	465
640	576	512	619	581	520
640	576	576	623	582	580
640	576	640	625	582	639
640	576	704	629	582	698
640	576	768	633	583	757
640	576	832	636	583	813
640	576	896	640	583	874
640	576	960	645	584	932
640	576	1023	650	585	991
640	640	0	624	641	213
640	640	64	623	640	219
640	640	128	623	640	240
640	640	192	624	640	273
640	640	256	626	641	315
640	640	320	626	641	363
640	640	384	629	642	416
640	640	448	631	643	472
640	640	512	633	643	526
640	640	576	637	644	586
640	640	640	638	643	644
640	640	704	642	644	702
640	640	768	646	645	761
640	640	832	649	644	817
640	640	896	653	644	877
640	640	960	658	645	936
640	640	1023	663	646	993
640	704	0	639	701	230
640	704	64	637	698	236
640	704	128	637	699	255
640	704	192	638	699	286
640	704	256	640	700	326
640	704	320	641	700	373
640	704	384	643	701	424
640	704	448	644	700	479
640	704	512	647	701	533
640	704	576	650	702	591
640	704	640	653	702	649
640	704	704	656	702	707
640	704	768	660	703	765
640	704	832	663	703	821
640	704	896	667	703	881
640	704	960	671	704	940
640	704	1023	676	704	997
640	768	0	655	763	249
640	768	64	654	762	254
640	768	128	653	761	271
640	768	192	654	761	301
640	768	256	656	763	339
640	768	320	657	762	384
640	768	384	659	763	433
640	768	448	661	763	487
640	768	512	663	763	539
640	768	576	666	764	598
640	768	640	668	764	655
640	768	704	671	764	712
640	768	768	675	765	770
640	768	832	678	765	826
640	768	896	682	764	885
640	768	960	686	765	944
640	768	1023	691	766	1001
640	832	0	671	822	266
640	832	64	669	820	271
640	832	128	670	821	287
640	832	192	670	821	315
640	832	256	672	822	351
640	832	320	673	822	395
640	832	384	674	822	442
640	832	448	676	822	495
640	832	512	678	823	547
640	832	576	681	823	604
640	832	640	684	823	661
640	832	704	687	824	718
640	832	768	691	825	775
640	832	832	693	824	830
640	832	896	697	824	889
640	832	960	701	824	947
640	832	1023	706	825	1005
640	896	0	689	885	285
640	896	64	687	882	289
640	896	128	687	883	305
640	896	192	688	883	331
640	896	256	689	884	365
640	896	320	690	884	406
640	896	384	692	885	453
640	896	448	694	884	504
640	896	512	696	885	555
640	896	576	699	886	611
640	896	640	701	886	667
640	896	704	704	886	723
640	896	768	707	886	780
640	896	832	710	886	835
640	896	896	714	885	894
640	896	960	718	887	951
640	896	1023	723	887	1008
640	960	0	706	943	303
640	960	64	704	941	307
640	960	128	705	942	321
640	960	192	706	942	346
640	960	256	707	943	378
640	960	320	708	943	418
640	960	384	710	944	463
640	960	448	712	944	514
640	960	512	714	945	563
640	960	576	716	945	618
640	960	640	719	945	674
640	960	704	721	945	730
640	960	768	725	946	786
640	960	832	727	945	840
640	960	896	731	945	899
640	960	960	735	945	956
640	960	1023	740	946	1013
640	1023	0	726	1005	321
640	1023	64	724	1003	325
640	1023	128	724	1003	338
640	1023	192	725	1003	362
640	1023	256	726	1004	393
640	1023	320	727	1004	431
640	1023	384	729	1005	475
640	1023	448	731	1006	524
640	1023	512	733	1006	573
640	1023	576	736	1007	628
640	1023	640	737	1005	681
640	1023	704	740	1006	736
640	1023	768	744	1007	793
640	1023	832	747	1007	847
640	1023	896	750	1005	905
640	1023	960	753	1006	961
640	1023	1023	757	1005	1018
704	0	0	610	166	102
704	0	64	608	166	117
704	0	128	609	166	155
704	0	192	609	167	205
704	0	256	611	167	259
704	0	320	612	168	318
704	0	384	614	169	377
704	0	448	616	171	439
704	0	512	618	172	496
704	0	576	621	174	560
704	0	640	624	176	620
704	0	704	627	178	680
704	0	768	631	181	740
704	0	832	635	183	798
704	0	896	639	185	860
704	0	960	643	188	919
704	0	1023	649	192	978
704	64	0	610	177	103
704	64	64	609	176	118
704	64	128	609	176	156
704	64	192	610	177	206
704	64	256	612	177	260
704	64	320	613	178	318
704	64	384	614	179	377
704	64	448	616	181	439
704	64	512	619	182	497
704	64	576	622	184	560
704	64	640	624	186	620
704	64	704	628	188	681
704	64	768	632	190	741
704	64	832	636	192	799
704	64	896	639	195	860
704	64	960	644	198	920
704	64	1023	650	202	979
704	128	0	612	205	108
704	128	64	610	204	122
704	128	128	610	204	159
704	128	192	612	204	208
704	128	256	613	205	262
704	128	320	614	206	320
704	128	384	616	207	379
704	128	448	618	208	440
704	128	512	621	209	498
704	128	576	623	211	560
704	128	640	626	212	621
704	128	704	629	214	681
704	128	768	633	216	741
704	128	832	637	217	799
704	128	896	641	220	861
704	128	960	646	223	920
704	128	1023	651	225	979
704	192	0	615	245	115
704	192	64	613	245	128
704	192	128	614	245	164
704	192	192	614	245	211
704	192	256	616	246	265
704	192	320	618	247	322
704	192	384	620	248	381
704	192	448	621	248	442
704	192	512	623	249	499
704	192	576	627	251	562
704	192	640	629	251	622
704	192	704	632	253	683
704	192	768	636	255	743
704	192	832	640	256	800
704	192	896	644	258	862
704	192	960	648	260	921
704	192	1023	654	263	980
704	256	0	619	294	125
704	256	64	617	293	137
704	256	128	618	293	170
704	256	192	619	293	217
704	256	256	620	294	269
704	256	320	621	294	325
704	256	384	623	295	383
704	256	448	625	296	444
704	256	512	627	297	501
704	256	576	630	298	563
704	256	640	632	299	624
704	256	704	636	300	684
704	256	768	640	301	744
704	256	832	643	302	801
704	256	896	647	303	862
704	256	960	652	305	922
704	256	1023	657	307	980
704	320	0	624	348	137
704	320	64	623	347	148
704	320	128	623	348	179
704	320	192	623	347	223
704	320	256	625	348	274
704	320	320	627	349	329
704	320	384	628	349	386
704	320	448	630	349	446
704	320	512	632	350	503
704	320	576	635	352	566
704	320	640	637	352	625
704	320	704	641	353	685
704	320	768	645	354	746
704	320	832	649	354	803
704	320	896	653	356	864
704	320	960	657	357	923
704	320	1023	662	358	982
704	384	0	630	403	151
704	384	64	629	403	161
704	384	128	630	403	189
704	384	192	631	404	231
704	384	256	631	404	280
704	384	320	633	404	334
704	384	384	635	405	391
704	384	448	637	405	450
704	384	512	639	406	506
704	384	576	642	407	568
704	384	640	644	407	628
704	384	704	647	407	687
704	384	768	651	409	747
704	384	832	655	409	805
704	384	896	658	410	865
704	384	960	663	411	925
704	384	1023	668	413	984
704	448	0	640	463	166
704	448	64	637	462	175
704	448	128	638	462	201
704	448	192	639	463	241
704	448	256	640	463	287
704	448	320	641	463	340
704	448	384	644	464	396
704	448	448	645	464	454
704	448	512	647	465	511
704	448	576	650	465	572
704	448	640	653	466	631
704	448	704	655	466	690
704	448	768	659	467	750
704	448	832	663	467	807
704	448	896	667	468	868
704	448	960	671	469	927
704	448	1023	676	470	985
704	512	0	649	520	182
704	512	64	647	519	189
704	512	128	647	519	213
704	512	192	648	519	251
704	512	256	649	519	296
704	512	320	651	520	347
704	512	384	653	521	402
704	512	448	654	520	460
704	512	512	656	521	515
704	512	576	659	522	576
704	512	640	662	522	635
704	512	704	664	522	694
704	512	768	668	523	753
704	512	832	671	523	810
704	512	896	676	524	871
704	512	960	681	525	930
704	512	1023	685	526	988
704	576	0	659	582	199
704	576	64	658	581	206
704	576	128	659	581	228
704	576	192	660	582	263
704	576	256	661	582	306
704	576	320	662	583	356
704	576	384	664	584	409
704	576	448	665	583	466
704	576	512	667	583	520
704	576	576	670	585	581
704	576	640	672	584	639
704	576	704	676	585	698
704	576	768	680	586	757
704	576	832	683	586	813
704	576	896	686	586	874
704	576	960	691	586	932
704	576	1023	696	588	991
704	640	0	673	644	216
704	640	64	671	643	223
704	640	128	670	642	243
704	640	192	672	643	276
704	640	256	673	644	317
704	640	320	675	644	366
704	640	384	676	644	417
704	640	448	678	645	473
704	640	512	680	645	527
704	640	576	683	646	586
704	640	640	685	645	644
704	640	704	688	646	703
704	640	768	692	647	761
704	640	832	695	647	818
704	640	896	698	646	877
704	640	960	703	647	936
704	640	1023	707	648	994
704	704	0	686	703	233
704	704	64	684	700	239
704	704	128	684	701	258
704	704	192	685	701	289
704	704	256	686	702	328
704	704	320	687	702	375
704	704	384	689	703	425
704	704	448	691	703	480
704	704	512	693	703	533
704	704	576	696	704	592
704	704	640	698	704	650
704	704	704	701	704	708
704	704	768	705	705	766
704	704	832	707	704	821
704	704	896	711	704	881
704	704	960	715	705	940
704	704	1023	720	706	998
704	768	0	701	765	251
704	768	64	699	763	257
704	768	128	699	762	274
704	768	192	700	763	303
704	768	256	701	764	341
704	768	320	703	765	386
704	768	384	704	765	434
704	768	448	706	765	488
704	768	512	708	765	541
704	768	576	711	767	599
704	768	640	712	766	656
704	768	704	716	766	713
704	768	768	719	767	771
704	768	832	722	766	826
704	768	896	725	766	886
704	768	960	729	767	944
704	768	1023	733	767	1001
704	832	0	715	824	269
704	832	64	713	822	273
704	832	128	713	822	290
704	832	192	714	822	317
704	832	256	716	824	353
704	832	320	716	823	396
704	832	384	719	824	444
704	832	448	720	825	496
704	832	512	722	825	548
704	832	576	724	825	604
704	832	640	727	825	661
704	832	704	729	825	718
704	832	768	733	826	775
704	832	832	735	825	830
704	832	896	739	825	889
704	832	960	743	826	947
704	832	1023	748	827	1005
704	896	0	732	886	287
704	896	64	729	884	291
704	896	128	730	884	307
704	896	192	731	885	332
704	896	256	732	886	366
704	896	320	733	886	408
704	896	384	735	886	454
704	896	448	737	887	505
704	896	512	739	887	556
704	896	576	741	887	612
704	896	640	743	887	667
704	896	704	746	887	724
704	896	768	749	888	781
704	896	832	751	887	835
704	896	896	755	887	894
704	896	960	759	888	952
704	896	1023	763	888	1009
704	960	0	748	945	305
704	960	64	747	943	309
704	960	128	746	943	323
704	960	192	747	944	347
704	960	256	749	945	380
704	960	320	749	944	420
704	960	384	752	945	465
704	960	448	753	945	515
704	960	512	755	945	564
704	960	576	758	947	620
704	960	640	759	946	674
704	960	704	762	946	730
704	960	768	765	947	786
704	960	832	769	947	841
704	960	896	771	946	899
704	960	960	775	947	957
704	960	1023	779	948	1013
704	1023	0	767	1007	324
704	1023	64	765	1005	327
704	1023	128	765	1004	340
704	1023	192	766	1005	363
704	1023	256	767	1006	394
704	1023	320	769	1007	433
704	1023	384	770	1007	476
704	1023	448	771	1007	525
704	1023	512	773	1007	573
704	1023	576	776	1008	629
704	1023	640	777	1007	682
704	1023	704	780	1007	737
704	1023	768	783	1008	793
704	1023	832	786	1007	847
704	1023	896	788	1006	905
704	1023	960	792	1007	962
704	1023	1023	796	1006	1018
768	0	0	664	181	111
768	0	64	662	180	125
768	0	128	662	181	161
768	0	192	663	181	210
768	0	256	664	182	262
768	0	320	665	182	320
768	0	384	668	184	379
768	0	448	669	184	440
768	0	512	672	186	498
768	0	576	674	188	560
768	0	640	676	190	621
768	0	704	679	191	681
768	0	768	683	194	741
768	0	832	686	196	799
768	0	896	690	199	860
768	0	960	694	202	920
768	0	1023	699	204	979
768	64	0	665	190	112
768	64	64	663	190	126
768	64	128	664	190	162
768	64	192	665	191	211
768	64	256	665	191	263
768	64	320	667	192	321
768	64	384	669	193	380
768	64	448	670	194	441
768	64	512	672	195	499
768	64	576	675	197	562
768	64	640	677	199	622
768	64	704	680	200	682
768	64	768	684	203	743
768	64	832	687	205	800
768	64	896	691	207	862
768	64	960	695	210	921
768	64	1023	700	214	980
768	128	0	667	216	116
768	128	64	665	216	129
768	128	128	665	216	164
768	128	192	666	216	212
768	128	256	667	217	265
768	128	320	668	217	322
768	128	384	670	218	381
768	128	448	671	219	442
768	128	512	673	220	499
768	128	576	677	222	562
768	128	640	678	223	622
768	128	704	682	225	683
768	128	768	685	227	743
768	128	832	688	228	800
768	128	896	692	230	862
768	128	960	696	233	921
768	128	1023	701	235	979
768	192	0	669	255	123
768	192	64	667	254	135
768	192	128	667	254	169
768	192	192	668	255	216
768	192	256	669	255	267
768	192	320	671	256	325
768	192	384	673	257	383
768	192	448	674	257	443
768	192	512	677	259	501
768	192	576	678	260	563
768	192	640	681	261	624
768	192	704	684	262	683
768	192	768	687	263	743
768	192	832	691	264	801
768	192	896	694	266	862
768	192	960	699	269	921
768	192	1023	704	271	980
768	256	0	672	301	132
768	256	64	671	301	144
768	256	128	670	300	175
768	256	192	672	301	220
768	256	256	673	302	271
768	256	320	675	302	328
768	256	384	676	303	385
768	256	448	677	303	445
768	256	512	679	304	502
768	256	576	683	305	565
768	256	640	684	306	625
768	256	704	688	307	685
768	256	768	691	309	745
768	256	832	694	310	802
768	256	896	698	310	863
768	256	960	702	312	923
768	256	1023	706	314	981
768	320	0	677	355	144
768	320	64	675	353	154
768	320	128	676	354	184
768	320	192	677	354	227
768	320	256	678	354	276
768	320	320	679	355	332
768	320	384	681	356	389
768	320	448	682	356	448
768	320	512	684	356	505
768	320	576	687	358	567
768	320	640	690	358	627
768	320	704	692	359	686
768	320	768	696	360	747
768	320	832	699	361	804
768	320	896	703	362	865
768	320	960	706	363	924
768	320	1023	712	365	983
768	384	0	683	409	157
768	384	64	682	408	166
768	384	128	682	408	194
768	384	192	683	409	235
768	384	256	684	409	283
768	384	320	685	410	337
768	384	384	687	410	393
768	384	448	688	410	452
768	384	512	691	411	508
768	384	576	693	412	570
768	384	640	696	412	630
768	384	704	698	412	688
768	384	768	701	413	748
768	384	832	704	414	805
768	384	896	708	415	866
768	384	960	713	416	926
768	384	1023	717	418	984
768	448	0	691	468	172
768	448	64	689	466	180
768	448	128	689	466	205
768	448	192	690	467	244
768	448	256	692	468	291
768	448	320	693	468	343
768	448	384	695	468	398
768	448	448	696	468	456
768	448	512	698	469	512
768	448	576	701	470	573
768	448	640	703	470	633
768	448	704	706	470	692
768	448	768	709	471	751
768	448	832	712	471	808
768	448	896	715	472	869
768	448	960	720	473	928
768	448	1023	724	474	986
768	512	0	700	524	186
768	512	64	697	522	194
768	512	128	697	522	217
768	512	192	699	523	254
768	512	256	701	524	299
768	512	320	701	524	350
768	512	384	703	525	404
768	512	448	704	525	461
768	512	512	707	525	517
768	512	576	709	526	577
768	512	640	711	526	636
768	512	704	714	526	695
768	512	768	717	527	754
768	512	832	720	527	810
768	512	896	724	527	871
768	512	960	728	528	930
768	512	1023	732	529	988
768	576	0	710	586	203
768	576	64	708	584	210
768	576	128	708	585	232
768	576	192	709	585	266
768	576	256	710	586	308
768	576	320	711	586	358
768	576	384	713	587	411
768	576	448	714	586	467
768	576	512	717	587	522
768	576	576	719	588	582
768	576	640	721	588	641
768	576	704	724	588	698
768	576	768	727	589	758
768	576	832	730	589	814
768	576	896	734	589	875
768	576	960	738	590	934
768	576	1023	742	591	991
768	640	0	721	646	220
768	640	64	720	646	226
768	640	128	720	646	246
768	640	192	720	645	278
768	640	256	722	646	319
768	640	320	723	647	367
768	640	384	725	648	419
768	640	448	726	647	474
768	640	512	728	647	528
768	640	576	731	649	587
768	640	640	732	648	645
768	640	704	735	648	703
768	640	768	738	649	762
768	640	832	741	649	818
768	640	896	745	649	878
768	640	960	749	650	936
768	640	1023	754	651	995
768	704	0	733	705	237
768	704	64	732	703	242
768	704	128	731	703	261
768	704	192	732	703	291
768	704	256	734	705	331
768	704	320	735	705	377
768	704	384	736	705	427
768	704	448	738	706	482
768	704	512	740	706	534
768	704	576	743	707	593
768	704	640	744	706	650
768	704	704	747	707	708
768	704	768	751	708	767
768	704	832	753	707	823
768	704	896	756	707	882
768	704	960	760	708	940
768	704	1023	765	709	998
768	768	0	747	767	255
768	768	64	746	765	260
768	768	128	746	766	277
768	768	192	746	766	306
768	768	256	748	766	343
768	768	320	749	767	388
768	768	384	751	768	437
768	768	448	751	767	489
768	768	512	753	767	541
768	768	576	756	768	600
768	768	640	757	767	656
768	768	704	760	768	714
768	768	768	764	769	771
768	768	832	766	768	827
768	768	896	770	769	887
768	768	960	774	769	944
768	768	1023	778	770	1002
768	832	0	761	826	272
768	832	64	759	825	277
768	832	128	758	824	292
768	832	192	760	825	320
768	832	256	761	826	355
768	832	320	762	826	398
768	832	384	763	826	445
768	832	448	765	826	497
768	832	512	767	826	548
768	832	576	770	827	606
768	832	640	771	826	662
768	832	704	774	827	718
768	832	768	777	828	776
768	832	832	779	828	831
768	832	896	782	827	890
768	832	960	786	828	948
768	832	1023	790	828	1005
768	896	0	776	888	290
768	896	64	774	886	294
768	896	128	774	886	309
768	896	192	775	887	335
768	896	256	776	887	368
768	896	320	778	888	410
768	896	384	779	888	456
768	896	448	781	889	507
768	896	512	782	889	557
768	896	576	785	890	613
768	896	640	786	889	668
768	896	704	789	889	725
768	896	768	792	890	781
768	896	832	795	890	837
768	896	896	798	889	895
768	896	960	802	890	953
768	896	1023	805	890	1009
768	960	0	792	947	308
768	960	64	790	945	312
768	960	128	790	945	325
768	960	192	791	945	349
768	960	256	792	947	382
768	960	320	794	947	422
768	960	384	794	947	466
768	960	448	796	947	516
768	960	512	797	947	565
768	960	576	800	948	621
768	960	640	802	948	675
768	960	704	804	948	731
768	960	768	808	949	787
768	960	832	810	948	842
768	960	896	813	948	900
768	960	960	817	949	957
768	960	1023	821	950	1014
768	1023	0	809	1008	326
768	1023	64	807	1007	330
768	1023	128	807	1007	343
768	1023	192	808	1006	365
768	1023	256	809	1008	396
768	1023	320	810	1008	434
768	1023	384	812	1009	478
768	1023	448	813	1008	526
768	1023	512	815	1008	574
768	1023	576	817	1009	629
768	1023	640	819	1009	683
768	1023	704	822	1009	738
768	1023	768	824	1010	794
768	1023	832	827	1009	848
768	1023	896	830	1009	906
768	1023	960	833	1009	962
768	1023	1023	837	1009	1019
832	0	0	717	195	120
832	0	64	714	195	132
832	0	128	715	195	166
832	0	192	716	195	214
832	0	256	717	196	266
832	0	320	718	197	323
832	0	384	720	197	381
832	0	448	721	198	442
832	0	512	723	200	500
832	0	576	726	201	562
832	0	640	728	203	622
832	0	704	730	205	682
832	0	768	734	207	742
832	0	832	737	209	800
832	0	896	740	211	861
832	0	960	745	214	921
832	0	1023	749	216	980
832	64	0	718	204	121
832	64	64	716	203	133
832	64	128	716	203	167
832	64	192	717	204	215
832	64	256	718	204	267
832	64	320	719	205	324
832	64	384	721	206	382
832	64	448	723	207	443
832	64	512	725	208	501
832	64	576	727	210	563
832	64	640	730	212	624
832	64	704	732	213	683
832	64	768	735	215	743
832	64	832	738	217	801
832	64	896	741	219	862
832	64	960	745	223	922
832	64	1023	750	225	981
832	128	0	719	228	124
832	128	64	718	227	137
832	128	128	717	227	170
832	128	192	718	227	216
832	128	256	719	228	268
832	128	320	721	229	325
832	128	384	722	230	382
832	128	448	723	231	443
832	128	512	725	231	501
832	128	576	729	233	564
832	128	640	730	234	624
832	128	704	733	236	684
832	128	768	736	238	744
832	128	832	739	240	801
832	128	896	742	241	862
832	128	960	746	243	921
832	128	1023	751	247	980
832	192	0	721	265	131
832	192	64	719	264	142
832	192	128	719	264	174
832	192	192	721	265	220
832	192	256	722	265	271
832	192	320	722	265	327
832	192	384	724	266	385
832	192	448	725	267	445
832	192	512	728	268	502
832	192	576	730	269	564
832	192	640	732	270	625
832	192	704	734	271	684
832	192	768	738	273	744
832	192	832	741	273	802
832	192	896	745	276	863
832	192	960	749	278	923
832	192	1023	753	280	981
832	256	0	724	309	139
832	256	64	723	309	150
832	256	128	723	309	180
832	256	192	724	309	224
832	256	256	725	310	275
832	256	320	727	310	330
832	256	384	727	311	387
832	256	448	729	311	447
832	256	512	731	312	504
832	256	576	734	313	566
832	256	640	735	314	626
832	256	704	738	315	686
832	256	768	742	316	746
832	256	832	745	317	804
832	256	896	748	318	864
832	256	960	752	320	924
832	256	1023	757	322	983
832	320	0	729	361	150
832	320	64	727	360	160
832	320	128	728	360	189
832	320	192	729	361	231
832	320	256	729	361	279
832	320	320	731	362	334
832	320	384	732	362	391
832	320	448	733	362	450
832	320	512	736	363	507
832	320	576	738	364	568
832	320	640	740	365	628
832	320	704	742	365	687
832	320	768	746	366	747
832	320	832	748	367	804
832	320	896	752	368	866
832	320	960	757	370	925
832	320	1023	761	371	984
832	384	0	735	415	163
832	384	64	732	414	172
832	384	128	733	414	198
832	384	192	734	414	239
832	384	256	736	415	286
832	384	320	736	415	339
832	384	384	738	416	395
832	384	448	739	416	453
832	384	512	741	417	510
832	384	576	743	417	571
832	384	640	746	418	631
832	384	704	748	418	690
832	384	768	752	420	750
832	384	832	754	420	807
832	384	896	758	421	868
832	384	960	762	422	927
832	384	1023	766	423	985
832	448	0	742	472	177
832	448	64	740	472	185
832	448	128	740	471	210
832	448	192	741	472	248
832	448	256	743	473	294
832	448	320	743	472	345
832	448	384	745	473	400
832	448	448	747	474	458
832	448	512	748	474	514
832	448	576	751	475	575
832	448	640	753	475	634
832	448	704	755	475	693
832	448	768	759	477	753
832	448	832	762	476	810
832	448	896	764	477	870
832	448	960	769	478	929
832	448	1023	773	479	987
832	512	0	750	528	191
832	512	64	748	527	199
832	512	128	748	527	221
832	512	192	749	527	257
832	512	256	750	529	302
832	512	320	751	528	352
832	512	384	753	529	406
832	512	448	755	529	463
832	512	512	756	530	518
832	512	576	759	531	579
832	512	640	760	530	637
832	512	704	763	531	696
832	512	768	767	532	756
832	512	832	769	532	812
832	512	896	772	532	872
832	512	960	776	533	932
832	512	1023	780	534	990
832	576	0	760	590	208
832	576	64	757	588	214
832	576	128	758	589	235
832	576	192	759	590	270
832	576	256	760	590	312
832	576	320	761	590	360
832	576	384	762	591	413
832	576	448	764	591	469
832	576	512	766	591	524
832	576	576	768	592	583
832	576	640	770	592	642
832	576	704	772	592	700
832	576	768	776	593	759
832	576	832	778	593	815
832	576	896	781	593	876
832	576	960	786	594	935
832	576	1023	790	595	993
832	640	0	770	651	224
832	640	64	768	649	230
832	640	128	768	649	250
832	640	192	770	650	282
832	640	256	770	650	322
832	640	320	771	650	370
832	640	384	773	651	421
832	640	448	774	651	476
832	640	512	777	652	530
832	640	576	779	652	589
832	640	640	781	652	647
832	640	704	782	651	704
832	640	768	786	653	763
832	640	832	788	653	819
832	640	896	792	653	880
832	640	960	796	654	938
832	640	1023	799	654	996
832	704	0	781	708	240
832	704	64	779	707	246
832	704	128	780	707	264
832	704	192	780	707	294
832	704	256	782	708	333
832	704	320	783	708	379
832	704	384	784	708	429
832	704	448	786	709	483
832	704	512	787	709	536
832	704	576	790	710	595
832	704	640	791	709	652
832	704	704	794	710	709
832	704	768	797	710	768
832	704	832	799	710	823
832	704	896	803	710	883
832	704	960	806	711	941
832	704	1023	810	712	1000
832	768	0	795	770	258
832	768	64	793	769	263
832	768	128	793	769	280
832	768	192	794	769	309
832	768	256	794	769	345
832	768	320	795	769	389
832	768	384	797	771	438
832	768	448	798	770	492
832	768	512	801	771	544
832	768	576	802	771	601
832	768	640	805	771	658
832	768	704	806	771	714
832	768	768	810	772	773
832	768	832	812	772	828
832	768	896	815	771	888
832	768	960	819	772	946
832	768	1023	822	773	1003
832	832	0	806	828	275
832	832	64	804	827	279
832	832	128	805	827	295
832	832	192	805	827	322
832	832	256	806	828	357
832	832	320	808	829	400
832	832	384	809	829	447
832	832	448	810	829	499
832	832	512	812	829	550
832	832	576	815	830	607
832	832	640	816	829	663
832	832	704	818	829	719
832	832	768	822	830	777
832	832	832	824	830	832
832	832	896	827	830	891
832	832	960	830	830	948
832	832	1023	835	832	1007
832	896	0	820	889	293
832	896	64	818	888	297
832	896	128	819	889	312
832	896	192	819	888	337
832	896	256	821	889	370
832	896	320	822	890	412
832	896	384	823	890	457
832	896	448	825	891	508
832	896	512	827	891	558
832	896	576	829	892	615
832	896	640	830	891	670
832	896	704	833	891	726
832	896	768	836	892	782
832	896	832	838	892	837
832	896	896	841	892	896
832	896	960	844	892	953
832	896	1023	848	893	1010
832	960	0	836	949	310
832	960	64	834	948	314
832	960	128	834	948	328
832	960	192	835	949	352
832	960	256	836	949	384
832	960	320	837	949	423
832	960	384	839	950	468
832	960	448	839	950	518
832	960	512	841	949	566
832	960	576	844	951	622
832	960	640	845	950	676
832	960	704	847	950	732
832	960	768	851	951	788
832	960	832	853	951	842
832	960	896	856	951	901
832	960	960	859	951	958
832	960	1023	863	952	1015
832	1023	0	852	1011	329
832	1023	64	850	1008	332
832	1023	128	850	1009	345
832	1023	192	851	1009	368
832	1023	256	852	1010	398
832	1023	320	853	1010	436
832	1023	384	855	1011	480
832	1023	448	856	1010	528
832	1023	512	858	1011	576
832	1023	576	860	1012	630
832	1023	640	861	1011	684
832	1023	704	863	1011	739
832	1023	768	866	1011	794
832	1023	832	868	1011	848
832	1023	896	871	1011	907
832	1023	960	874	1011	963
832	1023	1023	878	1010	1020
896	0	0	774	210	129
896	0	64	772	210	141
896	0	128	772	210	173
896	0	192	773	210	218
896	0	256	774	211	269
896	0	320	776	212	326
896	0	384	776	213	383
896	0	448	778	214	444
896	0	512	780	215	501
896	0	576	783	216	564
896	0	640	784	217	623
896	0	704	786	219	683
896	0	768	790	221	744
896	0	832	792	223	801
896	0	896	795	225	862
896	0	960	799	227	921
896	0	1023	804	230	981
896	64	0	775	218	131
896	64	64	773	218	142
896	64	128	773	218	174
896	64	192	774	218	219
896	64	256	776	219	271
896	64	320	777	220	327
896	64	384	777	220	384
896	64	448	779	221	445
896	64	512	781	222	502
896	64	576	784	224	564
896	64	640	785	225	624
896	64	704	787	227	684
896	64	768	791	229	744
896	64	832	793	231	802
896	64	896	796	233	863
896	64	960	800	235	922
896	64	1023	804	238	981
896	128	0	777	241	134
896	128	64	774	240	145
896	128	128	774	240	176
896	128	192	776	241	221
896	128	256	776	241	272
896	128	320	777	242	328
896	128	384	779	243	385
896	128	448	780	243	445
896	128	512	782	244	503
896	128	576	785	246	565
896	128	640	786	247	625
896	128	704	788	248	684
896	128	768	792	250	744
896	128	832	794	252	802
896	128	896	798	253	864
896	128	960	802	256	923
896	128	1023	805	258	981
896	192	0	778	275	140
896	192	64	777	275	150
896	192	128	777	275	181
896	192	192	777	275	224
896	192	256	779	276	274
896	192	320	780	276	330
896	192	384	781	277	387
896	192	448	782	278	447
896	192	512	784	278	504
896	192	576	787	280	566
896	192	640	788	280	626
896	192	704	791	282	685
896	192	768	794	284	746
896	192	832	796	285	803
896	192	896	799	286	864
896	192	960	803	288	923
896	192	1023	808	290	982
896	256	0	782	318	148
896	256	64	779	317	157
896	256	128	780	318	187
896	256	192	781	318	229
896	256	256	782	319	278
896	256	320	783	319	333
896	256	384	784	320	389
896	256	448	785	320	449
896	256	512	787	321	506
896	256	576	790	322	567
896	256	640	791	323	627
896	256	704	794	324	687
896	256	768	797	325	746
896	256	832	799	326	803
896	256	896	802	327	865
896	256	960	806	329	924
896	256	1023	810	331	983
896	320	0	785	368	158
896	320	64	784	368	167
896	320	128	784	368	194
896	320	192	785	368	235
896	320	256	786	369	283
896	320	320	787	369	337
896	320	384	788	370	393
896	320	448	790	370	452
896	320	512	792	371	509
896	320	576	794	372	570
896	320	640	795	372	629
896	320	704	798	372	689
896	320	768	801	374	749
896	320	832	804	375	806
896	320	896	806	375	867
896	320	960	810	377	926
896	320	1023	815	378	985
896	384	0	790	421	170
896	384	64	789	420	178
896	384	128	789	420	204
896	384	192	789	420	243
896	384	256	791	421	289
896	384	320	792	422	342
896	384	384	794	422	397
896	384	448	794	422	455
896	384	512	796	422	511
896	384	576	799	424	573
896	384	640	800	424	632
896	384	704	803	424	691
896	384	768	806	426	750
896	384	832	809	426	808
896	384	896	811	427	868
896	384	960	815	428	927
896	384	1023	819	429	986
896	448	0	797	478	183
896	448	64	795	476	191
896	448	128	795	476	215
896	448	192	796	477	252
896	448	256	797	477	296
896	448	320	798	478	348
896	448	384	800	478	402
896	448	448	801	478	460
896	448	512	803	479	516
896	448	576	805	480	576
896	448	640	807	480	635
896	448	704	809	480	694
896	448	768	812	481	753
896	448	832	815	482	810
896	448	896	818	482	871
896	448	960	822	483	930
896	448	1023	825	484	988
896	512	0	805	533	197
896	512	64	802	531	204
896	512	128	803	532	226
896	512	192	804	532	262
896	512	256	805	532	305
896	512	320	806	533	355
896	512	384	808	534	408
896	512	448	808	533	465
896	512	512	811	534	520
896	512	576	812	535	580
896	512	640	814	535	639
896	512	704	816	535	697
896	512	768	819	536	756
896	512	832	822	536	813
896	512	896	825	536	874
896	512	960	829	537	932
896	512	1023	832	538	990
896	576	0	813	593	213
896	576	64	811	592	219
896	576	128	811	592	240
896	576	192	811	592	273
896	576	256	813	593	314
896	576	320	814	594	363
896	576	384	815	594	415
896	576	448	817	594	471
896	576	512	818	594	525
896	576	576	821	596	585
896	576	640	822	595	642
896	576	704	825	595	701
896	576	768	828	596	760
896	576	832	830	596	816
896	576	896	833	597	876
896	576	960	837	597	934
896	576	1023	841	599	993
896	640	0	823	653	229
896	640	64	821	652	235
896	640	128	821	652	254
896	640	192	822	653	285
896	640	256	823	654	325
896	640	320	824	654	372
896	640	384	826	654	423
896	640	448	827	655	478
896	640	512	829	655	531
896	640	576	832	656	591
896	640	640	833	655	648
896	640	704	835	656	706
896	640	768	838	656	764
896	640	832	840	656	820
896	640	896	843	656	880
896	640	960	847	657	938
896	640	1023	850	658	996
896	704	0	834	711	245
896	704	64	832	710	250
896	704	128	832	710	268
896	704	192	833	710	298
896	704	256	834	711	336
896	704	320	835	711	381
896	704	384	836	712	431
896	704	448	837	711	485
896	704	512	839	712	538
896	704	576	841	712	596
896	704	640	843	713	653
896	704	704	846	713	711
896	704	768	848	713	768
896	704	832	850	713	824
896	704	896	853	713	884
896	704	960	857	714	942
896	704	1023	861	715	1000
896	768	0	846	772	262
896	768	64	844	771	267
896	768	128	844	771	284
896	768	192	845	771	312
896	768	256	846	772	348
896	768	320	846	772	391
896	768	384	848	773	440
896	768	448	849	773	493
896	768	512	851	773	545
896	768	576	853	774	602
896	768	640	854	773	659
896	768	704	857	774	716
896	768	768	860	775	774
896	768	832	862	774	829
896	768	896	864	774	888
896	768	960	868	774	946
896	768	1023	871	775	1003
896	832	0	857	831	279
896	832	64	855	829	283
896	832	128	855	830	299
896	832	192	856	830	325
896	832	256	858	831	360
896	832	320	858	831	402
896	832	384	860	832	449
896	832	448	861	831	501
896	832	512	863	832	552
896	832	576	864	832	608
896	832	640	866	832	664
896	832	704	868	832	721
896	832	768	871	832	777
896	832	832	873	832	832
896	832	896	876	832	892
896	832	960	879	833	950
896	832	1023	883	834	1007
896	896	0	871	893	297
896	896	64	868	891	300
896	896	128	869	891	315
896	896	192	870	892	340
896	896	256	871	893	373
896	896	320	872	893	414
896	896	384	873	893	459
896	896	448	874	892	510
896	896	512	876	894	560
896	896	576	878	894	616
896	896	640	879	894	671
896	896	704	882	894	727
896	896	768	884	894	783
896	896	832	886	894	838
896	896	896	890	894	897
896	896	960	893	895	954
896	896	1023	896	895	1011
896	960	0	885	952	314
896	960	64	882	949	317
896	960	128	882	949	331
896	960	192	883	950	355
896	960	256	885	952	387
896	960	320	885	951	426
896	960	384	887	952	470
896	960	448	889	953	520
896	960	512	890	952	568
896	960	576	892	953	623
896	960	640	893	953	678
896	960	704	895	952	733
896	960	768	898	954	789
896	960	832	900	953	843
896	960	896	903	953	902
896	960	960	906	954	959
896	960	1023	910	954	1016
896	1023	0	900	1013	332
896	1023	64	898	1012	335
896	1023	128	898	1010	348
896	1023	192	899	1011	370
896	1023	256	900	1013	401
896	1023	320	901	1012	438
896	1023	384	902	1013	481
896	1023	448	903	1013	530
896	1023	512	905	1013	577
896	1023	576	907	1014	632
896	1023	640	908	1013	685
896	1023	704	911	1014	740
896	1023	768	913	1014	796
896	1023	832	915	1013	850
896	1023	896	917	1013	907
896	1023	960	921	1013	964
896	1023	1023	924	1012	1020
960	0	0	828	225	138
960	0	64	825	224	148
960	0	128	826	224	179
960	0	192	827	225	223
960	0	256	828	226	273
960	0	320	828	226	328
960	0	384	831	227	386
960	0	448	832	228	446
960	0	512	833	229	503
960	0	576	835	230	564
960	0	640	837	232	625
960	0	704	840	233	684
960	0	768	843	235	745
960	0	832	845	237	801
960	0	896	847	239	862
960	0	960	851	241	922
960	0	1023	855	243	981
960	64	0	829	232	139
960	64	64	827	232	150
960	64	128	827	232	180
960	64	192	828	232	224
960	64	256	829	233	274
960	64	320	830	233	329
960	64	384	831	234	386
960	64	448	832	235	446
960	64	512	834	236	503
960	64	576	836	238	565
960	64	640	838	239	625
960	64	704	840	240	684
960	64	768	843	242	745
960	64	832	845	244	802
960	64	896	848	246	863
960	64	960	852	248	923
960	64	1023	856	251	981
960	128	0	829	253	142
960	128	64	828	252	152
960	128	128	828	253	182
960	128	192	828	253	225
960	128	256	829	253	275
960	128	320	831	254	330
960	128	384	832	255	387
960	128	448	833	255	447
960	128	512	835	256	504
960	128	576	837	258	566
960	128	640	838	258	625
960	128	704	841	260	685
960	128	768	844	262	745
960	128	832	847	263	803
960	128	896	849	265	864
960	128	960	853	267	923
960	128	1023	857	269	982
960	192	0	831	286	148
960	192	64	829	285	157
960	192	128	830	285	186
960	192	192	831	286	229
960	192	256	832	286	278
960	192	320	832	286	332
960	192	384	834	287	389
960	192	448	836	288	449
960	192	512	837	289	505
960	192	576	839	290	567
960	192	640	841	291	627
960	192	704	843	292	686
960	192	768	846	293	746
960	192	832	848	294	803
960	192	896	851	296	864
960	192	960	855	298	924
960	192	1023	859	299	982
960	256	0	835	327	155
960	256	64	832	326	164
960	256	128	833	326	192
960	256	192	834	327	233
960	256	256	834	327	281
960	256	320	836	327	335
960	256	384	837	329	392
960	256	448	838	329	450
960	256	512	839	329	507
960	256	576	842	331	569
960	256	640	844	331	628
960	256	704	845	332	687
960	256	768	849	333	747
960	256	832	851	334	805
960	256	896	855	335	866
960	256	960	857	337	925
960	256	1023	861	339	983
960	320	0	838	375	165
960	320	64	836	374	173
960	320	128	836	374	199
960	320	192	837	375	239
960	320	256	839	376	286
960	320	320	839	376	339
960	320	384	841	377	395
960	320	448	842	377	453
960	320	512	844	378	510
960	320	576	846	379	571
960	320	640	848	379	630
960	320	704	850	380	690
960	320	768	853	381	749
960	320	832	855	382	806
960	320	896	858	382	867
960	320	960	861	384	926
960	320	1023	865	385	984
960	384	0	843	427	176
960	384	64	841	426	184
960	384	128	841	426	208
960	384	192	842	426	247
960	384	256	843	427	292
960	384	320	844	427	344
960	384	384	845	428	399
960	384	448	847	428	457
960	384	512	848	429	513
960	384	576	851	430	574
960	384	640	852	430	633
960	384	704	854	430	692
960	384	768	858	432	751
960	384	832	860	432	808
960	384	896	862	432	869
960	384	960	866	434	928
960	384	1023	869	435	986
960	448	0	849	483	189
960	448	64	847	482	196
960	448	128	847	481	219
960	448	192	848	482	256
960	448	256	849	483	300
960	448	320	850	483	351
960	448	384	851	483	404
960	448	448	853	484	462
960	448	512	854	484	517
960	448	576	857	485	577
960	448	640	858	485	636
960	448	704	860	485	695
960	448	768	863	486	754
960	448	832	866	487	811
960	448	896	868	487	871
960	448	960	872	488	930
960	448	1023	876	489	989
960	512	0	856	537	202
960	512	64	854	536	209
960	512	128	854	536	230
960	512	192	855	536	265
960	512	256	856	537	308
960	512	320	857	538	357
960	512	384	858	538	410
960	512	448	860	538	467
960	512	512	861	538	521
960	512	576	864	539	581
960	512	640	864	539	639
960	512	704	867	539	698
960	512	768	870	541	757
960	512	832	872	540	813
960	512	896	874	540	873
960	512	960	878	542	932
960	512	1023	882	542	991
960	576	0	864	597	217
960	576	64	862	596	224
960	576	128	862	596	244
960	576	192	863	597	276
960	576	256	865	598	317
960	576	320	865	597	365
960	576	384	866	598	417
960	576	448	868	598	472
960	576	512	869	599	526
960	576	576	872	600	586
960	576	640	873	599	644
960	576	704	875	600	702
960	576	768	879	601	761
960	576	832	880	600	816
960	576	896	883	600	877
960	576	960	886	601	935
960	576	1023	890	602	993
960	640	0	874	657	233
960	640	64	871	655	239
960	640	128	871	656	258
960	640	192	873	656	288
960	640	256	874	657	328
960	640	320	875	657	374
960	640	384	876	658	425
960	640	448	877	657	479
960	640	512	878	658	532
960	640	576	880	658	591
960	640	640	882	658	649
960	640	704	884	658	706
960	640	768	887	659	764
960	640	832	889	659	820
960	640	896	892	660	881
960	640	960	895	660	939
960	640	1023	899	661	997
960	704	0	884	714	249
960	704	64	881	713	254
960	704	128	882	713	272
960	704	192	883	714	301
960	704	256	884	714	338
960	704	320	885	714	384
960	704	384	886	715	433
960	704	448	887	715	486
960	704	512	888	714	538
960	704	576	890	715	597
960	704	640	892	716	654
960	704	704	894	715	711
960	704	768	897	716	769
960	704	832	899	716	825
960	704	896	902	716	885
960	704	960	905	716	942
960	704	1023	909	718	1001
960	768	0	895	775	266
960	768	64	892	773	271
960	768	128	893	774	287
960	768	192	894	774	315
960	768	256	895	775	351
960	768	320	895	775	394
960	768	384	897	776	442
960	768	448	898	775	494
960	768	512	900	776	546
960	768	576	902	776	603
960	768	640	903	776	660
960	768	704	905	776	716
960	768	768	908	777	774
960	768	832	910	776	829
960	768	896	912	777	889
960	768	960	916	778	947
960	768	1023	919	778	1004
960	832	0	906	834	282
960	832	64	903	832	287
960	832	128	903	832	302
960	832	192	904	833	328
960	832	256	905	833	362
960	832	320	906	834	404
960	832	384	908	835	451
960	832	448	909	834	502
960	832	512	911	835	553
960	832	576	912	835	609
960	832	640	914	834	665
960	832	704	915	834	721
960	832	768	918	835	778
960	832	832	920	835	833
960	832	896	923	835	892
960	832	960	926	835	950
960	832	1023	930	836	1007
960	896	0	918	895	300
960	896	64	916	893	304
960	896	128	916	893	318
960	896	192	917	894	343
960	896	256	918	894	375
960	896	320	919	894	416
960	896	384	921	896	461
960	896	448	921	895	511
960	896	512	923	895	561
960	896	576	925	896	617
960	896	640	926	896	672
960	896	704	928	896	727
960	896	768	931	896	784
960	896	832	933	896	838
960	896	896	935	896	897
960	896	960	938	896	954
960	896	1023	942	898	1011
960	960	0	932	954	317
960	960	64	929	952	321
960	960	128	929	952	334
960	960	192	931	953	358
960	960	256	931	953	389
960	960	320	932	954	428
960	960	384	934	954	472
960	960	448	934	954	520
960	960	512	937	955	570
960	960	576	939	956	625
960	960	640	939	955	679
960	960	704	941	954	734
960	960	768	944	955	790
960	960	832	946	955	844
960	960	896	949	955	903
960	960	960	952	956	960
960	960	1023	955	956	1016
960	1023	0	946	1015	335
960	1023	64	943	1013	338
960	1023	128	944	1012	350
960	1023	192	945	1013	373
960	1023	256	946	1015	403
960	1023	320	946	1014	440
960	1023	384	948	1015	483
960	1023	448	949	1015	531
960	1023	512	950	1015	579
960	1023	576	952	1016	633
960	1023	640	954	1015	687
960	1023	704	955	1015	741
960	1023	768	958	1016	796
960	1023	832	960	1015	850
960	1023	896	962	1014	908
960	1023	960	966	1015	965
960	1023	1023	968	1015	1021
1023	0	0	879	239	147
1023	0	64	876	238	156
1023	0	128	877	238	185
1023	0	192	878	239	228
1023	0	256	879	239	277
1023	0	320	879	240	331
1023	0	384	881	241	388
1023	0	448	882	241	447
1023	0	512	884	242	505
1023	0	576	886	244	566
1023	0	640	887	245	626
1023	0	704	889	246	685
1023	0	768	892	248	745
1023	0	832	894	250	802
1023	0	896	897	252	863
1023	0	960	900	254	923
1023	0	1023	904	256	982
1023	64	0	880	246	148
1023	64	64	878	245	158
1023	64	128	878	245	186
1023	64	192	879	245	229
1023	64	256	880	246	278
1023	64	320	881	247	332
1023	64	384	882	247	389
1023	64	448	883	248	449
1023	64	512	885	249	505
1023	64	576	887	250	567
1023	64	640	888	252	627
1023	64	704	890	253	686
1023	64	768	893	255	746
1023	64	832	895	256	803
1023	64	896	898	258	864
1023	64	960	902	260	924
1023	64	1023	905	263	982
1023	128	0	880	265	151
1023	128	64	879	264	160
1023	128	128	879	264	188
1023	128	192	880	265	231
1023	128	256	881	265	279
1023	128	320	882	266	334
1023	128	384	883	267	390
1023	128	448	884	267	449
1023	128	512	886	268	506
1023	128	576	888	270	567
1023	128	640	889	270	627
1023	128	704	891	272	687
1023	128	768	894	273	746
1023	128	832	896	275	804
1023	128	896	899	276	865
1023	128	960	902	278	924
1023	128	1023	906	281	983
1023	192	0	882	296	155
1023	192	64	880	295	165
1023	192	128	881	296	192
1023	192	192	882	296	234
1023	192	256	883	297	282
1023	192	320	883	297	335
1023	192	384	885	298	391
1023	192	448	885	298	450
1023	192	512	887	299	507
1023	192	576	889	300	568
1023	192	640	891	301	628
1023	192	704	893	302	687
1023	192	768	895	303	747
1023	192	832	898	304	804
1023	192	896	900	306	865
1023	192	960	904	307	925
1023	192	1023	908	309	983
1023	256	0	885	336	162
1023	256	64	883	335	172
1023	256	128	884	335	198
1023	256	192	884	335	238
1023	256	256	885	336	285
1023	256	320	886	337	338
1023	256	384	888	337	394
1023	256	448	888	337	453
1023	256	512	890	338	509
1023	256	576	892	340	570
1023	256	640	893	339	629
1023	256	704	895	340	689
1023	256	768	898	342	748
1023	256	832	901	343	806
1023	256	896	904	344	867
1023	256	960	906	345	926
1023	256	1023	910	347	984
1023	320	0	889	383	172
1023	320	64	886	382	180
1023	320	128	887	382	205
1023	320	192	888	383	244
1023	320	256	889	384	290
1023	320	320	889	383	342
1023	320	384	891	384	397
1023	320	448	892	384	455
1023	320	512	893	385	511
1023	320	576	895	386	572
1023	320	640	897	386	632
1023	320	704	899	387	690
1023	320	768	902	388	750
1023	320	832	904	389	807
1023	320	896	906	389	868
1023	320	960	910	391	927
1023	320	1023	913	392	985
1023	384	0	892	433	182
1023	384	64	890	432	190
1023	384	128	891	432	214
1023	384	192	892	433	251
1023	384	256	893	433	296
1023	384	320	894	434	347
1023	384	384	895	434	401
1023	384	448	896	435	459
1023	384	512	898	435	514
1023	384	576	900	436	575
1023	384	640	901	436	634
1023	384	704	904	437	693
1023	384	768	906	438	752
1023	384	832	908	438	809
1023	384	896	911	439	870
1023	384	960	914	440	929
1023	384	1023	917	441	987
1023	448	0	898	488	195
1023	448	64	897	487	202
1023	448	128	896	486	224
1023	448	192	897	487	259
1023	448	256	898	488	303
1023	448	320	899	488	353
1023	448	384	901	489	406
1023	448	448	902	489	463
1023	448	512	903	489	518
1023	448	576	906	490	579
1023	448	640	906	490	637
1023	448	704	909	490	695
1023	448	768	912	492	755
1023	448	832	914	492	811
1023	448	896	916	492	872
1023	448	960	920	493	931
1023	448	1023	923	494	989
1023	512	0	905	542	208
1023	512	64	903	541	214
1023	512	128	903	540	235
1023	512	192	904	541	269
1023	512	256	905	542	311
1023	512	320	906	542	359
1023	512	384	907	542	412
1023	512	448	908	543	468
1023	512	512	909	543	522
1023	512	576	912	544	583
1023	512	640	913	543	640
1023	512	704	915	544	699
1023	512	768	918	545	758
1023	512	832	920	545	814
1023	512	896	922	545	874
1023	512	960	926	546	934
1023	512	1023	929	547	991
1023	576	0	913	602	223
1023	576	64	910	600	229
1023	576	128	910	600	248
1023	576	192	911	601	280
1023	576	256	913	602	320
1023	576	320	913	602	367
1023	576	384	915	603	419
1023	576	448	916	602	474
1023	576	512	917	603	528
1023	576	576	919	603	587
1023	576	640	921	604	645
1023	576	704	923	604	703
1023	576	768	925	604	761
1023	576	832	927	604	817
1023	576	896	930	604	877
1023	576	960	933	605	936
1023	576	1023	937	606	994
1023	640	0	922	661	238
1023	640	64	919	659	243
1023	640	128	919	659	262
1023	640	192	920	660	292
1023	640	256	921	660	330
1023	640	320	923	661	377
1023	640	384	924	662	427
1023	640	448	925	661	481
1023	640	512	927	662	534
1023	640	576	928	662	592
1023	640	640	930	662	650
1023	640	704	931	662	707
1023	640	768	934	663	765
1023	640	832	936	663	821
1023	640	896	939	663	881
1023	640	960	942	664	939
1023	640	1023	945	665	997
1023	704	0	930	717	253
1023	704	64	929	716	258
1023	704	128	929	716	276
1023	704	192	929	716	304
1023	704	256	931	717	341
1023	704	320	931	717	386
1023	704	384	933	718	435
1023	704	448	934	718	488
1023	704	512	935	718	540
1023	704	576	937	719	598
1023	704	640	938	718	655
1023	704	704	941	719	712
1023	704	768	944	720	770
1023	704	832	946	719	826
1023	704	896	948	720	885
1023	704	960	951	720	943
1023	704	1023	955	721	1001
1023	768	0	942	778	270
1023	768	64	939	777	275
1023	768	128	940	777	291
1023	768	192	941	778	318
1023	768	256	941	778	353
1023	768	320	943	779	397
1023	768	384	944	779	444
1023	768	448	944	778	496
1023	768	512	946	779	548
1023	768	576	948	779	604
1023	768	640	949	779	661
1023	768	704	951	779	717
1023	768	768	954	780	775
1023	768	832	955	779	830
1023	768	896	958	780	890
1023	768	960	962	781	948
1023	768	1023	965	781	1005
1023	832	0	951	836	286
1023	832	64	949	835	290
1023	832	128	950	835	305
1023	832	192	951	836	331
1023	832	256	951	836	365
1023	832	320	953	837	407
1023	832	384	954	837	453
1023	832	448	955	837	504
1023	832	512	956	837	554
1023	832	576	958	838	611
1023	832	640	959	837	666
1023	832	704	961	838	723
1023	832	768	964	838	779
1023	832	832	966	838	834
1023	832	896	968	838	893
1023	832	960	971	838	950
1023	832	1023	975	839	1008
1023	896	0	963	897	303
1023	896	64	961	896	307
1023	896	128	962	897	321
1023	896	192	962	896	345
1023	896	256	963	897	378
1023	896	320	964	898	418
1023	896	384	966	899	464
1023	896	448	966	898	513
1023	896	512	968	898	562
1023	896	576	970	899	618
1023	896	640	971	898	673
1023	896	704	973	899	728
1023	896	768	976	899	785
1023	896	832	977	899	839
1023	896	896	980	899	898
1023	896	960	982	899	955
1023	896	1023	986	901	1012
1023	960	0	975	956	320
1023	960	64	974	955	324
1023	960	128	974	955	337
1023	960	192	975	956	360
1023	960	256	975	955	391
1023	960	320	977	956	430
1023	960	384	978	957	474
1023	960	448	979	956	522
1023	960	512	980	957	571
1023	960	576	982	958	626
1023	960	640	983	956	679
1023	960	704	985	957	735
1023	960	768	988	958	791
1023	960	832	990	958	845
1023	960	896	992	958	903
1023	960	960	995	958	960
1023	960	1023	998	959	1017
1023	1023	0	990	1018	338
1023	1023	64	987	1015	341
1023	1023	128	988	1016	354
1023	1023	192	989	1016	376
1023	1023	256	990	1017	406
1023	1023	320	990	1017	443
1023	1023	384	992	1018	485
1023	1023	448	993	1018	533
1023	1023	512	994	1018	581
1023	1023	576	996	1019	635
1023	1023	640	997	1018	688
1023	1023	704	999	1018	742
1023	1023	768	1002	1019	798
1023	1023	832	1003	1018	852
1023	1023	896	1005	1019	910
1023	1023	960	1009	1019	966
1023	1023	1023	1012	1020	1023
