0	0	0	0	0	0
0	0	64	17	7	64
0	0	128	33	14	124
0	0	192	50	20	185
0	0	256	66	27	245
0	0	320	82	34	307
0	0	384	99	40	369
0	0	448	116	47	432
0	0	512	131	54	491
0	0	576	148	61	555
0	0	640	165	68	617
0	0	704	181	74	677
0	0	768	197	81	738
0	0	832	212	87	796
0	0	896	229	94	858
0	0	960	245	100	917
0	0	1023	261	107	977
0	64	0	34	68	21
0	64	64	37	68	67
0	64	128	46	69	125
0	64	192	58	70	186
0	64	256	72	72	246
0	64	320	87	74	308
0	64	384	103	77	370
0	64	448	119	81	433
0	64	512	134	84	491
0	64	576	151	89	556
0	64	640	167	93	616
0	64	704	183	97	678
0	64	768	199	103	738
0	64	832	214	108	796
0	64	896	231	113	858
0	64	960	247	119	917
0	64	1023	262	124	977
0	128	0	65	130	41
0	128	64	66	130	74
0	128	128	71	130	129
0	128	192	79	131	188
0	128	256	89	132	248
0	128	320	101	133	309
0	128	384	115	135	370
0	128	448	129	136	434
0	128	512	143	138	493
0	128	576	159	141	556
0	128	640	174	143	617
0	128	704	189	146	678
0	128	768	205	149	739
0	128	832	220	152	796
0	128	896	235	155	858
0	128	960	251	160	917
0	128	1023	266	163	977
0	192	0	96	191	60
0	192	64	97	191	85
0	192	128	100	192	135
0	192	192	106	193	193
0	192	256	113	193	250
0	192	320	123	194	312
0	192	384	134	195	373
0	192	448	146	196	435
0	192	512	158	197	493
0	192	576	172	199	558
0	192	640	186	201	619
0	192	704	200	202	679
0	192	768	214	204	740
0	192	832	229	206	798
0	192	896	244	209	859
0	192	960	258	211	918
0	192	1023	273	215	977
0	256	0	126	252	79
0	256	64	127	253	99
0	256	128	129	253	144
0	256	192	134	254	198
0	256	256	140	255	255
0	256	320	147	255	314
0	256	384	156	256	375
0	256	448	166	257	438
0	256	512	177	258	496
0	256	576	189	259	559
0	256	640	202	260	620
0	256	704	215	261	681
0	256	768	228	263	741
0	256	832	241	264	799
0	256	896	255	265	859
0	256	960	269	267	919
0	256	1023	283	269	978
0	320	0	158	315	99
0	320	64	158	316	115
0	320	128	161	317	154
0	320	192	164	317	206
0	320	256	168	318	260
0	320	320	175	318	319
0	320	384	182	319	379
0	320	448	191	319	440
0	320	512	200	320	498
0	320	576	211	321	562
0	320	640	221	322	622
0	320	704	233	323	682
0	320	768	245	324	743
0	320	832	257	325	800
0	320	896	271	326	862
0	320	960	284	327	921
0	320	1023	297	329	980
0	384	0	189	377	118
0	384	64	189	377	131
0	384	128	191	378	166
0	384	192	194	379	215
0	384	256	198	379	267
0	384	320	203	380	324
0	384	384	209	381	383
0	384	448	216	381	444
0	384	512	224	382	502
0	384	576	234	383	564
0	384	640	243	383	625
0	384	704	254	383	684
0	384	768	265	385	745
0	384	832	276	385	802
0	384	896	288	386	863
0	384	960	300	387	923
0	384	1023	313	389	981
0	448	0	220	441	138
0	448	64	221	441	149
0	448	128	222	442	180
0	448	192	225	442	225
0	448	256	228	444	276
0	448	320	232	443	331
0	448	384	238	444	389
0	448	448	244	444	449
0	448	512	251	445	506
0	448	576	259	446	568
0	448	640	268	446	628
0	448	704	277	446	687
0	448	768	287	447	747
0	448	832	297	448	805
0	448	896	308	448	865
0	448	960	320	449	925
0	448	1023	331	450	984
0	512	0	251	501	157
0	512	64	251	501	166
0	512	128	252	502	194
0	512	192	254	503	236
0	512	256	258	504	285
0	512	320	261	504	338
0	512	384	266	505	395
0	512	448	271	504	454
0	512	512	278	505	510
0	512	576	285	505	571
0	512	640	292	506	631
0	512	704	301	505	690
0	512	768	310	507	750
0	512	832	319	507	807
0	512	896	329	507	868
0	512	960	340	508	927
0	512	1023	351	509	986
0	576	0	283	567	177
0	576	64	284	567	186
0	576	128	285	568	211
0	576	192	287	569	249
0	576	256	289	569	295
0	576	320	293	569	347
0	576	384	297	570	402
0	576	448	302	570	460
0	576	512	307	571	516
0	576	576	314	571	577
0	576	640	321	571	636
0	576	704	328	571	695
0	576	768	336	572	754
0	576	832	344	572	811
0	576	896	354	572	871
0	576	960	363	573	930
0	576	1023	374	574	989
0	640	0	314	629	197
0	640	64	315	630	204
0	640	128	316	631	227
0	640	192	318	631	263
0	640	256	320	632	306
0	640	320	324	633	357
0	640	384	327	633	410
0	640	448	331	634	467
0	640	512	336	634	522
0	640	576	342	635	582
0	640	640	348	634	641
0	640	704	355	634	699
0	640	768	363	635	758
0	640	832	370	635	815
0	640	896	379	635	875
0	640	960	388	636	934
0	640	1023	397	637	992
0	704	0	345	690	216
0	704	64	346	691	223
0	704	128	346	691	243
0	704	192	348	692	277
0	704	256	350	693	319
0	704	320	353	693	367
0	704	384	356	694	419
0	704	448	361	694	475
0	704	512	364	694	529
0	704	576	370	695	589
0	704	640	375	694	646
0	704	704	382	695	704
0	704	768	389	695	763
0	704	832	396	695	820
0	704	896	403	695	879
0	704	960	412	696	938
0	704	1023	420	696	995
0	768	0	376	752	235
0	768	64	377	754	242
0	768	128	378	755	261
0	768	192	379	755	292
0	768	256	381	756	331
0	768	320	384	757	378
0	768	384	387	757	428
0	768	448	391	758	483
0	768	512	395	757	536
0	768	576	400	759	595
0	768	640	405	758	652
0	768	704	411	758	710
0	768	768	417	759	768
0	768	832	423	759	824
0	768	896	430	758	883
0	768	960	438	759	942
0	768	1023	446	760	1000
0	832	0	406	813	254
0	832	64	407	814	260
0	832	128	408	814	277
0	832	192	409	815	306
0	832	256	412	817	344
0	832	320	413	816	388
0	832	384	417	818	438
0	832	448	420	818	492
0	832	512	423	818	543
0	832	576	428	819	601
0	832	640	432	818	658
0	832	704	438	818	715
0	832	768	444	819	773
0	832	832	450	819	828
0	832	896	456	818	887
0	832	960	464	819	945
0	832	1023	471	819	1002
0	896	0	438	876	274
0	896	64	439	877	279
0	896	128	439	877	295
0	896	192	441	879	322
0	896	256	443	880	358
0	896	320	444	880	400
0	896	384	447	880	448
0	896	448	451	881	501
0	896	512	454	881	551
0	896	576	458	882	609
0	896	640	462	881	664
0	896	704	467	882	721
0	896	768	473	882	778
0	896	832	478	882	833
0	896	896	484	881	892
0	896	960	491	882	950
0	896	1023	498	882	1006
0	960	0	468	936	292
0	960	64	469	938	298
0	960	128	469	937	312
0	960	192	471	938	338
0	960	256	473	940	372
0	960	320	475	941	413
0	960	384	477	941	459
0	960	448	480	941	510
0	960	512	483	942	560
0	960	576	487	943	616
0	960	640	491	941	671
0	960	704	495	941	727
0	960	768	501	942	784
0	960	832	506	941	838
0	960	896	511	941	897
0	960	960	518	942	954
0	960	1023	524	942	1011
0	1023	0	499	998	312
0	1023	64	500	999	317
0	1023	128	501	1000	331
0	1023	192	501	1001	355
0	1023	256	503	1002	387
0	1023	320	505	1002	426
0	1023	384	507	1003	471
0	1023	448	510	1003	521
0	1023	512	513	1003	570
0	1023	576	517	1005	625
0	1023	640	520	1003	679
0	1023	704	525	1003	734
0	1023	768	530	1004	791
0	1023	832	534	1003	845
0	1023	896	540	1004	903
0	1023	960	545	1003	960
0	1023	1023	551	1003	1016
64	0	0	62	17	10
64	0	64	63	18	65
64	0	128	68	21	124
64	0	192	76	25	185
64	0	256	87	31	245
64	0	320	100	37	307
64	0	384	113	43	369
64	0	448	128	49	431
64	0	512	142	56	491
64	0	576	157	62	555
64	0	640	173	69	616
64	0	704	188	75	676
64	0	768	203	82	737
64	0	832	219	88	795
64	0	896	235	95	857
64	0	960	250	101	916
64	0	1023	265	108	975
64	64	0	68	70	23
64	64	64	69	69	67
64	64	128	74	70	125
64	64	192	81	71	186
64	64	256	91	73	246
64	64	320	103	75	308
64	64	384	116	78	369
64	64	448	131	82	432
64	64	512	144	85	491
64	64	576	160	90	556
64	64	640	175	94	616
64	64	704	190	98	677
64	64	768	205	104	738
64	64	832	220	108	796
64	64	896	236	113	857
64	64	960	251	120	917
64	64	1023	267	126	976
64	128	0	86	131	41
64	128	64	86	130	74
64	128	128	90	130	129
64	128	192	97	131	188
64	128	256	105	133	248
64	128	320	115	134	309
64	128	384	127	135	370
64	128	448	140	137	433
64	128	512	153	139	492
64	128	576	167	141	556
64	128	640	181	144	617
64	128	704	196	146	678
64	128	768	211	149	738
64	128	832	225	153	796
64	128	896	241	156	858
64	128	960	256	160	917
64	128	1023	270	165	976
64	192	0	110	192	60
64	192	64	110	192	85
64	192	128	113	192	135
64	192	192	118	192	192
64	192	256	125	193	250
64	192	320	133	194	311
64	192	384	143	196	372
64	192	448	155	197	435
64	192	512	166	198	494
64	192	576	179	200	557
64	192	640	192	201	618
64	192	704	206	202	678
64	192	768	220	205	739
64	192	832	234	206	797
64	192	896	249	209	858
64	192	960	263	211	918
64	192	1023	278	214	977
64	256	0	137	253	80
64	256	64	137	252	99
64	256	128	139	253	143
64	256	192	143	254	198
64	256	256	149	255	255
64	256	320	156	255	314
64	256	384	164	256	375
64	256	448	174	257	437
64	256	512	184	258	496
64	256	576	196	259	559
64	256	640	208	260	620
64	256	704	220	261	680
64	256	768	233	263	741
64	256	832	246	264	798
64	256	896	260	266	860
64	256	960	274	268	919
64	256	1023	288	270	978
64	320	0	166	317	99
64	320	64	166	316	115
64	320	128	168	317	154
64	320	192	171	317	205
64	320	256	176	318	260
64	320	320	182	318	319
64	320	384	188	319	378
64	320	448	197	320	440
64	320	512	206	320	498
64	320	576	216	322	561
64	320	640	227	322	622
64	320	704	238	323	682
64	320	768	250	324	742
64	320	832	262	325	800
64	320	896	274	326	860
64	320	960	288	327	920
64	320	1023	301	330	979
64	384	0	195	378	119
64	384	64	195	377	132
64	384	128	197	378	166
64	384	192	200	379	214
64	384	256	204	380	267
64	384	320	208	380	324
64	384	384	215	381	383
64	384	448	222	381	444
64	384	512	229	381	501
64	384	576	238	383	564
64	384	640	248	383	624
64	384	704	258	383	684
64	384	768	269	384	744
64	384	832	280	385	802
64	384	896	292	386	863
64	384	960	304	387	922
64	384	1023	317	389	981
64	448	0	226	442	138
64	448	64	226	441	149
64	448	128	227	442	180
64	448	192	230	442	225
64	448	256	233	443	275
64	448	320	237	443	331
64	448	384	243	444	388
64	448	448	249	444	448
64	448	512	256	445	506
64	448	576	264	446	567
64	448	640	272	446	627
64	448	704	281	446	687
64	448	768	291	447	747
64	448	832	301	447	804
64	448	896	312	448	865
64	448	960	323	449	924
64	448	1023	334	450	983
64	512	0	256	502	157
64	512	64	255	501	166
64	512	128	256	501	194
64	512	192	259	502	236
64	512	256	261	503	284
64	512	320	265	504	338
64	512	384	270	504	394
64	512	448	275	504	453
64	512	512	281	505	510
64	512	576	289	506	571
64	512	640	296	506	631
64	512	704	304	506	690
64	512	768	313	507	750
64	512	832	322	507	807
64	512	896	333	507	868
64	512	960	343	508	927
64	512	1023	354	509	985
64	576	0	287	567	177
64	576	64	287	566	186
64	576	128	288	567	211
64	576	192	290	567	249
64	576	256	293	568	294
64	576	320	296	569	347
64	576	384	301	570	402
64	576	448	305	570	460
64	576	512	310	570	515
64	576	576	317	571	576
64	576	640	323	571	635
64	576	704	331	571	694
64	576	768	339	572	753
64	576	832	348	572	810
64	576	896	357	572	871
64	576	960	366	573	929
64	576	1023	376	574	988
64	640	0	319	631	197
64	640	64	318	630	205
64	640	128	319	630	227
64	640	192	321	631	262
64	640	256	324	632	306
64	640	320	327	633	357
64	640	384	330	633	409
64	640	448	335	633	467
64	640	512	339	634	522
64	640	576	345	635	582
64	640	640	351	634	640
64	640	704	358	634	699
64	640	768	366	635	758
64	640	832	373	635	814
64	640	896	382	635	874
64	640	960	390	636	933
64	640	1023	399	636	991
64	704	0	349	691	216
64	704	64	348	689	222
64	704	128	349	690	243
64	704	192	351	691	276
64	704	256	353	692	318
64	704	320	356	692	366
64	704	384	359	693	419
64	704	448	363	694	475
64	704	512	367	694	528
64	704	576	373	694	587
64	704	640	378	694	646
64	704	704	385	695	704
64	704	768	392	695	762
64	704	832	398	694	818
64	704	896	406	694	878
64	704	960	414	695	937
64	704	1023	423	696	994
64	768	0	380	754	236
64	768	64	379	753	241
64	768	128	380	753	260
64	768	192	382	754	291
64	768	256	384	755	331
64	768	320	387	756	378
64	768	384	390	757	428
64	768	448	393	757	483
64	768	512	397	757	535
64	768	576	402	758	595
64	768	640	407	757	651
64	768	704	413	757	709
64	768	768	419	759	768
64	768	832	426	758	823
64	768	896	433	758	883
64	768	960	441	759	941
64	768	1023	448	759	999
64	832	0	410	815	255
64	832	64	409	813	260
64	832	128	410	813	277
64	832	192	412	815	306
64	832	256	414	816	344
64	832	320	416	816	388
64	832	384	419	817	437
64	832	448	422	818	491
64	832	512	426	818	543
64	832	576	430	818	600
64	832	640	435	817	657
64	832	704	440	818	714
64	832	768	446	819	772
64	832	832	452	818	827
64	832	896	459	818	887
64	832	960	466	819	945
64	832	1023	473	819	1002
64	896	0	441	878	274
64	896	64	440	875	279
64	896	128	441	876	295
64	896	192	443	878	322
64	896	256	445	879	358
64	896	320	447	879	400
64	896	384	450	880	448
64	896	448	453	881	500
64	896	512	456	881	551
64	896	576	460	881	608
64	896	640	465	881	664
64	896	704	470	882	720
64	896	768	475	883	778
64	896	832	480	881	832
64	896	896	487	882	892
64	896	960	493	882	949
64	896	1023	501	883	1006
64	960	0	471	938	293
64	960	64	471	937	298
64	960	128	471	937	312
64	960	192	473	938	338
64	960	256	475	940	372
64	960	320	476	939	413
64	960	384	479	940	459
64	960	448	482	941	510
64	960	512	485	941	560
64	960	576	489	942	616
64	960	640	493	941	671
64	960	704	497	941	727
64	960	768	503	942	784
64	960	832	507	941	837
64	960	896	513	941	896
64	960	960	520	942	954
64	960	1023	526	942	1011
64	1023	0	502	1000	312
64	1023	64	501	998	316
64	1023	128	502	998	330
64	1023	192	503	1000	354
64	1023	256	505	1001	386
64	1023	320	507	1002	426
64	1023	384	509	1002	470
64	1023	448	512	1003	520
64	1023	512	515	1003	569
64	1023	576	519	1004	625
64	1023	640	522	1003	679
64	1023	704	526	1003	734
64	1023	768	531	1004	790
64	1023	832	536	1003	844
64	1023	896	541	1002	902
64	1023	960	547	1003	959
64	1023	1023	553	1002	1015
128	0	0	117	32	19
128	0	64	117	32	66
128	0	128	119	34	125
128	0	192	124	36	185
128	0	256	130	40	245
128	0	320	138	45	307
128	0	384	148	50	368
128	0	448	159	55	432
128	0	512	170	61	491
128	0	576	183	67	555
128	0	640	196	73	615
128	0	704	209	79	676
128	0	768	222	85	737
128	0	832	236	91	795
128	0	896	250	97	856
128	0	960	265	105	915
128	0	1023	280	111	974
128	64	0	120	74	28
128	64	64	120	73	69
128	64	128	122	74	126
128	64	192	127	75	186
128	64	256	133	77	246
128	64	320	141	79	308
128	64	384	151	82	369
128	64	448	161	85	433
128	64	512	172	88	491
128	64	576	185	92	555
128	64	640	197	97	616
128	64	704	211	101	678
128	64	768	224	106	738
128	64	832	238	111	795
128	64	896	252	116	856
128	64	960	267	121	917
128	64	1023	281	127	976
128	128	0	130	133	44
128	128	64	130	132	76
128	128	128	132	132	130
128	128	192	137	133	189
128	128	256	142	134	247
128	128	320	149	135	309
128	128	384	158	137	370
128	128	448	168	138	433
128	128	512	179	140	492
128	128	576	191	143	556
128	128	640	203	146	617
128	128	704	216	148	677
128	128	768	229	151	738
128	128	832	242	154	796
128	128	896	257	158	858
128	128	960	270	162	917
128	128	1023	284	166	976
128	192	0	146	194	62
128	192	64	146	193	87
128	192	128	148	193	135
128	192	192	152	194	193
128	192	256	157	195	251
128	192	320	163	195	311
128	192	384	171	197	372
128	192	448	181	198	435
128	192	512	190	199	493
128	192	576	202	201	557
128	192	640	213	202	618
128	192	704	225	204	679
128	192	768	238	206	739
128	192	832	251	208	797
128	192	896	264	210	858
128	192	960	277	212	918
128	192	1023	291	216	976
128	256	0	166	255	81
128	256	64	166	253	100
128	256	128	168	254	144
128	256	192	171	255	198
128	256	256	175	255	254
128	256	320	181	256	314
128	256	384	189	257	375
128	256	448	197	257	437
128	256	512	206	259	496
128	256	576	216	260	559
128	256	640	227	261	620
128	256	704	237	261	679
128	256	768	250	263	740
128	256	832	261	265	797
128	256	896	274	266	859
128	256	960	288	269	920
128	256	1023	300	271	978
128	320	0	190	318	100
128	320	64	190	317	116
128	320	128	191	317	154
128	320	192	194	317	206
128	320	256	199	319	260
128	320	320	203	319	319
128	320	384	210	320	378
128	320	448	217	321	440
128	320	512	225	321	498
128	320	576	235	322	561
128	320	640	244	322	621
128	320	704	254	323	682
128	320	768	265	325	742
128	320	832	277	325	800
128	320	896	288	326	860
128	320	960	301	328	920
128	320	1023	313	330	979
128	384	0	216	379	119
128	384	64	216	378	132
128	384	128	217	378	167
128	384	192	219	379	214
128	384	256	223	380	267
128	384	320	227	381	325
128	384	384	233	381	382
128	384	448	239	382	444
128	384	512	246	382	501
128	384	576	255	383	564
128	384	640	263	383	624
128	384	704	273	384	684
128	384	768	283	385	744
128	384	832	293	385	802
128	384	896	305	386	862
128	384	960	316	388	922
128	384	1023	328	389	980
128	448	0	243	442	139
128	448	64	243	441	150
128	448	128	244	442	181
128	448	192	246	442	225
128	448	256	250	443	275
128	448	320	254	444	331
128	448	384	259	445	388
128	448	448	264	445	448
128	448	512	270	445	505
128	448	576	278	446	567
128	448	640	286	446	627
128	448	704	294	446	687
128	448	768	304	448	747
128	448	832	313	448	804
128	448	896	324	448	865
128	448	960	334	449	924
128	448	1023	345	451	983
128	512	0	270	502	158
128	512	64	270	501	167
128	512	128	271	502	195
128	512	192	273	502	236
128	512	256	276	503	284
128	512	320	280	504	338
128	512	384	284	505	394
128	512	448	289	504	453
128	512	512	295	505	509
128	512	576	302	506	571
128	512	640	308	505	630
128	512	704	316	506	690
128	512	768	325	507	750
128	512	832	334	507	807
128	512	896	344	508	868
128	512	960	354	508	926
128	512	1023	364	509	985
128	576	0	301	568	178
128	576	64	300	567	186
128	576	128	301	566	210
128	576	192	303	567	249
128	576	256	306	569	295
128	576	320	309	570	347
128	576	384	313	570	401
128	576	448	318	570	460
128	576	512	322	570	515
128	576	576	329	572	576
128	576	640	335	571	635
128	576	704	342	571	694
128	576	768	350	572	754
128	576	832	358	572	810
128	576	896	367	572	871
128	576	960	376	573	929
128	576	1023	386	574	988
128	640	0	331	631	198
128	640	64	330	630	205
128	640	128	331	630	227
128	640	192	333	631	263
128	640	256	335	632	306
128	640	320	338	632	356
128	640	384	341	633	409
128	640	448	345	632	466
128	640	512	350	633	521
128	640	576	356	634	581
128	640	640	362	634	640
128	640	704	368	635	699
128	640	768	375	634	757
128	640	832	382	634	814
128	640	896	391	635	874
128	640	960	399	636	933
128	640	1023	408	636	991
128	704	0	360	692	217
128	704	64	358	689	223
128	704	128	360	690	243
128	704	192	361	691	277
128	704	256	363	692	318
128	704	320	366	692	366
128	704	384	369	693	418
128	704	448	373	693	474
128	704	512	377	694	528
128	704	576	383	694	588
128	704	640	388	694	646
128	704	704	394	694	703
128	704	768	400	695	762
128	704	832	407	695	818
128	704	896	415	695	878
128	704	960	423	696	937
128	704	1023	431	696	995
128	768	0	390	755	236
128	768	64	389	752	242
128	768	128	390	753	261
128	768	192	391	754	292
128	768	256	394	756	331
128	768	320	395	755	377
128	768	384	399	756	428
128	768	448	402	756	482
128	768	512	406	757	535
128	768	576	411	757	594
128	768	640	416	757	651
128	768	704	421	758	709
128	768	768	428	759	768
128	768	832	434	758	823
128	768	896	441	758	883
128	768	960	448	759	941
128	768	1023	456	759	998
128	832	0	419	816	255
128	832	64	418	813	260
128	832	128	419	814	277
128	832	192	420	815	307
128	832	256	422	815	343
128	832	320	424	816	388
128	832	384	428	817	437
128	832	448	430	817	490
128	832	512	434	818	543
128	832	576	439	818	600
128	832	640	443	818	657
128	832	704	448	818	714
128	832	768	454	819	772
128	832	832	459	818	827
128	832	896	466	818	886
128	832	960	474	819	945
128	832	1023	480	819	1002
128	896	0	450	878	275
128	896	64	448	876	279
128	896	128	449	877	295
128	896	192	451	878	322
128	896	256	452	878	357
128	896	320	454	879	400
128	896	384	457	880	447
128	896	448	460	879	499
128	896	512	464	881	551
128	896	576	468	881	607
128	896	640	472	881	664
128	896	704	476	880	720
128	896	768	482	881	777
128	896	832	487	881	832
128	896	896	494	881	891
128	896	960	501	882	949
128	896	1023	507	882	1006
128	960	0	479	938	293
128	960	64	477	935	297
128	960	128	479	937	312
128	960	192	480	938	338
128	960	256	482	939	372
128	960	320	483	939	412
128	960	384	486	940	458
128	960	448	488	939	509
128	960	512	492	941	559
128	960	576	496	941	615
128	960	640	500	941	671
128	960	704	504	941	726
128	960	768	509	942	783
128	960	832	514	941	837
128	960	896	520	941	896
128	960	960	526	941	953
128	960	1023	532	942	1010
128	1023	0	509	1000	313
128	1023	64	508	997	316
128	1023	128	508	998	330
128	1023	192	510	1000	354
128	1023	256	512	1001	387
128	1023	320	514	1001	426
128	1023	384	516	1002	470
128	1023	448	519	1003	520
128	1023	512	521	1003	569
128	1023	576	525	1003	624
128	1023	640	529	1003	679
128	1023	704	533	1003	734
128	1023	768	538	1004	790
128	1023	832	542	1003	844
128	1023	896	547	1003	902
128	1023	960	554	1003	959
128	1023	1023	560	1003	1016
192	0	0	172	47	29
192	0	64	172	47	69
192	0	128	173	48	126
192	0	192	177	50	186
192	0	256	181	52	245
192	0	320	186	56	307
192	0	384	193	60	369
192	0	448	201	64	431
192	0	512	210	69	491
192	0	576	220	74	554
192	0	640	230	80	616
192	0	704	241	85	676
192	0	768	253	91	737
192	0	832	265	96	794
192	0	896	277	102	856
192	0	960	290	108	916
192	0	1023	303	115	975
192	64	0	174	81	35
192	64	64	174	80	71
192	64	128	176	81	127
192	64	192	179	82	187
192	64	256	183	83	246
192	64	320	188	85	308
192	64	384	195	88	369
192	64	448	203	91	432
192	64	512	212	94	492
192	64	576	222	98	555
192	64	640	232	102	617
192	64	704	243	106	677
192	64	768	254	111	737
192	64	832	266	115	795
192	64	896	279	120	857
192	64	960	292	126	917
192	64	1023	304	131	975
192	128	0	181	136	48
192	128	64	180	136	78
192	128	128	182	136	131
192	128	192	185	137	189
192	128	256	189	138	248
192	128	320	195	139	310
192	128	384	201	140	370
192	128	448	209	142	433
192	128	512	217	144	492
192	128	576	227	147	556
192	128	640	237	149	617
192	128	704	247	151	677
192	128	768	259	154	738
192	128	832	270	157	796
192	128	896	282	160	857
192	128	960	295	165	916
192	128	1023	307	169	975
192	192	0	192	196	65
192	192	64	191	195	88
192	192	128	193	195	137
192	192	192	196	196	193
192	192	256	199	196	251
192	192	320	205	197	311
192	192	384	211	199	372
192	192	448	218	199	435
192	192	512	226	201	494
192	192	576	235	203	557
192	192	640	245	204	618
192	192	704	255	205	678
192	192	768	266	208	738
192	192	832	277	210	796
192	192	896	289	212	858
192	192	960	301	215	918
192	192	1023	314	218	976
192	256	0	207	256	83
192	256	64	207	255	102
192	256	128	208	255	145
192	256	192	210	256	199
192	256	256	214	257	255
192	256	320	219	258	315
192	256	384	224	258	374
192	256	448	231	259	437
192	256	512	239	260	495
192	256	576	248	262	559
192	256	640	256	262	619
192	256	704	266	263	680
192	256	768	276	265	740
192	256	832	287	266	798
192	256	896	298	267	859
192	256	960	310	270	918
192	256	1023	322	272	977
192	320	0	226	319	102
192	320	64	225	317	117
192	320	128	227	318	155
192	320	192	229	319	206
192	320	256	232	319	260
192	320	320	237	320	319
192	320	384	242	321	379
192	320	448	248	321	440
192	320	512	255	322	498
192	320	576	263	323	560
192	320	640	271	324	621
192	320	704	280	324	681
192	320	768	290	325	742
192	320	832	300	326	799
192	320	896	311	327	861
192	320	960	323	329	920
192	320	1023	334	331	979
192	384	0	247	380	121
192	384	64	247	379	133
192	384	128	248	379	167
192	384	192	250	380	215
192	384	256	253	381	267
192	384	320	257	381	324
192	384	384	262	382	383
192	384	448	267	382	443
192	384	512	274	383	501
192	384	576	281	384	564
192	384	640	289	384	624
192	384	704	297	384	684
192	384	768	306	386	744
192	384	832	316	386	801
192	384	896	326	387	862
192	384	960	336	388	921
192	384	1023	348	390	981
192	448	0	272	444	140
192	448	64	271	442	151
192	448	128	272	442	181
192	448	192	274	443	225
192	448	256	277	444	276
192	448	320	280	444	331
192	448	384	285	445	388
192	448	448	290	446	449
192	448	512	295	446	506
192	448	576	303	448	568
192	448	640	310	447	628
192	448	704	317	448	687
192	448	768	326	449	747
192	448	832	334	448	804
192	448	896	344	449	865
192	448	960	354	450	924
192	448	1023	364	451	982
192	512	0	296	504	159
192	512	64	295	502	168
192	512	128	296	502	195
192	512	192	298	503	236
192	512	256	301	504	285
192	512	320	303	504	338
192	512	384	307	505	394
192	512	448	312	506	454
192	512	512	318	506	510
192	512	576	323	506	571
192	512	640	330	506	631
192	512	704	338	507	690
192	512	768	346	508	750
192	512	832	353	507	806
192	512	896	362	508	867
192	512	960	372	509	926
192	512	1023	381	510	985
192	576	0	323	569	179
192	576	64	322	567	187
192	576	128	323	567	211
192	576	192	325	568	250
192	576	256	328	570	295
192	576	320	330	569	347
192	576	384	334	570	402
192	576	448	338	570	460
192	576	512	343	571	516
192	576	576	349	572	576
192	576	640	355	572	636
192	576	704	361	571	694
192	576	768	369	572	753
192	576	832	376	572	810
192	576	896	384	573	871
192	576	960	393	574	930
192	576	1023	402	575	987
192	640	0	350	631	198
192	640	64	350	630	205
192	640	128	351	631	228
192	640	192	353	632	263
192	640	256	355	632	306
192	640	320	357	633	357
192	640	384	361	634	410
192	640	448	364	634	467
192	640	512	369	634	521
192	640	576	374	635	582
192	640	640	380	635	641
192	640	704	386	635	699
192	640	768	393	636	758
192	640	832	400	635	814
192	640	896	407	636	874
192	640	960	415	636	933
192	640	1023	424	637	991
192	704	0	378	692	217
192	704	64	377	691	224
192	704	128	377	690	244
192	704	192	379	691	277
192	704	256	381	692	318
192	704	320	384	693	366
192	704	384	387	693	418
192	704	448	390	694	474
192	704	512	394	693	528
192	704	576	400	695	588
192	704	640	404	694	645
192	704	704	410	694	704
192	704	768	417	695	762
192	704	832	423	695	818
192	704	896	430	695	878
192	704	960	438	696	937
192	704	1023	446	697	995
192	768	0	407	756	237
192	768	64	405	753	242
192	768	128	406	754	261
192	768	192	408	755	292
192	768	256	410	755	331
192	768	320	412	756	378
192	768	384	415	757	428
192	768	448	418	757	483
192	768	512	422	757	535
192	768	576	427	758	594
192	768	640	432	758	652
192	768	704	436	758	709
192	768	768	443	759	767
192	768	832	448	758	823
192	768	896	455	758	883
192	768	960	462	758	940
192	768	1023	470	760	999
192	832	0	434	815	255
192	832	64	433	814	261
192	832	128	434	814	278
192	832	192	435	814	306
192	832	256	437	816	344
192	832	320	439	816	388
192	832	384	442	817	437
192	832	448	445	817	491
192	832	512	448	817	542
192	832	576	453	819	600
192	832	640	457	818	657
192	832	704	462	818	714
192	832	768	468	819	772
192	832	832	473	818	827
192	832	896	479	818	886
192	832	960	486	819	944
192	832	1023	494	820	1002
192	896	0	463	878	275
192	896	64	463	877	280
192	896	128	464	877	296
192	896	192	464	877	322
192	896	256	467	879	358
192	896	320	469	880	401
192	896	384	471	880	448
192	896	448	474	880	500
192	896	512	477	881	551
192	896	576	481	882	608
192	896	640	485	881	663
192	896	704	490	881	720
192	896	768	495	882	777
192	896	832	500	881	832
192	896	896	506	881	891
192	896	960	512	882	948
192	896	1023	519	883	1006
192	960	0	492	938	294
192	960	64	491	936	298
192	960	128	491	937	313
192	960	192	492	937	338
192	960	256	494	938	371
192	960	320	496	939	413
192	960	384	499	941	459
192	960	448	502	940	509
192	960	512	504	940	559
192	960	576	509	942	615
192	960	640	512	941	670
192	960	704	516	941	726
192	960	768	521	942	783
192	960	832	526	941	837
192	960	896	531	941	896
192	960	960	537	941	953
192	960	1023	544	943	1010
192	1023	0	522	1002	313
192	1023	64	520	999	317
192	1023	128	521	999	331
192	1023	192	522	1000	355
192	1023	256	524	1000	386
192	1023	320	525	1001	426
192	1023	384	528	1002	470
192	1023	448	530	1002	520
192	1023	512	533	1002	569
192	1023	576	537	1004	624
192	1023	640	540	1003	679
192	1023	704	544	1003	733
192	1023	768	549	1004	790
192	1023	832	553	1003	844
192	1023	896	559	1003	902
192	1023	960	564	1002	959
192	1023	1023	570	1003	1016
256	0	0	226	62	38
256	0	64	226	62	73
256	0	128	226	63	128
256	0	192	229	64	187
256	0	256	232	66	246
256	0	320	237	68	308
256	0	384	242	72	369
256	0	448	248	75	432
256	0	512	254	79	491
256	0	576	263	84	555
256	0	640	271	88	615
256	0	704	280	93	676
256	0	768	290	98	737
256	0	832	300	103	795
256	0	896	310	109	856
256	0	960	322	115	915
256	0	1023	333	121	975
256	64	0	228	90	42
256	64	64	228	89	75
256	64	128	228	90	129
256	64	192	231	91	188
256	64	256	234	92	247
256	64	320	238	94	308
256	64	384	244	96	370
256	64	448	250	99	433
256	64	512	256	102	492
256	64	576	265	105	556
256	64	640	272	109	616
256	64	704	282	112	677
256	64	768	291	117	738
256	64	832	302	120	796
256	64	896	312	126	856
256	64	960	323	130	917
256	64	1023	334	136	975
256	128	0	233	141	54
256	128	64	232	140	81
256	128	128	233	141	132
256	128	192	235	141	190
256	128	256	239	142	249
256	128	320	243	144	310
256	128	384	248	145	371
256	128	448	254	146	433
256	128	512	260	149	492
256	128	576	268	151	555
256	128	640	277	153	617
256	128	704	285	155	677
256	128	768	295	158	738
256	128	832	305	161	795
256	128	896	315	164	857
256	128	960	327	168	917
256	128	1023	338	172	976
256	192	0	241	199	69
256	192	64	240	198	91
256	192	128	241	198	138
256	192	192	243	199	194
256	192	256	247	200	251
256	192	320	251	201	312
256	192	384	256	202	372
256	192	448	261	203	435
256	192	512	268	204	493
256	192	576	276	206	557
256	192	640	283	207	618
256	192	704	292	209	678
256	192	768	301	211	739
256	192	832	311	213	796
256	192	896	321	214	857
256	192	960	332	217	917
256	192	1023	343	220	977
256	256	0	253	259	86
256	256	64	252	257	104
256	256	128	253	258	147
256	256	192	255	258	200
256	256	256	258	259	256
256	256	320	262	260	315
256	256	384	267	261	375
256	256	448	272	261	437
256	256	512	278	263	496
256	256	576	286	264	559
256	256	640	293	264	620
256	256	704	301	265	680
256	256	768	310	267	740
256	256	832	319	268	797
256	256	896	330	270	859
256	256	960	340	272	919
256	256	1023	351	274	978
256	320	0	268	321	104
256	320	64	268	320	119
256	320	128	268	320	157
256	320	192	270	320	207
256	320	256	274	321	262
256	320	320	277	322	320
256	320	384	281	322	379
256	320	448	287	323	441
256	320	512	292	324	498
256	320	576	299	325	562
256	320	640	306	325	622
256	320	704	314	326	682
256	320	768	323	328	742
256	320	832	331	328	800
256	320	896	341	329	860
256	320	960	351	331	920
256	320	1023	361	332	978
256	384	0	286	381	123
256	384	64	285	381	135
256	384	128	286	381	169
256	384	192	287	381	216
256	384	256	290	382	268
256	384	320	294	383	325
256	384	384	298	383	383
256	384	448	303	383	444
256	384	512	308	384	501
256	384	576	315	386	564
256	384	640	321	385	624
256	384	704	329	386	684
256	384	768	337	387	744
256	384	832	345	388	801
256	384	896	355	388	863
256	384	960	364	390	921
256	384	1023	374	391	981
256	448	0	307	445	142
256	448	64	305	443	152
256	448	128	306	444	182
256	448	192	308	444	226
256	448	256	310	445	276
256	448	320	314	445	332
256	448	384	318	447	389
256	448	448	322	446	449
256	448	512	327	447	505
256	448	576	333	448	567
256	448	640	340	448	628
256	448	704	346	448	687
256	448	768	354	449	747
256	448	832	362	450	804
256	448	896	370	450	865
256	448	960	379	451	923
256	448	1023	389	453	983
256	512	0	328	505	160
256	512	64	327	503	169
256	512	128	328	503	196
256	512	192	329	504	237
256	512	256	331	505	285
256	512	320	334	505	339
256	512	384	338	506	395
256	512	448	342	506	454
256	512	512	347	506	510
256	512	576	353	508	572
256	512	640	359	508	631
256	512	704	365	508	690
256	512	768	372	509	750
256	512	832	379	509	807
256	512	896	388	509	868
256	512	960	396	510	926
256	512	1023	405	511	985
256	576	0	352	570	180
256	576	64	351	568	188
256	576	128	352	568	212
256	576	192	353	569	250
256	576	256	356	570	296
256	576	320	359	571	348
256	576	384	362	571	402
256	576	448	366	572	460
256	576	512	370	572	515
256	576	576	375	573	576
256	576	640	380	572	635
256	576	704	386	573	694
256	576	768	394	574	754
256	576	832	400	573	810
256	576	896	408	573	870
256	576	960	416	574	929
256	576	1023	425	576	988
256	640	0	377	633	200
256	640	64	376	631	206
256	640	128	377	631	228
256	640	192	379	632	264
256	640	256	381	633	307
256	640	320	383	633	357
256	640	384	386	634	410
256	640	448	390	635	467
256	640	512	394	635	522
256	640	576	399	636	582
256	640	640	404	635	640
256	640	704	409	636	699
256	640	768	416	637	758
256	640	832	422	636	814
256	640	896	429	636	874
256	640	960	437	637	933
256	640	1023	445	637	990
256	704	0	403	693	218
256	704	64	401	691	224
256	704	128	402	691	245
256	704	192	403	692	278
256	704	256	406	694	319
256	704	320	407	693	367
256	704	384	410	694	419
256	704	448	413	693	474
256	704	512	418	694	528
256	704	576	422	695	587
256	704	640	427	695	646
256	704	704	432	695	704
256	704	768	438	696	762
256	704	832	444	695	818
256	704	896	451	695	878
256	704	960	458	696	937
256	704	1023	466	697	994
256	768	0	429	756	238
256	768	64	428	755	243
256	768	128	429	754	262
256	768	192	430	755	293
256	768	256	432	756	332
256	768	320	434	756	378
256	768	384	437	757	428
256	768	448	440	758	483
256	768	512	444	758	536
256	768	576	448	759	595
256	768	640	452	758	651
256	768	704	457	758	709
256	768	768	463	759	767
256	768	832	469	759	823
256	768	896	474	758	882
256	768	960	482	760	941
256	768	1023	488	760	998
256	832	0	455	817	257
256	832	64	454	814	261
256	832	128	455	815	278
256	832	192	456	815	307
256	832	256	458	817	344
256	832	320	460	817	389
256	832	384	463	818	438
256	832	448	465	817	490
256	832	512	469	818	543
256	832	576	473	819	600
256	832	640	477	818	657
256	832	704	482	819	715
256	832	768	487	819	771
256	832	832	492	819	827
256	832	896	498	819	887
256	832	960	504	820	945
256	832	1023	511	820	1001
256	896	0	483	879	276
256	896	64	482	877	280
256	896	128	482	877	296
256	896	192	484	878	323
256	896	256	486	880	358
256	896	320	487	879	401
256	896	384	490	881	448
256	896	448	492	880	500
256	896	512	496	881	551
256	896	576	500	882	608
256	896	640	504	882	664
256	896	704	507	881	720
256	896	768	513	882	777
256	896	832	517	882	832
256	896	896	524	882	891
256	896	960	530	883	949
256	896	1023	536	884	1006
256	960	0	510	940	295
256	960	64	509	937	299
256	960	128	509	937	313
256	960	192	511	938	339
256	960	256	513	940	372
256	960	320	514	939	413
256	960	384	517	941	459
256	960	448	519	940	509
256	960	512	522	941	560
256	960	576	526	942	616
256	960	640	529	941	671
256	960	704	534	942	727
256	960	768	538	942	783
256	960	832	543	942	837
256	960	896	548	942	896
256	960	960	553	942	953
256	960	1023	560	943	1010
256	1023	0	538	1001	314
256	1023	64	538	1000	318
256	1023	128	538	1000	332
256	1023	192	539	1000	355
256	1023	256	541	1002	387
256	1023	320	542	1002	426
256	1023	384	545	1003	471
256	1023	448	547	1003	520
256	1023	512	550	1004	569
256	1023	576	554	1005	625
256	1023	640	556	1003	679
256	1023	704	560	1004	734
256	1023	768	565	1004	790
256	1023	832	569	1004	844
256	1023	896	574	1003	902
256	1023	960	579	1003	959
256	1023	1023	585	1003	1015
320	0	0	283	78	47
320	0	64	282	78	77
320	0	128	283	78	130
320	0	192	285	79	189
320	0	256	287	80	247
320	0	320	291	83	309
320	0	384	295	85	370
320	0	448	300	88	432
320	0	512	305	91	492
320	0	576	312	96	555
320	0	640	319	99	617
320	0	704	326	103	676
320	0	768	334	108	737
320	0	832	342	112	795
320	0	896	352	118	856
320	0	960	362	122	917
320	0	1023	372	128	976
320	64	0	284	100	51
320	64	64	284	100	79
320	64	128	285	100	132
320	64	192	286	101	190
320	64	256	289	102	248
320	64	320	292	104	309
320	64	384	296	106	370
320	64	448	301	108	433
320	64	512	306	111	492
320	64	576	313	114	555
320	64	640	319	117	616
320	64	704	327	121	677
320	64	768	335	124	738
320	64	832	344	128	796
320	64	896	353	133	857
320	64	960	362	138	917
320	64	1023	372	143	975
320	128	0	288	148	60
320	128	64	287	147	85
320	128	128	288	147	135
320	128	192	290	148	192
320	128	256	293	149	250
320	128	320	296	150	310
320	128	384	300	151	371
320	128	448	305	153	434
320	128	512	310	154	493
320	128	576	316	157	556
320	128	640	323	159	617
320	128	704	331	161	678
320	128	768	339	164	738
320	128	832	347	166	796
320	128	896	356	170	857
320	128	960	365	173	917
320	128	1023	375	177	976
320	192	0	295	204	74
320	192	64	294	203	95
320	192	128	295	203	141
320	192	192	297	204	196
320	192	256	299	204	253
320	192	320	302	205	313
320	192	384	306	206	373
320	192	448	311	207	435
320	192	512	316	208	495
320	192	576	322	210	557
320	192	640	329	211	619
320	192	704	336	213	679
320	192	768	344	215	739
320	192	832	352	217	797
320	192	896	361	219	858
320	192	960	371	221	918
320	192	1023	380	224	977
320	256	0	304	262	90
320	256	64	303	261	107
320	256	128	304	261	149
320	256	192	306	261	201
320	256	256	308	263	257
320	256	320	311	263	316
320	256	384	315	264	376
320	256	448	320	265	438
320	256	512	325	265	496
320	256	576	331	267	559
320	256	640	337	267	620
320	256	704	344	269	680
320	256	768	352	271	741
320	256	832	360	272	798
320	256	896	368	273	859
320	256	960	377	275	919
320	256	1023	387	277	977
320	320	0	317	324	108
320	320	64	316	322	122
320	320	128	317	323	159
320	320	192	318	323	209
320	320	256	320	323	262
320	320	320	323	324	320
320	320	384	327	325	380
320	320	448	331	325	441
320	320	512	336	326	498
320	320	576	342	327	561
320	320	640	348	328	622
320	320	704	355	328	682
320	320	768	362	330	742
320	320	832	370	330	800
320	320	896	378	332	861
320	320	960	387	333	920
320	320	1023	397	335	979
320	384	0	332	384	125
320	384	64	330	383	137
320	384	128	331	383	171
320	384	192	333	383	217
320	384	256	335	384	269
320	384	320	338	385	326
320	384	384	342	386	384
320	384	448	345	386	444
320	384	512	350	387	502
320	384	576	356	388	564
320	384	640	362	388	625
320	384	704	368	388	684
320	384	768	375	390	744
320	384	832	382	390	802
320	384	896	390	391	863
320	384	960	399	392	922
320	384	1023	408	393	981
320	448	0	349	447	144
320	448	64	348	445	154
320	448	128	348	445	184
320	448	192	350	446	228
320	448	256	352	447	277
320	448	320	355	447	332
320	448	384	358	448	390
320	448	448	362	448	449
320	448	512	367	449	506
320	448	576	372	449	568
320	448	640	377	450	628
320	448	704	383	450	688
320	448	768	390	451	747
320	448	832	396	451	804
320	448	896	404	452	865
320	448	960	413	453	925
320	448	1023	421	454	983
320	512	0	367	506	162
320	512	64	366	505	171
320	512	128	367	505	198
320	512	192	368	506	238
320	512	256	371	507	286
320	512	320	372	506	339
320	512	384	376	507	395
320	512	448	379	507	454
320	512	512	384	508	511
320	512	576	389	509	571
320	512	640	394	509	631
320	512	704	400	509	691
320	512	768	406	510	750
320	512	832	412	510	807
320	512	896	420	510	868
320	512	960	428	511	927
320	512	1023	436	512	985
320	576	0	389	572	182
320	576	64	388	570	190
320	576	128	388	570	214
320	576	192	390	571	252
320	576	256	392	571	296
320	576	320	394	571	348
320	576	384	397	572	403
320	576	448	400	572	460
320	576	512	404	573	516
320	576	576	409	573	576
320	576	640	414	574	636
320	576	704	419	573	694
320	576	768	426	574	753
320	576	832	431	574	810
320	576	896	439	575	871
320	576	960	446	576	930
320	576	1023	454	577	988
320	640	0	411	634	201
320	640	64	410	633	208
320	640	128	411	633	230
320	640	192	412	632	265
320	640	256	414	634	308
320	640	320	416	634	358
320	640	384	419	635	411
320	640	448	422	635	467
320	640	512	426	635	522
320	640	576	431	636	582
320	640	640	435	636	640
320	640	704	440	636	699
320	640	768	446	637	758
320	640	832	452	637	814
320	640	896	458	637	875
320	640	960	465	638	933
320	640	1023	473	639	991
320	704	0	434	694	220
320	704	64	433	693	226
320	704	128	433	692	246
320	704	192	435	693	279
320	704	256	437	694	320
320	704	320	439	695	368
320	704	384	442	695	420
320	704	448	445	695	475
320	704	512	448	695	529
320	704	576	453	697	588
320	704	640	456	696	646
320	704	704	461	696	704
320	704	768	467	698	763
320	704	832	473	697	819
320	704	896	479	697	879
320	704	960	486	697	937
320	704	1023	492	698	994
320	768	0	459	757	239
320	768	64	458	756	245
320	768	128	458	756	263
320	768	192	459	756	293
320	768	256	461	757	332
320	768	320	463	758	379
320	768	384	466	759	429
320	768	448	468	758	483
320	768	512	471	758	536
320	768	576	476	759	595
320	768	640	479	758	651
320	768	704	484	759	709
320	768	768	490	760	767
320	768	832	495	759	823
320	768	896	501	759	883
320	768	960	507	760	940
320	768	1023	514	761	999
320	832	0	483	817	258
320	832	64	482	815	263
320	832	128	482	815	279
320	832	192	483	816	308
320	832	256	485	817	345
320	832	320	487	818	389
320	832	384	489	818	438
320	832	448	492	819	491
320	832	512	495	819	543
320	832	576	499	820	601
320	832	640	503	819	658
320	832	704	507	820	715
320	832	768	513	821	772
320	832	832	517	820	827
320	832	896	523	819	886
320	832	960	529	820	944
320	832	1023	535	821	1002
320	896	0	509	880	277
320	896	64	508	878	282
320	896	128	508	878	297
320	896	192	509	879	324
320	896	256	511	880	359
320	896	320	513	881	402
320	896	384	515	881	448
320	896	448	518	882	501
320	896	512	521	882	551
320	896	576	525	883	608
320	896	640	528	882	664
320	896	704	532	883	720
320	896	768	537	883	778
320	896	832	541	883	832
320	896	896	546	882	891
320	896	960	552	883	949
320	896	1023	558	883	1005
320	960	0	534	940	296
320	960	64	533	938	300
320	960	128	533	937	314
320	960	192	535	939	339
320	960	256	536	940	373
320	960	320	538	940	414
320	960	384	540	941	459
320	960	448	543	941	510
320	960	512	546	942	560
320	960	576	549	943	616
320	960	640	552	942	671
320	960	704	556	943	727
320	960	768	561	943	783
320	960	832	565	943	838
320	960	896	570	942	896
320	960	960	575	943	953
320	960	1023	582	944	1011
320	1023	0	561	1002	315
320	1023	64	560	1001	319
320	1023	128	561	1001	333
320	1023	192	561	1000	356
320	1023	256	563	1002	388
320	1023	320	565	1003	427
320	1023	384	568	1004	472
320	1023	448	569	1003	520
320	1023	512	572	1004	569
320	1023	576	575	1005	625
320	1023	640	578	1003	679
320	1023	704	582	1004	734
320	1023	768	586	1005	790
320	1023	832	590	1004	844
320	1023	896	595	1004	903
320	1023	960	600	1004	959
320	1023	1023	606	1004	1016
384	0	0	338	93	57
384	0	64	337	92	83
384	0	128	338	93	133
384	0	192	339	94	191
384	0	256	341	95	249
384	0	320	344	97	309
384	0	384	348	99	370
384	0	448	352	101	433
384	0	512	356	104	492
384	0	576	362	107	555
384	0	640	367	111	617
384	0	704	374	114	677
384	0	768	381	119	738
384	0	832	387	122	795
384	0	896	395	127	857
384	0	960	404	132	916
384	0	1023	413	136	975
384	64	0	339	112	59
384	64	64	338	111	85
384	64	128	339	112	134
384	64	192	341	113	192
384	64	256	343	114	250
384	64	320	345	115	310
384	64	384	349	117	371
384	64	448	353	119	434
384	64	512	357	121	493
384	64	576	363	124	556
384	64	640	369	127	617
384	64	704	375	130	678
384	64	768	381	134	738
384	64	832	388	137	795
384	64	896	397	141	857
384	64	960	405	146	917
384	64	1023	413	151	976
384	128	0	342	155	68
384	128	64	341	155	90
384	128	128	342	155	138
384	128	192	344	156	194
384	128	256	346	156	251
384	128	320	348	157	312
384	128	384	352	159	372
384	128	448	356	160	434
384	128	512	360	162	493
384	128	576	366	164	557
384	128	640	371	166	618
384	128	704	377	168	678
384	128	768	384	171	739
384	128	832	391	173	796
384	128	896	399	176	858
384	128	960	407	180	917
384	128	1023	416	183	976
384	192	0	348	208	80
384	192	64	346	208	99
384	192	128	347	208	143
384	192	192	349	208	197
384	192	256	351	209	254
384	192	320	353	210	313
384	192	384	357	211	374
384	192	448	361	212	436
384	192	512	365	213	495
384	192	576	370	215	557
384	192	640	376	216	619
384	192	704	382	218	679
384	192	768	389	220	740
384	192	832	395	221	796
384	192	896	403	223	858
384	192	960	412	225	918
384	192	1023	420	229	977
384	256	0	356	266	95
384	256	64	354	265	111
384	256	128	355	265	151
384	256	192	357	265	203
384	256	256	358	266	258
384	256	320	361	267	317
384	256	384	365	268	377
384	256	448	368	268	438
384	256	512	373	269	497
384	256	576	378	270	559
384	256	640	383	271	620
384	256	704	389	272	680
384	256	768	396	274	741
384	256	832	402	275	798
384	256	896	410	277	860
384	256	960	418	279	919
384	256	1023	426	281	978
384	320	0	366	326	111
384	320	64	365	325	125
384	320	128	365	325	161
384	320	192	367	326	210
384	320	256	369	327	264
384	320	320	371	327	321
384	320	384	375	328	380
384	320	448	378	328	442
384	320	512	383	329	499
384	320	576	388	330	562
384	320	640	392	331	622
384	320	704	398	332	683
384	320	768	405	333	743
384	320	832	411	333	800
384	320	896	419	334	861
384	320	960	426	336	920
384	320	1023	435	338	979
384	384	0	378	386	129
384	384	64	378	386	140
384	384	128	378	385	173
384	384	192	379	386	219
384	384	256	381	387	270
384	384	320	383	387	326
384	384	384	387	387	384
384	384	448	390	388	445
384	384	512	394	389	502
384	384	576	399	390	565
384	384	640	404	390	625
384	384	704	410	391	685
384	384	768	416	392	744
384	384	832	422	392	802
384	384	896	429	392	862
384	384	960	437	394	922
384	384	1023	445	395	981
384	448	0	393	448	147
384	448	64	392	447	157
384	448	128	393	448	186
384	448	192	394	447	229
384	448	256	396	448	278
384	448	320	399	449	333
384	448	384	401	449	390
384	448	448	405	450	450
384	448	512	408	450	506
384	448	576	414	452	568
384	448	640	418	451	628
384	448	704	423	452	687
384	448	768	429	453	747
384	448	832	435	453	804
384	448	896	442	454	865
384	448	960	450	455	924
384	448	1023	457	456	983
384	512	0	409	508	164
384	512	64	408	507	173
384	512	128	409	507	200
384	512	192	409	506	239
384	512	256	412	508	287
384	512	320	414	508	340
384	512	384	417	508	396
384	512	448	420	509	455
384	512	512	424	509	511
384	512	576	429	511	572
384	512	640	433	510	631
384	512	704	438	511	691
384	512	768	444	512	750
384	512	832	450	512	807
384	512	896	456	512	868
384	512	960	463	513	926
384	512	1023	471	514	986
384	576	0	429	573	184
384	576	64	428	571	192
384	576	128	428	571	215
384	576	192	429	571	253
384	576	256	431	573	298
384	576	320	433	573	349
384	576	384	436	574	403
384	576	448	439	574	461
384	576	512	442	574	516
384	576	576	447	575	577
384	576	640	451	575	636
384	576	704	456	575	695
384	576	768	462	576	754
384	576	832	467	576	811
384	576	896	473	576	871
384	576	960	480	577	930
384	576	1023	487	578	987
384	640	0	449	635	203
384	640	64	447	633	209
384	640	128	448	634	231
384	640	192	449	634	266
384	640	256	451	635	309
384	640	320	453	635	358
384	640	384	456	636	411
384	640	448	458	636	467
384	640	512	462	637	523
384	640	576	466	637	582
384	640	640	470	637	641
384	640	704	474	637	699
384	640	768	480	638	758
384	640	832	485	638	814
384	640	896	491	638	874
384	640	960	498	639	933
384	640	1023	504	640	991
384	704	0	470	695	221
384	704	64	468	693	227
384	704	128	469	693	247
384	704	192	470	694	280
384	704	256	471	694	320
384	704	320	473	695	368
384	704	384	476	696	420
384	704	448	478	695	475
384	704	512	482	697	529
384	704	576	486	697	588
384	704	640	490	697	646
384	704	704	494	697	704
384	704	768	499	698	762
384	704	832	504	697	819
384	704	896	510	697	879
384	704	960	516	698	937
384	704	1023	523	699	995
384	768	0	492	758	241
384	768	64	490	756	246
384	768	128	491	756	264
384	768	192	492	757	295
384	768	256	494	758	333
384	768	320	496	758	379
384	768	384	498	759	429
384	768	448	501	758	483
384	768	512	504	760	537
384	768	576	507	760	595
384	768	640	511	760	652
384	768	704	515	759	709
384	768	768	520	760	767
384	768	832	525	760	823
384	768	896	531	760	883
384	768	960	537	761	941
384	768	1023	543	761	998
384	832	0	515	819	259
384	832	64	513	816	264
384	832	128	513	816	281
384	832	192	515	817	309
384	832	256	516	817	346
384	832	320	518	818	390
384	832	384	520	819	439
384	832	448	523	819	491
384	832	512	526	820	544
384	832	576	529	820	601
384	832	640	533	820	658
384	832	704	536	819	714
384	832	768	541	821	772
384	832	832	546	820	827
384	832	896	551	820	887
384	832	960	557	822	945
384	832	1023	563	822	1002
384	896	0	539	882	278
384	896	64	537	879	283
384	896	128	538	880	299
384	896	192	539	880	325
384	896	256	540	880	359
384	896	320	542	881	402
384	896	384	545	882	449
384	896	448	547	882	501
384	896	512	550	883	552
384	896	576	553	883	608
384	896	640	556	883	664
384	896	704	560	883	720
384	896	768	564	884	778
384	896	832	569	884	833
384	896	896	574	883	892
384	896	960	580	885	949
384	896	1023	585	885	1006
384	960	0	563	942	297
384	960	64	561	939	301
384	960	128	562	939	315
384	960	192	563	940	341
384	960	256	564	940	373
384	960	320	566	941	414
384	960	384	568	942	460
384	960	448	570	941	510
384	960	512	573	943	561
384	960	576	576	943	616
384	960	640	580	943	672
384	960	704	583	943	727
384	960	768	587	944	784
384	960	832	591	943	838
384	960	896	596	943	897
384	960	960	601	944	954
384	960	1023	607	944	1011
384	1023	0	588	1004	316
384	1023	64	587	1001	319
384	1023	128	587	1001	333
384	1023	192	588	1002	357
384	1023	256	590	1003	389
384	1023	320	591	1003	428
384	1023	384	593	1004	472
384	1023	448	595	1003	521
384	1023	512	598	1005	570
384	1023	576	601	1005	625
384	1023	640	604	1005	679
384	1023	704	607	1005	734
384	1023	768	611	1005	790
384	1023	832	615	1004	844
384	1023	896	620	1004	902
384	1023	960	625	1005	960
384	1023	1023	630	1004	1016
448	0	0	395	108	66
448	0	64	393	108	89
448	0	128	394	108	137
448	0	192	396	109	193
448	0	256	398	110	250
448	0	320	399	111	311
448	0	384	403	113	371
448	0	448	406	115	433
448	0	512	410	118	492
448	0	576	414	121	555
448	0	640	419	124	617
448	0	704	424	126	678
448	0	768	430	130	737
448	0	832	436	134	795
448	0	896	443	138	857
448	0	960	451	142	917
448	0	1023	458	147	975
448	64	0	396	125	69
448	64	64	395	124	91
448	64	128	395	124	138
448	64	192	397	125	194
448	64	256	399	126	251
448	64	320	401	127	311
448	64	384	404	129	372
448	64	448	407	130	434
448	64	512	411	133	493
448	64	576	416	135	556
448	64	640	420	139	617
448	64	704	425	141	678
448	64	768	431	144	738
448	64	832	438	147	796
448	64	896	444	151	858
448	64	960	452	155	918
448	64	1023	459	160	976
448	128	0	398	164	75
448	128	64	397	163	96
448	128	128	398	164	141
448	128	192	399	164	196
448	128	256	401	165	253
448	128	320	403	166	313
448	128	384	406	167	373
448	128	448	409	168	435
448	128	512	413	170	494
448	128	576	418	172	557
448	128	640	422	174	618
448	128	704	428	176	679
448	128	768	434	178	739
448	128	832	440	181	797
448	128	896	447	184	858
448	128	960	454	187	917
448	128	1023	461	191	976
448	192	0	403	215	86
448	192	64	401	214	104
448	192	128	402	214	146
448	192	192	404	215	200
448	192	256	406	216	256
448	192	320	408	216	315
448	192	384	411	217	375
448	192	448	413	218	436
448	192	512	418	219	495
448	192	576	422	221	558
448	192	640	426	222	619
448	192	704	432	224	680
448	192	768	438	225	739
448	192	832	443	227	797
448	192	896	450	229	858
448	192	960	457	232	918
448	192	1023	465	234	977
448	256	0	409	270	100
448	256	64	409	270	115
448	256	128	409	270	154
448	256	192	410	270	205
448	256	256	412	271	260
448	256	320	414	271	318
448	256	384	417	272	378
448	256	448	420	273	439
448	256	512	423	273	497
448	256	576	429	275	560
448	256	640	432	275	620
448	256	704	438	277	681
448	256	768	444	278	741
448	256	832	449	279	798
448	256	896	456	281	860
448	256	960	463	283	919
448	256	1023	471	285	978
448	320	0	418	330	116
448	320	64	417	328	129
448	320	128	417	329	164
448	320	192	419	329	212
448	320	256	421	330	265
448	320	320	422	330	322
448	320	384	426	331	381
448	320	448	428	331	442
448	320	512	432	332	500
448	320	576	436	333	562
448	320	640	441	334	623
448	320	704	446	335	683
448	320	768	452	336	742
448	320	832	457	336	800
448	320	896	463	337	861
448	320	960	471	339	921
448	320	1023	478	341	979
448	384	0	429	389	132
448	384	64	427	387	143
448	384	128	428	388	175
448	384	192	429	388	221
448	384	256	431	389	272
448	384	320	433	389	327
448	384	384	436	390	385
448	384	448	439	391	446
448	384	512	442	391	503
448	384	576	447	393	565
448	384	640	451	392	625
448	384	704	456	393	685
448	384	768	462	394	745
448	384	832	466	394	801
448	384	896	473	395	863
448	384	960	480	397	923
448	384	1023	487	398	981
448	448	0	442	451	150
448	448	64	441	450	160
448	448	128	441	449	188
448	448	192	442	450	231
448	448	256	444	451	279
448	448	320	446	452	334
448	448	384	449	452	391
448	448	448	452	452	451
448	448	512	455	452	507
448	448	576	459	454	569
448	448	640	463	454	628
448	448	704	468	454	688
448	448	768	473	455	747
448	448	832	479	455	804
448	448	896	484	456	865
448	448	960	491	457	924
448	448	1023	498	458	983
448	512	0	456	510	167
448	512	64	455	509	176
448	512	128	455	508	202
448	512	192	456	509	241
448	512	256	458	510	288
448	512	320	460	510	341
448	512	384	462	510	396
448	512	448	465	511	455
448	512	512	468	511	511
448	512	576	473	513	573
448	512	640	477	512	632
448	512	704	481	513	691
448	512	768	487	514	751
448	512	832	492	514	808
448	512	896	497	514	868
448	512	960	504	515	927
448	512	1023	511	516	985
448	576	0	473	574	186
448	576	64	471	572	194
448	576	128	472	573	217
448	576	192	473	573	254
448	576	256	475	575	299
448	576	320	476	574	350
448	576	384	479	575	404
448	576	448	482	575	462
448	576	512	485	576	517
448	576	576	489	576	577
448	576	640	493	576	636
448	576	704	497	577	695
448	576	768	502	578	754
448	576	832	507	577	810
448	576	896	513	578	871
448	576	960	519	579	930
448	576	1023	525	580	988
448	640	0	491	637	205
448	640	64	489	635	212
448	640	128	490	635	233
448	640	192	491	636	268
448	640	256	492	636	309
448	640	320	495	637	359
448	640	384	497	638	412
448	640	448	499	637	468
448	640	512	503	638	523
448	640	576	506	639	583
448	640	640	510	639	641
448	640	704	514	638	699
448	640	768	519	639	758
448	640	832	523	639	814
448	640	896	529	639	875
448	640	960	535	640	933
448	640	1023	542	641	991
448	704	0	509	696	223
448	704	64	508	694	229
448	704	128	509	695	249
448	704	192	510	696	281
448	704	256	511	696	321
448	704	320	513	696	369
448	704	384	516	697	421
448	704	448	518	697	476
448	704	512	521	697	529
448	704	576	525	698	589
448	704	640	528	697	646
448	704	704	532	698	704
448	704	768	537	699	763
448	704	832	541	699	819
448	704	896	546	699	879
448	704	960	552	699	937
448	704	1023	558	700	995
448	768	0	531	760	242
448	768	64	529	757	248
448	768	128	529	757	266
448	768	192	531	758	296
448	768	256	532	758	334
448	768	320	534	759	380
448	768	384	536	760	430
448	768	448	538	760	484
448	768	512	542	761	537
448	768	576	545	761	595
448	768	640	548	761	652
448	768	704	551	760	709
448	768	768	556	762	768
448	768	832	560	761	823
448	768	896	566	761	883
448	768	960	571	762	942
448	768	1023	577	763	999
448	832	0	551	820	261
448	832	64	549	817	265
448	832	128	550	817	282
448	832	192	551	819	311
448	832	256	552	818	347
448	832	320	554	819	391
448	832	384	556	820	439
448	832	448	558	820	492
448	832	512	561	820	544
448	832	576	565	822	602
448	832	640	568	821	658
448	832	704	571	821	715
448	832	768	575	821	772
448	832	832	579	821	827
448	832	896	584	821	887
448	832	960	590	821	944
448	832	1023	595	822	1002
448	896	0	573	881	279
448	896	64	571	880	284
448	896	128	572	880	299
448	896	192	573	881	326
448	896	256	574	881	360
448	896	320	576	882	403
448	896	384	579	883	450
448	896	448	580	882	501
448	896	512	583	883	552
448	896	576	587	885	609
448	896	640	589	883	664
448	896	704	593	884	721
448	896	768	597	884	778
448	896	832	601	885	833
448	896	896	606	884	892
448	896	960	610	884	949
448	896	1023	616	885	1006
448	960	0	596	942	298
448	960	64	594	939	302
448	960	128	594	940	317
448	960	192	595	940	342
448	960	256	597	941	374
448	960	320	598	942	415
448	960	384	601	942	461
448	960	448	602	942	511
448	960	512	605	943	561
448	960	576	608	943	616
448	960	640	611	944	672
448	960	704	614	943	727
448	960	768	618	944	784
448	960	832	622	944	838
448	960	896	627	944	897
448	960	960	632	945	954
448	960	1023	637	945	1011
448	1023	0	620	1004	317
448	1023	64	618	1002	321
448	1023	128	618	1001	334
448	1023	192	619	1002	358
448	1023	256	620	1003	389
448	1023	320	622	1004	428
448	1023	384	624	1004	472
448	1023	448	626	1004	521
448	1023	512	629	1005	570
448	1023	576	631	1005	625
448	1023	640	634	1005	680
448	1023	704	637	1005	734
448	1023	768	641	1005	790
448	1023	832	645	1005	844
448	1023	896	649	1005	903
448	1023	960	654	1005	959
448	1023	1023	658	1004	1016
512	0	0	449	123	75
512	0	64	447	122	95
512	0	128	447	123	140
512	0	192	449	123	195
512	0	256	451	124	252
512	0	320	452	125	312
512	0	384	455	127	372
512	0	448	457	128	434
512	0	512	461	131	493
512	0	576	465	133	556
512	0	640	469	136	617
512	0	704	473	139	677
512	0	768	479	142	738
512	0	832	484	145	795
512	0	896	490	149	857
512	0	960	497	154	917
512	0	1023	504	158	976
512	64	0	450	137	77
512	64	64	448	137	97
512	64	128	449	137	142
512	64	192	450	138	196
512	64	256	451	138	253
512	64	320	454	140	313
512	64	384	457	141	373
512	64	448	459	142	435
512	64	512	463	145	494
512	64	576	466	147	557
512	64	640	470	149	618
512	64	704	475	152	678
512	64	768	480	155	739
512	64	832	485	158	796
512	64	896	492	161	858
512	64	960	498	165	917
512	64	1023	505	169	976
512	128	0	452	173	83
512	128	64	451	173	102
512	128	128	451	173	145
512	128	192	452	173	198
512	128	256	454	174	255
512	128	320	456	175	314
512	128	384	458	176	374
512	128	448	461	177	436
512	128	512	465	179	495
512	128	576	469	181	558
512	128	640	472	182	619
512	128	704	477	185	679
512	128	768	483	187	739
512	128	832	487	189	797
512	128	896	493	192	858
512	128	960	500	195	917
512	128	1023	507	198	976
512	192	0	456	222	93
512	192	64	454	221	110
512	192	128	455	221	150
512	192	192	456	221	202
512	192	256	458	222	258
512	192	320	459	223	316
512	192	384	462	224	376
512	192	448	465	224	437
512	192	512	468	226	496
512	192	576	472	227	558
512	192	640	476	228	620
512	192	704	480	230	679
512	192	768	486	232	739
512	192	832	491	233	798
512	192	896	496	235	859
512	192	960	503	238	918
512	192	1023	510	240	977
512	256	0	461	275	105
512	256	64	460	274	120
512	256	128	461	275	158
512	256	192	461	275	207
512	256	256	463	275	261
512	256	320	465	276	319
512	256	384	467	277	378
512	256	448	470	277	440
512	256	512	473	278	497
512	256	576	478	280	561
512	256	640	481	280	621
512	256	704	486	282	681
512	256	768	491	283	741
512	256	832	496	284	799
512	256	896	502	285	860
512	256	960	508	288	919
512	256	1023	515	290	978
512	320	0	469	334	120
512	320	64	467	332	133
512	320	128	468	333	167
512	320	192	469	333	214
512	320	256	470	333	266
512	320	320	472	334	323
512	320	384	475	335	382
512	320	448	477	335	442
512	320	512	481	336	500
512	320	576	485	337	562
512	320	640	488	338	623
512	320	704	493	338	683
512	320	768	498	340	743
512	320	832	503	341	800
512	320	896	509	341	862
512	320	960	515	343	921
512	320	1023	522	345	979
512	384	0	479	393	136
512	384	64	476	391	147
512	384	128	477	391	178
512	384	192	479	392	223
512	384	256	480	393	273
512	384	320	482	393	329
512	384	384	484	394	386
512	384	448	486	393	446
512	384	512	490	395	503
512	384	576	494	395	565
512	384	640	497	395	625
512	384	704	502	396	685
512	384	768	506	397	745
512	384	832	511	397	802
512	384	896	517	398	863
512	384	960	523	400	922
512	384	1023	530	401	981
512	448	0	489	453	153
512	448	64	488	452	163
512	448	128	488	452	191
512	448	192	490	452	233
512	448	256	491	453	281
512	448	320	493	453	335
512	448	384	496	454	392
512	448	448	499	455	451
512	448	512	501	455	507
512	448	576	506	457	569
512	448	640	509	456	629
512	448	704	513	457	688
512	448	768	518	458	748
512	448	832	523	458	805
512	448	896	528	459	866
512	448	960	534	460	925
512	448	1023	540	461	983
512	512	0	502	512	170
512	512	64	500	510	178
512	512	128	501	510	204
512	512	192	502	511	243
512	512	256	504	512	290
512	512	320	505	512	342
512	512	384	508	512	397
512	512	448	511	513	456
512	512	512	513	514	512
512	512	576	518	515	573
512	512	640	520	514	632
512	512	704	525	515	691
512	512	768	530	516	751
512	512	832	534	516	807
512	512	896	539	516	868
512	512	960	545	517	927
512	512	1023	551	518	985
512	576	0	518	577	189
512	576	64	516	575	196
512	576	128	517	575	220
512	576	192	518	576	256
512	576	256	520	577	301
512	576	320	521	576	351
512	576	384	523	577	405
512	576	448	525	577	462
512	576	512	529	578	518
512	576	576	532	578	578
512	576	640	535	578	637
512	576	704	539	578	695
512	576	768	544	579	754
512	576	832	548	579	811
512	576	896	553	579	871
512	576	960	559	580	930
512	576	1023	565	581	988
512	640	0	534	639	208
512	640	64	532	637	214
512	640	128	533	637	235
512	640	192	534	638	269
512	640	256	535	638	311
512	640	320	537	638	360
512	640	384	540	639	413
512	640	448	541	639	469
512	640	512	544	639	523
512	640	576	548	640	583
512	640	640	551	641	642
512	640	704	554	640	700
512	640	768	559	641	759
512	640	832	564	641	815
512	640	896	569	642	875
512	640	960	574	642	933
512	640	1023	580	643	992
512	704	0	551	698	225
512	704	64	550	697	231
512	704	128	551	697	251
512	704	192	551	697	283
512	704	256	553	698	323
512	704	320	554	698	370
512	704	384	556	698	421
512	704	448	558	699	477
512	704	512	561	699	530
512	704	576	565	700	589
512	704	640	567	699	647
512	704	704	571	700	705
512	704	768	576	701	763
512	704	832	580	700	819
512	704	896	584	700	879
512	704	960	589	701	937
512	704	1023	596	702	996
512	768	0	570	761	244
512	768	64	569	759	250
512	768	128	569	759	268
512	768	192	570	760	298
512	768	256	571	760	335
512	768	320	573	760	381
512	768	384	575	761	431
512	768	448	577	761	485
512	768	512	579	761	537
512	768	576	583	762	596
512	768	640	586	762	653
512	768	704	589	762	710
512	768	768	594	763	768
512	768	832	598	763	824
512	768	896	602	763	884
512	768	960	608	764	942
512	768	1023	613	764	999
512	832	0	588	820	262
512	832	64	587	819	267
512	832	128	588	819	284
512	832	192	588	819	312
512	832	256	590	820	348
512	832	320	592	821	392
512	832	384	593	821	440
512	832	448	595	821	493
512	832	512	598	822	544
512	832	576	601	823	602
512	832	640	604	822	658
512	832	704	607	822	715
512	832	768	612	823	773
512	832	832	615	823	828
512	832	896	620	823	888
512	832	960	624	823	945
512	832	1023	630	824	1003
512	896	0	609	883	281
512	896	64	608	882	286
512	896	128	608	882	301
512	896	192	609	881	327
512	896	256	611	883	362
512	896	320	612	883	404
512	896	384	614	883	450
512	896	448	616	884	502
512	896	512	618	884	553
512	896	576	622	885	609
512	896	640	624	885	665
512	896	704	627	885	721
512	896	768	631	885	778
512	896	832	635	885	833
512	896	896	639	885	892
512	896	960	644	886	949
512	896	1023	650	887	1007
512	960	0	630	943	300
512	960	64	629	941	304
512	960	128	629	941	318
512	960	192	630	941	343
512	960	256	631	942	376
512	960	320	633	943	416
512	960	384	635	944	462
512	960	448	637	944	512
512	960	512	639	944	561
512	960	576	642	945	617
512	960	640	644	944	672
512	960	704	648	944	728
512	960	768	652	945	784
512	960	832	655	945	839
512	960	896	660	945	898
512	960	960	664	945	954
512	960	1023	669	946	1011
512	1023	0	653	1006	319
512	1023	64	651	1003	322
512	1023	128	652	1003	336
512	1023	192	653	1004	359
512	1023	256	654	1004	390
512	1023	320	655	1004	429
512	1023	384	657	1005	473
512	1023	448	659	1005	522
512	1023	512	662	1006	571
512	1023	576	664	1007	626
512	1023	640	667	1006	680
512	1023	704	669	1006	735
512	1023	768	673	1007	791
512	1023	832	676	1006	845
512	1023	896	680	1006	903
512	1023	960	685	1006	960
512	1023	1023	689	1006	1017
576	0	0	507	139	85
576	0	64	505	138	103
576	0	128	506	138	145
576	0	192	507	139	199
576	0	256	509	140	255
576	0	320	510	141	314
576	0	384	513	142	374
576	0	448	515	144	436
576	0	512	518	146	494
576	0	576	521	148	557
576	0	640	525	150	618
576	0	704	528	153	678
576	0	768	533	156	739
576	0	832	538	158	796
576	0	896	543	162	858
576	0	960	549	165	918
576	0	1023	555	170	976
576	64	0	508	151	87
576	64	64	507	151	104
576	64	128	507	151	147
576	64	192	508	152	200
576	64	256	509	152	255
576	64	320	511	153	315
576	64	384	514	155	375
576	64	448	516	156	436
576	64	512	519	158	495
576	64	576	522	160	558
576	64	640	526	162	619
576	64	704	530	164	679
576	64	768	534	167	739
576	64	832	539	170	797
576	64	896	544	173	858
576	64	960	550	176	918
576	64	1023	556	180	977
576	128	0	510	184	92
576	128	64	509	184	109
576	128	128	508	183	149
576	128	192	510	184	201
576	128	256	512	185	257
576	128	320	513	186	316
576	128	384	515	187	375
576	128	448	518	188	438
576	128	512	521	189	496
576	128	576	525	191	559
576	128	640	527	192	619
576	128	704	532	194	680
576	128	768	536	197	740
576	128	832	541	199	798
576	128	896	546	202	859
576	128	960	551	204	918
576	128	1023	558	208	977
576	192	0	513	230	101
576	192	64	511	229	116
576	192	128	512	229	155
576	192	192	513	230	205
576	192	256	515	231	260
576	192	320	516	231	318
576	192	384	519	232	377
576	192	448	521	232	438
576	192	512	524	234	497
576	192	576	527	235	559
576	192	640	531	236	620
576	192	704	534	237	680
576	192	768	539	239	740
576	192	832	544	241	798
576	192	896	549	243	860
576	192	960	555	245	919
576	192	1023	561	248	978
576	256	0	518	282	112
576	256	64	517	281	126
576	256	128	518	281	162
576	256	192	518	281	210
576	256	256	520	282	264
576	256	320	522	283	321
576	256	384	523	283	380
576	256	448	526	284	441
576	256	512	528	285	499
576	256	576	533	286	562
576	256	640	535	287	622
576	256	704	539	288	682
576	256	768	544	289	742
576	256	832	548	290	799
576	256	896	554	292	861
576	256	960	559	294	920
576	256	1023	566	296	979
576	320	0	525	339	126
576	320	64	523	337	138
576	320	128	524	338	171
576	320	192	525	339	218
576	320	256	526	339	269
576	320	320	528	339	325
576	320	384	530	340	383
576	320	448	532	340	444
576	320	512	535	341	502
576	320	576	538	342	563
576	320	640	542	343	624
576	320	704	545	343	683
576	320	768	550	345	743
576	320	832	554	345	801
576	320	896	559	346	862
576	320	960	565	348	921
576	320	1023	571	350	980
576	384	0	533	396	141
576	384	64	531	395	152
576	384	128	532	395	182
576	384	192	533	396	226
576	384	256	535	397	276
576	384	320	536	397	330
576	384	384	538	397	387
576	384	448	540	397	447
576	384	512	543	398	504
576	384	576	546	399	566
576	384	640	550	400	626
576	384	704	554	400	686
576	384	768	558	401	745
576	384	832	562	401	802
576	384	896	567	402	863
576	384	960	572	404	923
576	384	1023	578	405	981
576	448	0	543	457	158
576	448	64	542	456	167
576	448	128	542	456	194
576	448	192	543	456	235
576	448	256	545	457	283
576	448	320	546	457	337
576	448	384	548	458	393
576	448	448	551	459	453
576	448	512	553	459	509
576	448	576	557	460	570
576	448	640	560	460	630
576	448	704	563	460	689
576	448	768	568	461	749
576	448	832	572	461	806
576	448	896	577	462	866
576	448	960	582	463	926
576	448	1023	587	464	983
576	512	0	554	515	174
576	512	64	553	514	182
576	512	128	553	514	207
576	512	192	554	514	246
576	512	256	556	515	292
576	512	320	557	515	344
576	512	384	559	516	399
576	512	448	561	516	457
576	512	512	564	516	513
576	512	576	568	518	574
576	512	640	570	517	633
576	512	704	574	518	692
576	512	768	578	518	751
576	512	832	583	519	809
576	512	896	587	519	869
576	512	960	592	520	928
576	512	1023	598	521	986
576	576	0	568	579	193
576	576	64	566	577	200
576	576	128	567	577	222
576	576	192	568	578	259
576	576	256	570	579	303
576	576	320	570	579	353
576	576	384	573	580	406
576	576	448	574	579	463
576	576	512	578	581	519
576	576	576	581	581	579
576	576	640	584	581	638
576	576	704	588	582	697
576	576	768	591	582	755
576	576	832	595	582	811
576	576	896	600	582	872
576	576	960	605	583	931
576	576	1023	611	584	989
576	640	0	584	642	211
576	640	64	581	640	217
576	640	128	582	640	238
576	640	192	583	641	272
576	640	256	584	641	313
576	640	320	586	641	362
576	640	384	588	642	415
576	640	448	589	641	470
576	640	512	592	643	525
576	640	576	595	643	584
576	640	640	598	643	642
576	640	704	601	643	700
576	640	768	605	643	759
576	640	832	609	643	815
576	640	896	614	643	875
576	640	960	619	645	934
576	640	1023	624	645	992
576	704	0	598	700	228
576	704	64	597	698	234
576	704	128	597	699	253
576	704	192	598	699	285
576	704	256	599	700	325
576	704	320	601	700	372
576	704	384	602	700	422
576	704	448	605	700	478
576	704	512	607	701	531
576	704	576	611	702	590
576	704	640	613	701	648
576	704	704	616	702	705
576	704	768	621	703	764
576	704	832	624	703	820
576	704	896	628	703	880
576	704	960	633	703	938
576	704	1023	639	704	996
576	768	0	616	764	247
576	768	64	614	761	252
576	768	128	615	761	270
576	768	192	616	762	300
576	768	256	617	762	337
576	768	320	618	763	383
576	768	384	620	764	432
576	768	448	622	763	486
576	768	512	625	764	539
576	768	576	627	764	597
576	768	640	630	764	654
576	768	704	633	764	711
576	768	768	637	765	769
576	768	832	641	765	824
576	768	896	645	765	884
576	768	960	650	766	942
576	768	1023	655	766	1000
576	832	0	633	822	265
576	832	64	631	821	270
576	832	128	632	822	286
576	832	192	632	821	314
576	832	256	634	822	350
576	832	320	635	823	393
576	832	384	637	824	442
576	832	448	639	823	494
576	832	512	641	823	545
576	832	576	644	824	603
576	832	640	646	823	659
576	832	704	650	824	716
576	832	768	653	825	773
576	832	832	657	824	828
576	832	896	661	825	888
576	832	960	665	825	945
576	832	1023	671	826	1003
576	896	0	651	885	284
576	896	64	650	883	288
576	896	128	651	884	303
576	896	192	651	883	329
576	896	256	652	884	363
576	896	320	654	885	405
576	896	384	656	885	452
576	896	448	658	885	503
576	896	512	660	886	553
576	896	576	663	887	610
576	896	640	665	886	665
576	896	704	668	886	722
576	896	768	672	887	779
576	896	832	676	887	834
576	896	896	680	887	893
576	896	960	684	888	950
576	896	1023	688	888	1007
576	960	0	671	944	302
576	960	64	669	942	306
576	960	128	669	942	320
576	960	192	671	943	345
576	960	256	672	944	377
576	960	320	673	944	417
576	960	384	675	946	463
576	960	448	677	945	513
576	960	512	679	945	562
576	960	576	682	946	618
576	960	640	684	946	673
576	960	704	687	946	728
576	960	768	691	947	785
576	960	832	694	946	839
576	960	896	698	946	898
576	960	960	702	947	954
576	960	1023	707	948	1012
576	1023	0	692	1007	321
576	1023	64	690	1005	324
576	1023	128	691	1005	338
576	1023	192	692	1005	361
576	1023	256	693	1006	392
576	1023	320	695	1007	431
576	1023	384	696	1007	475
576	1023	448	697	1007	523
576	1023	512	700	1008	572
576	1023	576	702	1008	626
576	1023	640	705	1008	681
576	1023	704	707	1008	736
576	1023	768	711	1008	792
576	1023	832	714	1008	846
576	1023	896	718	1008	904
576	1023	960	722	1008	960
576	1023	1023	726	1007	1017
640	0	0	563	154	94
640	0	64	561	153	110
640	0	128	562	153	150
640	0	192	562	154	202
640	0	256	564	155	257
640	0	320	565	156	316
640	0	384	567	157	375
640	0	448	569	158	437
640	0	512	572	160	495
640	0	576	575	162	558
640	0	640	578	164	618
640	0	704	581	166	679
640	0	768	586	169	739
640	0	832	590	172	797
640	0	896	594	174	858
640	0	960	599	178	917
640	0	1023	605	182	976
640	64	0	563	165	96
640	64	64	563	165	112
640	64	128	562	164	151
640	64	192	563	165	203
640	64	256	565	166	258
640	64	320	566	167	317
640	64	384	568	168	376
640	64	448	570	169	438
640	64	512	573	171	496
640	64	576	577	173	559
640	64	640	579	175	619
640	64	704	583	177	680
640	64	768	587	180	740
640	64	832	591	181	798
640	64	896	595	185	859
640	64	960	601	188	918
640	64	1023	606	191	977
640	128	0	565	195	100
640	128	64	564	194	116
640	128	128	564	195	154
640	128	192	565	195	205
640	128	256	567	196	260
640	128	320	568	197	318
640	128	384	570	198	377
640	128	448	572	198	438
640	128	512	575	200	497
640	128	576	578	202	559
640	128	640	581	203	620
640	128	704	584	204	680
640	128	768	588	207	740
640	128	832	592	209	797
640	128	896	597	211	859
640	128	960	602	214	919
640	128	1023	608	217	978
640	192	0	568	238	108
640	192	64	567	237	123
640	192	128	567	238	159
640	192	192	568	238	208
640	192	256	569	239	262
640	192	320	571	239	320
640	192	384	572	240	378
640	192	448	575	241	440
640	192	512	578	242	498
640	192	576	581	243	560
640	192	640	583	244	621
640	192	704	587	246	681
640	192	768	592	248	741
640	192	832	595	249	799
640	192	896	599	251	859
640	192	960	605	253	919
640	192	1023	611	256	979
640	256	0	573	288	119
640	256	64	571	287	132
640	256	128	571	288	166
640	256	192	573	288	214
640	256	256	574	289	266
640	256	320	575	289	323
640	256	384	577	290	381
640	256	448	579	290	442
640	256	512	582	291	500
640	256	576	585	292	562
640	256	640	588	293	623
640	256	704	592	295	683
640	256	768	596	296	742
640	256	832	599	297	800
640	256	896	604	298	861
640	256	960	609	300	920
640	256	1023	614	302	979
640	320	0	578	344	132
640	320	64	577	343	143
640	320	128	577	343	175
640	320	192	578	343	220
640	320	256	580	344	271
640	320	320	581	345	327
640	320	384	583	345	385
640	320	448	585	346	445
640	320	512	587	346	502
640	320	576	591	348	564
640	320	640	593	348	624
640	320	704	597	349	684
640	320	768	602	350	744
640	320	832	606	351	802
640	320	896	609	351	862
640	320	960	614	353	922
640	320	1023	620	355	981
640	384	0	586	401	146
640	384	64	585	400	157
640	384	128	585	400	186
640	384	192	586	401	229
640	384	256	587	401	278
640	384	320	588	401	332
640	384	384	591	403	390
640	384	448	592	402	449
640	384	512	595	403	505
640	384	576	598	404	567
640	384	640	601	404	627
640	384	704	604	405	687
640	384	768	609	406	746
640	384	832	613	406	804
640	384	896	617	407	864
640	384	960	622	408	924
640	384	1023	627	410	982
640	448	0	596	461	163
640	448	64	594	460	171
640	448	128	594	460	198
640	448	192	595	460	238
640	448	256	596	461	286
640	448	320	598	461	339
640	448	384	600	462	395
640	448	448	601	462	453
640	448	512	604	463	510
640	448	576	607	463	571
640	448	640	610	464	631
640	448	704	613	464	690
640	448	768	617	465	749
640	448	832	621	465	806
640	448	896	625	466	867
640	448	960	630	467	926
640	448	1023	635	468	984
640	512	0	606	519	178
640	512	64	604	517	186
640	512	128	604	518	211
640	512	192	605	518	249
640	512	256	606	518	294
640	512	320	608	519	346
640	512	384	610	520	401
640	512	448	611	519	458
640	512	512	614	520	514
640	512	576	617	521	575
640	512	640	620	521	634
640	512	704	623	521	693
640	512	768	627	522	752
640	512	832	630	522	809
640	512	896	635	522	870
640	512	960	640	524	929
640	512	1023	645	524	987
640	576	0	618	582	196
640	576	64	616	581	203
640	576	128	617	581	226
640	576	192	617	581	261
640	576	256	619	582	304
640	576	320	620	582	355
640	576	384	622	583	408
640	576	448	624	583	465
640	576	512	626	583	519
640	576	576	629	584	580
640	576	640	631	584	638
640	576	704	635	584	697
640	576	768	639	585	756
640	576	832	642	585	812
640	576	896	646	585	873
640	576	960	651	586	931
640	576	1023	656	587	989
640	640	0	631	643	214
640	640	64	630	642	220
640	640	128	629	642	241
640	640	192	630	642	274
640	640	256	632	643	315
640	640	320	633	643	363
640	640	384	635	644	416
640	640	448	637	644	472
640	640	512	639	644	525
640	640	576	643	646	586
640	640	640	645	645	643
640	640	704	648	646	702
640	640	768	652	647	760
640	640	832	655	646	816
640	640	896	659	646	876
640	640	960	664	647	935
640	640	1023	669	648	992
640	704	0	646	703	231
640	704	64	643	700	237
640	704	128	644	701	256
640	704	192	645	701	287
640	704	256	646	702	327
640	704	320	647	702	373
640	704	384	649	703	424
640	704	448	651	702	479
640	704	512	653	703	532
640	704	576	656	704	591
640	704	640	659	704	649
640	704	704	662	704	706
640	704	768	666	705	765
640	704	832	669	705	820
640	704	896	673	705	880
640	704	960	677	706	939
640	704	1023	682	706	996
640	768	0	661	765	250
640	768	64	660	764	255
640	768	128	660	763	272
640	768	192	660	763	302
640	768	256	662	765	339
640	768	320	663	764	384
640	768	384	665	765	433
640	768	448	667	765	487
640	768	512	669	765	539
640	768	576	672	767	598
640	768	640	674	766	654
640	768	704	677	766	712
640	768	768	681	767	770
640	768	832	684	767	825
640	768	896	688	767	884
640	768	960	692	767	943
640	768	1023	697	768	1000
640	832	0	677	824	267
640	832	64	675	823	272
640	832	128	676	823	288
640	832	192	677	823	316
640	832	256	678	825	352
640	832	320	679	824	395
640	832	384	681	825	442
640	832	448	682	824	495
640	832	512	685	825	547
640	832	576	687	826	603
640	832	640	690	826	660
640	832	704	693	826	717
640	832	768	697	827	775
640	832	832	699	826	829
640	832	896	703	826	888
640	832	960	707	827	946
640	832	1023	712	827	1003
640	896	0	695	887	286
640	896	64	693	885	290
640	896	128	693	885	305
640	896	192	694	886	331
640	896	256	695	886	365
640	896	320	696	886	407
640	896	384	698	887	453
640	896	448	700	887	504
640	896	512	702	888	555
640	896	576	705	888	611
640	896	640	707	888	667
640	896	704	710	889	723
640	896	768	713	889	779
640	896	832	716	888	834
640	896	896	719	888	893
640	896	960	724	889	950
640	896	1023	728	890	1007
640	960	0	712	946	304
640	960	64	710	944	308
640	960	128	711	944	322
640	960	192	712	945	346
640	960	256	713	946	379
640	960	320	714	945	419
640	960	384	716	946	464
640	960	448	718	946	514
640	960	512	720	947	563
640	960	576	722	947	618
640	960	640	724	947	673
640	960	704	727	947	729
640	960	768	731	948	785
640	960	832	733	947	839
640	960	896	736	947	898
640	960	960	741	948	955
640	960	1023	745	949	1012
640	1023	0	732	1008	322
640	1023	64	730	1006	326
640	1023	128	730	1006	339
640	1023	192	731	1006	362
640	1023	256	732	1007	393
640	1023	320	733	1007	431
640	1023	384	735	1007	475
640	1023	448	737	1008	524
640	1023	512	739	1008	573
640	1023	576	742	1009	627
640	1023	640	743	1008	681
640	1023	704	746	1009	736
640	1023	768	749	1009	792
640	1023	832	752	1009	846
640	1023	896	755	1008	904
640	1023	960	759	1008	960
640	1023	1023	763	1007	1017
704	0	0	617	168	103
704	0	64	616	168	118
704	0	128	616	168	156
704	0	192	617	169	205
704	0	256	618	169	260
704	0	320	620	170	318
704	0	384	622	171	377
704	0	448	623	173	438
704	0	512	625	174	496
704	0	576	629	176	559
704	0	640	631	178	619
704	0	704	634	180	679
704	0	768	638	183	740
704	0	832	642	184	797
704	0	896	646	187	859
704	0	960	650	190	918
704	0	1023	656	194	977
704	64	0	618	179	105
704	64	64	617	178	119
704	64	128	616	178	156
704	64	192	617	179	206
704	64	256	619	179	260
704	64	320	620	180	318
704	64	384	622	181	377
704	64	448	624	183	439
704	64	512	626	184	497
704	64	576	630	186	560
704	64	640	632	188	620
704	64	704	635	189	680
704	64	768	639	192	740
704	64	832	643	194	798
704	64	896	646	197	859
704	64	960	651	200	919
704	64	1023	657	203	978
704	128	0	620	206	109
704	128	64	618	205	123
704	128	128	618	206	159
704	128	192	619	206	208
704	128	256	621	207	262
704	128	320	622	208	319
704	128	384	624	209	378
704	128	448	625	209	439
704	128	512	628	211	498
704	128	576	631	212	560
704	128	640	634	214	621
704	128	704	636	215	680
704	128	768	640	218	741
704	128	832	644	219	798
704	128	896	648	221	860
704	128	960	653	224	919
704	128	1023	658	227	978
704	192	0	622	247	116
704	192	64	621	247	129
704	192	128	622	247	164
704	192	192	622	247	212
704	192	256	624	248	265
704	192	320	625	248	322
704	192	384	627	249	381
704	192	448	629	250	441
704	192	512	631	251	499
704	192	576	634	252	562
704	192	640	636	253	622
704	192	704	640	254	682
704	192	768	644	256	742
704	192	832	647	258	799
704	192	896	651	259	861
704	192	960	655	261	920
704	192	1023	661	264	979
704	256	0	627	295	126
704	256	64	625	295	138
704	256	128	625	295	171
704	256	192	626	295	217
704	256	256	628	296	269
704	256	320	628	296	325
704	256	384	630	297	383
704	256	448	632	298	443
704	256	512	635	298	501
704	256	576	637	299	563
704	256	640	640	300	623
704	256	704	643	301	683
704	256	768	647	303	743
704	256	832	650	303	800
704	256	896	654	305	861
704	256	960	659	307	921
704	256	1023	664	308	979
704	320	0	632	349	138
704	320	64	630	349	149
704	320	128	631	349	180
704	320	192	631	349	223
704	320	256	633	350	274
704	320	320	634	350	329
704	320	384	635	350	386
704	320	448	637	351	446
704	320	512	639	352	503
704	320	576	643	353	565
704	320	640	645	353	625
704	320	704	648	354	685
704	320	768	652	355	745
704	320	832	656	356	802
704	320	896	660	357	863
704	320	960	663	358	921
704	320	1023	669	360	981
704	384	0	638	405	152
704	384	64	637	404	161
704	384	128	637	404	190
704	384	192	638	405	232
704	384	256	639	405	280
704	384	320	641	406	334
704	384	384	643	407	391
704	384	448	644	407	450
704	384	512	646	407	506
704	384	576	649	408	568
704	384	640	651	408	627
704	384	704	654	409	687
704	384	768	658	410	746
704	384	832	662	410	804
704	384	896	665	411	864
704	384	960	670	412	923
704	384	1023	675	414	982
704	448	0	647	465	167
704	448	64	645	463	176
704	448	128	645	463	202
704	448	192	646	464	241
704	448	256	647	464	288
704	448	320	649	465	340
704	448	384	651	466	396
704	448	448	652	465	454
704	448	512	655	466	511
704	448	576	657	467	571
704	448	640	660	467	631
704	448	704	662	467	690
704	448	768	666	468	749
704	448	832	670	469	806
704	448	896	674	469	867
704	448	960	678	471	926
704	448	1023	683	471	984
704	512	0	657	522	183
704	512	64	654	520	190
704	512	128	655	520	214
704	512	192	656	521	251
704	512	256	656	521	296
704	512	320	658	522	347
704	512	384	660	522	402
704	512	448	661	522	459
704	512	512	664	523	515
704	512	576	666	523	575
704	512	640	669	523	634
704	512	704	671	524	693
704	512	768	675	525	752
704	512	832	678	525	809
704	512	896	682	525	870
704	512	960	687	527	929
704	512	1023	692	528	987
704	576	0	667	584	200
704	576	64	665	583	207
704	576	128	666	583	229
704	576	192	667	584	264
704	576	256	668	584	306
704	576	320	669	585	356
704	576	384	671	586	409
704	576	448	673	585	466
704	576	512	674	585	520
704	576	576	678	586	580
704	576	640	679	586	638
704	576	704	683	586	697
704	576	768	687	588	756
704	576	832	690	587	812
704	576	896	693	588	873
704	576	960	697	588	931
704	576	1023	702	590	990
704	640	0	680	646	217
704	640	64	678	644	223
704	640	128	678	644	243
704	640	192	679	645	276
704	640	256	681	646	317
704	640	320	682	646	366
704	640	384	683	646	417
704	640	448	685	647	473
704	640	512	687	646	526
704	640	576	690	648	586
704	640	640	692	647	644
704	640	704	695	648	702
704	640	768	699	649	761
704	640	832	702	648	817
704	640	896	705	648	876
704	640	960	709	649	935
704	640	1023	714	650	993
704	704	0	693	705	234
704	704	64	691	702	240
704	704	128	691	703	259
704	704	192	692	703	290
704	704	256	693	704	329
704	704	320	694	704	375
704	704	384	696	705	425
704	704	448	698	705	480
704	704	512	700	705	533
704	704	576	703	706	591
704	704	640	705	706	649
704	704	704	708	706	707
704	704	768	712	707	765
704	704	832	714	706	820
704	704	896	717	706	880
704	704	960	722	707	939
704	704	1023	726	708	996
704	768	0	708	767	252
704	768	64	706	765	258
704	768	128	706	765	275
704	768	192	707	765	304
704	768	256	708	766	341
704	768	320	709	767	386
704	768	384	711	767	434
704	768	448	712	767	488
704	768	512	715	768	540
704	768	576	718	769	599
704	768	640	719	768	655
704	768	704	722	768	712
704	768	768	726	769	770
704	768	832	728	769	826
704	768	896	732	768	885
704	768	960	736	769	943
704	768	1023	740	769	1000
704	832	0	722	826	270
704	832	64	720	824	274
704	832	128	720	824	291
704	832	192	721	825	318
704	832	256	723	826	353
704	832	320	723	826	396
704	832	384	725	827	444
704	832	448	727	827	496
704	832	512	729	827	548
704	832	576	731	827	604
704	832	640	733	827	661
704	832	704	736	827	717
704	832	768	740	828	775
704	832	832	742	827	829
704	832	896	745	827	889
704	832	960	750	828	946
704	832	1023	754	829	1004
704	896	0	738	888	288
704	896	64	736	886	292
704	896	128	737	886	307
704	896	192	738	887	333
704	896	256	739	888	367
704	896	320	740	888	408
704	896	384	742	889	454
704	896	448	744	889	506
704	896	512	745	889	556
704	896	576	747	889	611
704	896	640	749	889	667
704	896	704	752	890	723
704	896	768	756	891	780
704	896	832	758	889	834
704	896	896	761	890	893
704	896	960	765	890	951
704	896	1023	770	891	1007
704	960	0	755	947	306
704	960	64	753	946	310
704	960	128	753	945	324
704	960	192	754	946	348
704	960	256	756	947	380
704	960	320	756	947	420
704	960	384	758	948	465
704	960	448	760	948	515
704	960	512	761	948	564
704	960	576	765	950	620
704	960	640	766	948	674
704	960	704	768	949	729
704	960	768	772	950	786
704	960	832	775	950	841
704	960	896	778	949	899
704	960	960	782	950	956
704	960	1023	785	950	1012
704	1023	0	774	1009	325
704	1023	64	772	1007	328
704	1023	128	771	1007	341
704	1023	192	772	1007	364
704	1023	256	774	1009	395
704	1023	320	775	1009	433
704	1023	384	776	1009	477
704	1023	448	778	1009	525
704	1023	512	780	1009	573
704	1023	576	783	1011	628
704	1023	640	784	1010	682
704	1023	704	787	1010	737
704	1023	768	790	1011	793
704	1023	832	792	1010	846
704	1023	896	795	1009	904
704	1023	960	799	1010	961
704	1023	1023	802	1009	1017
768	0	0	673	183	112
768	0	64	670	183	126
768	0	128	671	183	161
768	0	192	672	183	210
768	0	256	672	184	263
768	0	320	673	185	320
768	0	384	676	186	379
768	0	448	677	187	440
768	0	512	680	188	498
768	0	576	682	190	560
768	0	640	684	192	620
768	0	704	687	193	680
768	0	768	691	196	740
768	0	832	694	198	798
768	0	896	697	201	859
768	0	960	702	204	919
768	0	1023	707	206	978
768	64	0	673	192	114
768	64	64	671	192	127
768	64	128	672	192	162
768	64	192	673	193	211
768	64	256	674	193	264
768	64	320	675	194	321
768	64	384	677	195	380
768	64	448	678	196	441
768	64	512	680	197	498
768	64	576	684	199	561
768	64	640	685	201	621
768	64	704	688	202	681
768	64	768	692	205	742
768	64	832	695	207	799
768	64	896	699	209	861
768	64	960	703	212	920
768	64	1023	708	215	979
768	128	0	675	218	118
768	128	64	673	218	131
768	128	128	673	218	165
768	128	192	674	218	213
768	128	256	676	219	265
768	128	320	676	219	322
768	128	384	678	220	380
768	128	448	680	221	442
768	128	512	682	222	499
768	128	576	685	224	562
768	128	640	686	225	622
768	128	704	690	227	682
768	128	768	693	229	742
768	128	832	696	230	799
768	128	896	700	232	860
768	128	960	704	235	920
768	128	1023	709	237	978
768	192	0	677	257	124
768	192	64	675	256	136
768	192	128	676	256	170
768	192	192	677	257	216
768	192	256	677	257	268
768	192	320	679	258	325
768	192	384	681	259	383
768	192	448	682	259	443
768	192	512	685	260	501
768	192	576	687	261	562
768	192	640	689	262	623
768	192	704	692	264	682
768	192	768	695	265	742
768	192	832	698	266	800
768	192	896	702	268	861
768	192	960	706	271	920
768	192	1023	711	272	979
768	256	0	681	303	134
768	256	64	679	303	145
768	256	128	679	302	176
768	256	192	680	303	221
768	256	256	681	303	271
768	256	320	683	304	328
768	256	384	684	304	385
768	256	448	686	305	445
768	256	512	687	306	502
768	256	576	691	307	564
768	256	640	692	308	624
768	256	704	696	308	684
768	256	768	699	310	744
768	256	832	702	311	802
768	256	896	705	312	862
768	256	960	710	314	922
768	256	1023	714	316	980
768	320	0	686	356	145
768	320	64	683	355	155
768	320	128	684	355	185
768	320	192	685	356	228
768	320	256	686	356	277
768	320	320	687	357	332
768	320	384	689	358	389
768	320	448	691	358	448
768	320	512	692	358	504
768	320	576	695	359	567
768	320	640	698	360	627
768	320	704	700	360	686
768	320	768	704	362	746
768	320	832	707	362	803
768	320	896	710	364	864
768	320	960	714	365	923
768	320	1023	719	367	982
768	384	0	692	411	158
768	384	64	690	410	167
768	384	128	690	410	194
768	384	192	691	411	236
768	384	256	692	411	283
768	384	320	693	411	337
768	384	384	695	412	393
768	384	448	696	412	451
768	384	512	699	413	508
768	384	576	701	414	569
768	384	640	704	414	629
768	384	704	705	414	688
768	384	768	709	415	747
768	384	832	712	416	804
768	384	896	716	416	865
768	384	960	721	418	925
768	384	1023	725	419	983
768	448	0	699	469	173
768	448	64	697	468	181
768	448	128	697	468	206
768	448	192	698	469	245
768	448	256	700	470	291
768	448	320	701	469	343
768	448	384	703	470	398
768	448	448	704	470	456
768	448	512	706	471	512
768	448	576	708	471	573
768	448	640	711	471	632
768	448	704	714	472	691
768	448	768	717	473	750
768	448	832	720	473	807
768	448	896	723	474	868
768	448	960	728	475	927
768	448	1023	731	476	985
768	512	0	708	526	187
768	512	64	705	524	195
768	512	128	705	524	218
768	512	192	707	525	255
768	512	256	709	526	299
768	512	320	709	526	350
768	512	384	711	527	404
768	512	448	712	526	461
768	512	512	714	527	516
768	512	576	717	527	577
768	512	640	719	528	636
768	512	704	722	528	694
768	512	768	725	529	753
768	512	832	728	529	810
768	512	896	731	529	870
768	512	960	736	530	929
768	512	1023	740	531	987
768	576	0	718	588	204
768	576	64	716	586	211
768	576	128	716	587	232
768	576	192	717	587	267
768	576	256	718	588	309
768	576	320	719	588	358
768	576	384	721	589	411
768	576	448	722	588	467
768	576	512	725	589	522
768	576	576	727	590	581
768	576	640	729	590	640
768	576	704	731	589	698
768	576	768	735	591	757
768	576	832	738	591	813
768	576	896	741	591	874
768	576	960	746	592	933
768	576	1023	750	593	990
768	640	0	729	648	221
768	640	64	727	648	227
768	640	128	728	648	247
768	640	192	728	647	279
768	640	256	729	648	320
768	640	320	731	649	368
768	640	384	733	650	419
768	640	448	734	649	474
768	640	512	735	649	527
768	640	576	738	651	587
768	640	640	740	650	645
768	640	704	743	650	703
768	640	768	746	651	761
768	640	832	749	651	817
768	640	896	752	651	877
768	640	960	756	652	935
768	640	1023	761	653	994
768	704	0	741	707	238
768	704	64	739	706	243
768	704	128	739	705	262
768	704	192	740	706	292
768	704	256	742	707	331
768	704	320	743	707	377
768	704	384	744	707	427
768	704	448	746	708	482
768	704	512	748	708	534
768	704	576	751	709	593
768	704	640	752	708	650
768	704	704	755	709	708
768	704	768	758	710	766
768	704	832	761	709	822
768	704	896	764	709	881
768	704	960	768	710	939
768	704	1023	772	711	997
768	768	0	755	769	256
768	768	64	753	768	261
768	768	128	754	768	278
768	768	192	754	768	306
768	768	256	755	769	343
768	768	320	757	769	388
768	768	384	758	770	437
768	768	448	759	769	489
768	768	512	761	769	541
768	768	576	764	770	599
768	768	640	765	769	656
768	768	704	768	770	713
768	768	768	771	771	771
768	768	832	774	771	826
768	768	896	778	771	886
768	768	960	781	771	943
768	768	1023	785	772	1001
768	832	0	768	828	273
768	832	64	767	827	278
768	832	128	766	826	293
768	832	192	767	827	320
768	832	256	769	828	356
768	832	320	770	828	398
768	832	384	771	828	445
768	832	448	773	829	497
768	832	512	774	829	548
768	832	576	777	830	606
768	832	640	778	829	661
768	832	704	781	829	718
768	832	768	784	830	775
768	832	832	787	830	830
768	832	896	789	829	889
768	832	960	794	830	947
768	832	1023	798	831	1004
768	896	0	783	890	291
768	896	64	782	889	296
768	896	128	781	888	310
768	896	192	783	889	336
768	896	256	784	890	369
768	896	320	785	891	410
768	896	384	786	891	456
768	896	448	788	891	507
768	896	512	790	891	557
768	896	576	792	892	613
768	896	640	794	891	668
768	896	704	796	892	724
768	896	768	799	892	781
768	896	832	802	892	836
768	896	896	805	892	894
768	896	960	809	893	952
768	896	1023	812	893	1008
768	960	0	799	949	309
768	960	64	798	948	313
768	960	128	797	947	326
768	960	192	798	948	350
768	960	256	800	949	383
768	960	320	801	950	422
768	960	384	802	949	466
768	960	448	803	950	516
768	960	512	805	950	565
768	960	576	808	951	620
768	960	640	809	950	675
768	960	704	812	950	730
768	960	768	815	952	787
768	960	832	817	951	841
768	960	896	820	950	899
768	960	960	824	952	956
768	960	1023	828	953	1013
768	1023	0	816	1011	327
768	1023	64	815	1009	331
768	1023	128	815	1009	344
768	1023	192	815	1009	366
768	1023	256	817	1010	397
768	1023	320	818	1011	435
768	1023	384	819	1011	478
768	1023	448	820	1011	526
768	1023	512	822	1011	574
768	1023	576	824	1012	629
768	1023	640	826	1011	683
768	1023	704	829	1012	738
768	1023	768	832	1013	793
768	1023	832	834	1012	847
768	1023	896	837	1012	905
768	1023	960	840	1011	961
768	1023	1023	844	1011	1018
832	0	0	726	198	121
832	0	64	723	197	133
832	0	128	724	197	167
832	0	192	725	198	214
832	0	256	726	198	266
832	0	320	727	199	323
832	0	384	729	200	381
832	0	448	730	200	441
832	0	512	732	202	499
832	0	576	735	203	561
832	0	640	737	206	622
832	0	704	739	207	681
832	0	768	742	209	742
832	0	832	745	211	799
832	0	896	749	213	860
832	0	960	753	216	920
832	0	1023	757	219	979
832	64	0	727	206	122
832	64	64	725	206	135
832	64	128	725	206	168
832	64	192	726	206	215
832	64	256	727	207	267
832	64	320	728	208	324
832	64	384	730	209	382
832	64	448	731	209	443
832	64	512	734	211	500
832	64	576	736	212	562
832	64	640	738	214	623
832	64	704	740	215	682
832	64	768	744	217	742
832	64	832	746	219	800
832	64	896	750	221	861
832	64	960	754	225	921
832	64	1023	758	227	979
832	128	0	728	230	126
832	128	64	727	230	138
832	128	128	726	229	171
832	128	192	727	230	217
832	128	256	728	230	268
832	128	320	730	231	325
832	128	384	730	232	382
832	128	448	732	233	443
832	128	512	734	234	500
832	128	576	737	235	563
832	128	640	739	237	623
832	128	704	742	238	683
832	128	768	745	240	743
832	128	832	747	242	800
832	128	896	751	243	861
832	128	960	754	245	920
832	128	1023	759	249	979
832	192	0	730	267	132
832	192	64	728	266	144
832	192	128	728	266	175
832	192	192	730	267	220
832	192	256	731	267	271
832	192	320	731	267	327
832	192	384	733	268	384
832	192	448	734	269	445
832	192	512	737	270	502
832	192	576	739	271	564
832	192	640	741	272	624
832	192	704	743	273	683
832	192	768	746	275	743
832	192	832	749	275	801
832	192	896	753	278	862
832	192	960	758	280	922
832	192	1023	762	281	980
832	256	0	733	311	141
832	256	64	732	310	151
832	256	128	732	311	181
832	256	192	732	311	225
832	256	256	734	312	275
832	256	320	735	312	330
832	256	384	736	312	387
832	256	448	738	313	447
832	256	512	739	314	503
832	256	576	742	315	566
832	256	640	744	316	626
832	256	704	747	317	685
832	256	768	750	318	745
832	256	832	753	319	803
832	256	896	756	320	863
832	256	960	760	322	923
832	256	1023	765	324	982
832	320	0	738	363	152
832	320	64	736	362	161
832	320	128	737	362	190
832	320	192	737	363	232
832	320	256	738	363	280
832	320	320	739	363	334
832	320	384	741	364	391
832	320	448	742	364	450
832	320	512	744	365	506
832	320	576	747	366	568
832	320	640	749	366	628
832	320	704	751	367	687
832	320	768	754	368	746
832	320	832	757	368	804
832	320	896	761	370	865
832	320	960	765	372	924
832	320	1023	769	373	982
832	384	0	744	417	164
832	384	64	741	415	173
832	384	128	742	416	199
832	384	192	743	416	239
832	384	256	744	417	286
832	384	320	745	417	339
832	384	384	747	418	395
832	384	448	747	418	453
832	384	512	750	419	510
832	384	576	752	419	570
832	384	640	754	420	630
832	384	704	757	420	690
832	384	768	760	421	749
832	384	832	763	422	806
832	384	896	766	422	867
832	384	960	770	424	926
832	384	1023	774	425	984
832	448	0	751	474	178
832	448	64	749	474	186
832	448	128	749	473	210
832	448	192	750	474	248
832	448	256	751	475	294
832	448	320	752	474	345
832	448	384	753	475	400
832	448	448	755	475	458
832	448	512	757	476	514
832	448	576	760	477	575
832	448	640	761	476	633
832	448	704	764	477	692
832	448	768	767	478	752
832	448	832	770	478	809
832	448	896	773	479	869
832	448	960	777	480	928
832	448	1023	781	481	986
832	512	0	758	530	192
832	512	64	757	529	200
832	512	128	757	529	222
832	512	192	757	529	258
832	512	256	759	530	302
832	512	320	759	530	352
832	512	384	762	531	406
832	512	448	763	531	463
832	512	512	765	531	518
832	512	576	768	533	579
832	512	640	769	532	637
832	512	704	771	532	696
832	512	768	775	534	755
832	512	832	778	534	812
832	512	896	780	533	871
832	512	960	784	534	930
832	512	1023	788	535	989
832	576	0	768	592	209
832	576	64	766	590	215
832	576	128	766	591	236
832	576	192	767	592	270
832	576	256	769	592	312
832	576	320	769	592	361
832	576	384	771	593	413
832	576	448	772	593	469
832	576	512	774	593	523
832	576	576	777	594	583
832	576	640	779	594	642
832	576	704	780	594	699
832	576	768	784	595	758
832	576	832	786	595	814
832	576	896	790	595	875
832	576	960	794	596	934
832	576	1023	798	597	991
832	640	0	779	653	226
832	640	64	777	651	231
832	640	128	777	651	251
832	640	192	778	652	283
832	640	256	779	652	322
832	640	320	780	652	370
832	640	384	782	654	421
832	640	448	783	653	476
832	640	512	785	654	530
832	640	576	787	654	588
832	640	640	789	654	647
832	640	704	791	654	704
832	640	768	794	655	762
832	640	832	797	655	818
832	640	896	800	655	879
832	640	960	804	656	937
832	640	1023	807	657	994
832	704	0	789	710	242
832	704	64	788	709	247
832	704	128	788	709	265
832	704	192	788	709	295
832	704	256	790	710	333
832	704	320	791	711	380
832	704	384	792	711	429
832	704	448	794	711	483
832	704	512	795	711	536
832	704	576	798	712	595
832	704	640	800	711	651
832	704	704	802	712	709
832	704	768	805	713	767
832	704	832	808	712	823
832	704	896	811	712	882
832	704	960	814	713	940
832	704	1023	818	714	999
832	768	0	803	773	260
832	768	64	801	771	264
832	768	128	801	771	281
832	768	192	802	772	310
832	768	256	803	772	346
832	768	320	804	772	390
832	768	384	806	773	439
832	768	448	807	773	492
832	768	512	809	773	544
832	768	576	811	773	601
832	768	640	813	773	658
832	768	704	814	773	714
832	768	768	818	774	772
832	768	832	820	774	827
832	768	896	823	774	887
832	768	960	827	774	945
832	768	1023	830	775	1002
832	832	0	814	830	276
832	832	64	813	829	280
832	832	128	813	829	296
832	832	192	813	829	323
832	832	256	815	830	358
832	832	320	816	831	400
832	832	384	817	831	447
832	832	448	818	831	499
832	832	512	820	831	550
832	832	576	823	832	607
832	832	640	824	832	663
832	832	704	826	832	719
832	832	768	830	833	776
832	832	832	832	832	831
832	832	896	835	833	891
832	832	960	838	833	948
832	832	1023	843	834	1006
832	896	0	828	892	294
832	896	64	827	891	298
832	896	128	827	891	313
832	896	192	827	891	338
832	896	256	829	892	371
832	896	320	830	893	412
832	896	384	831	893	457
832	896	448	833	893	508
832	896	512	835	893	558
832	896	576	837	895	614
832	896	640	838	894	669
832	896	704	841	894	725
832	896	768	844	895	782
832	896	832	846	894	836
832	896	896	849	894	895
832	896	960	852	894	952
832	896	1023	856	896	1009
832	960	0	844	952	312
832	960	64	842	950	316
832	960	128	842	951	329
832	960	192	843	951	353
832	960	256	844	951	385
832	960	320	845	952	424
832	960	384	847	953	469
832	960	448	848	952	518
832	960	512	849	952	566
832	960	576	852	953	622
832	960	640	853	953	676
832	960	704	855	953	731
832	960	768	858	954	788
832	960	832	861	953	842
832	960	896	863	953	900
832	960	960	866	953	957
832	960	1023	870	954	1014
832	1023	0	861	1014	330
832	1023	64	858	1011	333
832	1023	128	858	1012	346
832	1023	192	859	1012	369
832	1023	256	860	1012	399
832	1023	320	861	1013	437
832	1023	384	863	1014	480
832	1023	448	863	1013	528
832	1023	512	866	1014	576
832	1023	576	868	1014	630
832	1023	640	869	1014	684
832	1023	704	871	1013	738
832	1023	768	874	1014	794
832	1023	832	876	1014	848
832	1023	896	879	1013	906
832	1023	960	882	1014	963
832	1023	1023	885	1013	1019
896	0	0	783	213	131
896	0	64	782	213	142
896	0	128	782	213	174
896	0	192	782	213	219
896	0	256	784	214	270
896	0	320	785	214	326
896	0	384	786	215	383
896	0	448	788	216	444
896	0	512	789	217	501
896	0	576	792	219	563
896	0	640	793	220	623
896	0	704	796	222	683
896	0	768	799	224	743
896	0	832	801	225	800
896	0	896	804	227	861
896	0	960	808	230	920
896	0	1023	813	233	980
896	64	0	785	221	132
896	64	64	783	220	143
896	64	128	783	220	175
896	64	192	784	221	220
896	64	256	785	222	271
896	64	320	786	222	327
896	64	384	787	223	384
896	64	448	789	224	445
896	64	512	790	225	501
896	64	576	793	227	564
896	64	640	794	228	623
896	64	704	797	230	683
896	64	768	800	231	743
896	64	832	803	233	801
896	64	896	806	235	862
896	64	960	810	238	921
896	64	1023	813	240	980
896	128	0	786	243	135
896	128	64	784	242	146
896	128	128	784	242	177
896	128	192	785	243	222
896	128	256	786	243	272
896	128	320	787	244	328
896	128	384	789	245	385
896	128	448	790	246	445
896	128	512	792	247	502
896	128	576	794	248	564
896	128	640	796	249	624
896	128	704	798	250	684
896	128	768	801	252	743
896	128	832	804	254	801
896	128	896	807	255	863
896	128	960	811	258	922
896	128	1023	814	260	980
896	192	0	788	277	141
896	192	64	786	277	152
896	192	128	786	277	182
896	192	192	787	277	225
896	192	256	788	278	275
896	192	320	789	279	330
896	192	384	790	279	387
896	192	448	792	280	447
896	192	512	794	280	503
896	192	576	796	282	566
896	192	640	797	282	625
896	192	704	800	284	685
896	192	768	803	286	745
896	192	832	806	287	802
896	192	896	808	288	863
896	192	960	812	290	922
896	192	1023	817	292	981
896	256	0	791	320	149
896	256	64	789	319	159
896	256	128	790	320	188
896	256	192	790	320	230
896	256	256	792	321	279
896	256	320	792	321	333
896	256	384	794	322	389
896	256	448	795	322	449
896	256	512	797	323	505
896	256	576	799	324	567
896	256	640	801	325	627
896	256	704	803	326	686
896	256	768	806	327	746
896	256	832	808	328	803
896	256	896	811	329	864
896	256	960	815	330	923
896	256	1023	819	333	982
896	320	0	795	370	159
896	320	64	794	370	168
896	320	128	793	370	195
896	320	192	794	370	236
896	320	256	796	371	284
896	320	320	797	371	337
896	320	384	798	372	393
896	320	448	799	372	452
896	320	512	801	373	508
896	320	576	804	374	570
896	320	640	805	374	629
896	320	704	807	374	688
896	320	768	811	376	748
896	320	832	813	376	805
896	320	896	816	377	866
896	320	960	819	379	925
896	320	1023	824	380	983
896	384	0	800	423	171
896	384	64	798	422	179
896	384	128	799	422	205
896	384	192	799	422	243
896	384	256	800	423	290
896	384	320	802	423	342
896	384	384	803	424	397
896	384	448	804	424	455
896	384	512	805	424	511
896	384	576	808	426	572
896	384	640	810	425	631
896	384	704	812	426	690
896	384	768	815	428	750
896	384	832	818	428	807
896	384	896	820	429	867
896	384	960	824	429	926
896	384	1023	829	431	985
896	448	0	807	480	185
896	448	64	804	478	192
896	448	128	805	478	216
896	448	192	806	479	253
896	448	256	806	479	297
896	448	320	808	480	348
896	448	384	809	480	402
896	448	448	810	480	460
896	448	512	812	481	515
896	448	576	814	482	575
896	448	640	816	482	635
896	448	704	818	482	693
896	448	768	821	483	752
896	448	832	824	483	809
896	448	896	827	484	870
896	448	960	831	485	929
896	448	1023	834	486	987
896	512	0	814	535	198
896	512	64	812	533	205
896	512	128	812	534	227
896	512	192	813	534	262
896	512	256	814	534	305
896	512	320	815	535	355
896	512	384	817	536	408
896	512	448	818	535	465
896	512	512	820	536	520
896	512	576	822	537	580
896	512	640	823	537	638
896	512	704	825	537	696
896	512	768	828	538	755
896	512	832	831	538	812
896	512	896	834	538	873
896	512	960	838	539	931
896	512	1023	841	540	989
896	576	0	822	595	214
896	576	64	820	594	220
896	576	128	821	594	241
896	576	192	821	594	273
896	576	256	822	595	315
896	576	320	824	596	363
896	576	384	825	596	415
896	576	448	826	596	471
896	576	512	828	597	524
896	576	576	830	598	584
896	576	640	832	597	642
896	576	704	834	597	700
896	576	768	837	598	759
896	576	832	839	598	815
896	576	896	842	599	876
896	576	960	845	599	933
896	576	1023	850	601	992
896	640	0	832	655	230
896	640	64	830	655	236
896	640	128	830	654	255
896	640	192	831	655	286
896	640	256	833	656	325
896	640	320	833	656	372
896	640	384	835	657	423
896	640	448	836	657	478
896	640	512	838	657	531
896	640	576	841	658	590
896	640	640	842	657	647
896	640	704	844	658	705
896	640	768	847	659	763
896	640	832	849	658	819
896	640	896	852	658	879
896	640	960	855	659	937
896	640	1023	859	660	995
896	704	0	843	714	246
896	704	64	841	712	251
896	704	128	841	712	269
896	704	192	842	713	299
896	704	256	844	714	337
896	704	320	844	713	382
896	704	384	846	714	431
896	704	448	846	713	485
896	704	512	848	714	537
896	704	576	850	715	595
896	704	640	852	715	653
896	704	704	855	715	710
896	704	768	857	715	768
896	704	832	859	715	823
896	704	896	862	715	883
896	704	960	866	716	941
896	704	1023	869	717	999
896	768	0	855	775	263
896	768	64	853	774	268
896	768	128	853	773	285
896	768	192	854	774	313
896	768	256	855	775	349
896	768	320	855	774	392
896	768	384	857	775	440
896	768	448	859	775	493
896	768	512	860	776	545
896	768	576	862	776	602
896	768	640	863	775	658
896	768	704	866	776	715
896	768	768	869	777	773
896	768	832	871	777	828
896	768	896	873	776	887
896	768	960	877	777	945
896	768	1023	880	777	1002
896	832	0	866	833	280
896	832	64	864	832	284
896	832	128	864	832	300
896	832	192	865	833	326
896	832	256	867	834	361
896	832	320	867	833	403
896	832	384	869	834	449
896	832	448	870	834	501
896	832	512	872	835	552
896	832	576	873	835	608
896	832	640	875	835	664
896	832	704	877	835	720
896	832	768	879	835	777
896	832	832	881	834	832
896	832	896	884	835	891
896	832	960	888	835	949
896	832	1023	891	836	1006
896	896	0	880	896	298
896	896	64	877	893	302
896	896	128	878	894	316
896	896	192	879	894	341
896	896	256	880	895	374
896	896	320	881	895	414
896	896	384	882	896	460
896	896	448	883	895	510
896	896	512	885	896	560
896	896	576	887	897	616
896	896	640	888	896	670
896	896	704	891	897	727
896	896	768	893	897	783
896	896	832	895	896	837
896	896	896	898	897	896
896	896	960	902	898	954
896	896	1023	905	898	1010
896	960	0	894	954	315
896	960	64	891	952	318
896	960	128	891	952	332
896	960	192	892	953	356
896	960	256	894	954	387
896	960	320	894	954	426
896	960	384	896	955	470
896	960	448	898	956	520
896	960	512	899	955	568
896	960	576	900	955	623
896	960	640	902	955	678
896	960	704	904	955	733
896	960	768	907	956	789
896	960	832	909	955	843
896	960	896	911	955	901
896	960	960	915	956	958
896	960	1023	918	957	1015
896	1023	0	909	1016	333
896	1023	64	907	1014	337
896	1023	128	906	1013	349
896	1023	192	907	1014	371
896	1023	256	909	1016	402
896	1023	320	910	1015	439
896	1023	384	911	1016	482
896	1023	448	912	1016	530
896	1023	512	913	1016	578
896	1023	576	916	1017	632
896	1023	640	917	1016	685
896	1023	704	919	1016	740
896	1023	768	922	1017	795
896	1023	832	924	1016	849
896	1023	896	926	1016	907
896	1023	960	929	1016	963
896	1023	1023	932	1015	1019
960	0	0	838	228	140
960	0	64	836	227	150
960	0	128	836	227	180
960	0	192	837	228	224
960	0	256	839	228	274
960	0	320	839	229	329
960	0	384	841	230	386
960	0	448	842	231	446
960	0	512	844	232	502
960	0	576	846	233	564
960	0	640	847	234	624
960	0	704	850	236	684
960	0	768	853	238	744
960	0	832	855	239	801
960	0	896	857	241	861
960	0	960	861	244	921
960	0	1023	865	246	980
960	64	0	839	235	141
960	64	64	837	235	151
960	64	128	837	235	181
960	64	192	838	235	224
960	64	256	840	236	274
960	64	320	840	236	329
960	64	384	842	237	386
960	64	448	842	238	446
960	64	512	845	239	503
960	64	576	846	240	564
960	64	640	848	241	625
960	64	704	850	243	684
960	64	768	853	244	744
960	64	832	855	246	801
960	64	896	858	248	862
960	64	960	862	250	922
960	64	1023	866	253	980
960	128	0	839	255	144
960	128	64	838	255	154
960	128	128	838	255	183
960	128	192	839	255	226
960	128	256	840	256	276
960	128	320	841	257	330
960	128	384	843	258	387
960	128	448	844	258	447
960	128	512	845	259	503
960	128	576	847	260	565
960	128	640	849	261	625
960	128	704	851	262	685
960	128	768	854	264	744
960	128	832	857	265	802
960	128	896	859	267	863
960	128	960	863	270	922
960	128	1023	866	272	980
960	192	0	842	288	149
960	192	64	839	287	159
960	192	128	840	287	187
960	192	192	841	288	229
960	192	256	843	289	278
960	192	320	843	289	332
960	192	384	844	290	389
960	192	448	846	290	449
960	192	512	847	291	505
960	192	576	849	292	566
960	192	640	851	293	626
960	192	704	853	294	686
960	192	768	856	296	745
960	192	832	858	296	802
960	192	896	861	298	863
960	192	960	865	300	923
960	192	1023	869	302	981
960	256	0	845	329	157
960	256	64	843	328	166
960	256	128	843	329	193
960	256	192	844	329	234
960	256	256	845	329	282
960	256	320	846	330	336
960	256	384	848	331	392
960	256	448	848	331	450
960	256	512	849	332	506
960	256	576	853	333	568
960	256	640	854	334	628
960	256	704	855	334	687
960	256	768	859	336	746
960	256	832	861	336	804
960	256	896	864	337	865
960	256	960	867	339	924
960	256	1023	871	341	982
960	320	0	848	378	166
960	320	64	846	376	175
960	320	128	846	377	201
960	320	192	847	377	240
960	320	256	849	378	287
960	320	320	849	378	339
960	320	384	851	379	395
960	320	448	852	379	453
960	320	512	854	380	510
960	320	576	856	381	570
960	320	640	858	381	630
960	320	704	860	382	689
960	320	768	863	383	749
960	320	832	865	384	805
960	320	896	868	384	866
960	320	960	871	386	925
960	320	1023	874	387	983
960	384	0	853	429	177
960	384	64	852	428	185
960	384	128	851	428	209
960	384	192	852	429	247
960	384	256	854	429	293
960	384	320	854	429	344
960	384	384	856	430	399
960	384	448	857	430	457
960	384	512	858	431	512
960	384	576	861	432	573
960	384	640	862	432	632
960	384	704	864	433	691
960	384	768	868	434	751
960	384	832	870	434	807
960	384	896	872	434	868
960	384	960	876	436	927
960	384	1023	879	437	985
960	448	0	859	485	190
960	448	64	857	484	198
960	448	128	857	483	220
960	448	192	858	484	256
960	448	256	859	485	300
960	448	320	861	485	351
960	448	384	861	485	404
960	448	448	863	486	461
960	448	512	864	486	516
960	448	576	867	488	577
960	448	640	868	487	635
960	448	704	870	488	694
960	448	768	873	488	753
960	448	832	876	489	810
960	448	896	878	489	870
960	448	960	881	490	929
960	448	1023	885	491	987
960	512	0	866	539	203
960	512	64	864	538	210
960	512	128	864	538	231
960	512	192	865	538	266
960	512	256	866	539	308
960	512	320	867	540	358
960	512	384	869	540	410
960	512	448	870	540	467
960	512	512	871	540	521
960	512	576	874	541	581
960	512	640	874	541	639
960	512	704	877	541	697
960	512	768	880	543	757
960	512	832	882	542	813
960	512	896	884	542	872
960	512	960	888	544	931
960	512	1023	892	545	990
960	576	0	874	599	219
960	576	64	872	598	225
960	576	128	872	598	245
960	576	192	873	599	277
960	576	256	875	600	318
960	576	320	875	599	365
960	576	384	876	600	417
960	576	448	878	600	472
960	576	512	879	601	526
960	576	576	882	602	586
960	576	640	883	601	643
960	576	704	885	602	701
960	576	768	888	603	760
960	576	832	890	602	816
960	576	896	892	603	876
960	576	960	896	603	934
960	576	1023	900	604	992
960	640	0	884	659	235
960	640	64	881	657	240
960	640	128	881	658	259
960	640	192	883	659	289
960	640	256	884	660	328
960	640	320	885	660	375
960	640	384	886	660	425
960	640	448	886	659	479
960	640	512	888	660	532
960	640	576	890	660	590
960	640	640	892	661	648
960	640	704	894	660	705
960	640	768	897	661	764
960	640	832	899	661	819
960	640	896	902	662	880
960	640	960	905	663	938
960	640	1023	908	663	996
960	704	0	894	717	250
960	704	64	891	715	255
960	704	128	892	715	273
960	704	192	893	716	302
960	704	256	894	716	339
960	704	320	894	717	384
960	704	384	896	717	433
960	704	448	897	717	487
960	704	512	898	717	538
960	704	576	900	718	596
960	704	640	902	718	654
960	704	704	904	718	711
960	704	768	907	719	769
960	704	832	908	718	824
960	704	896	911	719	884
960	704	960	914	719	941
960	704	1023	918	720	1000
960	768	0	904	778	267
960	768	64	902	776	272
960	768	128	903	776	288
960	768	192	904	777	316
960	768	256	905	778	351
960	768	320	905	777	394
960	768	384	907	779	442
960	768	448	908	778	495
960	768	512	910	779	546
960	768	576	911	779	603
960	768	640	913	778	659
960	768	704	915	778	716
960	768	768	917	779	773
960	768	832	919	779	828
960	768	896	922	779	888
960	768	960	926	780	946
960	768	1023	929	780	1003
960	832	0	916	836	284
960	832	64	913	834	288
960	832	128	913	834	303
960	832	192	914	835	329
960	832	256	915	835	363
960	832	320	916	836	405
960	832	384	918	837	452
960	832	448	918	836	502
960	832	512	920	837	553
960	832	576	922	837	609
960	832	640	923	837	665
960	832	704	925	836	721
960	832	768	928	838	778
960	832	832	930	837	833
960	832	896	932	837	892
960	832	960	936	838	949
960	832	1023	939	839	1006
960	896	0	928	898	301
960	896	64	925	896	305
960	896	128	926	896	319
960	896	192	926	896	344
960	896	256	927	897	376
960	896	320	928	897	416
960	896	384	930	898	461
960	896	448	930	897	511
960	896	512	932	898	561
960	896	576	935	899	617
960	896	640	936	899	672
960	896	704	937	898	727
960	896	768	940	899	783
960	896	832	942	899	838
960	896	896	945	899	896
960	896	960	947	899	953
960	896	1023	951	900	1010
960	960	0	941	957	318
960	960	64	939	955	322
960	960	128	939	955	335
960	960	192	940	956	359
960	960	256	941	956	389
960	960	320	942	956	428
960	960	384	943	957	472
960	960	448	944	957	521
960	960	512	946	958	570
960	960	576	948	959	625
960	960	640	949	957	679
960	960	704	950	957	733
960	960	768	953	958	789
960	960	832	956	958	844
960	960	896	958	958	902
960	960	960	961	959	959
960	960	1023	964	959	1015
960	1023	0	956	1018	336
960	1023	64	953	1015	339
960	1023	128	953	1015	352
960	1023	192	954	1016	374
960	1023	256	956	1018	404
960	1023	320	956	1017	441
960	1023	384	957	1018	484
960	1023	448	958	1017	531
960	1023	512	960	1018	579
960	1023	576	962	1018	633
960	1023	640	963	1018	686
960	1023	704	965	1018	741
960	1023	768	968	1019	796
960	1023	832	969	1018	850
960	1023	896	971	1017	907
960	1023	960	975	1018	964
960	1023	1023	978	1017	1020
1023	0	0	890	242	148
1023	0	64	887	241	158
1023	0	128	888	241	187
1023	0	192	889	242	229
1023	0	256	890	242	278
1023	0	320	890	243	332
1023	0	384	892	244	388
1023	0	448	893	244	447
1023	0	512	895	245	504
1023	0	576	896	247	565
1023	0	640	898	248	625
1023	0	704	900	249	685
1023	0	768	903	251	745
1023	0	832	905	252	802
1023	0	896	907	254	863
1023	0	960	911	256	922
1023	0	1023	915	259	980
1023	64	0	891	249	150
1023	64	64	889	248	159
1023	64	128	889	248	188
1023	64	192	890	248	230
1023	64	256	891	249	278
1023	64	320	892	249	333
1023	64	384	893	250	389
1023	64	448	894	251	448
1023	64	512	896	252	505
1023	64	576	898	253	566
1023	64	640	899	255	626
1023	64	704	901	256	685
1023	64	768	904	257	745
1023	64	832	906	259	802
1023	64	896	909	261	863
1023	64	960	912	263	923
1023	64	1023	916	265	981
1023	128	0	891	268	152
1023	128	64	890	267	162
1023	128	128	890	267	190
1023	128	192	891	267	231
1023	128	256	892	268	280
1023	128	320	893	269	334
1023	128	384	894	269	390
1023	128	448	895	270	449
1023	128	512	896	271	505
1023	128	576	899	272	567
1023	128	640	900	273	627
1023	128	704	902	274	686
1023	128	768	905	276	746
1023	128	832	907	277	803
1023	128	896	909	279	864
1023	128	960	913	281	923
1023	128	1023	917	283	982
1023	192	0	893	299	157
1023	192	64	891	298	166
1023	192	128	892	298	194
1023	192	192	893	299	234
1023	192	256	894	299	282
1023	192	320	894	299	335
1023	192	384	896	300	391
1023	192	448	896	300	450
1023	192	512	898	302	507
1023	192	576	900	302	568
1023	192	640	902	303	628
1023	192	704	903	304	687
1023	192	768	906	306	746
1023	192	832	908	307	803
1023	192	896	911	308	864
1023	192	960	915	310	924
1023	192	1023	918	312	982
1023	256	0	896	338	164
1023	256	64	894	337	173
1023	256	128	895	338	199
1023	256	192	895	338	239
1023	256	256	896	338	285
1023	256	320	897	339	339
1023	256	384	899	340	394
1023	256	448	899	340	453
1023	256	512	901	340	509
1023	256	576	903	342	570
1023	256	640	904	342	629
1023	256	704	906	343	688
1023	256	768	909	344	748
1023	256	832	911	345	805
1023	256	896	914	346	866
1023	256	960	917	348	924
1023	256	1023	921	350	983
1023	320	0	900	386	174
1023	320	64	897	384	182
1023	320	128	898	385	207
1023	320	192	898	385	245
1023	320	256	900	386	291
1023	320	320	900	386	342
1023	320	384	902	386	397
1023	320	448	903	387	455
1023	320	512	904	387	511
1023	320	576	906	388	572
1023	320	640	908	389	631
1023	320	704	909	389	690
1023	320	768	913	390	749
1023	320	832	915	391	806
1023	320	896	917	392	867
1023	320	960	920	393	926
1023	320	1023	924	394	984
1023	384	0	903	435	184
1023	384	64	901	434	191
1023	384	128	902	434	215
1023	384	192	903	435	252
1023	384	256	904	436	296
1023	384	320	904	436	347
1023	384	384	906	436	401
1023	384	448	907	437	459
1023	384	512	909	437	514
1023	384	576	910	438	574
1023	384	640	912	438	634
1023	384	704	914	439	693
1023	384	768	917	440	752
1023	384	832	919	440	808
1023	384	896	922	441	869
1023	384	960	925	442	928
1023	384	1023	928	443	985
1023	448	0	909	490	196
1023	448	64	908	489	203
1023	448	128	907	489	225
1023	448	192	908	489	260
1023	448	256	909	490	304
1023	448	320	910	490	353
1023	448	384	911	491	406
1023	448	448	912	491	463
1023	448	512	914	491	518
1023	448	576	917	493	578
1023	448	640	917	492	636
1023	448	704	919	493	695
1023	448	768	922	494	754
1023	448	832	924	494	811
1023	448	896	926	494	871
1023	448	960	930	496	930
1023	448	1023	933	496	988
1023	512	0	916	544	209
1023	512	64	914	543	216
1023	512	128	914	543	236
1023	512	192	915	543	270
1023	512	256	916	544	312
1023	512	320	916	544	360
1023	512	384	918	545	412
1023	512	448	919	545	468
1023	512	512	920	545	522
1023	512	576	923	547	582
1023	512	640	923	546	640
1023	512	704	926	546	699
1023	512	768	929	547	757
1023	512	832	931	547	813
1023	512	896	932	547	873
1023	512	960	936	549	933
1023	512	1023	939	549	990
1023	576	0	923	604	224
1023	576	64	921	602	230
1023	576	128	921	603	249
1023	576	192	922	603	281
1023	576	256	924	604	321
1023	576	320	924	604	368
1023	576	384	926	605	419
1023	576	448	926	604	474
1023	576	512	928	605	528
1023	576	576	930	606	587
1023	576	640	932	606	645
1023	576	704	933	606	702
1023	576	768	936	606	760
1023	576	832	937	606	816
1023	576	896	940	606	877
1023	576	960	943	607	935
1023	576	1023	947	609	993
1023	640	0	932	663	240
1023	640	64	930	661	245
1023	640	128	930	661	263
1023	640	192	931	662	293
1023	640	256	932	662	331
1023	640	320	933	663	377
1023	640	384	935	664	427
1023	640	448	935	664	481
1023	640	512	937	665	534
1023	640	576	939	665	592
1023	640	640	940	665	650
1023	640	704	942	665	707
1023	640	768	945	666	765
1023	640	832	946	665	820
1023	640	896	949	665	880
1023	640	960	952	666	938
1023	640	1023	956	667	996
1023	704	0	941	719	255
1023	704	64	939	718	260
1023	704	128	939	719	277
1023	704	192	940	718	305
1023	704	256	941	719	342
1023	704	320	942	720	386
1023	704	384	944	721	436
1023	704	448	944	720	488
1023	704	512	946	720	540
1023	704	576	948	721	598
1023	704	640	949	721	654
1023	704	704	951	721	712
1023	704	768	954	722	769
1023	704	832	956	722	825
1023	704	896	958	722	885
1023	704	960	961	722	942
1023	704	1023	965	724	1000
1023	768	0	952	781	271
1023	768	64	950	779	276
1023	768	128	950	780	292
1023	768	192	951	780	319
1023	768	256	952	781	354
1023	768	320	953	781	397
1023	768	384	955	782	445
1023	768	448	955	781	496
1023	768	512	957	782	548
1023	768	576	958	782	604
1023	768	640	960	782	661
1023	768	704	961	781	717
1023	768	768	964	782	774
1023	768	832	966	782	829
1023	768	896	968	782	889
1023	768	960	972	783	947
1023	768	1023	975	784	1004
1023	832	0	962	839	287
1023	832	64	960	837	291
1023	832	128	960	838	307
1023	832	192	961	838	332
1023	832	256	962	839	366
1023	832	320	963	839	407
1023	832	384	965	840	454
1023	832	448	965	840	504
1023	832	512	966	840	554
1023	832	576	969	841	611
1023	832	640	969	840	666
1023	832	704	972	840	722
1023	832	768	974	841	779
1023	832	832	976	840	834
1023	832	896	978	840	893
1023	832	960	981	841	950
1023	832	1023	985	842	1007
1023	896	0	973	899	304
1023	896	64	972	899	309
1023	896	128	972	899	323
1023	896	192	972	899	346
1023	896	256	974	900	379
1023	896	320	975	900	419
1023	896	384	977	902	464
1023	896	448	977	901	513
1023	896	512	978	901	562
1023	896	576	981	902	618
1023	896	640	981	901	672
1023	896	704	983	901	728
1023	896	768	986	902	784
1023	896	832	987	902	839
1023	896	896	990	902	897
1023	896	960	992	902	954
1023	896	1023	996	903	1011
1023	960	0	986	958	321
1023	960	64	984	957	325
1023	960	128	984	958	338
1023	960	192	985	958	362
1023	960	256	986	958	392
1023	960	320	987	959	431
1023	960	384	988	960	474
1023	960	448	989	959	523
1023	960	512	990	959	571
1023	960	576	993	961	626
1023	960	640	993	959	679
1023	960	704	995	960	734
1023	960	768	998	960	790
1023	960	832	1000	960	845
1023	960	896	1002	961	903
1023	960	960	1005	961	959
1023	960	1023	1008	962	1016
1023	1023	0	1000	1021	339
1023	1023	64	997	1018	342
1023	1023	128	998	1019	355
1023	1023	192	999	1019	377
1023	1023	256	1000	1020	407
1023	1023	320	1000	1020	444
1023	1023	384	1002	1021	486
1023	1023	448	1003	1021	534
1023	1023	512	1005	1021	581
1023	1023	576	1006	1022	635
1023	1023	640	1007	1021	688
1023	1023	704	1009	1021	742
1023	1023	768	1012	1022	798
1023	1023	832	1013	1021	851
1023	1023	896	1015	1022	909
1023	1023	960	1018	1022	966
1023	1023	1023	1023	1023	1023
