0	0	0	0	0	0
0	0	64	18	7	67
0	0	128	34	14	129
0	0	192	51	21	192
0	0	256	68	28	254
0	0	320	85	35	319
0	0	384	102	42	383
0	0	448	120	49	448
0	0	512	136	56	509
0	0	576	154	63	576
0	0	640	171	70	640
0	0	704	188	77	702
0	0	768	204	84	765
0	0	832	220	90	825
0	0	896	238	97	890
0	0	960	254	104	951
0	0	1023	270	111	1013
0	64	0	16	69	9
0	64	64	23	69	67
0	64	128	37	70	129
0	64	192	53	71	192
0	64	256	69	73	255
0	64	320	86	75	319
0	64	384	103	79	383
0	64	448	121	82	449
0	64	512	137	86	510
0	64	576	154	91	576
0	64	640	171	95	639
0	64	704	188	100	703
0	64	768	205	105	766
0	64	832	221	111	825
0	64	896	238	116	890
0	64	960	255	122	951
0	64	1023	271	128	1013
0	128	0	31	131	17
0	128	64	35	131	68
0	128	128	45	131	130
0	128	192	58	132	193
0	128	256	73	133	255
0	128	320	89	134	319
0	128	384	105	136	383
0	128	448	123	138	449
0	128	512	138	140	510
0	128	576	156	143	576
0	128	640	173	145	640
0	128	704	189	148	703
0	128	768	206	152	766
0	128	832	222	155	825
0	128	896	239	158	890
0	128	960	255	163	951
0	128	1023	272	167	1013
0	192	0	46	193	25
0	192	64	48	193	70
0	192	128	56	194	131
0	192	192	67	194	194
0	192	256	80	195	255
0	192	320	95	196	320
0	192	384	110	197	384
0	192	448	126	198	449
0	192	512	142	199	510
0	192	576	159	201	577
0	192	640	175	203	641
0	192	704	191	204	703
0	192	768	208	207	766
0	192	832	224	209	826
0	192	896	240	212	890
0	192	960	257	214	952
0	192	1023	273	218	1013
0	256	0	60	255	33
0	256	64	62	255	73
0	256	128	68	255	132
0	256	192	77	256	194
0	256	256	88	257	256
0	256	320	102	257	320
0	256	384	116	259	384
0	256	448	131	259	450
0	256	512	146	260	511
0	256	576	163	262	577
0	256	640	179	263	641
0	256	704	195	264	704
0	256	768	211	266	766
0	256	832	226	267	826
0	256	896	243	268	890
0	256	960	259	270	952
0	256	1023	275	273	1013
0	320	0	75	318	42
0	320	64	77	319	77
0	320	128	82	320	134
0	320	192	89	320	196
0	320	256	99	321	257
0	320	320	111	321	321
0	320	384	124	323	385
0	320	448	138	323	450
0	320	512	152	323	511
0	320	576	168	325	578
0	320	640	183	325	641
0	320	704	199	326	704
0	320	768	215	327	767
0	320	832	230	328	827
0	320	896	246	330	891
0	320	960	262	331	952
0	320	1023	278	333	1014
0	384	0	90	381	50
0	384	64	92	381	81
0	384	128	95	382	136
0	384	192	102	383	197
0	384	256	110	383	258
0	384	320	121	384	322
0	384	384	133	385	385
0	384	448	146	385	451
0	384	512	159	386	512
0	384	576	174	387	578
0	384	640	189	387	642
0	384	704	204	387	704
0	384	768	219	389	767
0	384	832	234	389	827
0	384	896	250	390	891
0	384	960	266	391	953
0	384	1023	281	393	1014
0	448	0	106	445	58
0	448	64	107	445	86
0	448	128	110	446	139
0	448	192	115	447	199
0	448	256	123	448	260
0	448	320	132	448	323
0	448	384	143	449	386
0	448	448	155	449	451
0	448	512	168	450	513
0	448	576	182	450	578
0	448	640	196	450	642
0	448	704	210	450	705
0	448	768	225	452	768
0	448	832	240	452	828
0	448	896	255	453	892
0	448	960	270	454	954
0	448	1023	286	455	1015
0	512	0	120	506	66
0	512	64	121	506	91
0	512	128	124	507	142
0	512	192	128	508	201
0	512	256	135	509	261
0	512	320	143	509	324
0	512	384	153	509	387
0	512	448	165	509	452
0	512	512	176	510	514
0	512	576	190	510	579
0	512	640	203	511	643
0	512	704	217	510	705
0	512	768	231	512	768
0	512	832	245	512	829
0	512	896	260	512	892
0	512	960	275	513	954
0	512	1023	291	515	1016
0	576	0	136	572	75
0	576	64	136	572	97
0	576	128	139	573	146
0	576	192	143	574	204
0	576	256	149	574	263
0	576	320	156	575	326
0	576	384	166	576	389
0	576	448	176	575	454
0	576	512	187	576	515
0	576	576	199	577	580
0	576	640	212	577	644
0	576	704	225	577	706
0	576	768	239	578	769
0	576	832	253	578	829
0	576	896	267	578	893
0	576	960	282	579	955
0	576	1023	296	580	1016
0	640	0	151	635	83
0	640	64	151	636	103
0	640	128	154	637	150
0	640	192	157	637	206
0	640	256	163	638	265
0	640	320	170	639	328
0	640	384	178	639	390
0	640	448	188	640	455
0	640	512	198	640	516
0	640	576	210	641	582
0	640	640	221	640	645
0	640	704	234	640	707
0	640	768	247	641	771
0	640	832	260	642	831
0	640	896	274	641	894
0	640	960	288	642	956
0	640	1023	303	643	1018
0	704	0	165	696	91
0	704	64	166	697	110
0	704	128	168	697	154
0	704	192	171	698	209
0	704	256	176	700	268
0	704	320	182	700	330
0	704	384	190	700	392
0	704	448	199	701	457
0	704	512	208	701	517
0	704	576	220	702	583
0	704	640	231	701	646
0	704	704	243	701	709
0	704	768	256	702	772
0	704	832	268	702	832
0	704	896	282	702	896
0	704	960	296	703	958
0	704	1023	309	703	1018
0	768	0	180	760	99
0	768	64	181	761	117
0	768	128	183	762	159
0	768	192	186	762	212
0	768	256	190	763	270
0	768	320	196	764	332
0	768	384	203	764	394
0	768	448	212	765	458
0	768	512	220	765	519
0	768	576	231	766	585
0	768	640	242	765	648
0	768	704	253	766	710
0	768	768	265	766	773
0	768	832	277	766	833
0	768	896	290	765	896
0	768	960	304	766	958
0	768	1023	317	767	1020
0	832	0	195	821	107
0	832	64	195	822	123
0	832	128	197	822	163
0	832	192	200	823	215
0	832	256	204	825	272
0	832	320	209	824	333
0	832	384	216	825	395
0	832	448	224	826	460
0	832	512	232	826	519
0	832	576	242	827	585
0	832	640	252	826	648
0	832	704	263	826	711
0	832	768	275	827	774
0	832	832	286	827	833
0	832	896	299	826	897
0	832	960	312	827	959
0	832	1023	325	827	1019
0	896	0	210	884	115
0	896	64	210	885	130
0	896	128	212	885	168
0	896	192	215	887	219
0	896	256	218	888	275
0	896	320	223	888	335
0	896	384	229	889	396
0	896	448	237	890	461
0	896	512	244	889	521
0	896	576	254	891	586
0	896	640	264	890	649
0	896	704	274	890	712
0	896	768	285	891	774
0	896	832	296	890	834
0	896	896	308	890	898
0	896	960	321	891	959
0	896	1023	333	891	1020
0	960	0	224	945	123
0	960	64	225	947	137
0	960	128	226	946	173
0	960	192	229	947	223
0	960	256	232	949	278
0	960	320	237	950	338
0	960	384	243	950	399
0	960	448	249	950	462
0	960	512	257	950	522
0	960	576	266	952	588
0	960	640	275	950	650
0	960	704	285	950	713
0	960	768	295	951	775
0	960	832	306	951	835
0	960	896	318	950	898
0	960	960	329	951	960
0	960	1023	342	952	1022
0	1023	0	239	1007	131
0	1023	64	240	1009	144
0	1023	128	241	1010	179
0	1023	192	243	1010	227
0	1023	256	247	1012	281
0	1023	320	251	1012	340
0	1023	384	256	1012	401
0	1023	448	263	1013	464
0	1023	512	269	1013	524
0	1023	576	278	1014	589
0	1023	640	286	1013	652
0	1023	704	296	1013	714
0	1023	768	306	1014	777
0	1023	832	317	1013	837
0	1023	896	328	1013	901
0	1023	960	339	1013	962
0	1023	1023	351	1013	1023
64	0	0	66	10	0
64	0	64	68	12	67
64	0	128	73	16	129
64	0	192	81	23	192
64	0	256	92	29	254
64	0	320	105	36	318
64	0	384	119	43	382
64	0	448	134	50	448
64	0	512	148	56	509
64	0	576	164	63	575
64	0	640	180	70	639
64	0	704	196	77	702
64	0	768	212	84	765
64	0	832	228	91	825
64	0	896	244	98	889
64	0	960	260	104	951
64	0	1023	276	112	1011
64	64	0	67	69	9
64	64	64	68	69	67
64	64	128	73	70	129
64	64	192	82	71	192
64	64	256	93	73	254
64	64	320	105	76	319
64	64	384	119	79	383
64	64	448	134	82	448
64	64	512	148	86	509
64	64	576	165	91	576
64	64	640	180	96	639
64	64	704	196	100	702
64	64	768	212	106	765
64	64	832	228	110	826
64	64	896	244	116	889
64	64	960	260	123	951
64	64	1023	276	129	1012
64	128	0	71	131	17
64	128	64	72	131	68
64	128	128	77	131	129
64	128	192	85	132	193
64	128	256	95	134	255
64	128	320	107	135	319
64	128	384	121	136	383
64	128	448	136	138	448
64	128	512	150	140	510
64	128	576	166	143	576
64	128	640	181	146	640
64	128	704	197	148	702
64	128	768	213	152	765
64	128	832	229	155	825
64	128	896	245	159	890
64	128	960	261	163	951
64	128	1023	276	168	1012
64	192	0	77	193	25
64	192	64	78	193	70
64	192	128	82	194	130
64	192	192	90	194	193
64	192	256	99	195	255
64	192	320	111	196	320
64	192	384	124	197	383
64	192	448	139	198	449
64	192	512	153	200	510
64	192	576	168	202	576
64	192	640	183	203	639
64	192	704	199	205	702
64	192	768	215	207	766
64	192	832	230	209	826
64	192	896	247	212	889
64	192	960	262	214	951
64	192	1023	278	217	1013
64	256	0	85	256	34
64	256	64	86	255	73
64	256	128	90	255	132
64	256	192	97	256	194
64	256	256	106	257	256
64	256	320	117	257	320
64	256	384	129	259	384
64	256	448	143	259	449
64	256	512	157	260	511
64	256	576	172	262	576
64	256	640	187	263	640
64	256	704	202	264	703
64	256	768	217	266	767
64	256	832	233	267	826
64	256	896	248	269	890
64	256	960	265	271	952
64	256	1023	280	273	1013
64	320	0	96	319	42
64	320	64	96	319	77
64	320	128	100	319	134
64	320	192	106	320	195
64	320	256	114	321	257
64	320	320	124	321	321
64	320	384	136	322	384
64	320	448	149	323	450
64	320	512	162	323	511
64	320	576	177	325	577
64	320	640	191	325	640
64	320	704	206	326	703
64	320	768	221	328	766
64	320	832	236	328	826
64	320	896	252	329	889
64	320	960	267	331	952
64	320	1023	282	333	1013
64	384	0	107	382	50
64	384	64	108	381	81
64	384	128	111	382	136
64	384	192	116	383	197
64	384	256	124	383	258
64	384	320	133	384	321
64	384	384	144	385	385
64	384	448	156	385	450
64	384	512	168	385	511
64	384	576	182	386	577
64	384	640	196	386	640
64	384	704	211	387	703
64	384	768	225	388	766
64	384	832	240	389	827
64	384	896	255	390	891
64	384	960	271	391	952
64	384	1023	286	393	1014
64	448	0	120	446	58
64	448	64	120	445	86
64	448	128	123	446	139
64	448	192	128	446	199
64	448	256	135	447	259
64	448	320	143	448	322
64	448	384	153	449	386
64	448	448	164	448	451
64	448	512	176	450	513
64	448	576	190	450	578
64	448	640	203	450	642
64	448	704	216	451	704
64	448	768	231	452	767
64	448	832	245	452	827
64	448	896	260	453	891
64	448	960	275	454	953
64	448	1023	290	455	1014
64	512	0	133	507	66
64	512	64	133	505	91
64	512	128	135	506	141
64	512	192	140	507	201
64	512	256	146	508	261
64	512	320	153	508	324
64	512	384	163	509	387
64	512	448	173	509	452
64	512	512	184	510	513
64	512	576	197	511	579
64	512	640	210	511	643
64	512	704	223	511	705
64	512	768	237	512	768
64	512	832	251	512	828
64	512	896	266	512	892
64	512	960	280	514	954
64	512	1023	295	515	1015
64	576	0	146	572	75
64	576	64	147	571	97
64	576	128	149	572	145
64	576	192	153	572	203
64	576	256	158	574	262
64	576	320	166	575	325
64	576	384	174	575	388
64	576	448	184	575	453
64	576	512	194	576	514
64	576	576	206	577	580
64	576	640	218	576	643
64	576	704	231	577	706
64	576	768	244	578	769
64	576	832	258	578	829
64	576	896	272	578	893
64	576	960	286	578	954
64	576	1023	301	580	1016
64	640	0	161	637	83
64	640	64	161	636	103
64	640	128	163	636	149
64	640	192	166	637	206
64	640	256	171	638	265
64	640	320	178	639	327
64	640	384	186	639	389
64	640	448	195	639	454
64	640	512	205	640	515
64	640	576	216	641	581
64	640	640	227	640	644
64	640	704	240	640	707
64	640	768	253	641	770
64	640	832	266	641	830
64	640	896	280	641	893
64	640	960	293	642	955
64	640	1023	306	642	1016
64	704	0	175	698	91
64	704	64	174	695	110
64	704	128	176	696	154
64	704	192	179	697	209
64	704	256	184	699	267
64	704	320	190	699	329
64	704	384	197	700	392
64	704	448	206	700	456
64	704	512	215	700	517
64	704	576	226	701	582
64	704	640	237	701	646
64	704	704	249	701	709
64	704	768	261	702	771
64	704	832	273	701	831
64	704	896	287	701	895
64	704	960	300	702	957
64	704	1023	314	703	1017
64	768	0	189	761	99
64	768	64	189	760	116
64	768	128	190	760	158
64	768	192	194	761	212
64	768	256	198	762	270
64	768	320	203	764	331
64	768	384	210	764	393
64	768	448	218	764	458
64	768	512	227	764	518
64	768	576	237	765	584
64	768	640	247	764	647
64	768	704	259	765	709
64	768	768	270	766	772
64	768	832	282	765	832
64	768	896	295	765	896
64	768	960	308	766	958
64	768	1023	321	767	1019
64	832	0	202	822	107
64	832	64	202	821	123
64	832	128	204	821	162
64	832	192	207	822	215
64	832	256	211	824	272
64	832	320	216	823	332
64	832	384	222	825	394
64	832	448	230	826	459
64	832	512	238	825	519
64	832	576	247	826	584
64	832	640	257	825	647
64	832	704	268	826	710
64	832	768	280	827	773
64	832	832	291	826	832
64	832	896	304	826	896
64	832	960	316	827	958
64	832	1023	329	827	1019
64	896	0	218	886	115
64	896	64	217	884	130
64	896	128	219	885	168
64	896	192	221	886	219
64	896	256	225	888	275
64	896	320	230	887	335
64	896	384	236	889	396
64	896	448	243	889	460
64	896	512	251	889	520
64	896	576	259	890	585
64	896	640	269	890	649
64	896	704	279	890	711
64	896	768	290	891	774
64	896	832	301	890	833
64	896	896	313	890	897
64	896	960	325	891	959
64	896	1023	338	891	1020
64	960	0	231	947	123
64	960	64	232	946	137
64	960	128	232	946	173
64	960	192	235	947	223
64	960	256	239	949	278
64	960	320	243	948	337
64	960	384	248	949	398
64	960	448	255	950	462
64	960	512	262	950	522
64	960	576	271	951	587
64	960	640	280	950	650
64	960	704	289	950	712
64	960	768	300	951	775
64	960	832	310	950	834
64	960	896	322	950	898
64	960	960	334	951	960
64	960	1023	346	951	1021
64	1023	0	246	1009	131
64	1023	64	246	1008	144
64	1023	128	246	1008	178
64	1023	192	249	1009	227
64	1023	256	252	1011	281
64	1023	320	257	1011	340
64	1023	384	262	1012	400
64	1023	448	268	1012	464
64	1023	512	275	1013	524
64	1023	576	283	1014	589
64	1023	640	292	1012	651
64	1023	704	301	1013	714
64	1023	768	311	1013	776
64	1023	832	321	1013	836
64	1023	896	332	1012	899
64	1023	960	343	1012	961
64	1023	1023	355	1012	1022
128	0	0	126	19	0
128	0	64	126	19	67
128	0	128	128	22	128
128	0	192	133	27	192
128	0	256	140	32	254
128	0	320	148	38	318
128	0	384	157	45	382
128	0	448	168	51	448
128	0	512	180	58	509
128	0	576	193	65	575
128	0	640	206	71	638
128	0	704	219	78	701
128	0	768	233	85	764
128	0	832	247	91	824
128	0	896	262	98	888
128	0	960	276	106	950
128	0	1023	292	112	1011
128	64	0	126	71	8
128	64	64	126	70	67
128	64	128	129	71	129
128	64	192	134	72	192
128	64	256	140	74	255
128	64	320	148	77	318
128	64	384	158	80	382
128	64	448	169	83	448
128	64	512	180	87	509
128	64	576	193	91	575
128	64	640	206	97	639
128	64	704	220	101	703
128	64	768	234	106	765
128	64	832	248	111	824
128	64	896	262	117	888
128	64	960	277	123	951
128	64	1023	292	128	1012
128	128	0	128	132	17
128	128	64	128	131	68
128	128	128	131	132	129
128	128	192	135	133	193
128	128	256	141	134	254
128	128	320	150	135	319
128	128	384	159	137	382
128	128	448	170	138	448
128	128	512	181	140	509
128	128	576	194	143	575
128	128	640	207	146	640
128	128	704	221	149	702
128	128	768	235	152	765
128	128	832	249	156	825
128	128	896	264	159	889
128	128	960	278	164	950
128	128	1023	292	168	1012
128	192	0	131	194	25
128	192	64	132	194	70
128	192	128	134	194	130
128	192	192	138	194	193
128	192	256	144	195	255
128	192	320	152	196	319
128	192	384	162	197	383
128	192	448	172	199	449
128	192	512	183	200	510
128	192	576	196	202	576
128	192	640	209	203	640
128	192	704	222	205	703
128	192	768	236	208	765
128	192	832	250	209	826
128	192	896	265	212	889
128	192	960	279	215	951
128	192	1023	294	218	1011
128	256	0	136	256	33
128	256	64	136	255	73
128	256	128	138	255	132
128	256	192	143	256	194
128	256	256	148	257	255
128	256	320	156	258	320
128	256	384	165	259	384
128	256	448	175	259	449
128	256	512	186	261	510
128	256	576	199	262	576
128	256	640	212	263	640
128	256	704	224	264	702
128	256	768	238	266	765
128	256	832	252	267	825
128	256	896	267	269	889
128	256	960	281	271	952
128	256	1023	295	274	1013
128	320	0	142	320	42
128	320	64	142	319	77
128	320	128	144	319	133
128	320	192	149	320	195
128	320	256	154	321	257
128	320	320	161	321	320
128	320	384	170	322	384
128	320	448	181	323	450
128	320	512	191	323	511
128	320	576	203	325	577
128	320	640	215	325	640
128	320	704	228	326	703
128	320	768	242	328	766
128	320	832	256	328	826
128	320	896	270	329	889
128	320	960	284	331	951
128	320	1023	298	333	1013
128	384	0	150	382	50
128	384	64	150	381	81
128	384	128	152	381	136
128	384	192	156	382	196
128	384	256	161	383	258
128	384	320	168	384	321
128	384	384	176	384	384
128	384	448	186	385	450
128	384	512	196	385	511
128	384	576	208	387	577
128	384	640	220	386	640
128	384	704	233	387	703
128	384	768	246	389	766
128	384	832	259	389	827
128	384	896	273	390	890
128	384	960	287	391	952
128	384	1023	301	393	1013
128	448	0	158	446	59
128	448	64	158	445	86
128	448	128	160	446	139
128	448	192	164	446	198
128	448	256	169	447	259
128	448	320	176	448	322
128	448	384	184	449	386
128	448	448	193	448	451
128	448	512	202	449	512
128	448	576	214	450	578
128	448	640	225	450	641
128	448	704	238	450	704
128	448	768	251	452	767
128	448	832	264	452	827
128	448	896	278	453	891
128	448	960	291	454	953
128	448	1023	305	455	1014
128	512	0	168	507	66
128	512	64	168	506	91
128	512	128	170	506	141
128	512	192	173	506	200
128	512	256	178	508	261
128	512	320	184	508	324
128	512	384	192	509	387
128	512	448	201	509	452
128	512	512	210	509	512
128	512	576	221	510	579
128	512	640	232	510	641
128	512	704	244	510	705
128	512	768	256	512	768
128	512	832	269	512	828
128	512	896	283	512	892
128	512	960	296	513	953
128	512	1023	310	514	1014
128	576	0	178	573	75
128	576	64	179	572	97
128	576	128	180	571	145
128	576	192	183	572	203
128	576	256	188	574	263
128	576	320	194	575	325
128	576	384	201	575	388
128	576	448	210	575	453
128	576	512	218	575	513
128	576	576	229	577	580
128	576	640	239	576	643
128	576	704	251	577	706
128	576	768	263	578	769
128	576	832	276	578	829
128	576	896	288	578	892
128	576	960	302	579	954
128	576	1023	315	579	1015
128	640	0	190	637	83
128	640	64	190	635	103
128	640	128	192	636	149
128	640	192	195	637	206
128	640	256	199	638	265
128	640	320	204	638	327
128	640	384	211	639	389
128	640	448	219	638	454
128	640	512	227	639	515
128	640	576	237	640	580
128	640	640	248	640	644
128	640	704	259	640	707
128	640	768	270	640	769
128	640	832	282	640	829
128	640	896	295	641	893
128	640	960	308	642	955
128	640	1023	321	643	1016
128	704	0	202	698	91
128	704	64	201	696	110
128	704	128	203	696	153
128	704	192	206	697	209
128	704	256	210	698	267
128	704	320	215	698	329
128	704	384	222	700	391
128	704	448	228	699	455
128	704	512	237	700	517
128	704	576	247	701	582
128	704	640	257	701	645
128	704	704	267	700	708
128	704	768	278	701	771
128	704	832	290	701	831
128	704	896	303	701	894
128	704	960	315	702	957
128	704	1023	328	703	1018
128	768	0	214	762	99
128	768	64	214	759	116
128	768	128	215	760	158
128	768	192	218	761	212
128	768	256	222	763	270
128	768	320	226	762	331
128	768	384	232	763	393
128	768	448	239	763	457
128	768	512	247	764	518
128	768	576	256	764	583
128	768	640	266	764	646
128	768	704	276	765	709
128	768	768	287	766	772
128	768	832	298	765	832
128	768	896	311	765	896
128	768	960	322	766	958
128	768	1023	334	767	1018
128	832	0	226	823	107
128	832	64	225	820	123
128	832	128	227	821	163
128	832	192	230	823	215
128	832	256	233	823	272
128	832	320	238	824	332
128	832	384	243	825	394
128	832	448	250	824	458
128	832	512	257	825	519
128	832	576	266	826	584
128	832	640	275	826	647
128	832	704	285	825	709
128	832	768	295	826	772
128	832	832	306	826	832
128	832	896	318	826	896
128	832	960	330	827	958
128	832	1023	342	827	1019
128	896	0	239	886	115
128	896	64	238	884	130
128	896	128	240	885	168
128	896	192	242	886	219
128	896	256	245	886	274
128	896	320	250	887	335
128	896	384	255	888	396
128	896	448	261	887	459
128	896	512	269	889	520
128	896	576	277	889	585
128	896	640	286	889	648
128	896	704	295	889	710
128	896	768	305	890	773
128	896	832	316	890	833
128	896	896	327	890	897
128	896	960	339	891	959
128	896	1023	350	891	1019
128	960	0	251	947	123
128	960	64	251	944	137
128	960	128	253	945	173
128	960	192	255	946	223
128	960	256	258	948	278
128	960	320	262	948	337
128	960	384	267	948	398
128	960	448	273	948	461
128	960	512	280	950	521
128	960	576	287	950	586
128	960	640	296	949	649
128	960	704	305	950	711
128	960	768	315	950	774
128	960	832	325	949	834
128	960	896	335	950	898
128	960	960	347	950	959
128	960	1023	358	951	1021
128	1023	0	264	1009	131
128	1023	64	264	1007	144
128	1023	128	265	1007	178
128	1023	192	267	1009	226
128	1023	256	270	1011	281
128	1023	320	274	1010	340
128	1023	384	279	1012	400
128	1023	448	285	1012	464
128	1023	512	291	1012	523
128	1023	576	299	1012	588
128	1023	640	307	1012	651
128	1023	704	316	1013	714
128	1023	768	325	1013	776
128	1023	832	335	1012	835
128	1023	896	345	1012	899
128	1023	960	356	1013	961
128	1023	1023	368	1013	1022
192	0	0	186	28	0
192	0	64	185	28	66
192	0	128	187	30	128
192	0	192	190	33	192
192	0	256	194	37	253
192	0	320	200	42	318
192	0	384	207	48	382
192	0	448	215	54	447
192	0	512	224	60	509
192	0	576	233	67	574
192	0	640	244	74	638
192	0	704	255	80	701
192	0	768	267	87	764
192	0	832	279	93	824
192	0	896	292	100	888
192	0	960	305	106	950
192	0	1023	318	114	1011
192	64	0	186	73	7
192	64	64	186	73	67
192	64	128	188	73	129
192	64	192	191	75	192
192	64	256	195	76	254
192	64	320	201	79	318
192	64	384	207	82	382
192	64	448	215	85	448
192	64	512	224	89	509
192	64	576	234	94	575
192	64	640	245	98	639
192	64	704	256	102	701
192	64	768	267	108	764
192	64	832	279	112	824
192	64	896	292	118	889
192	64	960	305	124	951
192	64	1023	318	130	1011
192	128	0	187	133	16
192	128	64	187	133	68
192	128	128	188	133	129
192	128	192	192	134	192
192	128	256	196	135	255
192	128	320	202	136	319
192	128	384	208	138	382
192	128	448	216	139	448
192	128	512	225	142	509
192	128	576	235	145	576
192	128	640	245	147	639
192	128	704	257	150	702
192	128	768	268	153	765
192	128	832	280	156	825
192	128	896	293	160	888
192	128	960	305	164	950
192	128	1023	319	169	1011
192	192	0	190	195	25
192	192	64	189	194	70
192	192	128	191	194	130
192	192	192	194	195	193
192	192	256	198	196	255
192	192	320	203	197	319
192	192	384	210	198	383
192	192	448	218	199	448
192	192	512	227	201	510
192	192	576	237	202	575
192	192	640	247	204	639
192	192	704	258	205	702
192	192	768	269	208	765
192	192	832	281	210	825
192	192	896	294	212	888
192	192	960	307	215	951
192	192	1023	320	219	1012
192	256	0	193	256	33
192	256	64	192	256	73
192	256	128	193	256	131
192	256	192	197	256	194
192	256	256	201	257	256
192	256	320	206	258	320
192	256	384	213	259	383
192	256	448	221	260	449
192	256	512	229	261	510
192	256	576	239	262	576
192	256	640	249	263	639
192	256	704	260	264	702
192	256	768	271	266	765
192	256	832	283	267	825
192	256	896	296	269	889
192	256	960	309	271	951
192	256	1023	321	274	1012
192	320	0	197	320	41
192	320	64	196	319	76
192	320	128	198	319	133
192	320	192	201	320	195
192	320	256	205	320	256
192	320	320	210	321	320
192	320	384	217	322	384
192	320	448	224	322	449
192	320	512	233	324	510
192	320	576	242	325	576
192	320	640	252	326	640
192	320	704	263	326	702
192	320	768	274	328	765
192	320	832	286	328	825
192	320	896	299	330	890
192	320	960	311	332	952
192	320	1023	324	333	1013
192	384	0	202	382	50
192	384	64	201	381	81
192	384	128	203	381	136
192	384	192	206	382	196
192	384	256	210	383	258
192	384	320	215	383	321
192	384	384	221	385	385
192	384	448	228	384	449
192	384	512	237	386	511
192	384	576	246	387	577
192	384	640	256	387	640
192	384	704	266	387	703
192	384	768	277	389	766
192	384	832	289	389	826
192	384	896	302	390	890
192	384	960	314	392	952
192	384	1023	327	393	1013
192	448	0	208	447	58
192	448	64	208	445	86
192	448	128	209	445	138
192	448	192	212	446	198
192	448	256	216	448	259
192	448	320	221	447	322
192	448	384	227	448	386
192	448	448	234	449	451
192	448	512	242	450	512
192	448	576	252	451	578
192	448	640	261	451	641
192	448	704	272	451	704
192	448	768	283	452	767
192	448	832	294	452	827
192	448	896	306	452	891
192	448	960	318	454	952
192	448	1023	330	455	1014
192	512	0	215	508	66
192	512	64	215	506	91
192	512	128	216	506	141
192	512	192	219	507	200
192	512	256	223	508	261
192	512	320	227	508	323
192	512	384	233	509	386
192	512	448	240	510	452
192	512	512	248	510	513
192	512	576	256	510	578
192	512	640	266	510	642
192	512	704	277	511	705
192	512	768	287	512	768
192	512	832	298	512	827
192	512	896	310	512	891
192	512	960	322	513	953
192	512	1023	335	514	1014
192	576	0	223	573	74
192	576	64	223	571	97
192	576	128	224	572	145
192	576	192	227	573	203
192	576	256	231	574	262
192	576	320	235	574	325
192	576	384	241	575	388
192	576	448	247	575	452
192	576	512	255	576	514
192	576	576	264	576	579
192	576	640	273	577	643
192	576	704	282	576	705
192	576	768	293	577	768
192	576	832	304	577	828
192	576	896	316	578	892
192	576	960	327	579	954
192	576	1023	339	580	1015
192	640	0	232	637	83
192	640	64	232	636	103
192	640	128	233	636	149
192	640	192	236	637	206
192	640	256	239	638	264
192	640	320	244	638	327
192	640	384	249	639	390
192	640	448	255	639	454
192	640	512	262	639	515
192	640	576	271	640	581
192	640	640	280	640	644
192	640	704	289	640	706
192	640	768	300	641	769
192	640	832	310	641	829
192	640	896	322	641	893
192	640	960	333	641	955
192	640	1023	345	643	1016
192	704	0	242	698	91
192	704	64	241	696	110
192	704	128	242	696	153
192	704	192	245	697	209
192	704	256	248	698	267
192	704	320	252	699	329
192	704	384	258	699	391
192	704	448	264	700	456
192	704	512	270	700	516
192	704	576	279	701	582
192	704	640	287	700	645
192	704	704	297	701	708
192	704	768	307	701	771
192	704	832	317	701	831
192	704	896	328	701	894
192	704	960	339	702	956
192	704	1023	352	703	1018
192	768	0	252	763	99
192	768	64	251	760	116
192	768	128	252	761	158
192	768	192	255	762	212
192	768	256	258	762	269
192	768	320	262	763	331
192	768	384	267	764	393
192	768	448	273	764	457
192	768	512	280	764	517
192	768	576	288	765	583
192	768	640	296	765	647
192	768	704	305	764	709
192	768	768	315	765	772
192	768	832	324	765	832
192	768	896	335	765	895
192	768	960	346	765	957
192	768	1023	358	767	1019
192	832	0	261	822	107
192	832	64	261	821	123
192	832	128	262	822	163
192	832	192	264	822	215
192	832	256	267	823	272
192	832	320	271	824	332
192	832	384	276	824	394
192	832	448	282	825	458
192	832	512	288	825	518
192	832	576	296	826	584
192	832	640	304	825	647
192	832	704	313	825	709
192	832	768	322	827	772
192	832	832	332	826	832
192	832	896	342	825	895
192	832	960	353	826	958
192	832	1023	364	828	1019
192	896	0	272	886	115
192	896	64	272	885	130
192	896	128	273	885	167
192	896	192	275	885	218
192	896	256	279	887	274
192	896	320	282	888	335
192	896	384	287	888	396
192	896	448	292	888	459
192	896	512	298	889	520
192	896	576	306	890	585
192	896	640	313	889	647
192	896	704	322	889	710
192	896	768	331	890	773
192	896	832	340	890	833
192	896	896	350	889	896
192	896	960	361	890	958
192	896	1023	372	891	1019
192	960	0	283	947	123
192	960	64	283	945	137
192	960	128	284	945	173
192	960	192	286	945	222
192	960	256	289	947	277
192	960	320	292	948	337
192	960	384	297	949	398
192	960	448	302	949	461
192	960	512	308	949	521
192	960	576	315	950	586
192	960	640	322	949	649
192	960	704	330	949	711
192	960	768	339	950	774
192	960	832	349	950	834
192	960	896	358	950	897
192	960	960	369	950	959
192	960	1023	379	952	1020
192	1023	0	295	1011	131
192	1023	64	294	1008	143
192	1023	128	295	1008	178
192	1023	192	297	1009	227
192	1023	256	300	1010	280
192	1023	320	303	1010	339
192	1023	384	308	1011	400
192	1023	448	313	1011	463
192	1023	512	318	1011	523
192	1023	576	326	1013	588
192	1023	640	332	1013	651
192	1023	704	340	1012	713
192	1023	768	349	1013	776
192	1023	832	357	1012	835
192	1023	896	368	1012	899
192	1023	960	378	1012	961
192	1023	1023	388	1012	1022
256	0	0	244	36	0
256	0	64	244	37	66
256	0	128	244	38	128
256	0	192	247	40	191
256	0	256	250	44	253
256	0	320	255	48	318
256	0	384	260	53	381
256	0	448	266	58	447
256	0	512	272	64	508
256	0	576	281	70	575
256	0	640	289	76	638
256	0	704	298	83	701
256	0	768	308	89	764
256	0	832	318	95	824
256	0	896	329	102	887
256	0	960	340	109	949
256	0	1023	352	115	1011
256	64	0	245	76	3
256	64	64	244	76	67
256	64	128	245	76	128
256	64	192	248	78	192
256	64	256	251	79	254
256	64	320	255	82	318
256	64	384	260	85	382
256	64	448	267	88	448
256	64	512	273	91	509
256	64	576	282	96	575
256	64	640	289	100	639
256	64	704	299	105	702
256	64	768	308	110	765
256	64	832	319	114	825
256	64	896	329	120	888
256	64	960	341	125	951
256	64	1023	352	132	1011
256	128	0	246	135	15
256	128	64	245	134	68
256	128	128	246	135	129
256	128	192	248	135	192
256	128	256	252	136	254
256	128	320	256	138	318
256	128	384	261	139	382
256	128	448	267	141	448
256	128	512	274	143	509
256	128	576	282	146	575
256	128	640	290	148	639
256	128	704	299	151	702
256	128	768	309	154	764
256	128	832	319	157	824
256	128	896	330	161	888
256	128	960	342	165	950
256	128	1023	353	170	1011
256	192	0	247	196	24
256	192	64	246	195	70
256	192	128	247	195	130
256	192	192	250	196	192
256	192	256	253	197	255
256	192	320	257	198	319
256	192	384	262	199	382
256	192	448	269	200	448
256	192	512	275	201	509
256	192	576	283	203	575
256	192	640	291	204	638
256	192	704	300	206	702
256	192	768	310	209	765
256	192	832	320	211	825
256	192	896	331	213	888
256	192	960	342	216	950
256	192	1023	354	219	1012
256	256	0	250	257	33
256	256	64	248	256	73
256	256	128	250	257	132
256	256	192	252	257	194
256	256	256	256	258	256
256	256	320	259	258	319
256	256	384	265	260	383
256	256	448	270	260	448
256	256	512	277	262	510
256	256	576	285	263	576
256	256	640	293	264	639
256	256	704	302	265	702
256	256	768	312	267	765
256	256	832	322	268	825
256	256	896	333	270	889
256	256	960	344	272	951
256	256	1023	355	274	1012
256	320	0	253	321	41
256	320	64	252	320	76
256	320	128	253	320	133
256	320	192	255	320	195
256	320	256	259	322	256
256	320	320	263	323	320
256	320	384	268	323	384
256	320	448	274	324	449
256	320	512	280	324	510
256	320	576	288	326	577
256	320	640	296	326	640
256	320	704	305	327	703
256	320	768	315	329	766
256	320	832	324	329	826
256	320	896	335	330	889
256	320	960	346	332	951
256	320	1023	357	334	1012
256	384	0	256	383	50
256	384	64	256	382	81
256	384	128	257	382	136
256	384	192	258	382	196
256	384	256	262	383	257
256	384	320	266	384	321
256	384	384	271	385	384
256	384	448	277	385	449
256	384	512	283	386	510
256	384	576	291	387	577
256	384	640	299	387	640
256	384	704	308	388	703
256	384	768	317	389	766
256	384	832	327	390	826
256	384	896	338	390	890
256	384	960	348	392	951
256	384	1023	360	394	1013
256	448	0	262	447	58
256	448	64	260	446	86
256	448	128	262	446	138
256	448	192	264	447	198
256	448	256	267	447	259
256	448	320	271	448	322
256	448	384	276	449	386
256	448	448	281	449	450
256	448	512	287	449	511
256	448	576	296	451	577
256	448	640	303	451	641
256	448	704	311	451	703
256	448	768	321	452	766
256	448	832	331	452	827
256	448	896	341	453	890
256	448	960	352	454	952
256	448	1023	363	456	1014
256	512	0	267	509	66
256	512	64	266	506	91
256	512	128	267	507	141
256	512	192	269	508	200
256	512	256	272	508	260
256	512	320	276	509	323
256	512	384	281	510	387
256	512	448	286	509	451
256	512	512	292	510	512
256	512	576	300	511	578
256	512	640	308	511	642
256	512	704	316	511	705
256	512	768	325	512	767
256	512	832	335	513	828
256	512	896	345	513	892
256	512	960	356	513	953
256	512	1023	367	515	1015
256	576	0	273	574	75
256	576	64	272	572	97
256	576	128	273	572	145
256	576	192	275	573	202
256	576	256	279	574	262
256	576	320	282	575	325
256	576	384	287	575	387
256	576	448	292	576	453
256	576	512	298	576	513
256	576	576	306	577	579
256	576	640	313	576	642
256	576	704	321	577	705
256	576	768	331	578	768
256	576	832	340	578	828
256	576	896	350	578	892
256	576	960	360	579	954
256	576	1023	371	580	1015
256	640	0	280	638	83
256	640	64	279	635	103
256	640	128	280	636	149
256	640	192	283	637	205
256	640	256	286	638	265
256	640	320	289	638	326
256	640	384	294	639	389
256	640	448	299	640	454
256	640	512	305	639	515
256	640	576	313	641	581
256	640	640	319	640	644
256	640	704	327	641	707
256	640	768	337	642	770
256	640	832	346	641	829
256	640	896	355	641	893
256	640	960	366	642	955
256	640	1023	376	642	1015
256	704	0	288	699	91
256	704	64	287	696	109
256	704	128	288	697	153
256	704	192	290	698	209
256	704	256	293	699	267
256	704	320	296	698	328
256	704	384	301	699	391
256	704	448	306	699	455
256	704	512	312	700	516
256	704	576	319	700	581
256	704	640	326	700	645
256	704	704	334	700	708
256	704	768	342	702	770
256	704	832	351	701	830
256	704	896	361	701	894
256	704	960	372	702	956
256	704	1023	382	703	1017
256	768	0	296	763	99
256	768	64	296	761	116
256	768	128	296	760	158
256	768	192	298	761	212
256	768	256	301	762	269
256	768	320	304	762	330
256	768	384	309	763	393
256	768	448	314	764	457
256	768	512	319	764	517
256	768	576	327	765	583
256	768	640	333	764	646
256	768	704	341	765	709
256	768	768	350	766	772
256	768	832	359	766	832
256	768	896	367	765	895
256	768	960	378	766	957
256	768	1023	388	766	1018
256	832	0	304	824	107
256	832	64	303	821	122
256	832	128	304	821	162
256	832	192	306	822	215
256	832	256	309	824	272
256	832	320	312	824	332
256	832	384	316	825	394
256	832	448	321	824	458
256	832	512	327	825	518
256	832	576	333	826	583
256	832	640	340	825	647
256	832	704	348	826	710
256	832	768	356	826	772
256	832	832	364	826	832
256	832	896	374	826	896
256	832	960	384	827	958
256	832	1023	394	827	1018
256	896	0	314	887	115
256	896	64	313	885	129
256	896	128	313	885	167
256	896	192	315	886	219
256	896	256	318	887	274
256	896	320	321	887	334
256	896	384	325	888	396
256	896	448	330	888	459
256	896	512	335	889	519
256	896	576	342	889	585
256	896	640	349	890	648
256	896	704	355	889	710
256	896	768	364	890	773
256	896	832	372	889	832
256	896	896	382	890	897
256	896	960	391	891	958
256	896	1023	401	891	1019
256	960	0	323	948	123
256	960	64	322	945	137
256	960	128	322	945	173
256	960	192	325	947	223
256	960	256	327	948	278
256	960	320	330	947	337
256	960	384	334	949	398
256	960	448	338	948	461
256	960	512	344	950	521
256	960	576	350	950	586
256	960	640	357	950	649
256	960	704	364	950	712
256	960	768	372	951	774
256	960	832	380	950	834
256	960	896	389	950	897
256	960	960	398	950	959
256	960	1023	408	951	1020
256	1023	0	332	1010	131
256	1023	64	332	1009	144
256	1023	128	333	1008	178
256	1023	192	334	1009	226
256	1023	256	337	1010	281
256	1023	320	340	1011	339
256	1023	384	344	1012	400
256	1023	448	348	1012	463
256	1023	512	353	1012	523
256	1023	576	360	1013	588
256	1023	640	365	1012	651
256	1023	704	373	1013	713
256	1023	768	380	1013	776
256	1023	832	388	1013	835
256	1023	896	397	1012	899
256	1023	960	406	1012	960
256	1023	1023	415	1012	1022
320	0	0	306	45	0
320	0	64	305	46	66
320	0	128	306	47	128
320	0	192	308	49	191
320	0	256	310	51	254
320	0	320	313	55	318
320	0	384	318	59	382
320	0	448	322	64	447
320	0	512	328	69	509
320	0	576	334	75	574
320	0	640	341	80	639
320	0	704	348	86	701
320	0	768	356	93	764
320	0	832	365	98	824
320	0	896	374	105	888
320	0	960	384	111	950
320	0	1023	395	117	1011
320	64	0	306	80	0
320	64	64	305	80	66
320	64	128	306	81	129
320	64	192	308	82	192
320	64	256	310	83	254
320	64	320	314	86	318
320	64	384	318	88	382
320	64	448	323	91	447
320	64	512	328	95	508
320	64	576	335	99	575
320	64	640	341	103	638
320	64	704	348	108	701
320	64	768	357	112	764
320	64	832	365	117	824
320	64	896	375	122	888
320	64	960	384	128	950
320	64	1023	394	134	1011
320	128	0	307	137	14
320	128	64	306	136	68
320	128	128	307	137	129
320	128	192	308	137	192
320	128	256	311	138	254
320	128	320	314	139	318
320	128	384	319	141	382
320	128	448	324	143	448
320	128	512	329	145	509
320	128	576	335	148	575
320	128	640	342	150	639
320	128	704	350	153	702
320	128	768	358	157	765
320	128	832	366	159	824
320	128	896	375	163	888
320	128	960	385	167	951
320	128	1023	395	171	1011
320	192	0	308	197	23
320	192	64	307	197	70
320	192	128	308	197	130
320	192	192	310	197	193
320	192	256	312	198	254
320	192	320	316	199	319
320	192	384	320	200	383
320	192	448	324	201	448
320	192	512	330	203	510
320	192	576	336	204	575
320	192	640	343	206	639
320	192	704	350	208	702
320	192	768	359	210	765
320	192	832	367	212	825
320	192	896	376	215	889
320	192	960	386	218	951
320	192	1023	396	221	1012
320	256	0	310	258	32
320	256	64	309	258	73
320	256	128	310	257	131
320	256	192	311	258	194
320	256	256	314	259	255
320	256	320	317	259	319
320	256	384	322	261	383
320	256	448	327	262	449
320	256	512	332	262	510
320	256	576	338	264	576
320	256	640	344	265	639
320	256	704	352	266	702
320	256	768	360	268	765
320	256	832	369	269	825
320	256	896	377	271	889
320	256	960	387	273	951
320	256	1023	397	275	1012
320	320	0	313	322	41
320	320	64	311	321	76
320	320	128	312	321	133
320	320	192	314	322	195
320	320	256	316	322	256
320	320	320	320	323	320
320	320	384	324	324	384
320	320	448	328	324	449
320	320	512	333	324	510
320	320	576	340	326	576
320	320	640	347	327	640
320	320	704	354	327	702
320	320	768	362	329	765
320	320	832	370	330	826
320	320	896	379	331	890
320	320	960	389	333	951
320	320	1023	399	335	1013
320	384	0	316	384	49
320	384	64	314	383	81
320	384	128	315	383	136
320	384	192	317	383	196
320	384	256	319	384	257
320	384	320	323	385	321
320	384	384	327	386	385
320	384	448	331	386	449
320	384	512	337	387	511
320	384	576	343	388	577
320	384	640	350	388	641
320	384	704	357	389	703
320	384	768	365	390	766
320	384	832	373	390	826
320	384	896	382	391	890
320	384	960	392	393	952
320	384	1023	401	394	1013
320	448	0	319	448	58
320	448	64	318	446	86
320	448	128	319	447	138
320	448	192	321	447	198
320	448	256	324	448	259
320	448	320	326	448	322
320	448	384	331	449	385
320	448	448	335	449	450
320	448	512	340	450	512
320	448	576	346	451	577
320	448	640	353	451	641
320	448	704	360	452	704
320	448	768	368	452	766
320	448	832	376	453	826
320	448	896	385	454	890
320	448	960	395	455	953
320	448	1023	404	456	1014
320	512	0	324	509	65
320	512	64	322	507	91
320	512	128	323	507	141
320	512	192	325	508	200
320	512	256	328	509	261
320	512	320	330	509	323
320	512	384	334	509	386
320	512	448	339	509	451
320	512	512	344	511	513
320	512	576	350	511	578
320	512	640	357	511	642
320	512	704	364	512	705
320	512	768	372	513	767
320	512	832	379	512	827
320	512	896	388	513	891
320	512	960	398	514	953
320	512	1023	408	515	1014
320	576	0	329	575	75
320	576	64	328	573	97
320	576	128	329	573	145
320	576	192	330	574	203
320	576	256	333	574	262
320	576	320	336	575	325
320	576	384	339	576	388
320	576	448	344	575	452
320	576	512	349	576	513
320	576	576	355	577	579
320	576	640	361	577	642
320	576	704	368	577	705
320	576	768	376	578	768
320	576	832	384	578	828
320	576	896	393	578	892
320	576	960	402	579	954
320	576	1023	411	580	1015
320	640	0	334	638	83
320	640	64	333	637	103
320	640	128	334	637	149
320	640	192	335	636	205
320	640	256	338	638	264
320	640	320	341	638	327
320	640	384	345	639	389
320	640	448	349	639	454
320	640	512	354	639	514
320	640	576	361	640	580
320	640	640	366	640	643
320	640	704	373	640	706
320	640	768	381	641	769
320	640	832	389	641	829
320	640	896	398	642	893
320	640	960	406	642	955
320	640	1023	416	644	1016
320	704	0	341	699	91
320	704	64	340	697	109
320	704	128	340	697	153
320	704	192	342	698	209
320	704	256	345	699	267
320	704	320	348	700	329
320	704	384	352	700	391
320	704	448	356	700	456
320	704	512	360	700	516
320	704	576	367	702	582
320	704	640	372	701	645
320	704	704	379	701	708
320	704	768	387	703	771
320	704	832	395	702	831
320	704	896	403	702	894
320	704	960	412	702	956
320	704	1023	421	703	1017
320	768	0	347	762	99
320	768	64	347	761	116
320	768	128	348	762	158
320	768	192	349	761	212
320	768	256	351	762	269
320	768	320	354	763	331
320	768	384	358	764	393
320	768	448	362	764	457
320	768	512	366	764	517
320	768	576	373	765	583
320	768	640	378	764	646
320	768	704	385	765	709
320	768	768	393	766	772
320	768	832	400	765	831
320	768	896	409	765	895
320	768	960	417	765	957
320	768	1023	426	767	1018
320	832	0	354	823	107
320	832	64	353	822	123
320	832	128	354	821	162
320	832	192	355	822	215
320	832	256	358	823	271
320	832	320	361	824	332
320	832	384	364	824	394
320	832	448	368	825	458
320	832	512	373	825	518
320	832	576	379	826	584
320	832	640	384	826	647
320	832	704	391	826	710
320	832	768	399	827	772
320	832	832	406	827	832
320	832	896	414	826	895
320	832	960	423	827	957
320	832	1023	432	827	1018
320	896	0	362	887	115
320	896	64	361	885	130
320	896	128	362	885	167
320	896	192	363	886	218
320	896	256	366	887	274
320	896	320	368	888	335
320	896	384	372	888	395
320	896	448	376	889	459
320	896	512	380	889	519
320	896	576	386	890	585
320	896	640	391	889	647
320	896	704	398	890	710
320	896	768	405	890	773
320	896	832	412	890	833
320	896	896	420	889	896
320	896	960	429	890	958
320	896	1023	438	891	1018
320	960	0	370	947	123
320	960	64	369	946	136
320	960	128	369	945	172
320	960	192	371	946	222
320	960	256	373	948	277
320	960	320	376	948	337
320	960	384	379	948	397
320	960	448	383	949	461
320	960	512	388	950	521
320	960	576	393	951	586
320	960	640	399	949	649
320	960	704	405	950	712
320	960	768	412	951	774
320	960	832	419	950	834
320	960	896	427	950	897
320	960	960	435	950	959
320	960	1023	445	952	1020
320	1023	0	378	1011	131
320	1023	64	378	1009	144
320	1023	128	378	1009	178
320	1023	192	379	1009	226
320	1023	256	382	1010	280
320	1023	320	385	1011	340
320	1023	384	388	1012	400
320	1023	448	391	1011	463
320	1023	512	396	1012	523
320	1023	576	401	1013	588
320	1023	640	406	1012	650
320	1023	704	413	1012	713
320	1023	768	420	1013	775
320	1023	832	427	1013	835
320	1023	896	435	1013	899
320	1023	960	443	1012	961
320	1023	1023	451	1013	1022
384	0	0	366	54	0
384	0	64	364	54	66
384	0	128	365	55	128
384	0	192	366	57	191
384	0	256	369	59	253
384	0	320	371	62	317
384	0	384	375	66	381
384	0	448	379	70	447
384	0	512	383	74	508
384	0	576	389	80	574
384	0	640	394	86	638
384	0	704	401	90	701
384	0	768	408	96	764
384	0	832	414	101	824
384	0	896	422	108	887
384	0	960	431	114	949
384	0	1023	439	120	1011
384	64	0	366	85	0
384	64	64	364	85	66
384	64	128	365	85	128
384	64	192	367	86	192
384	64	256	369	88	254
384	64	320	372	90	318
384	64	384	376	93	382
384	64	448	379	95	447
384	64	512	384	99	509
384	64	576	389	102	575
384	64	640	395	107	639
384	64	704	401	111	702
384	64	768	407	116	764
384	64	832	415	120	824
384	64	896	423	125	888
384	64	960	431	131	950
384	64	1023	440	137	1011
384	128	0	366	139	13
384	128	64	365	139	67
384	128	128	366	139	129
384	128	192	368	140	192
384	128	256	370	141	254
384	128	320	372	142	318
384	128	384	376	144	382
384	128	448	380	145	447
384	128	512	384	147	509
384	128	576	390	150	575
384	128	640	395	152	638
384	128	704	401	155	701
384	128	768	408	158	765
384	128	832	415	161	824
384	128	896	423	165	889
384	128	960	431	169	950
384	128	1023	440	173	1011
384	192	0	367	199	23
384	192	64	366	198	69
384	192	128	366	198	130
384	192	192	368	199	192
384	192	256	371	200	254
384	192	320	373	200	318
384	192	384	377	202	382
384	192	448	381	203	448
384	192	512	385	204	509
384	192	576	390	206	575
384	192	640	396	207	639
384	192	704	402	209	702
384	192	768	409	212	765
384	192	832	415	213	824
384	192	896	423	215	888
384	192	960	432	218	950
384	192	1023	441	222	1011
384	256	0	369	260	32
384	256	64	367	259	72
384	256	128	368	259	131
384	256	192	370	259	194
384	256	256	372	260	255
384	256	320	375	261	319
384	256	384	378	262	383
384	256	448	382	262	448
384	256	512	387	264	510
384	256	576	392	265	575
384	256	640	397	266	639
384	256	704	403	267	702
384	256	768	410	269	765
384	256	832	417	270	825
384	256	896	425	272	889
384	256	960	434	274	951
384	256	1023	442	277	1012
384	320	0	371	322	41
384	320	64	369	321	76
384	320	128	370	322	133
384	320	192	372	322	195
384	320	256	374	323	256
384	320	320	376	323	320
384	320	384	380	324	383
384	320	448	384	325	449
384	320	512	388	326	510
384	320	576	394	327	576
384	320	640	399	328	639
384	320	704	405	328	703
384	320	768	412	330	766
384	320	832	419	330	825
384	320	896	427	331	889
384	320	960	435	333	951
384	320	1023	444	335	1012
384	384	0	373	385	49
384	384	64	372	384	80
384	384	128	372	383	135
384	384	192	374	384	196
384	384	256	376	385	257
384	384	320	379	385	320
384	384	384	382	386	384
384	384	448	386	387	450
384	384	512	390	387	510
384	384	576	396	389	577
384	384	640	401	388	640
384	384	704	407	389	703
384	384	768	414	390	766
384	384	832	421	391	826
384	384	896	428	391	889
384	384	960	437	393	951
384	384	1023	446	394	1012
384	448	0	376	448	58
384	448	64	375	447	86
384	448	128	376	448	138
384	448	192	377	447	198
384	448	256	379	448	258
384	448	320	382	449	322
384	448	384	385	449	385
384	448	448	389	450	450
384	448	512	393	450	511
384	448	576	399	452	577
384	448	640	404	451	640
384	448	704	410	452	703
384	448	768	417	453	766
384	448	832	424	453	826
384	448	896	432	454	891
384	448	960	440	455	952
384	448	1023	448	456	1013
384	512	0	380	508	65
384	512	64	379	508	91
384	512	128	380	508	141
384	512	192	380	507	200
384	512	256	383	509	260
384	512	320	386	509	323
384	512	384	389	509	386
384	512	448	393	510	451
384	512	512	397	510	512
384	512	576	403	512	578
384	512	640	407	511	641
384	512	704	414	512	704
384	512	768	420	513	767
384	512	832	427	513	827
384	512	896	435	513	891
384	512	960	443	514	953
384	512	1023	452	515	1014
384	576	0	384	575	74
384	576	64	383	574	97
384	576	128	383	573	145
384	576	192	385	573	202
384	576	256	388	575	262
384	576	320	390	575	324
384	576	384	393	576	387
384	576	448	397	576	452
384	576	512	401	576	513
384	576	576	407	577	579
384	576	640	412	577	642
384	576	704	417	577	705
384	576	768	425	579	768
384	576	832	432	579	828
384	576	896	438	579	892
384	576	960	447	580	954
384	576	1023	455	580	1014
384	640	0	389	638	82
384	640	64	388	636	103
384	640	128	389	637	149
384	640	192	390	637	205
384	640	256	393	638	264
384	640	320	394	638	326
384	640	384	398	639	389
384	640	448	401	639	453
384	640	512	406	640	515
384	640	576	411	641	580
384	640	640	416	641	644
384	640	704	422	640	706
384	640	768	429	641	769
384	640	832	435	641	828
384	640	896	442	641	893
384	640	960	451	642	954
384	640	1023	459	643	1015
384	704	0	395	699	91
384	704	64	393	697	109
384	704	128	394	697	153
384	704	192	396	698	208
384	704	256	397	698	266
384	704	320	400	699	328
384	704	384	403	700	391
384	704	448	406	699	455
384	704	512	411	701	516
384	704	576	416	701	581
384	704	640	421	701	645
384	704	704	427	701	707
384	704	768	434	702	770
384	704	832	440	702	830
384	704	896	448	702	894
384	704	960	456	703	956
384	704	1023	464	703	1017
384	768	0	401	763	99
384	768	64	399	760	116
384	768	128	400	761	158
384	768	192	401	761	212
384	768	256	404	763	269
384	768	320	405	763	330
384	768	384	409	764	392
384	768	448	412	763	456
384	768	512	417	765	517
384	768	576	421	764	582
384	768	640	426	764	646
384	768	704	432	764	708
384	768	768	439	765	771
384	768	832	445	765	831
384	768	896	453	766	895
384	768	960	460	766	957
384	768	1023	468	766	1018
384	832	0	406	824	107
384	832	64	404	821	122
384	832	128	405	822	162
384	832	192	407	822	215
384	832	256	409	823	271
384	832	320	411	824	332
384	832	384	414	825	394
384	832	448	418	824	457
384	832	512	422	825	518
384	832	576	427	826	583
384	832	640	432	825	646
384	832	704	437	825	709
384	832	768	444	826	772
384	832	832	450	826	831
384	832	896	458	826	895
384	832	960	465	827	958
384	832	1023	473	828	1018
384	896	0	413	888	115
384	896	64	412	886	129
384	896	128	412	886	167
384	896	192	414	887	218
384	896	256	415	887	274
384	896	320	418	888	334
384	896	384	421	889	395
384	896	448	424	888	459
384	896	512	429	890	520
384	896	576	433	890	584
384	896	640	438	889	648
384	896	704	443	889	710
384	896	768	450	890	772
384	896	832	456	890	833
384	896	896	464	890	896
384	896	960	471	891	958
384	896	1023	479	891	1019
384	960	0	420	949	123
384	960	64	418	946	136
384	960	128	419	946	172
384	960	192	420	947	222
384	960	256	422	947	277
384	960	320	424	948	336
384	960	384	428	949	397
384	960	448	431	948	461
384	960	512	435	950	521
384	960	576	440	950	586
384	960	640	445	950	649
384	960	704	450	950	711
384	960	768	456	951	774
384	960	832	462	950	834
384	960	896	469	950	897
384	960	960	477	951	959
384	960	1023	484	952	1020
384	1023	0	427	1011	131
384	1023	64	425	1009	143
384	1023	128	426	1009	178
384	1023	192	427	1009	226
384	1023	256	430	1011	280
384	1023	320	432	1011	339
384	1023	384	435	1012	400
384	1023	448	438	1011	463
384	1023	512	442	1013	523
384	1023	576	447	1013	587
384	1023	640	451	1013	651
384	1023	704	457	1013	713
384	1023	768	463	1013	775
384	1023	832	469	1012	835
384	1023	896	476	1012	899
384	1023	960	484	1013	961
384	1023	1023	491	1012	1021
448	0	0	427	63	0
448	0	64	425	63	65
448	0	128	426	64	128
448	0	192	427	65	191
448	0	256	429	67	253
448	0	320	431	69	317
448	0	384	434	73	381
448	0	448	437	76	446
448	0	512	441	81	508
448	0	576	445	86	573
448	0	640	450	91	637
448	0	704	456	95	701
448	0	768	462	101	763
448	0	832	467	106	823
448	0	896	474	112	887
448	0	960	482	118	950
448	0	1023	489	125	1010
448	64	0	427	90	0
448	64	64	426	90	66
448	64	128	426	91	128
448	64	192	428	91	191
448	64	256	430	93	254
448	64	320	432	95	317
448	64	384	435	97	382
448	64	448	438	100	447
448	64	512	442	103	509
448	64	576	447	107	575
448	64	640	451	111	638
448	64	704	456	115	701
448	64	768	462	119	764
448	64	832	468	123	824
448	64	896	475	128	888
448	64	960	483	134	950
448	64	1023	490	140	1011
448	128	0	427	142	9
448	128	64	426	142	67
448	128	128	427	142	129
448	128	192	428	143	192
448	128	256	430	144	254
448	128	320	432	145	318
448	128	384	435	146	382
448	128	448	438	148	447
448	128	512	442	150	508
448	128	576	447	153	575
448	128	640	451	155	638
448	128	704	457	157	701
448	128	768	463	161	764
448	128	832	469	164	824
448	128	896	476	167	889
448	128	960	483	171	950
448	128	1023	490	175	1011
448	192	0	428	201	21
448	192	64	427	200	69
448	192	128	427	200	129
448	192	192	429	201	192
448	192	256	431	202	254
448	192	320	433	202	318
448	192	384	436	204	382
448	192	448	439	204	447
448	192	512	443	206	509
448	192	576	447	208	575
448	192	640	452	209	638
448	192	704	458	211	702
448	192	768	463	213	764
448	192	832	469	215	824
448	192	896	476	217	888
448	192	960	483	221	950
448	192	1023	491	223	1011
448	256	0	429	261	30
448	256	64	429	260	72
448	256	128	429	260	131
448	256	192	431	261	193
448	256	256	432	261	255
448	256	320	434	262	319
448	256	384	438	263	383
448	256	448	440	263	448
448	256	512	444	264	509
448	256	576	449	266	575
448	256	640	453	267	638
448	256	704	458	268	702
448	256	768	464	270	764
448	256	832	470	271	824
448	256	896	477	273	889
448	256	960	484	275	950
448	256	1023	492	278	1012
448	320	0	431	324	39
448	320	64	430	322	75
448	320	128	430	322	133
448	320	192	432	323	194
448	320	256	434	324	256
448	320	320	436	324	319
448	320	384	439	325	383
448	320	448	442	325	448
448	320	512	446	327	510
448	320	576	450	327	575
448	320	640	455	328	639
448	320	704	460	329	702
448	320	768	466	330	765
448	320	832	472	331	825
448	320	896	478	332	889
448	320	960	486	334	951
448	320	1023	494	336	1012
448	384	0	433	385	48
448	384	64	431	383	80
448	384	128	432	384	135
448	384	192	434	384	196
448	384	256	436	385	257
448	384	320	437	385	320
448	384	384	441	386	384
448	384	448	444	387	449
448	384	512	448	388	510
448	384	576	453	389	576
448	384	640	457	389	640
448	384	704	462	389	702
448	384	768	468	391	765
448	384	832	473	391	825
448	384	896	480	392	889
448	384	960	488	394	952
448	384	1023	495	395	1012
448	448	0	436	449	57
448	448	64	435	448	85
448	448	128	435	447	138
448	448	192	436	448	198
448	448	256	438	449	258
448	448	320	441	450	322
448	448	384	443	450	385
448	448	448	447	451	450
448	448	512	450	451	511
448	448	576	455	452	577
448	448	640	459	452	640
448	448	704	465	452	703
448	448	768	471	453	766
448	448	832	476	454	826
448	448	896	483	454	890
448	448	960	490	455	952
448	448	1023	498	457	1013
448	512	0	439	509	65
448	512	64	438	508	90
448	512	128	438	507	141
448	512	192	439	508	199
448	512	256	441	509	260
448	512	320	444	509	323
448	512	384	446	510	386
448	512	448	450	510	451
448	512	512	453	511	512
448	512	576	458	512	578
448	512	640	462	512	641
448	512	704	468	512	704
448	512	768	474	513	767
448	512	832	480	514	827
448	512	896	486	514	890
448	512	960	493	515	953
448	512	1023	500	516	1013
448	576	0	443	575	74
448	576	64	441	573	96
448	576	128	442	574	145
448	576	192	443	574	202
448	576	256	445	575	262
448	576	320	447	575	324
448	576	384	450	576	387
448	576	448	454	576	452
448	576	512	457	577	513
448	576	576	461	577	578
448	576	640	466	577	642
448	576	704	471	578	705
448	576	768	477	579	768
448	576	832	482	578	827
448	576	896	489	579	891
448	576	960	497	580	954
448	576	1023	503	581	1014
448	640	0	447	639	82
448	640	64	445	637	102
448	640	128	446	637	149
448	640	192	448	638	205
448	640	256	449	638	263
448	640	320	451	639	326
448	640	384	454	639	389
448	640	448	457	639	453
448	640	512	461	640	514
448	640	576	465	641	579
448	640	640	470	641	643
448	640	704	474	640	705
448	640	768	480	641	768
448	640	832	486	641	828
448	640	896	493	642	893
448	640	960	500	643	954
448	640	1023	507	643	1016
448	704	0	451	699	90
448	704	64	450	697	109
448	704	128	451	698	153
448	704	192	452	698	208
448	704	256	454	698	266
448	704	320	456	699	328
448	704	384	459	700	390
448	704	448	462	700	455
448	704	512	465	700	515
448	704	576	470	701	581
448	704	640	474	700	644
448	704	704	479	701	707
448	704	768	485	702	770
448	704	832	491	702	830
448	704	896	497	702	894
448	704	960	504	702	955
448	704	1023	511	703	1017
448	768	0	457	763	98
448	768	64	455	761	115
448	768	128	456	761	157
448	768	192	457	762	211
448	768	256	459	762	269
448	768	320	461	763	330
448	768	384	464	764	392
448	768	448	467	764	456
448	768	512	471	765	517
448	768	576	475	765	582
448	768	640	479	765	646
448	768	704	483	764	708
448	768	768	490	766	771
448	768	832	495	765	831
448	768	896	502	765	895
448	768	960	509	767	957
448	768	1023	516	767	1017
448	832	0	462	824	106
448	832	64	460	822	122
448	832	128	461	822	162
448	832	192	462	823	215
448	832	256	463	823	271
448	832	320	466	824	332
448	832	384	469	825	394
448	832	448	471	825	457
448	832	512	475	825	518
448	832	576	480	826	583
448	832	640	484	826	647
448	832	704	488	826	709
448	832	768	494	826	771
448	832	832	499	825	831
448	832	896	506	826	895
448	832	960	513	826	956
448	832	1023	520	827	1018
448	896	0	467	887	114
448	896	64	465	885	129
448	896	128	466	885	167
448	896	192	468	887	218
448	896	256	469	887	274
448	896	320	471	887	334
448	896	384	474	889	395
448	896	448	477	888	458
448	896	512	480	888	518
448	896	576	485	890	584
448	896	640	488	889	647
448	896	704	494	889	710
448	896	768	499	890	772
448	896	832	505	890	833
448	896	896	511	890	896
448	896	960	517	890	957
448	896	1023	525	891	1019
448	960	0	473	949	123
448	960	64	471	945	136
448	960	128	472	946	172
448	960	192	473	947	222
448	960	256	475	947	276
448	960	320	477	948	336
448	960	384	480	949	397
448	960	448	482	948	460
448	960	512	486	950	521
448	960	576	490	950	585
448	960	640	495	950	649
448	960	704	499	949	710
448	960	768	505	951	773
448	960	832	510	950	833
448	960	896	517	950	897
448	960	960	523	951	959
448	960	1023	530	952	1020
448	1023	0	480	1011	131
448	1023	64	478	1009	143
448	1023	128	478	1008	177
448	1023	192	480	1010	226
448	1023	256	481	1010	280
448	1023	320	484	1011	339
448	1023	384	486	1011	399
448	1023	448	489	1011	462
448	1023	512	492	1012	523
448	1023	576	497	1012	587
448	1023	640	501	1012	650
448	1023	704	505	1012	712
448	1023	768	511	1013	775
448	1023	832	516	1012	834
448	1023	896	522	1012	899
448	1023	960	529	1012	960
448	1023	1023	536	1012	1021
512	0	0	485	71	0
512	0	64	483	71	65
512	0	128	483	72	127
512	0	192	485	73	191
512	0	256	487	75	253
512	0	320	488	77	317
512	0	384	491	80	381
512	0	448	493	83	446
512	0	512	497	87	508
512	0	576	501	91	574
512	0	640	505	96	637
512	0	704	509	101	700
512	0	768	515	106	763
512	0	832	520	111	823
512	0	896	526	117	887
512	0	960	532	123	949
512	0	1023	539	129	1010
512	64	0	486	96	0
512	64	64	484	96	65
512	64	128	484	96	128
512	64	192	486	97	191
512	64	256	487	98	253
512	64	320	489	100	317
512	64	384	492	103	382
512	64	448	494	105	447
512	64	512	498	108	508
512	64	576	502	112	574
512	64	640	506	115	638
512	64	704	510	119	701
512	64	768	516	124	764
512	64	832	521	127	824
512	64	896	527	133	888
512	64	960	533	137	950
512	64	1023	540	143	1011
512	128	0	486	146	0
512	128	64	484	145	66
512	128	128	484	145	128
512	128	192	486	146	191
512	128	256	488	147	254
512	128	320	490	148	318
512	128	384	492	150	381
512	128	448	495	151	447
512	128	512	498	153	508
512	128	576	503	156	575
512	128	640	506	158	638
512	128	704	511	161	701
512	128	768	516	164	764
512	128	832	521	167	824
512	128	896	527	170	888
512	128	960	533	174	949
512	128	1023	540	177	1011
512	192	0	486	203	19
512	192	64	485	202	68
512	192	128	485	202	129
512	192	192	487	203	192
512	192	256	489	204	254
512	192	320	490	204	318
512	192	384	493	206	382
512	192	448	495	206	447
512	192	512	499	208	509
512	192	576	503	210	574
512	192	640	507	211	638
512	192	704	511	213	701
512	192	768	516	215	764
512	192	832	522	217	824
512	192	896	527	219	888
512	192	960	534	222	950
512	192	1023	540	225	1011
512	256	0	487	262	29
512	256	64	486	261	71
512	256	128	487	262	131
512	256	192	487	262	193
512	256	256	489	263	255
512	256	320	491	263	319
512	256	384	493	264	382
512	256	448	497	265	448
512	256	512	499	266	509
512	256	576	504	267	575
512	256	640	507	268	638
512	256	704	512	270	702
512	256	768	517	272	764
512	256	832	523	273	825
512	256	896	528	274	888
512	256	960	535	277	950
512	256	1023	542	279	1011
512	320	0	489	325	39
512	320	64	487	323	75
512	320	128	488	324	132
512	320	192	489	324	194
512	320	256	490	324	255
512	320	320	492	325	319
512	320	384	495	326	383
512	320	448	497	326	448
512	320	512	501	328	509
512	320	576	505	329	575
512	320	640	509	329	639
512	320	704	513	330	702
512	320	768	519	331	765
512	320	832	524	332	825
512	320	896	530	333	889
512	320	960	536	335	951
512	320	1023	543	337	1012
512	384	0	491	386	48
512	384	64	489	385	79
512	384	128	489	385	135
512	384	192	491	386	196
512	384	256	493	387	257
512	384	320	494	386	320
512	384	384	497	387	384
512	384	448	499	387	448
512	384	512	503	388	510
512	384	576	507	389	576
512	384	640	511	389	639
512	384	704	515	390	702
512	384	768	520	391	765
512	384	832	525	392	825
512	384	896	531	393	889
512	384	960	538	394	951
512	384	1023	544	396	1012
512	448	0	493	449	56
512	448	64	491	448	85
512	448	128	491	448	137
512	448	192	493	448	197
512	448	256	495	449	258
512	448	320	496	449	321
512	448	384	499	450	384
512	448	448	502	451	450
512	448	512	505	451	511
512	448	576	510	453	577
512	448	640	513	453	640
512	448	704	518	453	703
512	448	768	523	454	766
512	448	832	528	454	826
512	448	896	534	455	890
512	448	960	540	456	952
512	448	1023	546	457	1013
512	512	0	496	510	64
512	512	64	493	507	89
512	512	128	494	508	140
512	512	192	496	509	199
512	512	256	498	510	260
512	512	320	499	509	322
512	512	384	502	510	385
512	512	448	505	511	451
512	512	512	508	511	512
512	512	576	512	513	578
512	512	640	516	512	641
512	512	704	520	513	704
512	512	768	526	514	767
512	512	832	530	514	826
512	512	896	536	514	891
512	512	960	543	515	953
512	512	1023	549	516	1013
512	576	0	499	576	73
512	576	64	498	574	96
512	576	128	498	574	144
512	576	192	499	575	202
512	576	256	501	576	262
512	576	320	503	576	324
512	576	384	506	577	387
512	576	448	508	576	451
512	576	512	511	577	513
512	576	576	515	578	578
512	576	640	519	578	642
512	576	704	523	578	704
512	576	768	528	579	767
512	576	832	533	579	827
512	576	896	539	579	891
512	576	960	546	580	953
512	576	1023	552	581	1014
512	640	0	503	639	82
512	640	64	501	637	102
512	640	128	502	638	148
512	640	192	503	638	205
512	640	256	504	638	263
512	640	320	506	639	326
512	640	384	509	640	388
512	640	448	511	640	453
512	640	512	514	640	513
512	640	576	519	641	579
512	640	640	523	641	643
512	640	704	527	641	705
512	640	768	532	642	769
512	640	832	537	642	829
512	640	896	543	642	893
512	640	960	549	643	954
512	640	1023	556	644	1016
512	704	0	507	700	90
512	704	64	506	698	109
512	704	128	507	699	153
512	704	192	507	698	208
512	704	256	509	699	266
512	704	320	511	700	328
512	704	384	513	700	390
512	704	448	516	700	455
512	704	512	519	700	515
512	704	576	523	702	581
512	704	640	526	701	644
512	704	704	531	702	707
512	704	768	536	702	770
512	704	832	541	702	830
512	704	896	546	702	893
512	704	960	553	703	955
512	704	1023	560	704	1017
512	768	0	512	764	98
512	768	64	510	762	115
512	768	128	511	762	157
512	768	192	512	762	211
512	768	256	513	762	268
512	768	320	515	763	330
512	768	384	518	764	392
512	768	448	520	764	456
512	768	512	523	764	516
512	768	576	527	765	582
512	768	640	531	765	646
512	768	704	535	765	708
512	768	768	541	766	771
512	768	832	545	766	831
512	768	896	551	766	895
512	768	960	557	767	957
512	768	1023	564	767	1018
512	832	0	515	824	106
512	832	64	514	823	122
512	832	128	515	823	162
512	832	192	515	823	214
512	832	256	517	824	271
512	832	320	519	825	332
512	832	384	521	824	393
512	832	448	524	825	457
512	832	512	527	825	517
512	832	576	531	826	583
512	832	640	534	825	646
512	832	704	539	826	709
512	832	768	544	827	771
512	832	832	549	827	831
512	832	896	555	827	895
512	832	960	560	827	957
512	832	1023	568	828	1018
512	896	0	520	887	114
512	896	64	519	886	129
512	896	128	519	886	167
512	896	192	520	886	218
512	896	256	522	887	273
512	896	320	524	888	334
512	896	384	526	888	394
512	896	448	529	889	459
512	896	512	532	889	519
512	896	576	536	890	584
512	896	640	539	889	647
512	896	704	544	889	709
512	896	768	549	890	772
512	896	832	553	890	832
512	896	896	559	890	896
512	896	960	565	890	957
512	896	1023	572	892	1019
512	960	0	525	948	123
512	960	64	524	947	136
512	960	128	525	947	172
512	960	192	525	947	222
512	960	256	527	948	277
512	960	320	529	948	336
512	960	384	532	949	397
512	960	448	534	949	460
512	960	512	537	949	520
512	960	576	541	951	586
512	960	640	544	949	648
512	960	704	549	950	711
512	960	768	554	951	773
512	960	832	559	951	833
512	960	896	564	951	897
512	960	960	570	951	959
512	960	1023	576	952	1020
512	1023	0	532	1012	131
512	1023	64	530	1009	143
512	1023	128	531	1010	178
512	1023	192	532	1010	226
512	1023	256	533	1010	280
512	1023	320	535	1011	339
512	1023	384	537	1012	399
512	1023	448	540	1012	462
512	1023	512	543	1013	523
512	1023	576	547	1013	587
512	1023	640	551	1013	650
512	1023	704	554	1013	712
512	1023	768	559	1013	775
512	1023	832	564	1012	835
512	1023	896	569	1012	898
512	1023	960	576	1013	960
512	1023	1023	582	1012	1021
576	0	0	548	80	0
576	0	64	546	80	64
576	0	128	547	80	127
576	0	192	548	82	191
576	0	256	550	83	253
576	0	320	551	85	317
576	0	384	553	88	381
576	0	448	555	90	446
576	0	512	558	94	508
576	0	576	562	98	574
576	0	640	565	102	637
576	0	704	569	107	700
576	0	768	574	111	763
576	0	832	578	116	823
576	0	896	583	121	887
576	0	960	590	126	950
576	0	1023	595	133	1010
576	64	0	549	103	0
576	64	64	547	102	65
576	64	128	547	102	128
576	64	192	549	103	191
576	64	256	550	105	253
576	64	320	551	106	317
576	64	384	554	109	381
576	64	448	556	111	447
576	64	512	559	114	508
576	64	576	562	117	574
576	64	640	566	121	638
576	64	704	570	124	701
576	64	768	574	128	764
576	64	832	579	132	824
576	64	896	584	137	888
576	64	960	590	142	950
576	64	1023	596	147	1012
576	128	0	549	149	0
576	128	64	547	149	66
576	128	128	547	149	128
576	128	192	548	150	191
576	128	256	550	151	254
576	128	320	552	152	318
576	128	384	554	154	381
576	128	448	557	155	447
576	128	512	559	157	508
576	128	576	563	159	575
576	128	640	566	161	638
576	128	704	570	164	701
576	128	768	575	167	764
576	128	832	579	170	824
576	128	896	584	173	888
576	128	960	590	177	950
576	128	1023	596	181	1011
576	192	0	549	205	17
576	192	64	547	205	68
576	192	128	548	205	129
576	192	192	549	206	192
576	192	256	551	207	254
576	192	320	552	207	318
576	192	384	555	208	382
576	192	448	557	209	447
576	192	512	560	211	508
576	192	576	563	212	574
576	192	640	567	214	638
576	192	704	570	215	701
576	192	768	575	218	764
576	192	832	580	219	824
576	192	896	585	222	888
576	192	960	591	225	950
576	192	1023	597	228	1011
576	256	0	550	264	28
576	256	64	549	264	71
576	256	128	550	264	131
576	256	192	550	264	193
576	256	256	552	265	255
576	256	320	554	265	319
576	256	384	556	266	382
576	256	448	558	267	448
576	256	512	561	268	509
576	256	576	565	270	575
576	256	640	567	270	638
576	256	704	572	271	702
576	256	768	576	273	765
576	256	832	581	274	825
576	256	896	586	276	889
576	256	960	591	278	950
576	256	1023	598	281	1012
576	320	0	552	326	39
576	320	64	550	325	75
576	320	128	551	325	132
576	320	192	552	326	194
576	320	256	553	326	255
576	320	320	554	327	319
576	320	384	557	328	383
576	320	448	559	328	448
576	320	512	562	329	510
576	320	576	565	330	575
576	320	640	569	331	639
576	320	704	572	331	701
576	320	768	577	333	765
576	320	832	582	333	824
576	320	896	587	335	888
576	320	960	593	337	951
576	320	1023	599	339	1012
576	384	0	553	387	47
576	384	64	551	386	79
576	384	128	552	386	134
576	384	192	553	387	196
576	384	256	555	388	257
576	384	320	556	387	320
576	384	384	558	388	383
576	384	448	560	388	448
576	384	512	563	390	510
576	384	576	567	390	575
576	384	640	570	391	639
576	384	704	574	392	702
576	384	768	579	392	765
576	384	832	583	393	825
576	384	896	588	394	888
576	384	960	594	395	951
576	384	1023	600	397	1012
576	448	0	555	450	56
576	448	64	554	450	85
576	448	128	554	449	138
576	448	192	555	450	197
576	448	256	557	451	258
576	448	320	558	450	321
576	448	384	560	451	384
576	448	448	563	452	450
576	448	512	566	453	511
576	448	576	570	454	577
576	448	640	572	453	640
576	448	704	576	454	703
576	448	768	581	455	766
576	448	832	586	455	826
576	448	896	590	456	890
576	448	960	597	457	952
576	448	1023	601	458	1012
576	512	0	558	511	64
576	512	64	556	509	89
576	512	128	556	509	140
576	512	192	557	510	199
576	512	256	559	511	260
576	512	320	560	510	322
576	512	384	563	511	385
576	512	448	565	512	451
576	512	512	568	512	511
576	512	576	572	513	578
576	512	640	574	513	641
576	512	704	579	513	704
576	512	768	583	514	766
576	512	832	588	515	827
576	512	896	593	515	890
576	512	960	598	516	953
576	512	1023	604	517	1013
576	576	0	561	576	73
576	576	64	559	575	96
576	576	128	559	575	144
576	576	192	560	576	202
576	576	256	562	577	262
576	576	320	563	576	324
576	576	384	566	577	387
576	576	448	567	577	451
576	576	512	571	578	513
576	576	576	575	579	578
576	576	640	578	579	642
576	576	704	582	579	705
576	576	768	586	579	767
576	576	832	590	579	827
576	576	896	595	580	891
576	576	960	601	581	954
576	576	1023	607	582	1014
576	640	0	565	641	82
576	640	64	563	638	102
576	640	128	563	639	148
576	640	192	564	640	205
576	640	256	565	639	264
576	640	320	567	640	326
576	640	384	569	641	389
576	640	448	571	640	453
576	640	512	575	641	514
576	640	576	578	642	579
576	640	640	581	642	643
576	640	704	585	642	705
576	640	768	589	642	768
576	640	832	593	642	828
576	640	896	599	643	892
576	640	960	604	644	954
576	640	1023	610	645	1015
576	704	0	568	700	89
576	704	64	566	699	108
576	704	128	567	699	153
576	704	192	567	699	208
576	704	256	569	700	266
576	704	320	571	700	328
576	704	384	572	700	390
576	704	448	575	701	454
576	704	512	578	701	515
576	704	576	582	702	581
576	704	640	584	702	644
576	704	704	589	702	707
576	704	768	593	703	770
576	704	832	598	703	830
576	704	896	602	703	894
576	704	960	608	703	955
576	704	1023	614	705	1017
576	768	0	572	765	98
576	768	64	570	762	115
576	768	128	571	763	157
576	768	192	572	764	211
576	768	256	573	764	268
576	768	320	575	764	330
576	768	384	577	765	392
576	768	448	579	765	456
576	768	512	582	766	517
576	768	576	586	766	582
576	768	640	589	766	646
576	768	704	592	765	708
576	768	768	597	767	771
576	768	832	601	766	831
576	768	896	606	766	895
576	768	960	612	768	957
576	768	1023	618	768	1018
576	832	0	575	825	106
576	832	64	574	824	122
576	832	128	574	824	162
576	832	192	575	823	214
576	832	256	576	825	271
576	832	320	578	825	332
576	832	384	581	826	393
576	832	448	582	825	457
576	832	512	585	825	517
576	832	576	589	827	583
576	832	640	591	826	646
576	832	704	596	826	708
576	832	768	600	827	771
576	832	832	604	827	831
576	832	896	609	827	895
576	832	960	615	827	957
576	832	1023	621	829	1018
576	896	0	579	888	114
576	896	64	578	886	128
576	896	128	579	887	167
576	896	192	579	887	218
576	896	256	580	888	273
576	896	320	582	888	334
576	896	384	585	889	395
576	896	448	587	889	459
576	896	512	589	889	518
576	896	576	593	890	584
576	896	640	596	889	647
576	896	704	600	890	709
576	896	768	605	891	772
576	896	832	609	891	832
576	896	896	614	891	896
576	896	960	619	891	958
576	896	1023	625	892	1019
576	960	0	584	948	122
576	960	64	582	947	136
576	960	128	583	947	172
576	960	192	584	948	222
576	960	256	585	948	276
576	960	320	587	948	336
576	960	384	589	950	397
576	960	448	591	949	460
576	960	512	594	950	520
576	960	576	598	951	585
576	960	640	601	950	648
576	960	704	604	950	711
576	960	768	609	951	773
576	960	832	613	951	833
576	960	896	618	951	897
576	960	960	623	951	958
576	960	1023	629	953	1020
576	1023	0	590	1012	130
576	1023	64	588	1010	143
576	1023	128	588	1010	178
576	1023	192	589	1011	226
576	1023	256	590	1011	280
576	1023	320	593	1012	339
576	1023	384	595	1013	399
576	1023	448	596	1012	462
576	1023	512	600	1013	523
576	1023	576	603	1013	587
576	1023	640	606	1013	650
576	1023	704	610	1013	712
576	1023	768	614	1014	775
576	1023	832	618	1013	835
576	1023	896	623	1013	899
576	1023	960	628	1013	960
576	1023	1023	634	1013	1021
640	0	0	608	89	0
640	0	64	606	89	64
640	0	128	607	89	127
640	0	192	607	90	190
640	0	256	609	91	252
640	0	320	610	93	317
640	0	384	612	95	380
640	0	448	615	98	446
640	0	512	617	101	507
640	0	576	620	106	573
640	0	640	623	109	637
640	0	704	626	113	700
640	0	768	631	118	763
640	0	832	635	122	823
640	0	896	639	127	887
640	0	960	644	133	948
640	0	1023	650	138	1010
640	64	0	608	109	0
640	64	64	607	109	64
640	64	128	607	109	127
640	64	192	608	110	190
640	64	256	610	111	253
640	64	320	611	113	317
640	64	384	613	114	381
640	64	448	615	117	447
640	64	512	618	119	508
640	64	576	621	123	574
640	64	640	623	126	637
640	64	704	627	129	701
640	64	768	631	134	763
640	64	832	636	136	824
640	64	896	640	141	887
640	64	960	645	146	950
640	64	1023	650	151	1011
640	128	0	609	154	0
640	128	64	607	153	65
640	128	128	607	154	128
640	128	192	609	154	191
640	128	256	611	155	253
640	128	320	611	156	317
640	128	384	613	158	381
640	128	448	615	159	446
640	128	512	618	161	508
640	128	576	621	163	574
640	128	640	624	165	638
640	128	704	627	167	700
640	128	768	632	171	763
640	128	832	635	173	823
640	128	896	640	177	887
640	128	960	646	180	950
640	128	1023	651	184	1011
640	192	0	609	208	14
640	192	64	608	208	68
640	192	128	608	208	129
640	192	192	609	208	191
640	192	256	610	209	254
640	192	320	612	210	318
640	192	384	613	211	381
640	192	448	616	212	447
640	192	512	619	213	508
640	192	576	622	215	574
640	192	640	624	216	637
640	192	704	628	218	701
640	192	768	633	220	764
640	192	832	636	222	824
640	192	896	640	225	887
640	192	960	646	227	950
640	192	1023	652	231	1012
640	256	0	610	266	27
640	256	64	608	265	70
640	256	128	609	266	130
640	256	192	610	266	193
640	256	256	612	267	254
640	256	320	612	267	318
640	256	384	615	268	382
640	256	448	616	269	447
640	256	512	620	270	509
640	256	576	623	271	575
640	256	640	626	272	638
640	256	704	629	274	702
640	256	768	633	275	764
640	256	832	637	276	824
640	256	896	641	278	888
640	256	960	647	280	950
640	256	1023	652	283	1011
640	320	0	611	327	37
640	320	64	610	327	74
640	320	128	610	326	132
640	320	192	611	327	194
640	320	256	612	328	255
640	320	320	614	329	319
640	320	384	616	329	382
640	320	448	618	330	448
640	320	512	620	330	509
640	320	576	624	332	575
640	320	640	626	332	638
640	320	704	630	333	702
640	320	768	635	335	765
640	320	832	639	335	825
640	320	896	642	336	888
640	320	960	648	338	950
640	320	1023	654	340	1012
640	384	0	613	388	46
640	384	64	611	388	79
640	384	128	612	388	134
640	384	192	613	388	195
640	384	256	614	389	256
640	384	320	615	389	320
640	384	384	618	390	384
640	384	448	620	390	449
640	384	512	622	391	509
640	384	576	626	392	576
640	384	640	628	392	639
640	384	704	632	393	702
640	384	768	636	394	765
640	384	832	640	395	825
640	384	896	644	396	889
640	384	960	649	397	951
640	384	1023	655	399	1013
640	448	0	615	452	55
640	448	64	613	450	84
640	448	128	614	451	137
640	448	192	615	451	197
640	448	256	616	451	258
640	448	320	617	452	321
640	448	384	620	453	384
640	448	448	621	453	449
640	448	512	624	454	511
640	448	576	627	454	576
640	448	640	631	455	640
640	448	704	634	455	703
640	448	768	638	456	766
640	448	832	642	456	826
640	448	896	646	457	890
640	448	960	651	458	952
640	448	1023	657	460	1013
640	512	0	618	512	63
640	512	64	616	510	89
640	512	128	616	511	140
640	512	192	617	511	199
640	512	256	618	511	259
640	512	320	620	512	322
640	512	384	622	513	386
640	512	448	624	513	450
640	512	512	627	514	512
640	512	576	630	514	577
640	512	640	633	514	641
640	512	704	636	514	703
640	512	768	640	515	767
640	512	832	644	515	827
640	512	896	648	516	891
640	512	960	654	517	953
640	512	1023	659	518	1014
640	576	0	620	577	72
640	576	64	618	576	95
640	576	128	619	576	144
640	576	192	619	576	202
640	576	256	621	577	261
640	576	320	622	577	324
640	576	384	625	578	387
640	576	448	626	578	452
640	576	512	628	578	512
640	576	576	632	579	578
640	576	640	634	579	641
640	576	704	638	580	705
640	576	768	643	580	767
640	576	832	646	580	827
640	576	896	651	581	891
640	576	960	656	582	953
640	576	1023	661	583	1014
640	640	0	623	640	81
640	640	64	622	639	102
640	640	128	621	639	148
640	640	192	622	639	204
640	640	256	624	640	263
640	640	320	625	640	325
640	640	384	627	641	388
640	640	448	630	642	453
640	640	512	632	642	513
640	640	576	636	643	580
640	640	640	638	642	643
640	640	704	641	643	706
640	640	768	646	644	769
640	640	832	650	643	828
640	640	896	653	643	892
640	640	960	659	644	954
640	640	1023	664	645	1015
640	704	0	627	701	89
640	704	64	624	699	108
640	704	128	625	699	152
640	704	192	626	699	208
640	704	256	628	701	266
640	704	320	628	700	327
640	704	384	631	701	390
640	704	448	632	701	454
640	704	512	635	702	515
640	704	576	638	702	580
640	704	640	641	703	644
640	704	704	645	703	707
640	704	768	649	704	770
640	704	832	653	703	830
640	704	896	657	704	894
640	704	960	662	704	956
640	704	1023	667	705	1016
640	768	0	630	765	98
640	768	64	629	764	115
640	768	128	628	763	157
640	768	192	629	763	211
640	768	256	631	765	268
640	768	320	632	764	330
640	768	384	634	765	391
640	768	448	636	765	456
640	768	512	639	765	516
640	768	576	642	767	582
640	768	640	645	766	645
640	768	704	648	766	708
640	768	768	653	767	771
640	768	832	656	767	831
640	768	896	661	767	894
640	768	960	666	768	956
640	768	1023	671	768	1017
640	832	0	633	826	105
640	832	64	631	824	121
640	832	128	632	824	161
640	832	192	633	824	214
640	832	256	634	826	271
640	832	320	635	825	331
640	832	384	637	826	393
640	832	448	639	825	457
640	832	512	642	827	517
640	832	576	645	827	582
640	832	640	648	827	646
640	832	704	652	828	709
640	832	768	656	829	772
640	832	832	659	827	831
640	832	896	663	827	895
640	832	960	668	828	957
640	832	1023	673	829	1018
640	896	0	637	889	114
640	896	64	635	887	129
640	896	128	635	887	166
640	896	192	636	888	218
640	896	256	638	889	274
640	896	320	639	888	333
640	896	384	641	889	395
640	896	448	643	889	458
640	896	512	646	890	519
640	896	576	649	891	584
640	896	640	651	890	647
640	896	704	655	891	710
640	896	768	659	891	772
640	896	832	663	891	832
640	896	896	667	890	895
640	896	960	672	892	957
640	896	1023	677	892	1018
640	960	0	641	949	122
640	960	64	639	947	136
640	960	128	639	947	171
640	960	192	640	948	222
640	960	256	642	949	276
640	960	320	643	949	336
640	960	384	645	949	397
640	960	448	647	950	460
640	960	512	650	950	520
640	960	576	652	950	585
640	960	640	655	951	648
640	960	704	659	951	711
640	960	768	663	952	773
640	960	832	666	951	833
640	960	896	670	951	897
640	960	960	676	951	958
640	960	1023	681	952	1019
640	1023	0	645	1012	130
640	1023	64	644	1010	143
640	1023	128	644	1010	177
640	1023	192	645	1010	226
640	1023	256	646	1011	279
640	1023	320	647	1011	338
640	1023	384	650	1012	399
640	1023	448	652	1013	462
640	1023	512	654	1013	522
640	1023	576	658	1014	587
640	1023	640	660	1012	650
640	1023	704	663	1013	712
640	1023	768	667	1014	775
640	1023	832	671	1014	835
640	1023	896	675	1013	898
640	1023	960	680	1013	960
640	1023	1023	685	1012	1021
704	0	0	667	97	0
704	0	64	665	97	63
704	0	128	666	97	126
704	0	192	666	98	190
704	0	256	668	99	252
704	0	320	669	101	316
704	0	384	672	103	380
704	0	448	673	106	446
704	0	512	675	109	507
704	0	576	678	112	573
704	0	640	680	116	637
704	0	704	684	119	700
704	0	768	687	124	762
704	0	832	691	127	823
704	0	896	695	132	887
704	0	960	700	137	949
704	0	1023	705	142	1010
704	64	0	667	116	0
704	64	64	666	115	64
704	64	128	666	116	126
704	64	192	667	116	190
704	64	256	668	117	252
704	64	320	670	119	317
704	64	384	671	121	380
704	64	448	673	123	446
704	64	512	676	125	507
704	64	576	679	128	574
704	64	640	681	132	637
704	64	704	684	135	700
704	64	768	688	138	763
704	64	832	692	142	824
704	64	896	695	147	887
704	64	960	700	151	949
704	64	1023	706	156	1011
704	128	0	668	158	0
704	128	64	666	157	64
704	128	128	666	158	127
704	128	192	667	158	190
704	128	256	669	159	253
704	128	320	670	160	317
704	128	384	672	162	381
704	128	448	673	163	446
704	128	512	676	165	508
704	128	576	679	167	573
704	128	640	682	169	637
704	128	704	684	171	700
704	128	768	688	175	763
704	128	832	692	177	823
704	128	896	696	180	887
704	128	960	701	184	949
704	128	1023	706	188	1011
704	192	0	668	211	10
704	192	64	667	211	67
704	192	128	668	211	128
704	192	192	668	211	191
704	192	256	670	212	253
704	192	320	671	213	318
704	192	384	673	214	382
704	192	448	674	215	447
704	192	512	677	216	508
704	192	576	680	218	574
704	192	640	682	219	637
704	192	704	685	221	701
704	192	768	689	223	764
704	192	832	693	225	824
704	192	896	697	227	888
704	192	960	701	230	949
704	192	1023	706	233	1011
704	256	0	670	268	25
704	256	64	668	268	70
704	256	128	668	268	130
704	256	192	669	268	192
704	256	256	671	269	254
704	256	320	671	269	318
704	256	384	673	270	381
704	256	448	675	271	447
704	256	512	677	272	508
704	256	576	680	273	574
704	256	640	683	274	638
704	256	704	686	276	701
704	256	768	690	278	764
704	256	832	693	278	823
704	256	896	697	280	888
704	256	960	702	282	950
704	256	1023	707	284	1011
704	320	0	670	329	35
704	320	64	669	328	74
704	320	128	669	329	132
704	320	192	669	328	193
704	320	256	671	329	255
704	320	320	672	330	319
704	320	384	674	330	382
704	320	448	676	331	447
704	320	512	678	331	508
704	320	576	681	333	575
704	320	640	683	333	638
704	320	704	687	334	701
704	320	768	691	336	764
704	320	832	694	337	824
704	320	896	698	338	888
704	320	960	702	339	949
704	320	1023	708	341	1012
704	384	0	671	389	45
704	384	64	670	388	78
704	384	128	670	389	134
704	384	192	671	389	195
704	384	256	672	389	256
704	384	320	674	390	320
704	384	384	676	391	383
704	384	448	677	391	448
704	384	512	679	392	509
704	384	576	683	393	575
704	384	640	685	393	638
704	384	704	688	394	701
704	384	768	692	395	764
704	384	832	695	395	825
704	384	896	699	396	888
704	384	960	704	397	950
704	384	1023	709	399	1012
704	448	0	674	452	54
704	448	64	671	451	83
704	448	128	672	451	137
704	448	192	673	452	197
704	448	256	674	452	257
704	448	320	675	453	320
704	448	384	678	454	384
704	448	448	679	453	449
704	448	512	682	454	510
704	448	576	684	455	576
704	448	640	687	455	639
704	448	704	690	455	702
704	448	768	694	457	765
704	448	832	697	457	825
704	448	896	701	458	889
704	448	960	706	459	951
704	448	1023	711	460	1012
704	512	0	676	513	63
704	512	64	674	511	88
704	512	128	674	511	140
704	512	192	675	512	199
704	512	256	676	512	259
704	512	320	677	512	322
704	512	384	680	513	385
704	512	448	681	513	450
704	512	512	684	514	511
704	512	576	686	514	577
704	512	640	689	514	640
704	512	704	692	515	703
704	512	768	696	516	766
704	512	832	699	516	826
704	512	896	703	517	890
704	512	960	708	518	952
704	512	1023	713	519	1013
704	576	0	677	577	71
704	576	64	676	576	94
704	576	128	676	576	144
704	576	192	678	577	201
704	576	256	679	577	261
704	576	320	680	578	324
704	576	384	682	579	386
704	576	448	684	578	451
704	576	512	685	578	511
704	576	576	689	580	578
704	576	640	691	579	641
704	576	704	694	580	704
704	576	768	698	581	767
704	576	832	702	581	827
704	576	896	706	581	891
704	576	960	710	582	952
704	576	1023	715	583	1014
704	640	0	681	641	80
704	640	64	679	639	101
704	640	128	679	639	148
704	640	192	680	640	204
704	640	256	682	641	263
704	640	320	683	641	326
704	640	384	685	641	388
704	640	448	687	642	453
704	640	512	688	642	513
704	640	576	692	643	579
704	640	640	694	642	642
704	640	704	697	643	705
704	640	768	702	644	768
704	640	832	705	644	828
704	640	896	708	644	892
704	640	960	713	645	954
704	640	1023	718	645	1015
704	704	0	684	701	89
704	704	64	682	699	108
704	704	128	682	699	152
704	704	192	684	700	207
704	704	256	685	701	265
704	704	320	686	701	327
704	704	384	688	701	389
704	704	448	690	702	454
704	704	512	692	702	515
704	704	576	695	703	580
704	704	640	698	703	644
704	704	704	701	703	707
704	704	768	705	704	770
704	704	832	707	703	829
704	704	896	711	703	893
704	704	960	716	704	955
704	704	1023	721	705	1016
704	768	0	688	765	97
704	768	64	686	764	115
704	768	128	685	763	156
704	768	192	687	764	210
704	768	256	688	765	268
704	768	320	690	765	330
704	768	384	691	765	391
704	768	448	693	765	456
704	768	512	695	766	516
704	768	576	699	767	582
704	768	640	701	766	645
704	768	704	704	767	708
704	768	768	708	767	771
704	768	832	711	767	830
704	768	896	715	767	894
704	768	960	719	767	956
704	768	1023	724	768	1017
704	832	0	690	826	105
704	832	64	688	824	121
704	832	128	688	824	161
704	832	192	689	824	214
704	832	256	691	826	270
704	832	320	692	825	331
704	832	384	694	826	392
704	832	448	696	827	457
704	832	512	698	827	517
704	832	576	701	827	582
704	832	640	703	827	645
704	832	704	706	827	708
704	832	768	711	828	771
704	832	832	713	827	830
704	832	896	717	827	894
704	832	960	722	828	957
704	832	1023	727	829	1018
704	896	0	694	889	114
704	896	64	692	887	128
704	896	128	692	887	166
704	896	192	693	888	217
704	896	256	695	889	273
704	896	320	696	889	333
704	896	384	697	890	394
704	896	448	700	890	458
704	896	512	702	890	518
704	896	576	704	890	583
704	896	640	706	890	646
704	896	704	710	891	709
704	896	768	714	892	772
704	896	832	716	891	831
704	896	896	720	891	895
704	896	960	725	892	957
704	896	1023	730	892	1018
704	960	0	697	949	121
704	960	64	696	948	135
704	960	128	696	947	171
704	960	192	697	948	221
704	960	256	698	949	276
704	960	320	699	949	335
704	960	384	701	950	396
704	960	448	703	950	460
704	960	512	705	950	520
704	960	576	709	952	585
704	960	640	710	950	648
704	960	704	713	951	710
704	960	768	717	952	773
704	960	832	721	952	833
704	960	896	724	951	897
704	960	960	729	952	958
704	960	1023	733	953	1019
704	1023	0	702	1012	130
704	1023	64	700	1011	142
704	1023	128	700	1010	177
704	1023	192	701	1011	225
704	1023	256	703	1012	279
704	1023	320	704	1012	339
704	1023	384	706	1012	399
704	1023	448	707	1013	462
704	1023	512	709	1013	521
704	1023	576	713	1014	587
704	1023	640	714	1013	649
704	1023	704	718	1013	712
704	1023	768	722	1014	774
704	1023	832	725	1013	834
704	1023	896	728	1012	898
704	1023	960	733	1013	960
704	1023	1023	738	1012	1021
768	0	0	727	105	0
768	0	64	724	105	63
768	0	128	725	105	126
768	0	192	726	106	190
768	0	256	726	107	252
768	0	320	727	109	316
768	0	384	730	111	380
768	0	448	731	113	445
768	0	512	734	115	507
768	0	576	736	119	573
768	0	640	738	123	637
768	0	704	740	125	699
768	0	768	744	130	762
768	0	832	748	133	823
768	0	896	751	138	887
768	0	960	755	143	948
768	0	1023	761	147	1010
768	64	0	727	122	0
768	64	64	725	122	63
768	64	128	726	122	127
768	64	192	727	123	190
768	64	256	728	124	252
768	64	320	729	125	317
768	64	384	731	127	381
768	64	448	732	129	446
768	64	512	734	131	507
768	64	576	737	134	574
768	64	640	739	137	637
768	64	704	742	140	700
768	64	768	746	144	764
768	64	832	749	147	824
768	64	896	752	151	888
768	64	960	757	155	950
768	64	1023	761	161	1011
768	128	0	728	163	0
768	128	64	726	163	64
768	128	128	725	162	127
768	128	192	727	163	191
768	128	256	728	164	253
768	128	320	729	165	317
768	128	384	730	166	381
768	128	448	732	168	446
768	128	512	734	169	507
768	128	576	738	171	574
768	128	640	739	174	637
768	128	704	742	176	700
768	128	768	746	179	763
768	128	832	749	181	823
768	128	896	752	184	887
768	128	960	756	188	949
768	128	1023	761	191	1010
768	192	0	728	215	6
768	192	64	726	214	67
768	192	128	726	214	128
768	192	192	727	215	191
768	192	256	728	215	253
768	192	320	730	216	318
768	192	384	732	217	381
768	192	448	733	218	447
768	192	512	735	220	508
768	192	576	737	221	573
768	192	640	740	222	638
768	192	704	742	224	700
768	192	768	746	226	763
768	192	832	749	227	823
768	192	896	752	230	887
768	192	960	757	233	949
768	192	1023	762	236	1011
768	256	0	729	271	24
768	256	64	727	270	70
768	256	128	726	270	130
768	256	192	728	270	192
768	256	256	729	271	254
768	256	320	731	272	318
768	256	384	732	273	381
768	256	448	733	273	447
768	256	512	735	274	508
768	256	576	738	276	574
768	256	640	740	277	638
768	256	704	743	278	701
768	256	768	747	280	764
768	256	832	750	281	824
768	256	896	753	282	888
768	256	960	758	284	950
768	256	1023	762	287	1011
768	320	0	730	331	35
768	320	64	727	330	73
768	320	128	728	330	132
768	320	192	729	331	194
768	320	256	730	331	255
768	320	320	731	332	319
768	320	384	733	333	382
768	320	448	735	333	448
768	320	512	736	334	508
768	320	576	739	335	575
768	320	640	742	336	639
768	320	704	744	336	701
768	320	768	748	338	764
768	320	832	751	339	825
768	320	896	755	340	888
768	320	960	758	341	950
768	320	1023	763	344	1012
768	384	0	731	391	45
768	384	64	729	390	78
768	384	128	729	391	134
768	384	192	731	391	195
768	384	256	731	391	256
768	384	320	732	392	319
768	384	384	734	393	383
768	384	448	735	392	448
768	384	512	738	394	509
768	384	576	740	394	575
768	384	640	743	395	639
768	384	704	745	395	701
768	384	768	749	396	764
768	384	832	752	397	824
768	384	896	755	398	888
768	384	960	760	400	951
768	384	1023	765	401	1012
768	448	0	733	454	54
768	448	64	730	452	83
768	448	128	730	453	137
768	448	192	732	453	197
768	448	256	733	454	258
768	448	320	734	454	321
768	448	384	736	455	384
768	448	448	737	455	449
768	448	512	739	456	510
768	448	576	742	456	576
768	448	640	744	456	639
768	448	704	747	457	703
768	448	768	750	458	765
768	448	832	753	458	825
768	448	896	757	459	889
768	448	960	762	460	952
768	448	1023	765	461	1012
768	512	0	734	513	62
768	512	64	732	512	88
768	512	128	732	512	139
768	512	192	734	513	199
768	512	256	735	514	259
768	512	320	736	513	322
768	512	384	738	514	385
768	512	448	739	514	450
768	512	512	741	515	511
768	512	576	744	515	577
768	512	640	746	516	640
768	512	704	749	516	703
768	512	768	752	517	766
768	512	832	755	517	826
768	512	896	759	517	890
768	512	960	764	519	952
768	512	1023	768	520	1013
768	576	0	737	579	71
768	576	64	734	577	95
768	576	128	735	577	143
768	576	192	736	578	201
768	576	256	737	578	261
768	576	320	738	578	323
768	576	384	740	579	386
768	576	448	741	579	451
768	576	512	744	580	512
768	576	576	746	580	577
768	576	640	748	581	641
768	576	704	751	580	703
768	576	768	754	582	767
768	576	832	757	582	827
768	576	896	761	582	891
768	576	960	766	583	953
768	576	1023	770	584	1014
768	640	0	739	641	80
768	640	64	737	640	101
768	640	128	738	641	147
768	640	192	738	640	204
768	640	256	739	641	263
768	640	320	741	642	325
768	640	384	743	643	388
768	640	448	744	642	452
768	640	512	746	642	513
768	640	576	749	644	579
768	640	640	750	643	642
768	640	704	754	643	705
768	640	768	757	644	768
768	640	832	760	644	828
768	640	896	764	645	892
768	640	960	768	645	953
768	640	1023	773	647	1015
768	704	0	742	701	89
768	704	64	740	700	107
768	704	128	740	700	152
768	704	192	741	700	207
768	704	256	742	702	265
768	704	320	744	702	327
768	704	384	745	702	389
768	704	448	747	703	454
768	704	512	749	703	515
768	704	576	752	704	580
768	704	640	754	703	643
768	704	704	757	704	706
768	704	768	761	705	769
768	704	832	763	704	829
768	704	896	767	704	893
768	704	960	771	705	955
768	704	1023	775	706	1016
768	768	0	745	765	97
768	768	64	743	764	114
768	768	128	744	764	157
768	768	192	744	764	210
768	768	256	745	765	268
768	768	320	747	766	329
768	768	384	749	767	392
768	768	448	750	765	455
768	768	512	751	766	516
768	768	576	755	767	582
768	768	640	756	766	644
768	768	704	759	767	707
768	768	768	763	767	770
768	768	832	766	767	830
768	768	896	770	768	895
768	768	960	774	768	956
768	768	1023	779	769	1017
768	832	0	748	826	105
768	832	64	746	825	121
768	832	128	745	824	161
768	832	192	747	825	213
768	832	256	748	826	270
768	832	320	749	826	331
768	832	384	750	826	392
768	832	448	752	826	456
768	832	512	754	827	517
768	832	576	757	828	582
768	832	640	759	827	645
768	832	704	762	827	708
768	832	768	765	828	771
768	832	832	768	828	831
768	832	896	771	828	894
768	832	960	776	829	956
768	832	1023	780	829	1017
768	896	0	751	889	113
768	896	64	749	888	128
768	896	128	749	888	166
768	896	192	750	888	217
768	896	256	751	889	273
768	896	320	753	890	333
768	896	384	754	890	394
768	896	448	756	890	458
768	896	512	758	891	518
768	896	576	761	892	584
768	896	640	762	891	646
768	896	704	765	891	709
768	896	768	769	892	772
768	896	832	772	892	832
768	896	896	775	891	895
768	896	960	780	892	957
768	896	1023	783	892	1018
768	960	0	754	950	121
768	960	64	753	949	135
768	960	128	752	948	171
768	960	192	753	949	221
768	960	256	755	950	276
768	960	320	756	950	336
768	960	384	757	950	396
768	960	448	759	950	460
768	960	512	761	950	519
768	960	576	764	952	585
768	960	640	766	951	648
768	960	704	769	951	710
768	960	768	772	952	773
768	960	832	775	952	833
768	960	896	778	951	896
768	960	960	783	952	958
768	960	1023	788	954	1020
768	1023	0	758	1012	129
768	1023	64	757	1011	142
768	1023	128	757	1011	177
768	1023	192	757	1011	225
768	1023	256	759	1012	279
768	1023	320	760	1012	338
768	1023	384	762	1013	399
768	1023	448	763	1012	461
768	1023	512	765	1013	521
768	1023	576	768	1014	586
768	1023	640	770	1013	649
768	1023	704	773	1014	712
768	1023	768	776	1014	774
768	1023	832	779	1014	834
768	1023	896	783	1014	898
768	1023	960	786	1013	959
768	1023	1023	791	1013	1021
832	0	0	785	113	0
832	0	64	782	113	61
832	0	128	782	113	126
832	0	192	783	114	190
832	0	256	785	115	252
832	0	320	785	117	316
832	0	384	787	118	380
832	0	448	788	120	445
832	0	512	790	123	507
832	0	576	793	125	573
832	0	640	795	129	637
832	0	704	797	133	699
832	0	768	801	136	763
832	0	832	803	139	823
832	0	896	807	144	887
832	0	960	811	148	950
832	0	1023	815	153	1010
832	64	0	785	129	0
832	64	64	783	129	62
832	64	128	783	129	126
832	64	192	785	130	190
832	64	256	785	131	252
832	64	320	786	132	317
832	64	384	788	134	381
832	64	448	789	135	446
832	64	512	792	138	508
832	64	576	794	141	574
832	64	640	796	143	638
832	64	704	798	145	700
832	64	768	802	149	763
832	64	832	804	153	823
832	64	896	808	156	888
832	64	960	811	162	950
832	64	1023	816	165	1011
832	128	0	785	168	0
832	128	64	784	167	63
832	128	128	783	167	127
832	128	192	784	168	190
832	128	256	785	169	253
832	128	320	787	170	317
832	128	384	788	171	380
832	128	448	789	172	446
832	128	512	791	174	507
832	128	576	795	176	574
832	128	640	796	178	637
832	128	704	798	180	701
832	128	768	802	183	763
832	128	832	804	186	823
832	128	896	807	188	887
832	128	960	811	192	949
832	128	1023	816	196	1010
832	192	0	786	218	0
832	192	64	783	217	66
832	192	128	784	218	128
832	192	192	785	218	191
832	192	256	786	219	253
832	192	320	787	220	317
832	192	384	788	220	381
832	192	448	789	221	446
832	192	512	792	223	508
832	192	576	794	224	574
832	192	640	796	226	638
832	192	704	798	227	700
832	192	768	802	230	763
832	192	832	805	230	823
832	192	896	808	234	888
832	192	960	813	236	951
832	192	1023	817	239	1011
832	256	0	786	273	20
832	256	64	784	273	69
832	256	128	785	273	129
832	256	192	785	273	192
832	256	256	787	274	254
832	256	320	788	275	318
832	256	384	789	275	381
832	256	448	791	276	447
832	256	512	792	277	508
832	256	576	795	278	574
832	256	640	797	279	638
832	256	704	800	280	701
832	256	768	803	282	764
832	256	832	806	283	825
832	256	896	809	285	888
832	256	960	813	287	950
832	256	1023	818	290	1012
832	320	0	787	333	32
832	320	64	785	332	73
832	320	128	786	333	131
832	320	192	787	333	193
832	320	256	787	333	254
832	320	320	789	334	319
832	320	384	790	335	382
832	320	448	791	335	447
832	320	512	794	336	509
832	320	576	796	337	574
832	320	640	798	338	638
832	320	704	800	338	701
832	320	768	803	340	764
832	320	832	806	340	824
832	320	896	810	342	889
832	320	960	814	344	951
832	320	1023	818	345	1012
832	384	0	788	393	44
832	384	64	786	392	77
832	384	128	786	392	133
832	384	192	788	393	195
832	384	256	789	394	256
832	384	320	790	393	319
832	384	384	791	394	383
832	384	448	792	394	448
832	384	512	795	395	509
832	384	576	797	396	575
832	384	640	799	397	639
832	384	704	802	397	702
832	384	768	805	399	765
832	384	832	808	399	825
832	384	896	811	400	889
832	384	960	815	401	951
832	384	1023	819	403	1012
832	448	0	790	455	54
832	448	64	788	455	83
832	448	128	788	454	136
832	448	192	789	455	197
832	448	256	791	456	257
832	448	320	791	455	320
832	448	384	793	456	384
832	448	448	795	457	449
832	448	512	796	457	510
832	448	576	799	458	576
832	448	640	801	458	640
832	448	704	803	459	703
832	448	768	807	460	766
832	448	832	810	460	826
832	448	896	813	460	890
832	448	960	817	462	952
832	448	1023	821	463	1013
832	512	0	792	515	61
832	512	64	790	514	88
832	512	128	790	514	139
832	512	192	791	514	198
832	512	256	792	515	259
832	512	320	793	515	322
832	512	384	795	516	385
832	512	448	797	516	450
832	512	512	798	516	511
832	512	576	801	518	577
832	512	640	802	517	640
832	512	704	805	518	704
832	512	768	809	519	767
832	512	832	812	519	827
832	512	896	814	519	890
832	512	960	818	520	953
832	512	1023	823	521	1014
832	576	0	794	580	70
832	576	64	792	578	94
832	576	128	792	579	143
832	576	192	793	579	201
832	576	256	795	580	261
832	576	320	795	580	323
832	576	384	797	581	386
832	576	448	798	581	451
832	576	512	800	581	512
832	576	576	803	582	578
832	576	640	805	582	642
832	576	704	807	582	704
832	576	768	811	583	767
832	576	832	813	583	827
832	576	896	816	584	891
832	576	960	821	585	954
832	576	1023	825	586	1014
832	640	0	797	643	79
832	640	64	794	642	100
832	640	128	795	642	147
832	640	192	796	642	204
832	640	256	797	643	263
832	640	320	798	643	325
832	640	384	800	644	388
832	640	448	801	644	453
832	640	512	803	644	514
832	640	576	805	645	579
832	640	640	807	645	643
832	640	704	809	644	705
832	640	768	813	645	768
832	640	832	815	646	828
832	640	896	819	646	892
832	640	960	823	647	955
832	640	1023	827	648	1015
832	704	0	799	702	88
832	704	64	797	701	107
832	704	128	797	702	151
832	704	192	797	701	207
832	704	256	799	703	265
832	704	320	801	703	327
832	704	384	802	703	389
832	704	448	803	703	454
832	704	512	805	703	514
832	704	576	808	705	581
832	704	640	810	704	644
832	704	704	812	705	706
832	704	768	816	705	769
832	704	832	818	705	829
832	704	896	821	705	893
832	704	960	825	706	955
832	704	1023	830	707	1017
832	768	0	803	767	97
832	768	64	800	765	114
832	768	128	801	766	156
832	768	192	802	766	210
832	768	256	802	766	268
832	768	320	803	766	329
832	768	384	805	767	391
832	768	448	807	767	456
832	768	512	809	768	516
832	768	576	811	768	581
832	768	640	813	768	645
832	768	704	815	767	707
832	768	768	818	769	771
832	768	832	821	769	831
832	768	896	824	769	895
832	768	960	828	769	957
832	768	1023	832	770	1018
832	832	0	803	826	104
832	832	64	802	825	120
832	832	128	802	826	161
832	832	192	802	825	213
832	832	256	804	826	270
832	832	320	805	827	331
832	832	384	807	828	392
832	832	448	808	827	456
832	832	512	810	827	517
832	832	576	813	829	582
832	832	640	814	828	645
832	832	704	817	828	708
832	832	768	820	829	771
832	832	832	823	829	831
832	832	896	826	829	895
832	832	960	830	829	956
832	832	1023	835	831	1018
832	896	0	806	890	113
832	896	64	805	888	128
832	896	128	805	889	166
832	896	192	805	889	217
832	896	256	807	890	272
832	896	320	808	891	333
832	896	384	809	890	394
832	896	448	811	891	458
832	896	512	813	891	518
832	896	576	816	892	584
832	896	640	817	892	646
832	896	704	820	892	709
832	896	768	823	893	772
832	896	832	826	892	832
832	896	896	829	892	896
832	896	960	833	892	957
832	896	1023	837	894	1019
832	960	0	810	951	121
832	960	64	808	949	135
832	960	128	809	950	171
832	960	192	810	951	221
832	960	256	810	950	276
832	960	320	812	951	335
832	960	384	814	952	397
832	960	448	815	951	460
832	960	512	816	951	519
832	960	576	819	953	585
832	960	640	821	952	648
832	960	704	823	952	710
832	960	768	827	953	773
832	960	832	829	952	833
832	960	896	833	953	897
832	960	960	836	953	958
832	960	1023	841	954	1020
832	1023	0	815	1014	129
832	1023	64	812	1011	142
832	1023	128	812	1012	177
832	1023	192	813	1013	225
832	1023	256	814	1013	279
832	1023	320	815	1013	338
832	1023	384	817	1014	399
832	1023	448	818	1013	461
832	1023	512	820	1015	522
832	1023	576	823	1015	586
832	1023	640	825	1014	649
832	1023	704	827	1014	712
832	1023	768	830	1015	774
832	1023	832	833	1014	834
832	1023	896	836	1014	898
832	1023	960	840	1014	960
832	1023	1023	844	1014	1021
896	0	0	846	122	0
896	0	64	845	121	61
896	0	128	845	121	126
896	0	192	845	122	189
896	0	256	847	124	252
896	0	320	848	125	316
896	0	384	849	126	379
896	0	448	851	128	446
896	0	512	852	130	507
896	0	576	855	133	573
896	0	640	856	136	636
896	0	704	859	139	699
896	0	768	862	143	763
896	0	832	864	146	822
896	0	896	867	150	887
896	0	960	871	154	948
896	0	1023	875	159	1011
896	64	0	847	136	0
896	64	64	846	136	62
896	64	128	845	136	126
896	64	192	847	137	190
896	64	256	848	138	252
896	64	320	849	139	317
896	64	384	850	141	380
896	64	448	852	142	446
896	64	512	853	144	507
896	64	576	856	147	574
896	64	640	857	150	637
896	64	704	859	153	700
896	64	768	863	156	763
896	64	832	865	159	823
896	64	896	868	162	887
896	64	960	872	167	950
896	64	1023	876	171	1011
896	128	0	848	173	0
896	128	64	846	172	63
896	128	128	846	173	127
896	128	192	847	173	190
896	128	256	848	174	252
896	128	320	849	175	317
896	128	384	851	177	381
896	128	448	852	178	446
896	128	512	854	179	507
896	128	576	856	181	574
896	128	640	858	183	637
896	128	704	859	185	700
896	128	768	863	188	763
896	128	832	866	190	823
896	128	896	869	193	888
896	128	960	872	197	950
896	128	1023	876	200	1010
896	192	0	848	222	0
896	192	64	847	221	65
896	192	128	847	222	128
896	192	192	847	222	191
896	192	256	849	223	253
896	192	320	850	224	317
896	192	384	850	224	380
896	192	448	852	225	446
896	192	512	854	226	507
896	192	576	857	228	574
896	192	640	858	229	637
896	192	704	860	231	700
896	192	768	864	234	763
896	192	832	866	235	824
896	192	896	868	237	887
896	192	960	872	240	949
896	192	1023	877	243	1011
896	256	0	849	276	21
896	256	64	847	275	68
896	256	128	848	276	129
896	256	192	848	276	192
896	256	256	850	277	254
896	256	320	850	277	318
896	256	384	852	278	381
896	256	448	853	279	447
896	256	512	855	280	508
896	256	576	857	281	574
896	256	640	859	282	638
896	256	704	861	284	701
896	256	768	864	285	763
896	256	832	866	286	823
896	256	896	869	287	888
896	256	960	873	290	950
896	256	1023	877	292	1011
896	320	0	850	335	33
896	320	64	848	335	72
896	320	128	848	335	131
896	320	192	849	335	193
896	320	256	850	336	255
896	320	320	852	337	319
896	320	384	853	337	382
896	320	448	854	338	447
896	320	512	856	338	509
896	320	576	858	340	575
896	320	640	859	340	638
896	320	704	862	341	701
896	320	768	865	342	764
896	320	832	868	343	825
896	320	896	870	344	888
896	320	960	874	346	950
896	320	1023	878	348	1012
896	384	0	850	394	43
896	384	64	849	394	77
896	384	128	849	394	133
896	384	192	849	394	194
896	384	256	851	395	255
896	384	320	852	395	319
896	384	384	854	396	383
896	384	448	855	396	448
896	384	512	856	397	509
896	384	576	859	398	575
896	384	640	860	398	638
896	384	704	863	399	701
896	384	768	866	400	765
896	384	832	869	401	825
896	384	896	871	402	889
896	384	960	874	403	950
896	384	1023	879	404	1012
896	448	0	852	457	53
896	448	64	850	455	82
896	448	128	850	456	136
896	448	192	851	456	196
896	448	256	852	456	257
896	448	320	853	457	320
896	448	384	855	458	384
896	448	448	856	458	449
896	448	512	858	459	510
896	448	576	860	459	576
896	448	640	862	459	639
896	448	704	864	460	702
896	448	768	867	461	765
896	448	832	870	461	825
896	448	896	873	462	890
896	448	960	877	463	952
896	448	1023	880	465	1013
896	512	0	855	516	61
896	512	64	852	514	87
896	512	128	852	515	139
896	512	192	854	516	198
896	512	256	854	516	259
896	512	320	855	516	322
896	512	384	857	517	385
896	512	448	858	517	450
896	512	512	860	518	511
896	512	576	862	518	577
896	512	640	864	518	640
896	512	704	866	518	703
896	512	768	869	519	766
896	512	832	871	520	826
896	512	896	875	520	891
896	512	960	878	521	952
896	512	1023	882	522	1013
896	576	0	855	580	70
896	576	64	854	579	94
896	576	128	854	579	143
896	576	192	854	579	200
896	576	256	856	580	260
896	576	320	857	581	323
896	576	384	858	581	385
896	576	448	860	581	451
896	576	512	861	581	511
896	576	576	864	583	577
896	576	640	865	582	641
896	576	704	867	583	703
896	576	768	871	584	767
896	576	832	873	584	827
896	576	896	876	584	891
896	576	960	880	585	952
896	576	1023	884	586	1014
896	640	0	858	643	79
896	640	64	856	642	100
896	640	128	856	642	147
896	640	192	857	642	204
896	640	256	858	644	263
896	640	320	859	643	325
896	640	384	861	644	387
896	640	448	862	644	452
896	640	512	864	645	513
896	640	576	867	646	579
896	640	640	868	645	642
896	640	704	870	646	705
896	640	768	874	647	768
896	640	832	876	647	828
896	640	896	879	646	892
896	640	960	882	648	954
896	640	1023	886	648	1015
896	704	0	861	704	88
896	704	64	859	702	107
896	704	128	859	702	151
896	704	192	860	703	207
896	704	256	862	704	265
896	704	320	862	704	327
896	704	384	864	704	389
896	704	448	864	704	454
896	704	512	867	704	514
896	704	576	869	705	580
896	704	640	871	705	644
896	704	704	873	706	707
896	704	768	876	706	769
896	704	832	878	705	829
896	704	896	881	706	893
896	704	960	885	707	955
896	704	1023	889	708	1016
896	768	0	864	767	96
896	768	64	862	766	113
896	768	128	862	765	156
896	768	192	863	766	210
896	768	256	864	767	268
896	768	320	864	766	328
896	768	384	866	768	391
896	768	448	868	768	455
896	768	512	869	768	516
896	768	576	872	769	581
896	768	640	873	768	645
896	768	704	875	768	707
896	768	768	879	769	771
896	768	832	881	769	830
896	768	896	883	768	894
896	768	960	887	769	956
896	768	1023	891	770	1017
896	832	0	865	827	104
896	832	64	863	826	120
896	832	128	864	826	160
896	832	192	865	827	213
896	832	256	866	828	270
896	832	320	867	827	331
896	832	384	868	828	392
896	832	448	869	828	456
896	832	512	871	829	517
896	832	576	873	829	582
896	832	640	875	829	645
896	832	704	878	829	708
896	832	768	880	829	770
896	832	832	882	829	830
896	832	896	886	829	894
896	832	960	889	830	956
896	832	1023	893	831	1018
896	896	0	869	891	112
896	896	64	866	889	127
896	896	128	867	889	166
896	896	192	867	890	217
896	896	256	869	891	273
896	896	320	869	891	333
896	896	384	871	892	394
896	896	448	872	891	458
896	896	512	874	892	518
896	896	576	876	893	583
896	896	640	878	892	646
896	896	704	880	893	709
896	896	768	883	893	771
896	896	832	885	892	831
896	896	896	889	893	896
896	896	960	893	894	958
896	896	1023	896	894	1018
896	960	0	872	952	121
896	960	64	869	949	134
896	960	128	869	949	171
896	960	192	870	950	221
896	960	256	872	952	276
896	960	320	873	951	335
896	960	384	874	952	396
896	960	448	876	953	460
896	960	512	877	952	520
896	960	576	879	953	585
896	960	640	881	953	648
896	960	704	883	953	710
896	960	768	887	954	773
896	960	832	889	953	833
896	960	896	891	953	896
896	960	960	895	954	959
896	960	1023	899	955	1020
896	1023	0	875	1015	129
896	1023	64	874	1013	142
896	1023	128	873	1012	176
896	1023	192	874	1013	225
896	1023	256	875	1014	279
896	1023	320	876	1014	338
896	1023	384	878	1015	398
896	1023	448	879	1015	462
896	1023	512	880	1014	522
896	1023	576	883	1016	587
896	1023	640	884	1014	649
896	1023	704	887	1015	712
896	1023	768	890	1016	774
896	1023	832	892	1015	834
896	1023	896	895	1014	898
896	1023	960	899	1015	959
896	1023	1023	902	1014	1020
960	0	0	906	130	0
960	0	64	903	129	59
960	0	128	903	129	125
960	0	192	904	130	189
960	0	256	906	131	251
960	0	320	906	133	315
960	0	384	908	134	379
960	0	448	910	136	445
960	0	512	911	138	506
960	0	576	913	141	572
960	0	640	915	143	636
960	0	704	917	146	699
960	0	768	920	150	762
960	0	832	922	153	822
960	0	896	924	157	886
960	0	960	928	161	948
960	0	1023	932	165	1010
960	64	0	907	144	0
960	64	64	904	143	60
960	64	128	905	143	125
960	64	192	905	144	189
960	64	256	907	145	252
960	64	320	907	146	316
960	64	384	909	148	380
960	64	448	909	149	445
960	64	512	912	151	507
960	64	576	913	154	572
960	64	640	915	156	637
960	64	704	917	159	699
960	64	768	920	161	763
960	64	832	922	165	822
960	64	896	925	168	887
960	64	960	929	172	949
960	64	1023	933	177	1010
960	128	0	906	178	0
960	128	64	904	178	61
960	128	128	904	178	125
960	128	192	905	178	189
960	128	256	906	179	252
960	128	320	907	180	316
960	128	384	909	182	380
960	128	448	910	183	445
960	128	512	911	184	506
960	128	576	914	187	573
960	128	640	915	187	636
960	128	704	917	190	699
960	128	768	920	193	762
960	128	832	923	194	823
960	128	896	925	198	887
960	128	960	929	201	949
960	128	1023	933	205	1010
960	192	0	907	226	0
960	192	64	904	225	63
960	192	128	905	225	126
960	192	192	906	226	190
960	192	256	907	227	252
960	192	320	908	227	316
960	192	384	909	228	380
960	192	448	911	229	446
960	192	512	912	230	507
960	192	576	914	231	573
960	192	640	916	233	637
960	192	704	918	235	700
960	192	768	921	237	763
960	192	832	922	238	822
960	192	896	925	240	887
960	192	960	929	243	949
960	192	1023	933	245	1010
960	256	0	908	279	10
960	256	64	905	278	67
960	256	128	906	279	128
960	256	192	907	279	191
960	256	256	907	280	253
960	256	320	909	280	317
960	256	384	910	281	381
960	256	448	911	281	446
960	256	512	912	282	507
960	256	576	915	284	574
960	256	640	917	285	637
960	256	704	918	286	700
960	256	768	921	288	763
960	256	832	924	289	823
960	256	896	927	290	888
960	256	960	930	292	949
960	256	1023	934	295	1011
960	320	0	908	337	28
960	320	64	906	336	70
960	320	128	906	336	130
960	320	192	907	337	192
960	320	256	909	338	254
960	320	320	909	338	318
960	320	384	911	339	381
960	320	448	912	339	447
960	320	512	914	340	508
960	320	576	916	341	574
960	320	640	917	342	638
960	320	704	920	343	701
960	320	768	923	345	764
960	320	832	924	345	824
960	320	896	927	346	888
960	320	960	931	348	950
960	320	1023	934	349	1011
960	384	0	909	396	41
960	384	64	908	395	75
960	384	128	907	395	132
960	384	192	908	396	194
960	384	256	910	397	255
960	384	320	910	397	318
960	384	384	912	397	382
960	384	448	913	398	447
960	384	512	914	398	508
960	384	576	917	400	575
960	384	640	918	400	638
960	384	704	921	400	701
960	384	768	924	402	764
960	384	832	926	402	824
960	384	896	928	403	888
960	384	960	932	404	950
960	384	1023	935	406	1011
960	448	0	911	458	51
960	448	64	909	457	81
960	448	128	909	457	135
960	448	192	910	457	196
960	448	256	911	458	256
960	448	320	912	458	320
960	448	384	913	459	383
960	448	448	914	459	448
960	448	512	916	460	509
960	448	576	919	461	576
960	448	640	919	460	639
960	448	704	922	461	702
960	448	768	925	462	765
960	448	832	927	463	825
960	448	896	929	463	889
960	448	960	933	464	951
960	448	1023	937	466	1013
960	512	0	912	516	59
960	512	64	910	516	86
960	512	128	910	515	138
960	512	192	911	516	197
960	512	256	913	517	258
960	512	320	914	517	321
960	512	384	915	518	384
960	512	448	916	518	449
960	512	512	917	518	510
960	512	576	920	519	576
960	512	640	921	519	639
960	512	704	924	519	703
960	512	768	927	521	766
960	512	832	929	521	826
960	512	896	931	520	889
960	512	960	935	522	952
960	512	1023	939	523	1013
960	576	0	914	581	68
960	576	64	911	580	92
960	576	128	912	580	142
960	576	192	913	581	200
960	576	256	915	582	260
960	576	320	915	581	322
960	576	384	916	582	385
960	576	448	918	582	450
960	576	512	919	583	511
960	576	576	922	584	577
960	576	640	923	583	640
960	576	704	925	584	703
960	576	768	929	585	767
960	576	832	930	584	826
960	576	896	933	585	890
960	576	960	936	585	952
960	576	1023	940	586	1014
960	640	0	917	644	78
960	640	64	914	642	99
960	640	128	914	643	146
960	640	192	916	643	203
960	640	256	917	645	262
960	640	320	918	645	324
960	640	384	919	645	387
960	640	448	920	644	451
960	640	512	921	645	512
960	640	576	923	645	578
960	640	640	925	646	642
960	640	704	927	646	704
960	640	768	930	646	767
960	640	832	932	646	827
960	640	896	935	647	892
960	640	960	939	648	953
960	640	1023	942	648	1015
960	704	0	919	704	87
960	704	64	917	703	106
960	704	128	917	703	151
960	704	192	919	704	206
960	704	256	919	704	264
960	704	320	920	704	326
960	704	384	922	705	389
960	704	448	923	705	453
960	704	512	923	704	513
960	704	576	926	705	579
960	704	640	928	706	643
960	704	704	930	705	706
960	704	768	933	706	769
960	704	832	935	706	828
960	704	896	938	706	893
960	704	960	941	707	954
960	704	1023	945	708	1016
960	768	0	922	767	95
960	768	64	919	766	113
960	768	128	920	766	155
960	768	192	921	767	210
960	768	256	922	768	267
960	768	320	922	767	328
960	768	384	925	768	391
960	768	448	925	768	455
960	768	512	927	769	516
960	768	576	929	769	581
960	768	640	930	769	644
960	768	704	933	768	707
960	768	768	935	769	770
960	768	832	937	769	830
960	768	896	940	769	894
960	768	960	944	770	956
960	768	1023	947	771	1017
960	832	0	924	828	103
960	832	64	921	826	119
960	832	128	921	826	160
960	832	192	922	827	213
960	832	256	923	827	269
960	832	320	924	828	330
960	832	384	926	829	392
960	832	448	927	828	456
960	832	512	929	829	517
960	832	576	931	829	581
960	832	640	932	829	645
960	832	704	934	828	707
960	832	768	937	830	770
960	832	832	939	829	830
960	832	896	942	829	894
960	832	960	946	830	956
960	832	1023	949	831	1017
960	896	0	926	891	112
960	896	64	924	889	126
960	896	128	924	890	165
960	896	192	925	890	216
960	896	256	926	891	272
960	896	320	927	891	332
960	896	384	929	892	394
960	896	448	929	891	457
960	896	512	931	892	517
960	896	576	933	893	583
960	896	640	935	893	646
960	896	704	937	892	708
960	896	768	940	893	771
960	896	832	942	893	831
960	896	896	944	893	895
960	896	960	948	893	956
960	896	1023	952	894	1018
960	960	0	930	952	121
960	960	64	927	950	134
960	960	128	927	950	170
960	960	192	929	951	220
960	960	256	929	952	275
960	960	320	930	952	335
960	960	384	932	953	396
960	960	448	932	952	459
960	960	512	935	954	520
960	960	576	937	954	585
960	960	640	938	953	647
960	960	704	940	953	710
960	960	768	943	954	772
960	960	832	945	953	833
960	960	896	948	954	897
960	960	960	952	955	959
960	960	1023	954	955	1019
960	1023	0	933	1015	128
960	1023	64	930	1012	141
960	1023	128	930	1012	176
960	1023	192	931	1013	224
960	1023	256	933	1015	279
960	1023	320	933	1014	337
960	1023	384	935	1015	398
960	1023	448	936	1015	461
960	1023	512	937	1015	521
960	1023	576	940	1016	586
960	1023	640	941	1015	649
960	1023	704	943	1015	711
960	1023	768	946	1016	774
960	1023	832	948	1015	834
960	1023	896	951	1014	897
960	1023	960	955	1015	960
960	1023	1023	958	1015	1021
1023	0	0	962	138	0
1023	0	64	959	137	59
1023	0	128	959	137	125
1023	0	192	960	138	189
1023	0	256	962	139	251
1023	0	320	962	140	315
1023	0	384	964	142	379
1023	0	448	964	143	444
1023	0	512	966	145	506
1023	0	576	968	148	572
1023	0	640	970	151	636
1023	0	704	971	153	699
1023	0	768	975	156	762
1023	0	832	976	160	822
1023	0	896	979	163	886
1023	0	960	982	167	948
1023	0	1023	986	171	1009
1023	64	0	963	150	0
1023	64	64	960	150	60
1023	64	128	961	150	125
1023	64	192	961	151	189
1023	64	256	962	152	251
1023	64	320	963	153	316
1023	64	384	965	154	380
1023	64	448	965	155	445
1023	64	512	968	157	507
1023	64	576	969	160	573
1023	64	640	970	162	636
1023	64	704	972	164	699
1023	64	768	975	168	762
1023	64	832	977	170	823
1023	64	896	980	174	887
1023	64	960	983	178	949
1023	64	1023	987	182	1010
1023	128	0	962	183	0
1023	128	64	961	183	61
1023	128	128	960	183	125
1023	128	192	961	184	189
1023	128	256	962	185	252
1023	128	320	964	185	316
1023	128	384	964	187	380
1023	128	448	966	187	445
1023	128	512	967	189	507
1023	128	576	970	191	573
1023	128	640	970	193	636
1023	128	704	972	195	699
1023	128	768	976	198	763
1023	128	832	977	200	823
1023	128	896	980	202	887
1023	128	960	983	205	949
1023	128	1023	987	209	1010
1023	192	0	963	230	0
1023	192	64	961	229	63
1023	192	128	961	229	126
1023	192	192	962	230	190
1023	192	256	963	230	252
1023	192	320	963	231	316
1023	192	384	965	232	380
1023	192	448	965	232	445
1023	192	512	967	234	507
1023	192	576	969	235	573
1023	192	640	971	237	637
1023	192	704	972	238	699
1023	192	768	975	240	762
1023	192	832	977	242	823
1023	192	896	980	244	887
1023	192	960	984	246	949
1023	192	1023	987	249	1011
1023	256	0	963	282	0
1023	256	64	961	281	67
1023	256	128	962	282	128
1023	256	192	962	282	191
1023	256	256	963	283	253
1023	256	320	965	283	317
1023	256	384	966	284	381
1023	256	448	966	284	446
1023	256	512	968	285	507
1023	256	576	970	287	574
1023	256	640	971	287	637
1023	256	704	973	289	700
1023	256	768	976	290	763
1023	256	832	978	292	823
1023	256	896	981	293	888
1023	256	960	984	295	949
1023	256	1023	988	297	1011
1023	320	0	965	340	29
1023	320	64	962	339	71
1023	320	128	962	339	130
1023	320	192	963	339	192
1023	320	256	964	340	254
1023	320	320	965	340	317
1023	320	384	966	341	381
1023	320	448	967	342	446
1023	320	512	969	343	508
1023	320	576	971	343	573
1023	320	640	972	344	637
1023	320	704	974	345	700
1023	320	768	977	346	763
1023	320	832	979	347	823
1023	320	896	981	348	887
1023	320	960	985	350	950
1023	320	1023	988	351	1011
1023	384	0	964	398	40
1023	384	64	962	396	75
1023	384	128	962	397	132
1023	384	192	964	398	193
1023	384	256	965	398	255
1023	384	320	965	398	318
1023	384	384	967	399	382
1023	384	448	968	400	447
1023	384	512	969	400	508
1023	384	576	971	401	574
1023	384	640	973	401	638
1023	384	704	975	403	701
1023	384	768	978	403	764
1023	384	832	980	404	824
1023	384	896	983	405	888
1023	384	960	986	406	950
1023	384	1023	989	407	1011
1023	448	0	966	459	50
1023	448	64	964	458	81
1023	448	128	964	458	135
1023	448	192	964	458	195
1023	448	256	966	459	256
1023	448	320	966	459	319
1023	448	384	968	460	383
1023	448	448	969	461	448
1023	448	512	971	461	509
1023	448	576	973	462	575
1023	448	640	974	462	638
1023	448	704	976	462	701
1023	448	768	979	463	764
1023	448	832	981	464	825
1023	448	896	983	464	888
1023	448	960	987	466	951
1023	448	1023	990	467	1012
1023	512	0	968	518	59
1023	512	64	966	517	86
1023	512	128	966	517	138
1023	512	192	967	517	198
1023	512	256	968	518	258
1023	512	320	968	518	320
1023	512	384	970	519	384
1023	512	448	971	519	449
1023	512	512	972	519	510
1023	512	576	975	521	576
1023	512	640	975	520	639
1023	512	704	978	521	702
1023	512	768	981	522	765
1023	512	832	983	522	825
1023	512	896	985	522	889
1023	512	960	989	523	952
1023	512	1023	992	524	1012
1023	576	0	969	582	69
1023	576	64	967	581	93
1023	576	128	967	581	142
1023	576	192	968	582	200
1023	576	256	970	583	260
1023	576	320	970	582	322
1023	576	384	972	584	385
1023	576	448	972	583	450
1023	576	512	974	584	511
1023	576	576	976	584	576
1023	576	640	978	585	640
1023	576	704	980	585	703
1023	576	768	982	585	766
1023	576	832	984	585	826
1023	576	896	987	585	890
1023	576	960	990	586	952
1023	576	1023	993	588	1013
1023	640	0	972	645	78
1023	640	64	969	643	99
1023	640	128	969	643	146
1023	640	192	970	644	203
1023	640	256	971	644	261
1023	640	320	973	645	324
1023	640	384	974	646	387
1023	640	448	975	646	451
1023	640	512	977	647	513
1023	640	576	978	647	578
1023	640	640	980	647	642
1023	640	704	982	647	704
1023	640	768	984	648	767
1023	640	832	986	647	827
1023	640	896	989	648	891
1023	640	960	992	649	953
1023	640	1023	996	650	1014
1023	704	0	974	704	87
1023	704	64	972	703	105
1023	704	128	972	703	151
1023	704	192	972	703	205
1023	704	256	974	704	264
1023	704	320	974	705	326
1023	704	384	976	706	389
1023	704	448	977	705	453
1023	704	512	978	705	513
1023	704	576	981	706	579
1023	704	640	981	706	642
1023	704	704	984	706	705
1023	704	768	987	707	768
1023	704	832	989	707	829
1023	704	896	992	707	893
1023	704	960	994	708	954
1023	704	1023	999	709	1016
1023	768	0	977	768	95
1023	768	64	974	767	113
1023	768	128	975	767	156
1023	768	192	976	768	209
1023	768	256	976	768	267
1023	768	320	978	769	328
1023	768	384	979	770	391
1023	768	448	980	769	455
1023	768	512	981	769	515
1023	768	576	983	769	580
1023	768	640	984	769	644
1023	768	704	986	769	706
1023	768	768	989	770	769
1023	768	832	991	770	829
1023	768	896	994	770	894
1023	768	960	997	771	956
1023	768	1023	1000	772	1017
1023	832	0	978	828	104
1023	832	64	976	827	119
1023	832	128	976	827	160
1023	832	192	977	828	213
1023	832	256	978	828	269
1023	832	320	979	829	330
1023	832	384	981	830	392
1023	832	448	981	829	456
1023	832	512	983	829	516
1023	832	576	985	831	582
1023	832	640	986	830	645
1023	832	704	988	830	707
1023	832	768	991	831	770
1023	832	832	993	830	830
1023	832	896	995	831	894
1023	832	960	998	831	955
1023	832	1023	1002	832	1017
1023	896	0	980	891	111
1023	896	64	978	890	127
1023	896	128	979	891	165
1023	896	192	979	891	216
1023	896	256	980	892	272
1023	896	320	981	892	332
1023	896	384	984	894	394
1023	896	448	984	893	457
1023	896	512	985	893	517
1023	896	576	988	894	583
1023	896	640	988	893	645
1023	896	704	990	893	708
1023	896	768	993	894	771
1023	896	832	995	894	831
1023	896	896	998	894	895
1023	896	960	1001	894	956
1023	896	1023	1005	895	1018
1023	960	0	983	952	119
1023	960	64	981	951	134
1023	960	128	982	951	170
1023	960	192	982	952	220
1023	960	256	983	952	275
1023	960	320	984	953	335
1023	960	384	986	954	396
1023	960	448	986	953	459
1023	960	512	988	953	519
1023	960	576	990	954	584
1023	960	640	991	953	647
1023	960	704	993	953	709
1023	960	768	996	954	772
1023	960	832	998	954	832
1023	960	896	1001	954	896
1023	960	960	1003	955	958
1023	960	1023	1007	955	1019
1023	1023	0	987	1016	129
1023	1023	64	984	1014	141
1023	1023	128	985	1014	176
1023	1023	192	985	1014	225
1023	1023	256	986	1015	279
1023	1023	320	987	1015	338
1023	1023	384	989	1016	399
1023	1023	448	990	1016	462
1023	1023	512	992	1017	522
1023	1023	576	993	1017	587
1023	1023	640	995	1017	650
1023	1023	704	996	1016	712
1023	1023	768	999	1018	774
1023	1023	832	1001	1017	834
1023	1023	896	1003	1017	898
1023	1023	960	1007	1018	960
1023	1023	1023	1010	1019	1022
